Timecode,BlendshapeCount,EyeBlinkLeft,EyeLookDownLeft,EyeLookInLeft,EyeLookOutLeft,EyeLookUpLeft,EyeSquintLeft,EyeWideLeft,EyeBlinkRight,EyeLookDownRight,EyeLookInRight,EyeLookOutRight,EyeLookUpRight,EyeSquintRight,EyeWideRight,JawForward,JawRight,JawLeft,JawOpen,MouthClose,MouthFunnel,MouthPucker,MouthRight,MouthLeft,MouthSmileLeft,MouthSmileRight,MouthFrownLeft,MouthFrownRight,MouthDimpleLeft,MouthDimpleRight,MouthStretchLeft,MouthStretchRight,MouthRollLower,MouthRollUpper,MouthShrugLower,MouthShrugUpper,MouthPressLeft,MouthPressRight,MouthLowerDownLeft,MouthLowerDownRight,MouthUpperUpLeft,MouthUpperUpRight,BrowDownLeft,BrowDownRight,BrowInnerUp,BrowOuterUpLeft,BrowOuterUpRight,CheekPuff,CheekSquintLeft,CheekSquintRight,NoseSneerLeft,NoseSneerRight,TongueOut,HeadYaw,HeadPitch,HeadRoll,LeftEyeYaw,LeftEyePitch,LeftEyeRoll,RightEyeYaw,RightEyePitch,RightEyeRoll
15:24:53:55.906,61,0.1901128441,0.1700791419,0.0356719680,0.0000000000,0.0000000000,0.0222700648,0.0000000000,0.1900394708,0.1702705473,0.0000000000,0.0000000000,0.0000000000,0.0223077890,0.0000000000,0.0252862088,0.0000000000,0.0000000000,0.1324709952,0.1417103410,0.1153837815,0.0875562131,0.0059201191,0.0000000000,0.1015425101,0.1112685502,0.0000000000,0.0000000000,0.0265828930,0.0224927254,0.0763102025,0.0540194549,0.0000000000,0.0519661792,0.0000000000,0.0000000000,0.0000000000,0.0000000000,0.1777039468,0.1535150558,0.0036830993,0.0030707116,0.0000000000,0.0000000000,0.0689148307,0.0242912807,0.0248363242,0.0000000000,0.0264763124,0.0155360969,0.0154978177,0.0183493663,0.0000000000,-0.0277313497,0.2990892828,-0.0929880813,0.0173316523,0.1140199006,-0.0035887347,0.0205963403,0.1139942929,0.0051646610
15:24:53:56.908,61,0.1896777302,0.1704309881,0.0376193449,0.0000000000,0.0000000000,0.0234314464,0.0000000000,0.1896040142,0.1706373096,0.0000000000,0.0000000000,0.0000000000,0.0234705321,0.0000000000,0.0252197180,0.0000000000,0.0000000000,0.1382254064,0.1447967142,0.1359494328,0.0970231369,0.0053480347,0.0000000000,0.0921609327,0.1033402607,0.0000000000,0.0000000000,0.0248997547,0.0217407160,0.0784896314,0.0560905412,0.0000000000,0.0505890362,0.0000000000,0.0000000000,0.0000000000,0.0000000000,0.1773924381,0.1536144316,0.0039302111,0.0034193953,0.0000000000,0.0000000000,0.0675532222,0.0232057665,0.0237160791,0.0000000000,0.0259349663,0.0151982000,0.0155800097,0.0187248010,0.0000000000,-0.0299552865,0.3046687841,-0.0946471319,0.0184132867,0.1142407209,-0.0034822477,0.0217273384,0.1142150834,0.0052933181
15:24:53:57.908,61,0.1890819520,0.1697389036,0.0397168063,0.0000000000,0.0000000000,0.0239832085,0.0000000000,0.1890067458,0.1699606180,0.0000000000,0.0000000000,0.0000000000,0.0240224991,0.0000000000,0.0253316276,0.0000000000,0.0000000000,0.1505767852,0.1469597369,0.1436697543,0.1012592241,0.0048204144,0.0000000000,0.0849575251,0.0963037983,0.0000000000,0.0000000000,0.0237910021,0.0210367311,0.0810989588,0.0592044257,0.0000000000,0.0496366844,0.0000000000,0.0000000000,0.0000000000,0.0000000000,0.1793964058,0.1555216163,0.0043049199,0.0038793988,0.0000000000,0.0000000000,0.0671824813,0.0231519528,0.0236615427,0.0000000000,0.0253996439,0.0147851352,0.0155994063,0.0189995021,0.0000000000,-0.0317346901,0.3084523082,-0.0956049711,0.0195898805,0.1138237268,-0.0033475196,0.0229487978,0.1137980297,0.0054001547
15:24:53:58.909,61,0.1883549392,0.1691290587,0.0413781144,0.0000000000,0.0000000000,0.0239989124,0.0000000000,0.1882817596,0.1693628281,0.0000000000,0.0000000000,0.0000000000,0.0240381714,0.0000000000,0.0254315585,0.0000000000,0.0000000000,0.1551476717,0.1482430696,0.1483902633,0.1049644724,0.0043149241,0.0000000000,0.0736760274,0.0857828557,0.0000000000,0.0000000000,0.0223077536,0.0201412626,0.0825278014,0.0608941875,0.0000000000,0.0481851287,0.0000000000,0.0000000000,0.0000000000,0.0000000000,0.1802870035,0.1564270854,0.0047261487,0.0043723062,0.0000000000,0.0000000000,0.0669938326,0.0233254284,0.0238494575,0.0000000000,0.0247265864,0.0141992681,0.0156429019,0.0192952882,0.0000000000,-0.0337990150,0.3117105365,-0.0970579237,0.0205179323,0.1134558171,-0.0032408962,0.0239165314,0.1134300530,0.0054821563
15:24:53:59.911,61,0.1879504323,0.1683761925,0.0413195118,0.0000000000,0.0000000000,0.0242377222,0.0000000000,0.1878785938,0.1686089188,0.0000000000,0.0000000000,0.0000000000,0.0242764968,0.0000000000,0.0257257316,0.0000000000,0.0000000000,0.1640707552,0.1492955983,0.1512008756,0.1065202802,0.0039344039,0.0000000000,0.0696484447,0.0819104612,0.0000000000,0.0000000000,0.0213790499,0.0194358118,0.0849222764,0.0633521229,0.0000000000,0.0472514108,0.0000000000,0.0000000000,0.0000000000,0.0000000000,0.1844043434,0.1592471600,0.0052063782,0.0049074874,0.0000000000,0.0000000000,0.0669709966,0.0236836821,0.0242288169,0.0000000000,0.0242315102,0.0137312720,0.0155802220,0.0194443017,0.0000000000,-0.0353334956,0.3144882619,-0.0981766284,0.0204813685,0.1129952073,-0.0032322553,0.0238848515,0.1129694059,0.0054554818
15:24:54:00.913,61,0.1879725456,0.1686684638,0.0401849039,0.0000000000,0.0000000000,0.0243910290,0.0000000000,0.1879034489,0.1688927710,0.0000000000,0.0000000000,0.0000000000,0.0244293418,0.0000000000,0.0261634495,0.0000000000,0.0000000000,0.1741902679,0.1496597379,0.1584832817,0.1070915461,0.0035525060,0.0000000000,0.0624066293,0.0731808096,0.0000000000,0.0000000000,0.0205205344,0.0186926611,0.0862493813,0.0653566495,0.0000000000,0.0462308340,0.0000000000,0.0000000000,0.0000000000,0.0000000000,0.1971508712,0.1720587760,0.0058270893,0.0055670473,0.0000000000,0.0000000000,0.0674010366,0.0248855576,0.0254797880,0.0000000000,0.0235402845,0.0130793350,0.0153504917,0.0193604901,0.0000000000,-0.0369509123,0.3154544532,-0.0986671373,0.0198102482,0.1131705344,-0.0033064769,0.0232242905,0.1131447405,0.0053960849
15:24:54:01.915,61,0.1884309500,0.1696332693,0.0362902805,0.0000000000,0.0000000000,0.0244324598,0.0000000000,0.1883657128,0.1698286831,0.0000000000,0.0000000000,0.0000000000,0.0244700350,0.0000000000,0.0266935471,0.0000000000,0.0000000000,0.1799168736,0.1289632767,0.1776096672,0.0958558694,0.0030289968,0.0000000000,0.0552348047,0.0679729730,0.0000000000,0.0000000000,0.0197634958,0.0180104468,0.0872395337,0.0672257617,0.0000000000,0.0436437652,0.0000000000,0.0000000000,0.0000000000,0.0000000000,0.2181698233,0.1953644902,0.0086053414,0.0084725861,0.0000000000,0.0000000000,0.0676282942,0.0250991005,0.0257077087,0.0000000000,0.0206216630,0.0112538505,0.0146035682,0.0188517030,0.0000000000,-0.0385396592,0.3153074682,-0.0989358351,0.0175764058,0.1137491167,-0.0035550781,0.0209571235,0.1137233898,0.0051893229
15:24:54:02.917,61,0.1888475120,0.1696953624,0.0325938761,0.0000000000,0.0000000000,0.0244742129,0.0000000000,0.1887862682,0.1698628217,0.0000000000,0.0000000000,0.0000000000,0.0245104730,0.0000000000,0.0274488572,0.0000000000,0.0000000000,0.1838660836,0.1231487244,0.1852033138,0.0871738568,0.0024618069,0.0000000000,0.0518020652,0.0654004663,0.0000000000,0.0000000000,0.0191582330,0.0174458511,0.0897545069,0.0717408434,0.0000000000,0.0422002934,0.0000000000,0.0000000000,0.0000000000,0.0000000000,0.2270822823,0.2042836994,0.0108891912,0.0108065391,0.0000000000,0.0000000000,0.0678786412,0.0251404271,0.0257529244,0.0000000000,0.0193887185,0.0103433076,0.0140283555,0.0184059162,0.0000000000,-0.0397231504,0.3140781522,-0.0979381651,0.0154720433,0.1137766987,-0.0037750527,0.0188080557,0.1137509942,0.0049670809
15:24:54:03.918,61,0.1893191636,0.1699625701,0.0300005972,0.0000000000,0.0000000000,0.0244180970,0.0000000000,0.1892613471,0.1701106429,0.0000000000,0.0000000000,0.0000000000,0.0244531222,0.0000000000,0.0278115701,0.0000000000,0.0000000000,0.1855066419,0.1199385896,0.1888453662,0.0838917270,0.0018681907,0.0000000000,0.0477607436,0.0630486012,0.0000000000,0.0000000000,0.0184698571,0.0167973973,0.0906063020,0.0733276531,0.0000000000,0.0406964943,0.0000000000,0.0000000000,0.0000000000,0.0000000000,0.2293945700,0.2069716603,0.0121709462,0.0121340556,0.0000000000,0.0000000000,0.0679679215,0.0247917213,0.0253986232,0.0000000000,0.0183567889,0.0095507409,0.0134603065,0.0180044752,0.0000000000,-0.0396003500,0.3143422604,-0.0964813158,0.0140351765,0.1139330193,-0.0039299196,0.0172997192,0.1139073893,0.0048170621
15:24:54:04.920,61,0.1894381493,0.1697986722,0.0295345578,0.0000000000,0.0000000000,0.0237028021,0.0000000000,0.1893823743,0.1699433923,0.0000000000,0.0000000000,0.0000000000,0.0237352271,0.0000000000,0.0279685538,0.0000000000,0.0000000000,0.1826752573,0.1181284785,0.1896976829,0.0821590126,0.0014238636,0.0000000000,0.0460200123,0.0618013106,0.0000000000,0.0000000000,0.0178518817,0.0161928572,0.0909499004,0.0740235001,0.0000000000,0.0397417769,0.0000000000,0.0000000000,0.0000000000,0.0000000000,0.2258295566,0.2028162926,0.0129968468,0.0129977958,0.0000000000,0.0000000000,0.0682970062,0.0250284765,0.0256275050,0.0000000000,0.0174360014,0.0087991944,0.0130354697,0.0177750755,0.0000000000,-0.0379204042,0.3170248270,-0.0956956074,0.0138088055,0.1138315722,-0.0039501041,0.0170292556,0.1138059571,0.0047844308
15:24:54:05.921,61,0.1900041103,0.1700000465,0.0309791099,0.0000000000,0.0000000000,0.0224785265,0.0000000000,0.1899497658,0.1701558381,0.0000000000,0.0000000000,0.0000000000,0.0225080699,0.0000000000,0.0279739369,0.0000000000,0.0000000000,0.1742458642,0.1170611903,0.1901541054,0.0817207024,0.0011492567,0.0000000000,0.0447353758,0.0593175963,0.0000000000,0.0000000000,0.0172114950,0.0155421207,0.0909884870,0.0742346793,0.0000000000,0.0388840511,0.0000000000,0.0000000000,0.0000000000,0.0000000000,0.2174094915,0.1945611387,0.0136133227,0.0136238020,0.0000000000,0.0000000000,0.0685883835,0.0250420198,0.0256357267,0.0000000000,0.0166538768,0.0080801379,0.0128682321,0.0177901443,0.0000000000,-0.0361813493,0.3220839798,-0.0952967256,0.0146501996,0.1139585450,-0.0038666176,0.0178684629,0.1139329374,0.0048774648
15:24:54:06.925,61,0.1902608573,0.1706933826,0.0333868600,0.0000000000,0.0000000000,0.0199848693,0.0000000000,0.1902078390,0.1708679348,0.0000000000,0.0000000000,0.0000000000,0.0200148001,0.0000000000,0.0278227199,0.0000000000,0.0000000000,0.1567631364,0.1162584946,0.1893313825,0.0818341002,0.0010715841,0.0000000000,0.0438687764,0.0578507408,0.0000000000,0.0000000000,0.0166160855,0.0149562424,0.0910389572,0.0742935240,0.0000000000,0.0379674174,0.0000000000,0.0000000000,0.0000000000,0.0000000000,0.2077396214,0.1841235012,0.0140985819,0.0140910754,0.0000000000,0.0000000000,0.0712741911,0.0326632559,0.0332843997,0.0000000000,0.0161081124,0.0076028728,0.0130595285,0.0181436874,0.0000000000,-0.0345532633,0.3273004293,-0.0952684879,0.0160732698,0.1143890172,-0.0037317057,0.0192661472,0.1143634766,0.0050429855
15:24:54:07.924,61,0.1945277601,0.1729208082,0.0349398144,0.0000000000,0.0000000000,0.0189550035,0.0000000000,0.1945050806,0.1731085032,0.0000000000,0.0000000000,0.0000000000,0.0189855732,0.0000000000,0.0276779272,0.0000000000,0.0000814528,0.1483696848,0.1094374359,0.1887726784,0.0812611878,0.0009204500,0.0000000000,0.0436361991,0.0571954548,0.0000000000,0.0000000000,0.0161349718,0.0144890035,0.0912252143,0.0745488033,0.0000000000,0.0365456492,0.0000000000,0.0000000000,0.0000000000,0.0000000000,0.2047973126,0.1810648441,0.0147862202,0.0147497812,0.0000000000,0.0000000000,0.0724797100,0.0349479094,0.0355683938,0.0000000000,0.0158581864,0.0074460232,0.0135020204,0.0187622756,0.0000000000,-0.0345832258,0.3303117454,-0.0950112417,0.0169963259,0.1157553643,-0.0036767272,0.0201622136,0.1157299504,0.0052010301
15:24:54:08.926,61,0.1960825324,0.1738534719,0.0350276418,0.0000000000,0.0000000000,0.0180423893,0.0000000000,0.1960684061,0.1740422696,0.0000000000,0.0000000000,0.0000000000,0.0180732515,0.0000000000,0.0275369678,0.0000000000,0.0008860601,0.1436759979,0.1013114229,0.1881916076,0.0781641975,0.0007021001,0.0000000000,0.0436856821,0.0568232313,0.0000000000,0.0000000000,0.0157490242,0.0141214486,0.0914844573,0.0750022233,0.0000000000,0.0349207036,0.0000000000,0.0000000000,0.0000000000,0.0000000000,0.2038350254,0.1810657233,0.0159449540,0.0157157201,0.0000000000,0.0000000000,0.0734001324,0.0363841876,0.0369973332,0.0000000000,0.0156303775,0.0073135737,0.0139707541,0.0193559844,0.0000000000,-0.0357080474,0.3311160207,-0.0944872424,0.0170363598,0.1163259074,-0.0036898791,0.0202104375,0.1163005307,0.0052330154
15:24:54:09.927,61,0.1972084343,0.1745676547,0.0351210125,0.0000000000,0.0000000000,0.0174492449,0.0000000000,0.1971987784,0.1747575700,0.0000000000,0.0000000000,0.0000000000,0.0174804013,0.0000000000,0.0273573510,0.0000000000,0.0016573053,0.1401005238,0.0971580148,0.1869772673,0.0753450468,0.0005123072,0.0000000000,0.0440729558,0.0567362830,0.0000000000,0.0000000000,0.0154138301,0.0138004329,0.0917634591,0.0754805356,0.0000000000,0.0335950218,0.0000000000,0.0000000000,0.0000000000,0.0000000000,0.2034350038,0.1809790432,0.0168054644,0.0164941978,0.0000000000,0.0000000000,0.0740631968,0.0371944308,0.0377980694,0.0000000000,0.0155338673,0.0072973040,0.0144663667,0.0199376531,0.0000000000,-0.0373088010,0.3299270570,-0.0935249031,0.0170968957,0.1167628616,-0.0036967203,0.0202625319,0.1167375520,0.0052591749
15:24:54:10.929,61,0.1981201917,0.1749174297,0.0357403755,0.0000000000,0.0000000000,0.0171597600,0.0000000000,0.1981129944,0.1751125157,0.0000000000,0.0000000000,0.0000000000,0.0171912219,0.0000000000,0.0270919167,0.0000000000,0.0024266078,0.1363969594,0.0931242853,0.1858693510,0.0731434822,0.0004309365,0.0000000000,0.0470421091,0.0570133440,0.0000000000,0.0000000000,0.0150808496,0.0134719852,0.0919102430,0.0758431032,0.0000000000,0.0321974084,0.0000000000,0.0000000000,0.0000000000,0.0000000000,0.2032109946,0.1809320301,0.0176279061,0.0172326639,0.0000000000,0.0000000000,0.0741018206,0.0362727046,0.0368336178,0.0000000000,0.0155095775,0.0073096142,0.0149412006,0.0204494186,0.0000000000,-0.0392628349,0.3279200196,-0.0923344418,0.0174849126,0.1169785261,-0.0036616214,0.0206214041,0.1169532388,0.0053078383
15:24:54:11.931,61,0.1984981596,0.1739886403,0.0366460569,0.0000000000,0.0000000000,0.0168826431,0.0000000000,0.1984913945,0.1741902828,0.0000000000,0.0000000000,0.0000000000,0.0169142019,0.0000000000,0.0268076994,0.0000000000,0.0031336616,0.1343848556,0.0911500603,0.1844333410,0.0718341321,0.0004820750,0.0000000000,0.0551231131,0.0582813695,0.0000000000,0.0000000000,0.0148157533,0.0131874057,0.0918679163,0.0759796500,0.0000000000,0.0312442053,0.0000000000,0.0000000000,0.0000000000,0.0000000000,0.2029123604,0.1807122678,0.0183390975,0.0178560112,0.0000000000,0.0000000000,0.0736150369,0.0326089114,0.0331012420,0.0000000000,0.0155979879,0.0073731719,0.0153497802,0.0208451375,0.0000000000,-0.0402120277,0.3261608183,-0.0914745107,0.0180154741,0.1164132580,-0.0035879656,0.0211506300,0.1163879409,0.0053374376
15:24:54:12.932,61,0.1985338628,0.1728944033,0.0373706743,0.0000000000,0.0000000000,0.0165315233,0.0000000000,0.1985257119,0.1731010079,0.0000000000,0.0000000000,0.0000000000,0.0165629908,0.0000000000,0.0264817532,0.0000000000,0.0037178192,0.1326419711,0.0898547694,0.1830841452,0.0709284768,0.0006367025,0.0000000000,0.0607329272,0.0600933805,0.0000000000,0.0000000000,0.0145770861,0.0129142553,0.0916467234,0.0758948997,0.0000000000,0.0304470472,0.0000000000,0.0000000000,0.0000000000,0.0000000000,0.2024161518,0.1802376509,0.0189574920,0.0183815453,0.0000000000,0.0000000000,0.0728904828,0.0293040648,0.0297387894,0.0000000000,0.0157170296,0.0074415999,0.0157315060,0.0211672466,0.0000000000,-0.0406865925,0.3250333667,-0.0904875398,0.0184367746,0.1157462746,-0.0035235679,0.0215751790,0.1157208979,0.0053503951
15:24:54:13.934,61,0.1984918863,0.1718638092,0.0377038792,0.0000000000,0.0000000000,0.0161374435,0.0000000000,0.1984821409,0.1720723510,0.0000000000,0.0000000000,0.0000000000,0.0161688682,0.0000000000,0.0260988697,0.0000000000,0.0042073177,0.1298801005,0.0888343081,0.1804861426,0.0701900050,0.0008604371,0.0000000000,0.0633253455,0.0611003116,0.0000000000,0.0000000000,0.0143363671,0.0126366401,0.0913548544,0.0757150203,0.0000000000,0.0297103301,0.0000000000,0.0000000000,0.0000000000,0.0000000000,0.2007764131,0.1786480695,0.0194933079,0.0188258514,0.0000000000,0.0000000000,0.0714364275,0.0258641075,0.0262227543,0.0000000000,0.0157542098,0.0074331197,0.0161140561,0.0214884337,0.0000000000,-0.0411498696,0.3245339692,-0.0897569656,0.0186351705,0.1151170507,-0.0034843392,0.0217720531,0.1150915995,0.0053406404
15:24:54:14.936,61,0.1987162530,0.1719861478,0.0379592478,0.0000000000,0.0000000000,0.0158349108,0.0000000000,0.1987061948,0.1721967757,0.0000000000,0.0000000000,0.0000000000,0.0158661529,0.0000000000,0.0256514624,0.0000000000,0.0046786894,0.1251691431,0.0879223049,0.1738466024,0.0694344044,0.0010029748,0.0000000000,0.0646630079,0.0616764389,0.0000000000,0.0000000000,0.0140751367,0.0123543041,0.0910765976,0.0756110847,0.0000000000,0.0289733279,0.0000000000,0.0000000000,0.0000000000,0.0000000000,0.1952773929,0.1740571707,0.0199497025,0.0192010012,0.0000000000,0.0000000000,0.0697452426,0.0230118670,0.0233118646,0.0000000000,0.0157370698,0.0073727979,0.0165578406,0.0218921937,0.0000000000,-0.0413095579,0.3244729340,-0.0894570053,0.0187857095,0.1151926294,-0.0034706281,0.0219201036,0.1151671708,0.0053599305
15:24:54:15.936,61,0.1988908052,0.1715812385,0.0372030474,0.0000000000,0.0000000000,0.0155157102,0.0000000000,0.1988808960,0.1717858166,0.0000000000,0.0000000000,0.0000000000,0.0155466069,0.0000000000,0.0252214298,0.0000000000,0.0052204863,0.1206456274,0.0861449987,0.1676730365,0.0676302686,0.0010115211,0.0000000000,0.0653307736,0.0620674528,0.0000000000,0.0000000000,0.0138424635,0.0121231964,0.0909180492,0.0757481605,0.0000000000,0.0282259583,0.0000000000,0.0000000000,0.0000000000,0.0000000000,0.1926348656,0.1721939594,0.0204756372,0.0196621288,0.0000000000,0.0000000000,0.0688427761,0.0215129536,0.0217932984,0.0000000000,0.0157859903,0.0074208830,0.0171842854,0.0224777889,0.0000000000,-0.0414321907,0.3241017163,-0.0890631601,0.0183575060,0.1149427667,-0.0035085515,0.0214818008,0.1149173081,0.0053016259
15:24:54:16.939,61,0.1988909841,0.1707176715,0.0355571508,0.0000000000,0.0000000000,0.0151734967,0.0000000000,0.1988810599,0.1709091216,0.0000000000,0.0000000000,0.0000000000,0.0152041037,0.0000000000,0.0247659963,0.0000000000,0.0056691221,0.1153695807,0.0845819712,0.1641415805,0.0666106120,0.0009153160,0.0000000000,0.0655584633,0.0624377020,0.0000000000,0.0000000000,0.0136123579,0.0119063957,0.0905124992,0.0756176412,0.0000000000,0.0275431089,0.0000000000,0.0000000000,0.0000000000,0.0000000000,0.1889318377,0.1699271351,0.0209353007,0.0200878084,0.0000000000,0.0000000000,0.0684556663,0.0208092835,0.0210867394,0.0000000000,0.0159468893,0.0076233214,0.0178603828,0.0231385604,0.0000000000,-0.0420875549,0.3231840134,-0.0887249559,0.0174051356,0.1144099385,-0.0035928099,0.0205276795,0.1143844351,0.0051759933
15:24:54:17.939,61,0.1987929046,0.1652957052,0.0318075158,0.0000000000,0.0000000000,0.0180957597,0.0000000000,0.1987826526,0.1654565781,0.0000000000,0.0000000000,0.0000000000,0.0181296989,0.0000000000,0.0243843347,0.0000000000,0.0061393287,0.1130883396,0.0824492797,0.1626778543,0.0638286844,0.0008392144,0.0000000000,0.0655982867,0.0627000555,0.0000000000,0.0000000000,0.0134108691,0.0117167523,0.0903250352,0.0756917596,0.0000000000,0.0268787146,0.0000000000,0.0000000000,0.0000000000,0.0000000000,0.1863427162,0.1682820916,0.0214509889,0.0205580592,0.0000000000,0.0000000000,0.0679586604,0.0192474499,0.0194941200,0.0000000000,0.0168956127,0.0088040642,0.0183362067,0.0235912949,0.0000000000,-0.0424370505,0.3218472600,-0.0881734416,0.0152631328,0.1110843793,-0.0037099328,0.0183632709,0.1110586002,0.0047991253
15:24:54:18.942,61,0.1984881014,0.1555019170,0.0265615322,0.0000000000,0.0000000000,0.0397323593,0.0000000000,0.1984781325,0.1556228995,0.0000000000,0.0000000000,0.0000000000,0.0398041680,0.0000000000,0.0241910685,0.0000000000,0.0065756496,0.1119457930,0.0814802349,0.1622152627,0.0605066270,0.0006995602,0.0000000000,0.0654815510,0.0628875569,0.0000000000,0.0000000000,0.0132774776,0.0116082076,0.0906883106,0.0764404684,0.0000000000,0.0263806917,0.0000000000,0.0000000000,0.0000000000,0.0000000000,0.1850868016,0.1673666090,0.0218584407,0.0209360570,0.0000000000,0.0000000000,0.0664939582,0.0164019894,0.0165886842,0.0000000000,0.0211390592,0.0134298094,0.0186206941,0.0238931533,0.0000000000,-0.0430318639,0.3190424144,-0.0873868614,0.0123083070,0.1050836518,-0.0037982338,0.0153372288,0.1050573736,0.0042398456
15:24:54:19.943,61,0.1964817345,0.1432545781,0.0240600538,0.0000000000,0.0000000000,0.0544928536,0.0000000000,0.1964729130,0.1433578581,0.0000000000,0.0000000000,0.0000000000,0.0545685887,0.0000000000,0.0241086017,0.0000000000,0.0070051588,0.1115502194,0.0809062347,0.1629709005,0.0588727258,0.0005233046,0.0000000000,0.0651842207,0.0629569218,0.0000000000,0.0000000000,0.0131593468,0.0115174409,0.0912786797,0.0777017325,0.0000000000,0.0259882417,0.0000000000,0.0000000000,0.0000000000,0.0000000000,0.1845117956,0.1669124365,0.0222215187,0.0212788098,0.0000000000,0.0000000000,0.0647874027,0.0138960183,0.0140434057,0.0000000000,0.0245500822,0.0168001559,0.0188121535,0.0241104625,0.0000000000,-0.0436107591,0.3162276745,-0.0870705172,0.0109214559,0.0975911170,-0.0036564379,0.0139093287,0.0975642130,0.0037994913
15:24:54:20.946,61,0.1963605285,0.1475575268,0.0281960908,0.0000000000,0.0000000000,0.0718721673,0.0000000000,0.1963523924,0.1476883739,0.0000000000,0.0000000000,0.0000000000,0.0719479546,0.0000000000,0.0241837706,0.0000000000,0.0075520109,0.1127103791,0.0805917978,0.1689974219,0.0576401353,0.0002809103,0.0000000000,0.0651887730,0.0632849112,0.0000000000,0.0000000000,0.0131171923,0.0114957467,0.0929812491,0.0806196257,0.0000000000,0.0256864280,0.0000000000,0.0000000000,0.0000000000,0.0000000000,0.1872425079,0.1687393636,0.0226941016,0.0217299107,0.0000000000,0.0000000000,0.0637788102,0.0117781330,0.0119025810,0.0000000000,0.0293106809,0.0210678317,0.0189662986,0.0242835488,0.0000000000,-0.0438502803,0.3144844770,-0.0864636973,0.0133406259,0.1002305448,-0.0035340935,0.0163075328,0.1002038717,0.0041234093
15:24:54:21.947,61,0.2733427286,0.1724468023,0.0320792161,0.0000000000,0.0000000000,0.0877903029,0.0000000000,0.2732916176,0.1726139486,0.0000000000,0.0000000000,0.0000000000,0.0878369659,0.0000000000,0.0245177560,0.0000000000,0.0084192576,0.1186886355,0.0802623481,0.1724639088,0.0551867820,0.0000000000,0.0000000000,0.0653717220,0.0637417883,0.0000000000,0.0000000000,0.0132411579,0.0116328495,0.0970475376,0.0860798135,0.0000000000,0.0254444759,0.0000000000,0.0000000000,0.0000000000,0.0000000000,0.2062987834,0.1897621006,0.0233569350,0.0223607253,0.0000000000,0.0000000000,0.0635501519,0.0108872512,0.0110104810,0.0000000000,0.0330332778,0.0235791579,0.0192286484,0.0244284421,0.0000000000,-0.0437009223,0.3134776950,-0.0860789195,0.0157437809,0.1154572219,-0.0038001896,0.0185009427,0.1154320315,0.0050113732
15:24:54:22.947,61,0.4314029515,0.3171209097,0.0389796756,0.0000000000,0.0000000000,0.0941821486,0.0000000000,0.4313110411,0.3174417019,0.0000000000,0.0000000000,0.0000000000,0.0942218974,0.0000000000,0.0251974296,0.0000000000,0.0093928026,0.1218401939,0.0797177404,0.1739573926,0.0536919348,0.0000000000,0.0000000000,0.0657877699,0.0668310001,0.0000000000,0.0000000000,0.0133091509,0.0117196059,0.0982886553,0.0877405182,0.0000000000,0.0252419375,0.0000000000,0.0000000000,0.0000000000,0.0000000000,0.2317152172,0.2192297429,0.0248263758,0.0238286108,0.0000000000,0.0000000000,0.0637043938,0.0120714903,0.0122740753,0.0000000000,0.0342706405,0.0244748220,0.0195416510,0.0245120265,0.0000000000,-0.0437619202,0.3122479916,-0.0850026682,0.0201513749,0.2039469332,-0.0057829507,0.0218642652,0.2039303333,0.0097342730
15:24:54:23.950,61,0.8680896759,0.1987049878,0.0415332019,0.0000000000,0.0000000000,0.0688079149,0.0000000000,0.8680615425,0.1989748031,0.0000000000,0.0000000000,0.0000000000,0.0688463748,0.0000000000,0.0258159954,0.0000000000,0.0102139534,0.1228732914,0.0644407496,0.1709544510,0.0527625568,0.0000000000,0.0000000000,0.0693660304,0.0779265091,0.0000000000,0.0000000000,0.0133044003,0.0117407255,0.0939551294,0.0816136897,0.0000000000,0.0242169145,0.0000000000,0.0000000000,0.0000000000,0.0000000000,0.2398253530,0.2291349620,0.0351094343,0.0333401747,0.0000000000,0.0000000000,0.0726408437,0.0259432886,0.0261588804,0.0000000000,0.0370703749,0.0305568855,0.0320693143,0.0355302021,0.0000000000,-0.0431095101,0.3114723265,-0.0837099329,0.0233801287,0.1315424144,-0.0033799799,0.0239040218,0.1315200478,0.0064016203
15:24:54:24.953,61,0.9388962984,0.1617814600,0.0449550599,0.0000000000,0.0000000000,0.0383122936,0.0000000000,0.9388913512,0.1620448083,0.0000000000,0.0000000000,0.0000000000,0.0383454375,0.0000000000,0.0306114107,0.0000000000,0.0116173821,0.1314223409,0.0565006435,0.1708415151,0.0514409952,0.0000000000,0.0000000000,0.0741287172,0.0872647911,0.0000000000,0.0000000000,0.0135220662,0.0120098386,0.0925553441,0.0797311440,0.0000000000,0.0234684516,0.0000000000,0.0000000000,0.0000000000,0.0000000000,0.2942173481,0.2865446806,0.0486386195,0.0465247817,0.0000000000,0.0000000000,0.0930265039,0.0693800226,0.0696012080,0.0000000000,0.0384520404,0.0344031788,0.0398233458,0.0447562300,0.0000000000,-0.0422077812,0.3047326207,-0.0808126181,0.0261169579,0.1089705825,-0.0025639918,0.0260199122,0.1089466363,0.0054630139
15:24:54:25.953,61,0.8711571097,0.2383350432,0.0396103002,0.0000000000,0.0000000000,0.0366762951,0.0000000000,0.8711517453,0.2386190742,0.0000000000,0.0000000000,0.0000000000,0.0367016196,0.0000000000,0.0651782304,0.0000000000,0.0127624087,0.2158651203,0.0534103699,0.2111432105,0.0441565216,0.0000000000,0.0000000000,0.0758636966,0.0943694413,0.0000000000,0.0000000000,0.0139675485,0.0127773425,0.0972601920,0.0831030905,0.0000000000,0.0231184550,0.0000000000,0.0000000000,0.0000000000,0.0000000000,0.3871750832,0.3785983920,0.0549613573,0.0536375940,0.0000000000,0.0000000000,0.1305243522,0.1500765681,0.1503310949,0.0000000000,0.0392819010,0.0362869017,0.0425630324,0.0478374511,0.0000000000,-0.0416171104,0.2989180088,-0.0791681409,0.0222757272,0.1557706594,-0.0041296077,0.0226286836,0.1557505280,0.0074544246
15:24:54:26.955,61,0.4375915825,0.2900027335,0.0296945293,0.0000000000,0.0000000000,0.0399511904,0.0000000000,0.4375928640,0.2901929617,0.0000000000,0.0000000000,0.0000000000,0.0400200859,0.0000000000,0.1493359953,0.0000000000,0.0133646894,0.3172835410,0.0630628392,0.2222581059,0.0292157140,0.0000000000,0.0000000000,0.0770403147,0.1004519537,0.0000000000,0.0000000000,0.0269281100,0.0299606472,0.1994490176,0.1747985035,0.0000000000,0.0286045764,0.0000000000,0.0000000000,0.0000000000,0.0000000000,0.5435563326,0.5204529166,0.0578087345,0.0566756614,0.0000000000,0.0000000000,0.2541408241,0.3027362823,0.3029988706,0.0000000000,0.0397346988,0.0374292843,0.0436422825,0.0490029603,0.0000000000,-0.0415587462,0.2955029607,-0.0784077048,0.0154382698,0.1873201877,-0.0061618276,0.0166725814,0.1873023063,0.0079749096
15:24:54:27.955,61,0.2379046082,0.2327436358,0.0283866730,0.0000000000,0.0000000000,0.0398995839,0.0000000000,0.2379098833,0.2329023033,0.0000000000,0.0000000000,0.0000000000,0.0399855189,0.0000000000,0.2210275233,0.0000000000,0.0110533182,0.4095487297,0.0674191713,0.2275580019,0.0200405270,0.0000000000,0.0000000000,0.0957092643,0.1233176813,0.0000000000,0.0000000000,0.0441521145,0.0471098013,0.3223970234,0.2850101888,0.0000000000,0.0343293883,0.0000000000,0.0000000000,0.0000000000,0.0000000000,0.6638000607,0.6333116293,0.0591723360,0.0580676496,0.0000000000,0.0000000000,0.4317581952,0.4651953280,0.4654111564,0.0000000000,0.0400897861,0.0391385481,0.0441987440,0.0495655388,0.0000000000,-0.0411372297,0.2950269580,-0.0799415112,0.0144969635,0.1523095220,-0.0051558902,0.0161592066,0.1522882730,0.0063553820
15:24:54:28.957,61,0.1429488659,0.1686579436,0.0182078201,0.0000000000,0.0000000000,0.0366275199,0.0000000000,0.1429615319,0.1687240303,0.0000000000,0.0000000000,0.0000000000,0.0367863588,0.0000000000,0.2521163523,0.0000000000,0.0053635910,0.4655297399,0.0695335716,0.2221196890,0.0135095958,0.0000000000,0.0000000000,0.1467678398,0.1677989513,0.0000000000,0.0000000000,0.0584463775,0.0638135895,0.3760860562,0.3357845843,0.0000000000,0.0409907028,0.0000000000,0.0000000000,0.0000000000,0.0000000000,0.7167509794,0.6850159168,0.0594136603,0.0580283143,0.0000000000,0.0000000000,0.5850795507,0.5915871263,0.5917377472,0.0000000000,0.0402254127,0.0414705798,0.0437041186,0.0493831076,0.0000000000,-0.0416389592,0.2973349392,-0.0817754343,0.0085350461,0.1131059751,-0.0044711558,0.0104472041,0.1130811125,0.0040721945
15:24:54:29.959,61,0.0641603544,0.1349460930,0.0132331075,0.0000000000,0.0000000000,0.0255117919,0.0000000000,0.0641116276,0.1349884421,0.0000000000,0.0000000000,0.0000000000,0.0257088263,0.0000000000,0.2761403620,0.0000000000,0.0027898503,0.5016122460,0.0703497082,0.1853191555,0.0083859237,0.0000000000,0.0000000000,0.1812176108,0.2070456594,0.0000000000,0.0000000000,0.0702493787,0.0781754628,0.4073303640,0.3710551560,0.0000000000,0.0517080687,0.0000000000,0.0000000000,0.0000000000,0.0000000000,0.7599678636,0.7353302836,0.0565976724,0.0553023070,0.0000000000,0.0000000000,0.6979712248,0.6781685948,0.6782753468,0.0000000000,0.0400987044,0.0426825285,0.0415611453,0.0483692884,0.0000000000,-0.0439793654,0.2992597818,-0.0819458216,0.0056659169,0.0924920589,-0.0039045527,0.0076200403,0.0924653634,0.0030730881
15:24:54:30.961,61,0.0237155147,0.1182634085,0.0024804394,0.0000000000,0.0000000000,0.0134842396,0.0000000000,0.0236392356,0.1182556897,0.0014025958,0.0000000000,0.0000000000,0.0136960465,0.0000000000,0.2939836979,0.0000000000,0.0008319365,0.5267096758,0.0657805130,0.1657550186,0.0030372792,0.0000000000,0.0000000000,0.2331361771,0.2521797717,0.0000000000,0.0000000000,0.0808268860,0.0917511508,0.4282388389,0.3944746554,0.0000000000,0.0565625727,0.0000000000,0.0000000000,0.0000000000,0.0000000000,0.7828477025,0.7598541975,0.0538195446,0.0526734926,0.0000000000,0.0000000000,0.7693905830,0.7212488055,0.7213334441,0.0000000000,0.0399603769,0.0443096720,0.0383559614,0.0461771451,0.0000000000,-0.0468206629,0.3021790981,-0.0809565410,-0.0006676614,0.0822822303,-0.0039364682,0.0013785027,0.0822545961,0.0022723032
15:24:54:31.962,61,0.0046209446,0.1088373736,0.0000000000,0.0000000000,0.0000000000,0.0058233878,0.0000000000,0.0045379223,0.1087652668,0.0169262756,0.0000000000,0.0000000000,0.0060650851,0.0000000000,0.3017162681,0.0000000000,0.0000000000,0.5407688022,0.0597615987,0.1478426009,0.0000000000,0.0000000000,0.0000000000,0.2639747858,0.2805765867,0.0000000000,0.0000000000,0.0897946879,0.1023623571,0.4377144873,0.4047992826,0.0000000000,0.0592732280,0.0000000000,0.0000000000,0.0000000000,0.0000000000,0.7946337461,0.7722520828,0.0510967597,0.0498438552,0.0000000000,0.0000000000,0.8006348610,0.7439213991,0.7439910769,0.0000000000,0.0398920476,0.0478799120,0.0358317010,0.0437562428,0.0000000000,-0.0522111841,0.3032215238,-0.0766404122,-0.0094177313,0.0765086785,-0.0042412332,-0.0074698050,0.0764805824,0.0015222114
15:24:54:32.964,61,0.0000000000,0.1091555282,0.0000000000,0.0000000000,0.0000000000,0.0002387441,0.0000000000,0.0000000000,0.1090284586,0.0285599791,0.0000000000,0.0000000000,0.0005088744,0.0000000000,0.3031589985,0.0000000000,0.0000000000,0.5471422076,0.0534652546,0.1388405114,0.0000000000,0.0000000000,0.0000000000,0.2949192226,0.3048863113,0.0000000000,0.0000000000,0.0935343951,0.1067932472,0.4349436760,0.4072005749,0.0000000000,0.0603904910,0.0000000000,0.0000000000,0.0000000000,0.0000000000,0.8002620935,0.7782607675,0.0496570691,0.0482682623,0.0000000000,0.0000000000,0.8168547153,0.7555591464,0.7556202412,0.0000000000,0.0397942252,0.0507030115,0.0322214961,0.0388956182,0.0000000000,-0.0587829277,0.3037766218,-0.0713000521,-0.0159600377,0.0766959339,-0.0046883347,-0.0142111881,0.0766679645,0.0010756135
15:24:54:33.965,61,0.0000000000,0.1155208573,0.0000000000,0.0000000000,0.0000000000,0.0000000000,0.0000000000,0.0000000000,0.1153268442,0.0396112762,0.0000000000,0.0000000000,0.0000000000,0.0000000000,0.2864302099,0.0000000000,0.0000000000,0.5261083841,0.0500197001,0.1351187229,0.0000000000,0.0000000000,0.0000000000,0.3124818504,0.3146401942,0.0000000000,0.0000000000,0.0954312906,0.1089238450,0.3991706669,0.3803771138,0.0000000000,0.0604730435,0.0000000000,0.0000000000,0.0000000000,0.0000000000,0.7977927327,0.7742701769,0.0488044731,0.0472440198,0.0000000000,0.0000000000,0.8268922567,0.7618022561,0.7618578076,0.0000000000,0.0399638452,0.0535649247,0.0267303716,0.0302693937,0.0000000000,-0.0650910065,0.3025059998,-0.0653587803,-0.0221570432,0.0805801973,-0.0053720376,-0.0204903241,0.0805526078,0.0006792577
15:24:54:34.967,61,0.0000000000,0.1214070320,0.0000000000,0.0000000000,0.0000000000,0.0000000000,0.0000000000,0.0000000000,0.1211656928,0.0459634326,0.0000000000,0.0000000000,0.0000000000,0.0000000000,0.2536001801,0.0000000000,0.0000000000,0.4587936103,0.0418652110,0.1346076429,0.0000000000,0.0000000000,0.0000000000,0.3201674223,0.3192062974,0.0000000000,0.0000000000,0.0959520340,0.1078480482,0.3813966811,0.3625642359,0.0000000000,0.0542028844,0.0000000000,0.0000000000,0.0000000000,0.0000000000,0.7818975449,0.7552214265,0.0485727042,0.0467459150,0.0000000000,0.0000000000,0.8370756507,0.7655473351,0.7655965686,0.0000000000,0.0398791581,0.0547234230,0.0188693143,0.0202483349,0.0000000000,-0.0708727762,0.3007069826,-0.0587957241,-0.0257097334,0.0841744021,-0.0058858898,-0.0241938774,0.0841472223,0.0004253509
15:24:54:35.969,61,0.0000000000,0.1307273656,0.0000000000,0.0058883624,0.0000000000,0.0000000000,0.0000000000,0.0000000000,0.1304049790,0.0560321882,0.0000000000,0.0000000000,0.0000000000,0.0000000000,0.2179595530,0.0000000000,0.0028118063,0.3999291658,0.0349732600,0.1344581842,0.0000000000,0.0000000000,0.0000000000,0.3240543008,0.3170596063,0.0000000000,0.0000000000,0.0919594541,0.0970932990,0.3197239339,0.3069139421,0.0000000000,0.0488113351,0.0000000000,0.0000000000,0.0000000000,0.0000000000,0.7604259849,0.7360821962,0.0488722175,0.0466724634,0.0000000000,0.0000000000,0.8415299654,0.7674689889,0.7675146461,0.0000000000,0.0394863710,0.0548380837,0.0137649346,0.0132303163,0.0000000000,-0.0745823160,0.2994416356,-0.0521786064,-0.0313353091,0.0898676589,-0.0067522419,-0.0299604814,0.0898410305,-0.0000236427
15:24:54:36.970,61,0.0000000000,0.1320400536,0.0000000000,0.0102511039,0.0000000000,0.0000000000,0.0000000000,0.0000000000,0.1316885054,0.0605203770,0.0000000000,0.0000000000,0.0000000000,0.0000000000,0.1838538647,0.0000000000,0.0070710923,0.3362926543,0.0281599592,0.1472026706,0.0000000000,0.0000000000,0.0000000000,0.2869549096,0.2609346807,0.0000000000,0.0000000000,0.0796920732,0.0812093168,0.2989875972,0.2879458964,0.0000000000,0.0428999700,0.0000000000,0.0000000000,0.0000000000,0.0000000000,0.7230983377,0.6933581829,0.0515860803,0.0469976850,0.0000000000,0.0000000000,0.8456990123,0.7686782479,0.7687212229,0.0000000000,0.0367334895,0.0490143895,0.0081779286,0.0060526705,0.0000000000,-0.0772553906,0.2999823093,-0.0447197780,-0.0338519514,0.0906704217,-0.0070185303,-0.0326166302,0.0906439871,-0.0002412494
15:24:54:37.971,61,0.0000000000,0.1346563399,0.0000000000,0.0141328406,0.0000000000,0.0000000000,0.0000000000,0.0000000000,0.1342726946,0.0646510422,0.0000000000,0.0000000000,0.0000000000,0.0000000000,0.1300085038,0.0000000000,0.0137116816,0.2667931616,0.0253028404,0.2075995505,0.0000000000,0.0000864969,0.0000000000,0.2118244022,0.1902332157,0.0000000000,0.0000000000,0.0606001504,0.0600328073,0.2688119411,0.2639068961,0.0000000000,0.0354869291,0.0000000000,0.0000000000,0.0000000000,0.0000000000,0.6360332370,0.6082550287,0.0599361546,0.0505752191,0.0000000000,0.0000000000,0.8486143947,0.7693311572,0.7693715096,0.0000000000,0.0332222842,0.0419318676,0.0057169138,0.0029647655,0.0000000000,-0.0794473067,0.3016113043,-0.0370671377,-0.0361619517,0.0922699496,-0.0073388009,-0.0349790156,0.0922436416,-0.0004460641
15:24:54:38.974,61,0.0000000000,0.1383887678,0.0000000000,0.0161921047,0.0000000000,0.0000000000,0.0000000000,0.0000000000,0.1379791647,0.0668666363,0.0000000000,0.0000000000,0.0000000000,0.0000000000,0.1074928567,0.0000000000,0.0176103413,0.1954694986,0.0235130806,0.2589654028,0.0000000000,0.0000278119,0.0000000000,0.1582071483,0.1529490054,0.0000000000,0.0000000000,0.0458315052,0.0457538404,0.2202273160,0.2166246176,0.0000000000,0.0299627259,0.0000000000,0.0000000000,0.0000000000,0.0000000000,0.5447209477,0.5192676783,0.0669139028,0.0563354865,0.0000000000,0.0000000000,0.8508165479,0.7695367336,0.7695747018,0.0000000000,0.0293353591,0.0361788869,0.0041763079,0.0011632731,0.0000000000,-0.0816689879,0.3028314412,-0.0303871743,-0.0373905674,0.0945508331,-0.0076338425,-0.0362308174,0.0945247263,-0.0005719044
15:24:54:39.975,61,0.0000000000,0.1455425918,0.0000000000,0.0107562467,0.0000000000,0.0000000000,0.0000000000,0.0000000000,0.1451427937,0.0610699914,0.0000000000,0.0000000000,0.0000000000,0.0000000000,0.0902772024,0.0000000000,0.0198253151,0.1695980132,0.0228167381,0.2801822722,0.0000000000,0.0000000000,0.0000000000,0.1365909874,0.1333428919,0.0000000000,0.0000000000,0.0375923924,0.0379140563,0.2042698562,0.2016788721,0.0000000000,0.0270265844,0.0000000000,0.0000000000,0.0000000000,0.0000000000,0.4591321051,0.4366734028,0.0693994090,0.0582910851,0.0000000000,0.0000000000,0.8528414369,0.7696512938,0.7696868777,0.0000000000,0.0248794761,0.0308826100,0.0030479047,0.0000372537,0.0000000000,-0.0829566345,0.3037429452,-0.0241981894,-0.0341039747,0.0989182889,-0.0077134985,-0.0329196118,0.0988925397,-0.0003201144
15:24:54:40.977,61,0.0000000000,0.1539938897,0.0000000000,0.0082949037,0.0000000000,0.0000000000,0.0000000000,0.0000000000,0.1535822004,0.0585366338,0.0000000000,0.0000000000,0.0000000000,0.0000000000,0.0809001550,0.0000000000,0.0208464749,0.1534181833,0.0277280416,0.2902975380,0.0121808713,0.0000000000,0.0000000000,0.1215836182,0.1202785969,0.0000000000,0.0000000000,0.0320292711,0.0328042656,0.1952433139,0.1916973144,0.0000000000,0.0255216174,0.0000000000,0.0000000000,0.0000000000,0.0000000000,0.4193841219,0.3966973126,0.0667446852,0.0577520765,0.0000000000,0.0000000000,0.8553935289,0.7696021795,0.7696360946,0.0000000000,0.0228457991,0.0284201968,0.0021387809,0.0000000000,0.0000000000,-0.0803271681,0.3073427677,-0.0180189386,-0.0326438919,0.1040797234,-0.0079988120,-0.0314196125,0.1040544286,-0.0002126600
15:24:54:41.978,61,0.0000000000,0.1611595899,0.0000000000,0.0032619007,0.0000000000,0.0000000000,0.0000000000,0.0000000000,0.1607607156,0.0532294326,0.0000000000,0.0000000000,0.0000000000,0.0000000000,0.0754812583,0.0000000000,0.0213221833,0.1455476135,0.0284565110,0.3164588511,0.0174299777,0.0000000000,0.0000000000,0.1147485450,0.1144372076,0.0000000000,0.0000000000,0.0287321694,0.0301022772,0.1904299408,0.1868668348,0.0000000000,0.0235644262,0.0000000000,0.0000000000,0.0000000000,0.0000000000,0.4031134248,0.3806032836,0.0670694485,0.0583510250,0.0000000000,0.0000000000,0.8589497805,0.7694455385,0.7694790959,0.0000000000,0.0209522732,0.0267572124,0.0013190777,0.0000000000,0.0000000000,-0.0769241825,0.3140591979,-0.0115871402,-0.0296331346,0.1084556058,-0.0080544855,-0.0283578821,0.1084307060,0.0000674512
15:24:54:42.979,61,0.0000000000,0.1697748899,0.0000000000,0.0000000000,0.0000000000,0.0000000000,0.0000000000,0.0000000000,0.1693821549,0.0487631001,0.0000000000,0.0000000000,0.0000000000,0.0000000000,0.0731804669,0.0000000000,0.0216068830,0.1417081803,0.0260793548,0.3749504387,0.0220730249,0.0000000000,0.0000000000,0.1108883843,0.1114261076,0.0000000000,0.0000000000,0.0254835654,0.0279970691,0.1878809929,0.1845294386,0.0000000000,0.0213633478,0.0000000000,0.0000000000,0.0000000000,0.0000000000,0.4465304017,0.4256324768,0.0846123919,0.0731356442,0.0000000000,0.0000000000,0.8624209166,0.7689988613,0.7690337300,0.0000000000,0.0196986478,0.0256417599,0.0006638893,0.0000000000,0.0000000000,-0.0746460557,0.3189208806,-0.0077213454,-0.0270881578,0.1137178317,-0.0081982920,-0.0257440004,0.1136933118,0.0003289689
15:24:54:43.981,61,0.0000000000,0.1653765589,0.0000000000,0.0000000000,0.0000000000,0.0000000000,0.0000000000,0.0000000000,0.1650109589,0.0466474853,0.0000000000,0.0000000000,0.0000000000,0.0000000000,0.0717468783,0.0000000000,0.0217852537,0.1394755691,0.0214405898,0.3927538693,0.0248975269,0.0000000000,0.0000000000,0.1094010323,0.1103399917,0.0000000000,0.0000000000,0.0230387580,0.0263792649,0.1835085899,0.1827371567,0.0000000000,0.0192195941,0.0000000000,0.0000000000,0.0000000000,0.0000000000,0.4537867606,0.4328697622,0.0954408795,0.0822842643,0.0000000000,0.0000000000,0.8635025620,0.7611646652,0.7612369657,0.0000000000,0.0191449299,0.0252350364,0.0002701269,0.0000000000,0.0000000000,-0.0721845701,0.3248029351,-0.0054171495,-0.0259221122,0.1110314354,-0.0078788884,-0.0245788544,0.1110066697,0.0004453643
15:24:54:44.984,61,0.0000000000,0.1639772952,0.0000000000,0.0000000000,0.0000000000,0.0000000000,0.0000000000,0.0000000000,0.1636613905,0.0400272422,0.0000000000,0.0000000000,0.0000000000,0.0000000000,0.0706765428,0.0000000000,0.0219233353,0.1378002018,0.0197049677,0.4017081857,0.0294691529,0.0000000000,0.0000000000,0.1083956510,0.1096787006,0.0000000000,0.0000000000,0.0209661759,0.0248055328,0.1805133969,0.1815371960,0.0000000000,0.0179083534,0.0000000000,0.0000000000,0.0000000000,0.0000000000,0.4084396958,0.3898176849,0.0994381607,0.0858010799,0.0000000000,0.0000000000,0.8637332320,0.7544144392,0.7545034885,0.0000000000,0.0189386066,0.0251668841,0.0000598183,0.0000000000,0.0000000000,-0.0710576475,0.3287032843,-0.0043171896,-0.0222153217,0.1101781726,-0.0074441545,-0.0207886919,0.1101533249,0.0008247471
15:24:54:45.984,61,0.0000000000,0.1634914428,0.0000000000,0.0000000000,0.0000000000,0.0000000000,0.0000000000,0.0000000000,0.1632156521,0.0344388559,0.0000000000,0.0000000000,0.0000000000,0.0000000000,0.0692336783,0.0000000000,0.0219632238,0.1313379854,0.0191771034,0.4064960778,0.0594674200,0.0000000000,0.0000000000,0.1031484231,0.1080885753,0.0000000000,0.0000000000,0.0177319665,0.0215761326,0.1765598655,0.1795422584,0.0000000000,0.0169432312,0.0000000000,0.0000000000,0.0000000000,0.0000000000,0.3843840957,0.3669973612,0.0987637192,0.0867127702,0.0000000000,0.0000000000,0.8638206720,0.7494217753,0.7495200038,0.0000000000,0.0190999024,0.0253830552,0.0001363923,0.0000000000,0.0000000000,-0.0679321289,0.3317016065,-0.0038123643,-0.0190829709,0.1098838821,-0.0071102353,-0.0175039135,0.1098589003,0.0011522402
15:24:54:46.986,61,0.0000000000,0.1628693491,0.0000000000,0.0000000000,0.0000000000,0.0000000000,0.0000000000,0.0000000000,0.1626275033,0.0297374092,0.0000000000,0.0000000000,0.0000000000,0.0000000000,0.0675850883,0.0000000000,0.0223114863,0.1259749830,0.0192139819,0.4211398959,0.1015641689,0.0000000000,0.0000000000,0.0913830101,0.1021151319,0.0000000000,0.0000000000,0.0150724733,0.0187496785,0.1751013547,0.1791114658,0.0000000000,0.0160468593,0.0000000000,0.0000000000,0.0000000000,0.0000000000,0.3700974882,0.3520809412,0.0979359522,0.0869814381,0.0000000000,0.0000000000,0.8636984229,0.7442248464,0.7443085909,0.0000000000,0.0191106759,0.0254053343,0.0003961583,0.0000000000,0.0000000000,-0.0646310672,0.3353111148,-0.0028269533,-0.0164484456,0.1095066965,-0.0068224436,-0.0147877680,0.1094816402,0.0014199915
15:24:54:47.987,61,0.0000000000,0.1620207131,0.0000000000,0.0000000000,0.0000000000,0.0000000000,0.0000000000,0.0000000000,0.1617912799,0.0281723067,0.0000000000,0.0000000000,0.0000000000,0.0000000000,0.0639734343,0.0000000000,0.0223825295,0.1201844215,0.0234863367,0.4258323610,0.1367741972,0.0000000000,0.0000000000,0.0686111003,0.0858686939,0.0000000000,0.0000000000,0.0126211047,0.0160699952,0.1743401438,0.1789506674,0.0000000000,0.0152760865,0.0000000000,0.0000000000,0.0000000000,0.0000000000,0.3314976096,0.3065156639,0.0864318311,0.0797237679,0.0000000000,0.0000000000,0.8636506796,0.7400969267,0.7401685119,0.0000000000,0.0188492462,0.0251185484,0.0006024436,0.0000000000,0.0000000000,-0.0614186972,0.3394401073,-0.0016664406,-0.0155737996,0.1089893132,-0.0067024897,-0.0139228124,0.1089642271,0.0014998252
15:24:54:48.989,61,0.0000000000,0.1573472321,0.0000000000,0.0000000000,0.0000000000,0.0000000000,0.0074774572,0.0000000000,0.1571293175,0.0277859103,0.0000000000,0.0000000000,0.0000000000,0.0074865185,0.0610032082,0.0000000000,0.0221141540,0.1179758459,0.0319387950,0.4285316467,0.1552473009,0.0000000000,0.0000000000,0.0555992536,0.0752526149,0.0000000000,0.0000000000,0.0110347429,0.0143461199,0.1739373356,0.1787606776,0.0000000000,0.0146904597,0.0000000000,0.0000000000,0.0000000000,0.0000000000,0.3193691671,0.2926910818,0.0769483000,0.0715562776,0.0000000000,0.0000000000,0.8636250496,0.7366212606,0.7366871834,0.0000000000,0.0186146200,0.0248725601,0.0007141154,0.0004296015,0.0000000000,-0.0601691566,0.3431428671,-0.0015291842,-0.0153745040,0.1061346084,-0.0065025114,-0.0137871150,0.1061093211,0.0014770194
15:24:54:49.990,61,0.0000000000,0.1522943527,0.0000000000,0.0000000000,0.0000000000,0.0000000000,0.0147676980,0.0000000000,0.1520939618,0.0265797339,0.0000000000,0.0000000000,0.0000000000,0.0147704072,0.0585336089,0.0000000000,0.0205261987,0.1171476990,0.0447111428,0.4393500090,0.1970110238,0.0000000000,0.0000000000,0.0399183296,0.0609384254,0.0000000000,0.0000000000,0.0098783514,0.0130763575,0.1739739478,0.1786547452,0.0000000000,0.0142904269,0.0000000000,0.0000000000,0.0000000000,0.0000000000,0.3127311766,0.2848914862,0.0696822628,0.0645921528,0.0000000000,0.0000000000,0.8633747697,0.7324641943,0.7325295806,0.0000000000,0.0184450932,0.0247073770,0.0009316447,0.0009476602,0.0000000000,-0.0603678599,0.3458005190,-0.0026090303,-0.0147158280,0.1030487567,-0.0062464424,-0.0131403506,0.1030232161,0.0014981671
15:24:54:50.993,61,0.0000000000,0.1489573270,0.0000000000,0.0000000000,0.0000000000,0.0000000000,0.0192787051,0.0000000000,0.1487645507,0.0273102820,0.0000000000,0.0000000000,0.0000000000,0.0192738026,0.0570345484,0.0000000000,0.0170409307,0.1255477220,0.0641352236,0.4510665536,0.2262450904,0.0000000000,0.0000000000,0.0089323120,0.0403521955,0.0000000000,0.0000000000,0.0089821760,0.0121498881,0.1755826920,0.1789342612,0.0000000000,0.0141309137,0.0000000000,0.0000000000,0.0000000000,0.0000000000,0.3093719780,0.2809462249,0.0612402111,0.0573810525,0.0000000000,0.0000000000,0.8630467653,0.7304100394,0.7304757833,0.0000000000,0.0179559682,0.0242743101,0.0010515022,0.0013864773,0.0000000000,-0.0610080287,0.3475866914,-0.0043663429,-0.0151375309,0.1010133997,-0.0061578620,-0.0135656269,0.1009840518,0.0014321464
15:24:54:51.994,61,0.0000000000,0.1453569829,0.0000000000,0.0000000000,0.0000000000,0.0000000000,0.0214294810,0.0000000000,0.1451545954,0.0300464034,0.0000000000,0.0000000000,0.0000000000,0.0214196723,0.0561237708,0.0000000000,0.0118670398,0.1800955832,0.1188707352,0.4801123738,0.3019086719,0.0000000000,0.0000000000,0.0000000000,0.0123504978,0.0000000000,0.0000000000,0.0083637815,0.0115606561,0.2076346278,0.1926076114,0.0000000000,0.0144108254,0.0000000000,0.0000000000,0.0000000000,0.0000000000,0.3085630834,0.2794193625,0.0513431616,0.0495349988,0.0000000000,0.0000000000,0.8624516129,0.7290136814,0.7290782928,0.0000000000,0.0166800618,0.0236412045,0.0012357082,0.0019420101,0.0000000000,-0.0621401221,0.3476112485,-0.0061010327,-0.0166860968,0.0988125950,-0.0061573270,-0.0150191048,0.0987829715,0.0012743252
15:24:54:52.996,61,0.0000000000,0.1412519217,0.0000000000,0.0000000000,0.0000000000,0.0000000000,0.0223714691,0.0000000000,0.1410432160,0.0325350910,0.0000000000,0.0000000000,0.0000000000,0.0223636553,0.0543502495,0.0000000000,0.0085383859,0.2597175837,0.2480202764,0.4889193773,0.4903911650,0.0000000000,0.0000000000,0.0000000000,0.0000000000,0.0598567948,0.0061216177,0.0076861931,0.0108926501,0.2203070521,0.2024596334,0.0000000000,0.0199787952,0.0000000000,0.0000000000,0.0000000000,0.0000000000,0.2749250829,0.2524827421,0.0292202048,0.0295990109,0.0000000000,0.0000000000,0.8606905341,0.7268825173,0.7269677520,0.0000000000,0.0159818809,0.0232697837,0.0049449261,0.0083432281,0.0000000000,-0.0632821172,0.3474254012,-0.0072392500,-0.0180977359,0.0963038281,-0.0061178626,-0.0163714215,0.0962739363,0.0011286389
15:24:54:53.997,61,0.0000000000,0.1302902550,0.0000000000,0.0000000000,0.0000000000,0.0000000000,0.0232318770,0.0000000000,0.1300661415,0.0395992808,0.0000000000,0.0000000000,0.0000000000,0.0232327469,0.0534600988,0.0000000000,0.0061217509,0.3690087795,0.3389868438,0.5061359406,0.5414605141,0.0000000000,0.0000000000,0.0000000000,0.0000000000,0.0854710937,0.0482900217,0.0071173692,0.0103329867,0.2336656153,0.2147693783,0.0000000000,0.0297681075,0.0000000000,0.0000000000,0.0000000000,0.0000000000,0.2751573920,0.2516309023,0.0214894507,0.0220688712,0.0000000000,0.0000000000,0.8596824408,0.7249463201,0.7250611782,0.0005062919,0.0154756233,0.0231526047,0.0063132159,0.0103746178,0.0000000000,-0.0644408315,0.3467866182,-0.0070943162,-0.0221033320,0.0896054432,-0.0059967455,-0.0203570556,0.0895749554,0.0007432805
15:24:54:54.999,61,0.0000000000,0.1195402518,0.0000000000,0.0000000000,0.0000000000,0.0000000000,0.0234276652,0.0000000000,0.1193107441,0.0458685011,0.0000000000,0.0000000000,0.0000000000,0.0234385058,0.0533337332,0.0000000000,0.0040716385,0.4218595028,0.3731375933,0.5124773383,0.4492068887,0.0000000000,0.0000000000,0.0000000000,0.0000000000,0.0973469466,0.0631293505,0.0070057916,0.0102786021,0.2441027611,0.2246097922,0.0000000000,0.0507546365,0.0000000000,0.0000000000,0.0000000000,0.0000000000,0.3340162039,0.3131588399,0.0167547949,0.0174385998,0.0000000000,0.0000000000,0.8592070341,0.7240236998,0.7241500616,0.0011904998,0.0153444307,0.0234987624,0.0068379571,0.0111669786,0.0000000000,-0.0661126897,0.3426007330,-0.0054174820,-0.0256624520,0.0830379874,-0.0057992088,-0.0239429753,0.0830069259,0.0004412046
15:24:54:56.000,61,0.0000000000,0.1105647236,0.0000000000,0.0000000000,0.0000000000,0.0000000000,0.0236653108,0.0000000000,0.1103395969,0.0501490533,0.0000000000,0.0000000000,0.0000000000,0.0236854255,0.0535563491,0.0000000000,0.0026304871,0.4448161125,0.3873957992,0.5227098465,0.4072528183,0.0000000000,0.0000000000,0.0000000000,0.0000000000,0.1031952947,0.0707205236,0.0069771954,0.0102832643,0.2489240617,0.2301333547,0.0000000000,0.0572929867,0.0000000000,0.0000000000,0.0000000000,0.0000000000,0.3485072851,0.3284499943,0.0141541734,0.0149265798,0.0000000000,0.0000000000,0.8588290215,0.7233746648,0.7235072255,0.0014577154,0.0152658615,0.0238556359,0.0069206809,0.0113151036,0.0000000000,-0.0673106611,0.3364161551,-0.0035642767,-0.0280978531,0.0775554180,-0.0055625373,-0.0263690222,0.0775238648,0.0002636987
15:24:54:57.002,61,0.0000000000,0.1054200232,0.0000000000,0.0032512110,0.0000000000,0.0000000000,0.0239675287,0.0000000000,0.1051939651,0.0537092350,0.0000000000,0.0000000000,0.0000000000,0.0239940844,0.0539365187,0.0000000000,0.0016223397,0.4570223987,0.3430172503,0.5319708586,0.3302495778,0.0000000000,0.0000000000,0.0000000000,0.0000000000,0.1064898446,0.0753060952,0.0070831706,0.0104020350,0.2567275763,0.2403489202,0.0000000000,0.0602352954,0.0000000000,0.0000000000,0.0000000000,0.0000000000,0.3549284041,0.3355960548,0.0127369706,0.0135401348,0.0000000000,0.0000000000,0.8582563996,0.7226452231,0.7227797508,0.0013627481,0.0151150646,0.0241176877,0.0066547981,0.0109946346,0.0000000000,-0.0675052181,0.3304008543,-0.0023119096,-0.0301160812,0.0744130984,-0.0054550036,-0.0283568818,0.0743812770,0.0001354896
15:24:54:58.004,61,0.0000000000,0.1022956446,0.0000000000,0.0041056029,0.0000000000,0.0000000000,0.0247185249,0.0000000000,0.1020749062,0.0546978265,0.0000000000,0.0000000000,0.0000000000,0.0247495100,0.0545319766,0.0000000000,0.0007131733,0.4638859928,0.2895412445,0.5437086821,0.2567594647,0.0000000000,0.0000000000,0.0000000000,0.0000000000,0.1153460592,0.0839288756,0.0071725696,0.0104603143,0.2775725126,0.2543269992,0.0000000000,0.0544831268,0.0000000000,0.0000000000,0.0000000000,0.0000000000,0.3583504856,0.3391162157,0.0122362748,0.0130125117,0.0000000000,0.0000000000,0.8540014625,0.7197300196,0.7198556066,0.0009379106,0.0145037044,0.0239052251,0.0056469142,0.0092750285,0.0000000000,-0.0677998886,0.3258637786,-0.0021886677,-0.0306815654,0.0725048110,-0.0053423257,-0.0288780220,0.0724727660,0.0001066795
15:24:54:59.006,61,0.0000000000,0.1001072600,0.0000000000,0.0049771140,0.0000000000,0.0000000000,0.0252359882,0.0000000000,0.0998891741,0.0556784756,0.0000000000,0.0000000000,0.0000000000,0.0252670404,0.0557792820,0.0000000000,0.0000000000,0.4668722451,0.2167018205,0.5472028852,0.1879063398,0.0000000000,0.0000000000,0.0000000000,0.0000000000,0.1178415939,0.0864841342,0.0073330342,0.0105762156,0.2875758111,0.2622164190,0.0000000000,0.0432941802,0.0000000000,0.0000000000,0.0000000000,0.0000000000,0.3601329327,0.3401700258,0.0131296115,0.0134174442,0.0000000000,0.0000000000,0.8442615867,0.7126495838,0.7127487659,0.0000000000,0.0104054203,0.0220662914,0.0019879797,0.0049684923,0.0000000000,-0.0675740689,0.3247857690,-0.0031118402,-0.0312397182,0.0711682215,-0.0052720406,-0.0294096097,0.0711360350,0.0000774899
15:24:55:00.007,61,0.0000000000,0.1013163105,0.0000000000,0.0023725841,0.0000000000,0.0000000000,0.0251579899,0.0000000000,0.1011065766,0.0528538711,0.0000000000,0.0000000000,0.0000000000,0.0251876395,0.0589117557,0.0000000000,0.0000000000,0.4493548572,0.1741464734,0.5174325705,0.1531453580,0.0000000000,0.0000000000,0.0000000000,0.0000000000,0.1025131792,0.0729610696,0.0077656233,0.0109685669,0.2914962471,0.2654660344,0.0000000000,0.0377307869,0.0000000000,0.0000000000,0.0000000000,0.0000000000,0.3695037365,0.3432866931,0.0170146879,0.0165453460,0.0000000000,0.0000000000,0.8340356350,0.7028007507,0.7028799057,0.0000000000,0.0075855958,0.0195575263,0.0000000000,0.0006697510,0.0000000000,-0.0676630437,0.3259832859,-0.0046962649,-0.0296470672,0.0719065145,-0.0052316254,-0.0278215017,0.0718743950,0.0001736553
15:24:55:01.008,61,0.0000000000,0.1044933870,0.0000000000,0.0005686632,0.0000000000,0.0000000000,0.0245891958,0.0000000000,0.1042823717,0.0509847477,0.0000000000,0.0000000000,0.0000000000,0.0246168692,0.0627827123,0.0000000000,0.0000000000,0.4158045352,0.1421702653,0.4760004878,0.1240288764,0.0000000000,0.0000000000,0.0000000000,0.0000000000,0.0667470023,0.0379728302,0.0085082445,0.0117227854,0.2826892734,0.2638094425,0.0000000000,0.0346112624,0.0000000000,0.0000000000,0.0000000000,0.0000000000,0.3887163699,0.3623361588,0.0221471768,0.0211042222,0.0000000000,0.0000000000,0.8271901011,0.6962720156,0.6963442564,0.0000000000,0.0057474524,0.0172568578,0.0000000000,0.0000000000,0.0000000000,-0.0674435496,0.3273365498,-0.0057396293,-0.0285862684,0.0738470629,-0.0053135273,-0.0267216172,0.0738150924,0.0002411395
15:24:55:02.010,61,0.0000000000,0.1068948209,0.0000000000,0.0000000000,0.0000000000,0.0000000000,0.0165014807,0.0000000000,0.1066862047,0.0489173867,0.0000000000,0.0000000000,0.0000000000,0.0164921153,0.0651153699,0.0000000000,0.0000000000,0.3387181163,0.0960495248,0.4445607960,0.0883881375,0.0000000000,0.0000000000,0.0000000000,0.0000000000,0.0054089804,0.0000000000,0.0094339363,0.0127869630,0.2499361783,0.2339623868,0.0000000000,0.0325444341,0.0000000000,0.0000000000,0.0000000000,0.0000000000,0.4181788266,0.3918863833,0.0303959753,0.0288939141,0.0000000000,0.0000000000,0.8200095892,0.6901177764,0.6901814938,0.0000000000,0.0048564039,0.0162745770,0.0000000000,0.0000000000,0.0000000000,-0.0673404336,0.3281573951,-0.0062786592,-0.0274162740,0.0753139704,-0.0053486987,-0.0254898779,0.0752820596,0.0003211739
15:24:55:03.012,61,0.0000000000,0.1101683676,0.0000000000,0.0000000000,0.0000000000,0.0000000000,0.0060723876,0.0000000000,0.1099606603,0.0467374697,0.0000000000,0.0000000000,0.0000000000,0.0060305847,0.0659168363,0.0000000000,0.0000000000,0.2665126920,0.0782297403,0.4332259297,0.0758195892,0.0000000000,0.0000000000,0.0000000000,0.0145897344,0.0000000000,0.0000000000,0.0100197950,0.0134077901,0.2119061500,0.1999976784,0.0000000000,0.0307067949,0.0000000000,0.0000000000,0.0000000000,0.0000000000,0.4269623458,0.4005514383,0.0392322540,0.0372951292,0.0000000000,0.0000000000,0.8147397637,0.6857749224,0.6858302355,0.0000000000,0.0047408007,0.0160993040,0.0000000000,0.0000000000,0.0000000000,-0.0675530285,0.3267715573,-0.0060367193,-0.0261804014,0.0773136392,-0.0054152859,-0.0242157374,0.0772819072,0.0004088285
15:24:55:04.013,61,0.0000000000,0.1172893792,0.0000000000,0.0000000000,0.0000000000,0.0000000000,0.0000000000,0.0000000000,0.1170779467,0.0435648151,0.0000000000,0.0000000000,0.0000000000,0.0000000000,0.0654868111,0.0000000000,0.0002869181,0.2162035704,0.0587002933,0.4275184274,0.0684843212,0.0000000000,0.0000000000,0.0486379005,0.0676954538,0.0000000000,0.0000000000,0.0103843482,0.0138105312,0.1939698011,0.1807647496,0.0000000000,0.0279308092,0.0000000000,0.0000000000,0.0000000000,0.0000000000,0.4276519418,0.4009456933,0.0529050641,0.0491290241,0.0000000000,0.0000000000,0.8088506460,0.6799853444,0.6800423861,0.0000000000,0.0067401272,0.0184249002,0.0000000000,0.0000000000,0.0000000000,-0.0677626133,0.3241411746,-0.0055871680,-0.0243744925,0.0816637054,-0.0056063766,-0.0223332103,0.0816323012,0.0005533786
15:24:55:05.015,61,0.0000000000,0.1252670437,0.0000000000,0.0000000000,0.0000000000,0.0000000000,0.0000000000,0.0000000000,0.1250444353,0.0417507999,0.0000000000,0.0000000000,0.0000000000,0.0000000000,0.0612169430,0.0000000000,0.0007454325,0.1804601997,0.0488864407,0.4229685664,0.0626833811,0.0000000000,0.0000000000,0.0760434344,0.0934888199,0.0000000000,0.0000000000,0.0106385937,0.0140910884,0.1850499511,0.1718262881,0.0000000000,0.0249922667,0.0000000000,0.0000000000,0.0000000000,0.0000000000,0.3940041065,0.3721997440,0.0592551678,0.0547862612,0.0000000000,0.0000000000,0.8032578826,0.6750684381,0.6751268506,0.0000000000,0.0114212576,0.0237531401,0.0000000000,0.0000000000,0.0000000000,-0.0685939491,0.3220418394,-0.0052241869,-0.0233291611,0.0865370110,-0.0058767912,-0.0212463848,0.0865060166,0.0006565135
15:24:55:06.016,61,0.0000000000,0.1282508224,0.0000000000,0.0000000000,0.0000000000,0.0000000000,0.0000000000,0.0000000000,0.1280211210,0.0416368358,0.0000000000,0.0000000000,0.0000000000,0.0000000000,0.0566538908,0.0000000000,0.0012465529,0.1580181718,0.0436761379,0.3717875183,0.0537181310,0.0000000000,0.0000000000,0.0974669680,0.1140719801,0.0000000000,0.0000000000,0.0109017557,0.0143514425,0.1801932305,0.1669652313,0.0000000000,0.0233375337,0.0000000000,0.0000000000,0.0000000000,0.0000000000,0.3781548440,0.3576214612,0.0620942302,0.0573701821,0.0000000000,0.0000000000,0.7992541790,0.6710084081,0.6710640788,0.0000000000,0.0143620847,0.0263969079,0.0000000000,0.0000000000,0.0000000000,-0.0695470572,0.3214488626,-0.0049287733,-0.0232551619,0.0883595273,-0.0060001947,-0.0212396383,0.0883287266,0.0006664473
15:24:55:07.018,61,0.0000000000,0.1311417818,0.0000000000,0.0000000000,0.0000000000,0.0000000000,0.0000000000,0.0000000000,0.1309046149,0.0416289568,0.0000000000,0.0000000000,0.0000000000,0.0000000000,0.0527815819,0.0000000000,0.0016604702,0.1430094838,0.0407748930,0.3398624361,0.0476075113,0.0000000000,0.0000000000,0.1075014174,0.1261225939,0.0000000000,0.0000000000,0.0111578619,0.0145918876,0.1773636937,0.1640567631,0.0000000000,0.0221856572,0.0000000000,0.0000000000,0.0000000000,0.0000000000,0.3574471176,0.3398714066,0.0633522868,0.0585889705,0.0000000000,0.0000000000,0.7867235541,0.6634085178,0.6634517312,0.0000000000,0.0159153342,0.0278890822,0.0000000000,0.0000000000,0.0000000000,-0.0705827400,0.3225640655,-0.0048764329,-0.0232408941,0.0901252776,-0.0061241337,-0.0213131141,0.0900947005,0.0006696745
15:24:55:08.020,61,0.0000000000,0.1334767491,0.0000000000,0.0000000000,0.0000000000,0.0000000000,0.0000000000,0.0000000000,0.1332250684,0.0431175195,0.0000000000,0.0000000000,0.0000000000,0.0000000000,0.0496861376,0.0000000000,0.0019688474,0.1306432784,0.0389384404,0.3172943592,0.0447505973,0.0000000000,0.0000000000,0.1121489257,0.1327623725,0.0000000000,0.0000000000,0.0113447169,0.0147672752,0.1749682873,0.1610814333,0.0000000000,0.0212409031,0.0000000000,0.0000000000,0.0000000000,0.0000000000,0.3429710865,0.3261268735,0.0639271289,0.0592359044,0.0000000000,0.0000000000,0.7662093043,0.6483603716,0.6483873725,0.0000000000,0.0167892128,0.0287293922,0.0000000000,0.0000000000,0.0000000000,-0.0719041973,0.3264179826,-0.0050213430,-0.0240690634,0.0915511250,-0.0062926919,-0.0222284682,0.0915207341,0.0006021397
15:24:55:09.022,61,0.0000000000,0.1359874606,0.0000000000,0.0000000000,0.0000000000,0.0000000000,0.0000000000,0.0000000000,0.1357299685,0.0429736674,0.0000000000,0.0000000000,0.0000000000,0.0000000000,0.0480871610,0.0000000000,0.0022327455,0.1239947304,0.0374305844,0.3005687594,0.0421570204,0.0000000000,0.0000000000,0.1154300570,0.1368494928,0.0000000000,0.0000000000,0.0115721142,0.0149753904,0.1731437147,0.1586587578,0.0000000000,0.0204429235,0.0000000000,0.0000000000,0.0000000000,0.0000000000,0.3366121650,0.3197225928,0.0643478483,0.0597370379,0.0000000000,0.0000000000,0.7446686029,0.6307810545,0.6308072805,0.0000000000,0.0173679329,0.0292865485,0.0000000000,0.0000602965,0.0000000000,-0.0735562369,0.3311017752,-0.0054815458,-0.0239792615,0.0930846557,-0.0063951677,-0.0221943110,0.0930544659,0.0006113867
15:24:55:10.023,61,0.0000000000,0.1372988671,0.0000000000,0.0000000000,0.0000000000,0.0000000000,0.0000000000,0.0000000000,0.1370415539,0.0423556939,0.0000000000,0.0000000000,0.0000000000,0.0000000000,0.0471704565,0.0000000000,0.0025069006,0.1209343448,0.0363172181,0.2896708846,0.0396629646,0.0000000000,0.0000000000,0.1193226576,0.1408047825,0.0000000000,0.0000000000,0.0119066369,0.0152941011,0.1720702648,0.1573746353,0.0000000000,0.0198047645,0.0000000000,0.0000000000,0.0000000000,0.0000000000,0.3334131539,0.3165633082,0.0646482930,0.0601348132,0.0000000000,0.0000000000,0.7343057990,0.6193555593,0.6193791032,0.0000000000,0.0178228859,0.0297210384,0.0000000000,0.0008926530,0.0000000000,-0.0743544996,0.3352071643,-0.0059076054,-0.0236273855,0.0938858017,-0.0064230165,-0.0218774267,0.0938556641,0.0006413995
15:24:55:11.024,61,0.0000000000,0.1376070827,0.0000000000,0.0000000000,0.0000000000,0.0000000000,0.0000000000,0.0000000000,0.1373483837,0.0424405411,0.0000000000,0.0000000000,0.0000000000,0.0000000000,0.0467040129,0.0000000000,0.0027016604,0.1204077750,0.0357508771,0.2842598855,0.0383524597,0.0000000000,0.0000000000,0.1206142083,0.1429974884,0.0000000000,0.0000000000,0.0123299873,0.0157058500,0.1713769883,0.1565242559,0.0000000000,0.0194252506,0.0000000000,0.0000000000,0.0000000000,0.0000000000,0.3321122825,0.3152809143,0.0644719452,0.0601336695,0.0000000000,0.0000000000,0.7294263840,0.6144408584,0.6144629121,0.0000000000,0.0181109402,0.0300141759,0.0000000000,0.0014530508,0.0000000000,-0.0747714788,0.3395199180,-0.0060751084,-0.0236739293,0.0940739885,-0.0064403419,-0.0219737403,0.0940439254,0.0006341370
15:24:55:12.026,61,0.0000000000,0.1377219409,0.0000000000,0.0000000000,0.0000000000,0.0000000000,0.0000000000,0.0000000000,0.1374660730,0.0419029966,0.0000000000,0.0000000000,0.0000000000,0.0000000000,0.0466261804,0.0000000000,0.0030519015,0.1381820291,0.0350575224,0.3113778532,0.0374180712,0.0000000000,0.0000000000,0.1206963658,0.1441191733,0.0000000000,0.0000000000,0.0127500128,0.0161330607,0.1711711735,0.1562954038,0.0000000000,0.0189992469,0.0000000000,0.0000000000,0.0000000000,0.0000000000,0.3484695256,0.3319355547,0.0648340583,0.0606633499,0.0000000000,0.0000000000,0.7272323370,0.6118831038,0.6119043231,0.0000000000,0.0184026118,0.0303920917,0.0000000000,0.0019490299,0.0000000000,-0.0748006403,0.3422273993,-0.0059260819,-0.0233715847,0.0941442400,-0.0064199045,-0.0216928627,0.0941141918,0.0006581346
15:24:55:13.027,61,0.0000000000,0.1382246017,0.0000000000,0.0000000000,0.0000000000,0.0000000000,0.0000000000,0.0000000000,0.1379718184,0.0411489271,0.0000000000,0.0000000000,0.0000000000,0.0000000000,0.0473067239,0.0000000000,0.0033883227,0.1637635231,0.0343175642,0.3278545737,0.0366246179,0.0000000000,0.0000000000,0.1200603321,0.1446631700,0.0000000000,0.0000000000,0.0132179968,0.0166395437,0.1715403199,0.1565858871,0.0000000000,0.0186068118,0.0000000000,0.0000000000,0.0000000000,0.0000000000,0.4005727470,0.3806436360,0.0674874485,0.0642137676,0.0000000000,0.0000000000,0.7282416821,0.6111949682,0.6112179756,0.0000000000,0.0186750442,0.0308023673,0.0000000000,0.0023922708,0.0000000000,-0.0738829747,0.3435032964,-0.0059854826,-0.0229462162,0.0944514275,-0.0064057843,-0.0212754868,0.0944214091,0.0006949091
15:24:55:14.029,61,0.0000000000,0.1387409568,0.0000000000,0.0000000000,0.0000000000,0.0000000000,0.0000000000,0.0000000000,0.1384907514,0.0404831469,0.0000000000,0.0000000000,0.0000000000,0.0000000000,0.0527509898,0.0000000000,0.0037027919,0.2018934637,0.0337094329,0.3336384594,0.0358870924,0.0000000000,0.0000000000,0.1174969003,0.1447252631,0.0000000000,0.0000000000,0.0138042085,0.0172842126,0.1775409877,0.1616957188,0.0000000000,0.0182307269,0.0000000000,0.0000000000,0.0000000000,0.0000000000,0.4222452939,0.4002215266,0.0716474205,0.0690096840,0.0000000000,0.0000000000,0.7314035892,0.6141743064,0.6141994596,0.0000000000,0.0188581962,0.0311472807,0.0000000000,0.0028272760,0.0000000000,-0.0730585232,0.3436627984,-0.0060639698,-0.0225703865,0.0947669744,-0.0063961889,-0.0209192745,0.0947370008,0.0007267921
15:24:55:15.030,61,0.0000000000,0.1384581625,0.0000000000,0.0000000000,0.0000000000,0.0000000000,0.0000000000,0.0000000000,0.1382154077,0.0393277742,0.0000000000,0.0000000000,0.0000000000,0.0000000000,0.0579207391,0.0000000000,0.0040440047,0.2215560228,0.0333206505,0.3355710506,0.0352368914,0.0000000000,0.0000000000,0.1110734791,0.1440673918,0.0000000000,0.0000000000,0.0144656599,0.0180122871,0.1819128245,0.1660802513,0.0000000000,0.0179184582,0.0000000000,0.0000000000,0.0000000000,0.0000000000,0.4353085458,0.4129912257,0.0736156255,0.0714563355,0.0000000000,0.0000000000,0.7335048318,0.6179888844,0.6180174947,0.0000000000,0.0189321041,0.0313746631,0.0000000000,0.0031418023,0.0000000000,-0.0722832307,0.3420391679,-0.0065550497,-0.0219224840,0.0945945308,-0.0063292491,-0.0202860069,0.0945645720,0.0007795342
15:24:55:16.032,61,0.0000000000,0.1382461935,0.0000000000,0.0000000000,0.0000000000,0.0000000000,0.0000000000,0.0000000000,0.1380094141,0.0383950025,0.0000000000,0.0000000000,0.0000000000,0.0000000000,0.0668788552,0.0000000000,0.0043443218,0.2477785200,0.0328994505,0.3057212532,0.0328682959,0.0000000000,0.0000000000,0.1004035547,0.1410764605,0.0000000000,0.0000000000,0.0151575403,0.0187919922,0.1946816444,0.1767344475,0.0000000000,0.0175873060,0.0000000000,0.0000000000,0.0000000000,0.0000000000,0.4615286291,0.4402021766,0.0746845976,0.0727679506,0.0000000000,0.0000000000,0.7357093096,0.6250802279,0.6251108050,0.0000000000,0.0181102604,0.0308691449,0.0000000000,0.0030260088,0.0000000000,-0.0712769479,0.3394215405,-0.0078554833,-0.0213993266,0.0944653377,-0.0062760543,-0.0197580270,0.0944353640,0.0008234361
15:24:55:17.034,61,0.0000000000,0.1377830803,0.0000000000,0.0000000000,0.0000000000,0.0000000000,0.0000000000,0.0000000000,0.1375514716,0.0377036780,0.0000000000,0.0000000000,0.0000000000,0.0000000000,0.0744291767,0.0000000000,0.0046434919,0.2716235220,0.0326134823,0.2953166068,0.0305671897,0.0000000000,0.0000000000,0.0926043019,0.1382643431,0.0000000000,0.0000000000,0.0158972405,0.0198040772,0.2030908316,0.1840549707,0.0000000000,0.0173175521,0.0000000000,0.0000000000,0.0000000000,0.0000000000,0.4837248027,0.4652020037,0.0750174895,0.0733103156,0.0000000000,0.0000000000,0.7375122309,0.6307439804,0.6307750344,0.0000000000,0.0148889013,0.0277156699,0.0000000000,0.0025559049,0.0000000000,-0.0704720244,0.3367570043,-0.0088731628,-0.0210126489,0.0941827223,-0.0062239785,-0.0193599481,0.0941526890,0.0008551367
15:24:55:18.036,61,0.0000000000,0.1357976198,0.0000000000,0.0000000000,0.0000000000,0.0000000000,0.0000000000,0.0000000000,0.1355780661,0.0364331901,0.0000000000,0.0000000000,0.0000000000,0.0000000000,0.0815523118,0.0000000000,0.0050304551,0.2896357179,0.0323925726,0.2818778455,0.0276534241,0.0000000000,0.0000000000,0.0665180311,0.1154794469,0.0000000000,0.0000000000,0.0165171158,0.0205203686,0.2166704535,0.1966441274,0.0000000000,0.0170042701,0.0000000000,0.0000000000,0.0000000000,0.0000000000,0.4961575568,0.4773391783,0.0749258250,0.0733864233,0.0000000000,0.0000000000,0.7381926775,0.6341139674,0.6341456175,0.0000000000,0.0084412964,0.0200869162,0.0000000000,0.0016455963,0.0000000000,-0.0698150098,0.3333360255,-0.0098143984,-0.0203058869,0.0929703861,-0.0060821031,-0.0186238512,0.0929402560,0.0009077745
15:24:55:19.037,61,0.0000000000,0.1310397983,0.0000000000,0.0000000000,0.0000000000,0.0000000000,0.0000000000,0.0000000000,0.1308313012,0.0364386253,0.0000000000,0.0000000000,0.0000000000,0.0000000000,0.0910194665,0.0000000000,0.0053454218,0.3057596385,0.0319101326,0.2740580440,0.0234916043,0.0000000000,0.0000000000,0.0468232110,0.0968833193,0.0000000000,0.0000000000,0.0168859065,0.0209274963,0.2366271168,0.2102063000,0.0000000000,0.0165174678,0.0000000000,0.0000000000,0.0000000000,0.0000000000,0.5293239951,0.5046266913,0.0750031993,0.0735266656,0.0000000000,0.0000000000,0.7368144989,0.6357375979,0.6357697845,0.0000000000,0.0023064981,0.0133867497,0.0000000000,0.0007553676,0.0000000000,-0.0682557374,0.3305979073,-0.0101035032,-0.0203249231,0.0900641978,-0.0058862916,-0.0186160319,0.0900337994,0.0008857234
15:24:55:20.038,61,0.0000000000,0.1247345731,0.0000000000,0.0000000000,0.0000000000,0.0000000000,0.0000000000,0.0000000000,0.1245356128,0.0374104232,0.0000000000,0.0000000000,0.0000000000,0.0000000000,0.0953246281,0.0000000000,0.0053702863,0.3121634126,0.0315552838,0.2705959380,0.0211977474,0.0000000000,0.0000000000,0.0306289345,0.0837169364,0.0000000000,0.0000000000,0.0171506647,0.0212174375,0.2477565110,0.2184988260,0.0000000000,0.0160318892,0.0000000000,0.0000000000,0.0000000000,0.0000000000,0.5389879942,0.5128611326,0.0749419257,0.0734914094,0.0000000000,0.0000000000,0.7331895828,0.6363843083,0.6364169121,0.0000000000,0.0000000000,0.0100429337,0.0000000000,0.0000000000,0.0000000000,-0.0671858191,0.3269391954,-0.0089037269,-0.0208914280,0.0862124786,-0.0056679989,-0.0191765856,0.0861817077,0.0008128580
15:24:55:21.040,61,0.0000000000,0.1193238571,0.0000000000,0.0000000000,0.0000000000,0.0000000000,0.0000000000,0.0000000000,0.1191361025,0.0377236642,0.0000000000,0.0000000000,0.0000000000,0.0000000000,0.0976712480,0.0000000000,0.0050777951,0.3151994944,0.0313556604,0.2691615522,0.0198797267,0.0000000000,0.0000000000,0.0206900556,0.0768922493,0.0000000000,0.0000000000,0.0173417535,0.0214464758,0.2528587580,0.2222127467,0.0000000000,0.0156412367,0.0000000000,0.0000000000,0.0000000000,0.0000000000,0.5408114791,0.5145081282,0.0747126862,0.0732823834,0.0000000000,0.0000000000,0.7277317047,0.6363860369,0.6364193559,0.0000000000,0.0000000000,0.0080488184,0.0000000000,0.0000000000,0.0000000000,-0.0669460222,0.3241019249,-0.0081710741,-0.0210843086,0.0829073787,-0.0054559382,-0.0193652697,0.0828763023,0.0007751543
15:24:55:22.042,61,0.0000000000,0.1150954142,0.0000000000,0.0000000000,0.0000000000,0.0000000000,0.0000000000,0.0000000000,0.1149188131,0.0375030041,0.0000000000,0.0000000000,0.0000000000,0.0000000000,0.0989692062,0.0000000000,0.0045406767,0.3150847852,0.0312469974,0.2686578929,0.0189435016,0.0000000000,0.0000000000,0.0156073030,0.0733932704,0.0000000000,0.0000000000,0.0174939018,0.0216475148,0.2566662431,0.2244729251,0.0000000000,0.0153297000,0.0000000000,0.0000000000,0.0000000000,0.0000000000,0.5367869735,0.5094867945,0.0743429363,0.0729294419,0.0000000000,0.0000000000,0.7215894461,0.6360089183,0.6360430717,0.0000000000,0.0000000000,0.0067505133,0.0000000000,0.0000000000,0.0000000000,-0.0668435991,0.3230389357,-0.0080909077,-0.0209728330,0.0803245828,-0.0052709719,-0.0192341954,0.0802933127,0.0007661860
15:24:55:23.043,61,0.0000000000,0.1116592884,0.0000000000,0.0000000000,0.0000000000,0.0000000000,0.0000000000,0.0000000000,0.1114935353,0.0369250141,0.0000000000,0.0000000000,0.0000000000,0.0000000000,0.0995178893,0.0000000000,0.0039021610,0.3009218872,0.0311081428,0.2687032223,0.0182020552,0.0000000000,0.0000000000,0.0126271257,0.0713348165,0.0000000000,0.0000000000,0.0176042560,0.0218001548,0.2585225999,0.2255686969,0.0000000000,0.0151018929,0.0000000000,0.0000000000,0.0000000000,0.0000000000,0.5286664963,0.4994167686,0.0739131868,0.0724995434,0.0000000000,0.0000000000,0.7163383365,0.6353868842,0.6354222298,0.0000000000,0.0000000000,0.0058365311,0.0000000000,0.0000000000,0.0000000000,-0.0673060194,0.3229504228,-0.0083462130,-0.0206577107,0.0782258436,-0.0051058270,-0.0189391002,0.0781943724,0.0007712855
15:24:55:24.045,61,0.0000000000,0.1096927226,0.0000000000,0.0000000000,0.0000000000,0.0000000000,0.0000000000,0.0000000000,0.1095362380,0.0359159373,0.0000000000,0.0000000000,0.0000000000,0.0000000000,0.0996028781,0.0000000000,0.0032671136,0.2839594781,0.0309546515,0.2707633674,0.0176525004,0.0000000000,0.0000000000,0.0106789991,0.0696898401,0.0000000000,0.0000000000,0.0176606439,0.0218819454,0.2593173087,0.2258814126,0.0000000000,0.0149328839,0.0000000000,0.0000000000,0.0000000000,0.0000000000,0.5204976797,0.4898739159,0.0734854639,0.0720370859,0.0000000000,0.0000000000,0.7136057615,0.6342148185,0.6342555881,0.0000000000,0.0000000000,0.0051680072,0.0000000000,0.0000000000,0.0000000000,-0.0674205050,0.3244860470,-0.0093245860,-0.0200956985,0.0770248845,-0.0049863639,-0.0183902588,0.0769933388,0.0007991455
15:24:55:25.046,61,0.0000000000,0.1093692258,0.0000000000,0.0000000000,0.0000000000,0.0000000000,0.0000000000,0.0000000000,0.1092205122,0.0344043523,0.0000000000,0.0000000000,0.0000000000,0.0000000000,0.0971799642,0.0000000000,0.0028317343,0.2605966032,0.0307229310,0.2722033858,0.0171822309,0.0000000000,0.0000000000,0.0097574750,0.0685759783,0.0000000000,0.0000000000,0.0177138988,0.0219322424,0.2543731034,0.2225837857,0.0000000000,0.0148040839,0.0000000000,0.0000000000,0.0000000000,0.0000000000,0.4983718395,0.4680822790,0.0730495751,0.0715302601,0.0000000000,0.0000000000,0.7118380666,0.6318060160,0.6318571568,0.0000000000,0.0000000000,0.0046962057,0.0000000000,0.0000000000,0.0000000000,-0.0666442811,0.3268633485,-0.0102073085,-0.0192464516,0.0768277571,-0.0049163057,-0.0175354406,0.0767961815,0.0008547598
15:24:55:26.048,61,0.0000000000,0.1110090166,0.0000000000,0.0000000000,0.0000000000,0.0000000000,0.0000000000,0.0000000000,0.1108594388,0.0338098295,0.0000000000,0.0000000000,0.0000000000,0.0000000000,0.0917835757,0.0000000000,0.0024048439,0.2520395517,0.0304235239,0.2726040184,0.0166489109,0.0000000000,0.0000000000,0.0158640482,0.0684058592,0.0000000000,0.0000000000,0.0179380551,0.0221482310,0.2489395589,0.2191831917,0.0000000000,0.0147075178,0.0000000000,0.0000000000,0.0000000000,0.0000000000,0.4803569317,0.4487153888,0.0726012588,0.0709614754,0.0000000000,0.0000000000,0.7108449936,0.6293301582,0.6293947697,0.0000000000,0.0000000000,0.0045256475,0.0000000000,0.0000000000,0.0000000000,-0.0654432252,0.3284185231,-0.0104973130,-0.0189076215,0.0778296217,-0.0049601472,-0.0171850007,0.0777981281,0.0008874572
15:24:55:27.050,61,0.0000000000,0.1121113971,0.0000000000,0.0000000000,0.0000000000,0.0000000000,0.0000000000,0.0000000000,0.1119671836,0.0321810581,0.0000000000,0.0000000000,0.0000000000,0.0000000000,0.0810436606,0.0000000000,0.0020984425,0.2447290719,0.0306456052,0.2731675208,0.0165018011,0.0000000000,0.0000000000,0.0247149784,0.0689260662,0.0000000000,0.0000000000,0.0182635412,0.0224660244,0.2302857786,0.2087158412,0.0000000000,0.0147894295,0.0000000000,0.0000000000,0.0000000000,0.0000000000,0.4189474881,0.3903815746,0.0710716471,0.0689870417,0.0000000000,0.0000000000,0.7103797793,0.6271772981,0.6272542477,0.0000000000,0.0000000000,0.0048206300,0.0000000000,0.0000000000,0.0000000000,-0.0644251034,0.3288875520,-0.0105158053,-0.0179886445,0.0785036311,-0.0049419273,-0.0162362494,0.0784721971,0.0009587579
15:24:55:28.051,61,0.0000000000,0.1136109158,0.0000000000,0.0000000000,0.0000000000,0.0000000000,0.0000000000,0.0000000000,0.1134710461,0.0306320637,0.0000000000,0.0000000000,0.0000000000,0.0000000000,0.0701667890,0.0000000000,0.0017926183,0.2358123660,0.0320120417,0.2893687189,0.0168707389,0.0000000000,0.0000000000,0.0277951397,0.0692301095,0.0000000000,0.0000000000,0.0185070001,0.0226903856,0.2148903161,0.1955412477,0.0000000000,0.0149217993,0.0000000000,0.0000000000,0.0000000000,0.0000000000,0.3892571628,0.3612740338,0.0684301555,0.0657839328,0.0000000000,0.0000000000,0.7102068067,0.6258305907,0.6259150505,0.0000000000,0.0000000000,0.0058419462,0.0000000000,0.0000000000,0.0000000000,-0.0633747876,0.3292324543,-0.0106334593,-0.0171134993,0.0794203132,-0.0049411696,-0.0153218368,0.0793889388,0.0010316600
15:24:55:29.052,61,0.0000000000,0.1148709059,0.0000000000,0.0000000000,0.0000000000,0.0000000000,0.0000000000,0.0000000000,0.1147344559,0.0294188783,0.0000000000,0.0000000000,0.0000000000,0.0000000000,0.0638553724,0.0000000000,0.0016703251,0.2297942638,0.0333698355,0.3108798862,0.0184478816,0.0000000000,0.0000000000,0.0293820519,0.0692655295,0.0000000000,0.0000000000,0.0186575502,0.0228045210,0.2061711848,0.1888342053,0.0000000000,0.0150166089,0.0000000000,0.0000000000,0.0000000000,0.0000000000,0.3748651445,0.3476587236,0.0671295002,0.0641852692,0.0000000000,0.0000000000,0.7100490332,0.6245753169,0.6246624589,0.0000000000,0.0000000000,0.0075878473,0.0000000000,0.0000000000,0.0000000000,-0.0628820360,0.3288596272,-0.0108282417,-0.0164278895,0.0801906064,-0.0049427864,-0.0145905446,0.0801592320,0.0010916156
15:24:55:30.054,61,0.0000000000,0.1172733232,0.0000000000,0.0000000000,0.0000000000,0.0000000000,0.0000000000,0.0000000000,0.1171419173,0.0274609197,0.0000000000,0.0000000000,0.0000000000,0.0000000000,0.0607910231,0.0000000000,0.0015455503,0.2271037251,0.0365887247,0.3179281950,0.0207299199,0.0000000000,0.0000000000,0.0304849762,0.0695366636,0.0000000000,0.0000000000,0.0188681409,0.0229794849,0.2021367997,0.1855844110,0.0000000000,0.0151934475,0.0000000000,0.0000000000,0.0000000000,0.0000000000,0.3675056994,0.3406194448,0.0654192567,0.0624455139,0.0000000000,0.0000000000,0.7096220851,0.6228622794,0.6229496002,0.0000000000,0.0000000000,0.0094983224,0.0000000000,0.0000000000,0.0000000000,-0.0628820360,0.3288596272,-0.0108282417,-0.0153204352,0.0816592053,-0.0049572568,-0.0134190693,0.0816279501,0.0011930772
15:24:55:31.056,61,0.0000000000,0.1191330627,0.0000000000,0.0000000000,0.0000000000,0.0000000000,0.0000000000,0.0000000000,0.1190061420,0.0258759204,0.0000000000,0.0000000000,0.0000000000,0.0000000000,0.0589286499,0.0000000000,0.0013894999,0.2255452126,0.0399696380,0.3215848505,0.0233556163,0.0000000000,0.0000000000,0.0311346613,0.0697762519,0.0000000000,0.0000000000,0.0190881621,0.0231650472,0.1999007165,0.1837056726,0.0000000000,0.0154271917,0.0000000000,0.0000000000,0.0000000000,0.0000000000,0.3634865284,0.3367862701,0.0631699190,0.0604068115,0.0000000000,0.0000000000,0.7092384100,0.6218094230,0.6218963265,0.0000000000,0.0000000000,0.0105729271,0.0000000000,0.0000000000,0.0000000000,-0.0627952367,0.3288525045,-0.0128408875,-0.0144242533,0.0827961788,-0.0049634017,-0.0124903684,0.0827649981,0.0012755907
15:24:55:32.058,61,0.0000000000,0.1208281964,0.0000000000,0.0000000000,0.0000000000,0.0000000000,0.0000000000,0.0000000000,0.1207071766,0.0241332036,0.0000000000,0.0000000000,0.0000000000,0.0000000000,0.0577044711,0.0000000000,0.0012655765,0.2246216089,0.0449219868,0.3237709999,0.0273182970,0.0000000000,0.0000000000,0.0316730924,0.0701009110,0.0000000000,0.0000000000,0.0193194468,0.0233581588,0.1987031996,0.1826999038,0.0000000000,0.0157275908,0.0000000000,0.0000000000,0.0000000000,0.0000000000,0.3601511419,0.3341698945,0.0604350381,0.0580812208,0.0000000000,0.0000000000,0.7090368271,0.6209015846,0.6209880114,0.0000000000,0.0006729847,0.0115511902,0.0000000000,0.0000000000,0.0000000000,-0.0627502352,0.3297280371,-0.0142647801,-0.0134399273,0.0838328078,-0.0049548759,-0.0114638377,0.0838016719,0.0013659684
15:24:55:33.059,61,0.0000000000,0.1225676462,0.0000000000,0.0000000000,0.0000000000,0.0000000000,0.0000000000,0.0000000000,0.1224524155,0.0224496238,0.0000000000,0.0000000000,0.0000000000,0.0000000000,0.0567306355,0.0000000000,0.0011858316,0.2238745391,0.0495946966,0.3248453140,0.0318037830,0.0000000000,0.0000000000,0.0320102237,0.0703965947,0.0000000000,0.0000000000,0.0195075031,0.0235137176,0.1977093816,0.1818711013,0.0000000000,0.0160706695,0.0000000000,0.0000000000,0.0000000000,0.0000000000,0.3542693853,0.3304465115,0.0575645380,0.0557764210,0.0000000000,0.0000000000,0.7085748911,0.6196854711,0.6197735071,0.0000000000,0.0015296418,0.0124003552,0.0000000000,0.0000000000,0.0000000000,-0.0625212267,0.3313985467,-0.0156940930,-0.0124888010,0.0848965943,-0.0049484242,-0.0104615875,0.0848655403,0.0014571007
15:24:55:34.061,61,0.0000000000,0.1239630058,0.0000000000,0.0000000000,0.0000000000,0.0000000000,0.0000000000,0.0000000000,0.1238527223,0.0210821833,0.0000000000,0.0000000000,0.0000000000,0.0000000000,0.0559209697,0.0000000000,0.0011040008,0.2232946306,0.0557876527,0.3253329694,0.0361604989,0.0000000000,0.0000000000,0.0321945213,0.0705756769,0.0000000000,0.0000000000,0.0196647439,0.0236407425,0.1969176531,0.1812061667,0.0000000000,0.0164913032,0.0000000000,0.0000000000,0.0000000000,0.0000000000,0.3486387432,0.3261266649,0.0545235984,0.0531749278,0.0000000000,0.0000000000,0.7085840702,0.6191325188,0.6192213893,0.0000000000,0.0024325273,0.0132566011,0.0000000000,0.0000000000,0.0000000000,-0.0620551109,0.3331384957,-0.0165685005,-0.0117163770,0.0857500359,-0.0049410742,-0.0096594859,0.0857190192,0.0015316148
15:24:55:35.062,61,0.0000000000,0.1249485463,0.0000000000,0.0000000000,0.0000000000,0.0000000000,0.0000000000,0.0000000000,0.1248404086,0.0203760136,0.0000000000,0.0000000000,0.0000000000,0.0000000000,0.0551972948,0.0000000000,0.0010416077,0.2228548676,0.0600296706,0.3258045614,0.0397786610,0.0000000000,0.0000000000,0.0322090685,0.0705881268,0.0000000000,0.0000000000,0.0197631121,0.0237095002,0.1962070912,0.1806213707,0.0000000000,0.0169015732,0.0000000000,0.0000000000,0.0000000000,0.0000000000,0.3451930285,0.3232711554,0.0526902452,0.0515229888,0.0000000000,0.0000000000,0.7087467313,0.6189520955,0.6190413237,0.0000000000,0.0034310389,0.0142309051,0.0000000000,0.0000000000,0.0000000000,-0.0614884645,0.3347645700,-0.0170186069,-0.0113167912,0.0863526389,-0.0049462300,-0.0092433784,0.0863216668,0.0015735684
15:24:55:36.066,61,0.0000000000,0.1257037967,0.0000000000,0.0000000000,0.0000000000,0.0000000000,0.0000000000,0.0000000000,0.1255988777,0.0195546523,0.0000000000,0.0000000000,0.0000000000,0.0000000000,0.0545760617,0.0000000000,0.0010694712,0.2227149457,0.0629502237,0.3266123533,0.0430314429,0.0000000000,0.0000000000,0.0319407992,0.0703536496,0.0000000000,0.0000000000,0.0197990127,0.0237099268,0.1955979168,0.1801665723,0.0000000000,0.0172698144,0.0000000000,0.0000000000,0.0000000000,0.0000000000,0.3433516324,0.3217334151,0.0515179262,0.0504461713,0.0000000000,0.0000000000,0.7091705799,0.6192321181,0.6193212271,0.0000000000,0.0042725517,0.0150710437,0.0000000000,0.0000000000,0.0000000000,-0.0611030236,0.3358094096,-0.0174145401,-0.0108531006,0.0868146569,-0.0049377638,-0.0087607577,0.0867837369,0.0016186634
15:24:55:37.064,61,0.0000000000,0.1262893230,0.0000000000,0.0000000000,0.0000000000,0.0000000000,0.0000000000,0.0000000000,0.1261894107,0.0184617769,0.0000000000,0.0000000000,0.0000000000,0.0000000000,0.0540917665,0.0000000000,0.0010520776,0.2231562436,0.0672323555,0.3296249211,0.0475280359,0.0000000000,0.0000000000,0.0313088298,0.0698816255,0.0000000000,0.0000000000,0.0198247954,0.0237071477,0.1950876564,0.1797362268,0.0000000000,0.0176859833,0.0000000000,0.0000000000,0.0000000000,0.0000000000,0.3423649371,0.3208515942,0.0505565964,0.0495510250,0.0000000000,0.0000000000,0.7097662091,0.6198375225,0.6199244857,0.0000000000,0.0050033419,0.0158126056,0.0000000000,0.0000000000,0.0000000000,-0.0604880489,0.3362953663,-0.0174944773,-0.0102373101,0.0871732756,-0.0049111317,-0.0081250649,0.0871423483,0.0016741561
15:24:55:38.066,61,0.0000000000,0.1269286573,0.0000000000,0.0000000000,0.0000000000,0.0000000000,0.0000000000,0.0000000000,0.1268328875,0.0175300054,0.0000000000,0.0000000000,0.0000000000,0.0000000000,0.0537854582,0.0000000000,0.0009798049,0.2364481390,0.0790755227,0.3376103044,0.0592213869,0.0000000000,0.0000000000,0.0246941932,0.0666216612,0.0000000000,0.0000000000,0.0198359061,0.0236922242,0.1947648674,0.1794257462,0.0000000000,0.0182180274,0.0000000000,0.0000000000,0.0000000000,0.0000000000,0.3418174386,0.3203212023,0.0493749380,0.0486869849,0.0000000000,0.0000000000,0.7105476260,0.6204947829,0.6205803156,0.0000000000,0.0056172074,0.0164658763,0.0000000000,0.0000000000,0.0000000000,-0.0602034777,0.3366695940,-0.0177811962,-0.0097119398,0.0875646621,-0.0048929490,-0.0075743310,0.0875337571,0.0017241294
15:24:55:39.068,61,0.0000000000,0.1270932257,0.0000000000,0.0000000000,0.0000000000,0.0000000000,0.0000000000,0.0000000000,0.1270007044,0.0168890599,0.0000000000,0.0000000000,0.0000000000,0.0000000000,0.0536906682,0.0000000000,0.0006804204,0.2609367371,0.0887929052,0.3756402135,0.0779967830,0.0000000000,0.0000000000,0.0132610658,0.0599399246,0.0000000000,0.0000000000,0.0198293850,0.0236734170,0.1949669868,0.1793901473,0.0000000000,0.0188461300,0.0000000000,0.0000000000,0.0000000000,0.0000000000,0.3452633321,0.3210850656,0.0485063009,0.0479456037,0.0000000000,0.0000000000,0.7114622593,0.6218567491,0.6219351888,0.0000000000,0.0060740821,0.0170466378,0.0000000000,0.0000000000,0.0000000000,-0.0599617250,0.3372582495,-0.0185755566,-0.0093512982,0.0876657367,-0.0048706988,-0.0072081387,0.0876348466,0.0017545285
15:24:55:40.069,61,0.0000000000,0.1262994856,0.0000000000,0.0000000000,0.0000000000,0.0000000000,0.0000000000,0.0000000000,0.1262120306,0.0161596015,0.0000000000,0.0000000000,0.0000000000,0.0000000000,0.0539426766,0.0000000000,0.0002015745,0.2918701172,0.0931269005,0.3992280066,0.0865869001,0.0000000000,0.0000000000,0.0000000000,0.0450881384,0.0000000000,0.0000000000,0.0197605714,0.0236175880,0.1990398318,0.1802590191,0.0000000000,0.0193828195,0.0000000000,0.0000000000,0.0000000000,0.0000000000,0.3638952971,0.3313424587,0.0479547121,0.0474770144,0.0000000000,0.0000000000,0.7135617733,0.6265390515,0.6266098619,0.0000000000,0.0061865556,0.0173171069,0.0000000000,0.0000000000,0.0000000000,-0.0594697036,0.3383345604,-0.0194589384,-0.0089434721,0.0871814191,-0.0048116557,-0.0068090390,0.0871504843,0.0017760425
15:24:55:41.072,61,0.0000000000,0.1240587756,0.0000000000,0.0000000000,0.0000000000,0.0000000000,0.0000000000,0.0000000000,0.1239764020,0.0158110093,0.0000000000,0.0000000000,0.0000000000,0.0000000000,0.0549865030,0.0000000000,0.0000000000,0.3631705344,0.1029016972,0.4553083181,0.0975777656,0.0000000000,0.0000000000,0.0000000000,0.0248780753,0.0000000000,0.0000000000,0.0196004249,0.0234901756,0.2260572016,0.2047468275,0.0000000000,0.0197255127,0.0000000000,0.0000000000,0.0000000000,0.0000000000,0.3818257153,0.3515537083,0.0476189628,0.0472039133,0.0000000000,0.0000000000,0.7197721601,0.6356377006,0.6356996894,0.0000000000,0.0060323859,0.0173199605,0.0000000000,0.0000000000,0.0000000000,-0.0588132590,0.3390556574,-0.0206151176,-0.0087534226,0.0858127773,-0.0047199870,-0.0066240635,0.0857817158,0.0017631507
15:24:55:42.072,61,0.0000000000,0.1208963618,0.0000000000,0.0000000000,0.0000000000,0.0000000000,0.0000000000,0.0000000000,0.1208176836,0.0159932673,0.0000000000,0.0000000000,0.0000000000,0.0000000000,0.0618885085,0.0000000000,0.0000000000,0.4119758904,0.1339251250,0.4801091850,0.1198042855,0.0000000000,0.0000000000,0.0000000000,0.0000000000,0.0069583356,0.0000000000,0.0193292927,0.0232683737,0.2451676428,0.2264642417,0.0000000000,0.0200379863,0.0000000000,0.0000000000,0.0000000000,0.0000000000,0.3955676258,0.3684570193,0.0472749881,0.0469453894,0.0000000000,0.0000000000,0.7238425612,0.6433742046,0.6434384584,0.0000000000,0.0057789255,0.0172352307,0.0000000000,0.0000000000,0.0000000000,-0.0576310828,0.3393766582,-0.0217343532,-0.0088639557,0.0838806331,-0.0046195025,-0.0067185517,0.0838494003,0.0017177829
15:24:55:43.074,61,0.0000000000,0.1151501238,0.0000000000,0.0000000000,0.0000000000,0.0000000000,0.0000000000,0.0000000000,0.1150747836,0.0170214809,0.0000000000,0.0000000000,0.0000000000,0.0000000000,0.0717335567,0.0000000000,0.0000000000,0.4603875577,0.1916991174,0.5417001843,0.1784594357,0.0000000000,0.0000000000,0.0000000000,0.0000000000,0.0539394468,0.0000000000,0.0189324599,0.0229063835,0.2607700527,0.2409118116,0.0000000000,0.0206590258,0.0000000000,0.0000000000,0.0000000000,0.0000000000,0.4075986147,0.3807762563,0.0466498733,0.0464199968,0.0000000000,0.0000000000,0.7277957797,0.6487745047,0.6488487124,0.0000000000,0.0054661105,0.0171104893,0.0000000000,0.0012327362,0.0000000000,-0.0559303276,0.3385700583,-0.0223714374,-0.0094563104,0.0803693160,-0.0044634338,-0.0072903335,0.0803377554,0.0016081152
15:24:55:44.076,61,0.0000000000,0.1070846021,0.0000000000,0.0000000000,0.0000000000,0.0000000000,0.0000000000,0.0000000000,0.1070125997,0.0189947579,0.0000000000,0.0000000000,0.0000000000,0.0000000000,0.0754797235,0.0000000000,0.0000000000,0.5043168068,0.2510377765,0.6016300321,0.2539797425,0.0000000000,0.0000000000,0.0000000000,0.0000000000,0.1009379476,0.0563081950,0.0182415694,0.0222706944,0.2719710469,0.2503247261,0.0000000000,0.0231820624,0.0000000000,0.0000000000,0.0000000000,0.0000000000,0.4124987721,0.3859709799,0.0443581752,0.0445520096,0.0000000000,0.0000000000,0.7302628160,0.6513211131,0.6514002085,0.0000000000,0.0050942013,0.0169988368,0.0000000000,0.0045797117,0.0000000000,-0.0545362011,0.3368905783,-0.0224938653,-0.0105851740,0.0754406974,-0.0042569637,-0.0083332714,0.0754086375,0.0014452960
15:24:55:45.078,61,0.0000000000,0.1026641130,0.0000000000,0.0000000000,0.0000000000,0.0000000000,0.0000000000,0.0000000000,0.1025949940,0.0199834313,0.0000000000,0.0000000000,0.0000000000,0.0000000000,0.0780013874,0.0000000000,0.0000000000,0.5251238942,0.2934591174,0.6257770061,0.2954546809,0.0000000000,0.0000000000,0.0000000000,0.0000000000,0.1241340116,0.0784793273,0.0169475637,0.0208753198,0.2798734605,0.2558108866,0.0000000000,0.0279217437,0.0000000000,0.0000000000,0.0000000000,0.0000000000,0.4151502848,0.3888419271,0.0408570990,0.0413004085,0.0000000000,0.0000000000,0.7318201065,0.6525671482,0.6526520848,0.0000000000,0.0047829673,0.0169567131,0.0016669071,0.0082619870,0.0000000000,-0.0535932742,0.3356729150,-0.0224781688,-0.0111513659,0.0727396682,-0.0041358643,-0.0088217389,0.0727073252,0.0013656880
15:24:55:46.079,61,0.0001605605,0.1039018929,0.0000000000,0.0000000000,0.0000000000,0.0000000000,0.0000000000,0.0001596419,0.1038359702,0.0188532844,0.0000000000,0.0000000000,0.0000000000,0.0000000000,0.0796024054,0.0000000000,0.0000000000,0.5351804495,0.3210198879,0.6396350861,0.3450002372,0.0000000000,0.0000000000,0.0000000000,0.0000000000,0.1359458119,0.0908040479,0.0156606715,0.0194840804,0.2835245430,0.2585590482,0.0000000000,0.0328520462,0.0000000000,0.0000000000,0.0000000000,0.0000000000,0.4168044031,0.3907269835,0.0383033268,0.0387716591,0.0000000000,0.0000000000,0.7333574295,0.6528757215,0.6529685855,0.0000000000,0.0046677371,0.0170388073,0.0055092382,0.0120980199,0.0000000000,-0.0529771335,0.3359758854,-0.0224541314,-0.0105128251,0.0734966621,-0.0041396301,-0.0081289392,0.0734643415,0.0014230596
15:24:55:47.081,61,0.0097066807,0.1059406027,0.0000000000,0.0000000000,0.0000000000,0.0000000000,0.0000000000,0.0096102608,0.1058756784,0.0179211572,0.0000000000,0.0000000000,0.0000000000,0.0000000000,0.0806890130,0.0000000000,0.0000000000,0.5406132936,0.3337018192,0.6461596489,0.3625610471,0.0000000000,0.0000000000,0.0000000000,0.0000000000,0.1418328136,0.0969896391,0.0144908996,0.0182249993,0.2854709327,0.2599966526,0.0000000000,0.0360521600,0.0000000000,0.0000000000,0.0000000000,0.0000000000,0.4171989560,0.3912977576,0.0364152268,0.0368009135,0.0000000000,0.0000000000,0.7346976399,0.6524812579,0.6526009440,0.0000000000,0.0046255710,0.0171516705,0.0079102954,0.0145311113,0.0000000000,-0.0530612692,0.3387803435,-0.0225259848,-0.0099839009,0.0747427642,-0.0041775452,-0.0076039936,0.0747105628,0.0014799103
15:24:55:48.083,61,0.0354198813,0.1114680320,0.0000000000,0.0000000000,0.0000000000,0.0000000000,0.0000000000,0.0353209004,0.1114072204,0.0153451925,0.0000000000,0.0000000000,0.0000000000,0.0000000000,0.0810976923,0.0000000000,0.0000000000,0.5417597890,0.3448433876,0.6438939571,0.3777222335,0.0000000000,0.0000000000,0.0000000000,0.0000000000,0.1425211877,0.0996770114,0.0136837624,0.0173734259,0.2859265804,0.2602678239,0.0000000000,0.0401767902,0.0000000000,0.0000000000,0.0000000000,0.0000000000,0.3943610787,0.3705550432,0.0342196040,0.0347195193,0.0000000000,0.0000000000,0.7349557281,0.6436167955,0.6438439488,0.0000000000,0.0048547741,0.0175022017,0.0111334687,0.0180305373,0.0000000000,-0.0528599992,0.3434307575,-0.0223323368,-0.0085224472,0.0781217217,-0.0042719026,-0.0060529336,0.0780897513,0.0016493975
15:24:55:49.085,61,0.0608593002,0.1250106543,0.0000000000,0.0000000000,0.0000000000,0.0000000000,0.0000000000,0.0607831590,0.1249591932,0.0100983959,0.0000000000,0.0000000000,0.0000000000,0.0000000000,0.0811540857,0.0000000000,0.0000000000,0.5400932431,0.3834552169,0.6108743548,0.4013535976,0.0000000000,0.0000000000,0.0000000000,0.0000000000,0.1285827309,0.0950908214,0.0130710043,0.0167231578,0.2856278121,0.2600966096,0.0000000000,0.0462067239,0.0000000000,0.0000000000,0.0000000000,0.0000000000,0.3874108791,0.3639014661,0.0306855179,0.0313770995,0.0000000000,0.0000000000,0.7297163010,0.6237741709,0.6241794229,0.0000000000,0.0052883807,0.0179181620,0.0153673291,0.0223810375,0.0000000000,-0.0513748229,0.3492006063,-0.0218562018,-0.0055402629,0.0864006877,-0.0045073307,-0.0029545445,0.0863693729,0.0020556026
15:24:55:50.086,61,0.0747160539,0.1365102679,0.0021287524,0.0000000000,0.0000000000,0.0000000000,0.0000000000,0.0746297538,0.1364868581,0.0031034390,0.0000000000,0.0000000000,0.0000000000,0.0000000000,0.0805746466,0.0000000000,0.0000000000,0.5320184231,0.4279687703,0.5966076851,0.4231749475,0.0000000000,0.0000000000,0.0000000000,0.0000000000,0.1188329458,0.0875975043,0.0125798825,0.0161921047,0.2839804590,0.2589578629,0.0000000000,0.0541797280,0.0000000000,0.0000000000,0.0000000000,0.0000000000,0.3716727793,0.3508645296,0.0258238427,0.0266980622,0.0000000000,0.0000000000,0.7200810909,0.6086066961,0.6091898680,0.0000000000,0.0078759044,0.0194080826,0.0190044381,0.0257055499,0.0000000000,-0.0489132926,0.3548906744,-0.0201603491,-0.0015814491,0.0934355631,-0.0045497511,0.0011495426,0.0934047624,0.0025644661
15:24:55:51.088,61,0.0805010647,0.1387870908,0.0084056472,0.0000000000,0.0000000000,0.0000000000,0.0000000000,0.0804105327,0.1387994885,0.0000000000,0.0000000000,0.0000000000,0.0000000000,0.0000000000,0.0795425624,0.0000000000,0.0000000000,0.5179509521,0.4561503232,0.5689184666,0.4659050405,0.0000000000,0.0000000000,0.0000000000,0.0000000000,0.1114943102,0.0787354410,0.0121479109,0.0157319773,0.2783349156,0.2515910268,0.0000000000,0.0636766329,0.0000000000,0.0000000000,0.0000000000,0.0000000000,0.3605917692,0.3409255743,0.0209913328,0.0221190844,0.0000000000,0.0000000000,0.7040655613,0.5934564471,0.5942701697,0.0000000000,0.0110215237,0.0213201270,0.0216365512,0.0284256190,0.0000000000,-0.0453841463,0.3601784408,-0.0178951845,0.0019036978,0.0948360041,-0.0043223412,0.0048019029,0.0948052481,0.0029136909
15:24:55:52.089,61,0.0818671435,0.1366043985,0.0117554488,0.0000000000,0.0000000000,0.0000000000,0.0000000000,0.0817288160,0.1366384774,0.0000000000,0.0000000000,0.0000000000,0.0000000000,0.0000000000,0.0788524225,0.0000000000,0.0000000000,0.5129061937,0.4918669164,0.5265759230,0.4929669499,0.0000000000,0.0000000000,0.0000000000,0.0000000000,0.1087005660,0.0756996125,0.0116908597,0.0152523229,0.2751097083,0.2455797046,0.0000000000,0.0742469057,0.0000000000,0.0000000000,0.0000000000,0.0000000000,0.3315474689,0.3119932115,0.0156610832,0.0169540271,0.0000000000,0.0000000000,0.6985037327,0.5877359509,0.5886346102,0.0000000000,0.0124801612,0.0223131478,0.0230197813,0.0298714228,0.0000000000,-0.0413606651,0.3651271462,-0.0146616269,0.0038145371,0.0935074612,-0.0041018999,0.0067565143,0.0934765264,0.0030354685
15:24:55:53.091,61,0.0786201805,0.1341315806,0.0155411549,0.0000000000,0.0000000000,0.0000000000,0.0000000000,0.0784593448,0.1341896355,0.0000000000,0.0000000000,0.0000000000,0.0000000000,0.0000000000,0.0784923136,0.0000000000,0.0000000000,0.5288010240,0.5549545288,0.4504542053,0.5536072850,0.0000000000,0.0000000000,0.0000000000,0.0000000000,0.1080194488,0.0746778250,0.0113738850,0.0149270669,0.2694540620,0.2371793091,0.0000000000,0.0955792814,0.0000000000,0.0000000000,0.0000000000,0.0000000000,0.2956475616,0.2764652669,0.0104043074,0.0117207812,0.0000000000,0.0000000000,0.6955549717,0.5848492980,0.5858016014,0.0004135671,0.0135228746,0.0230335798,0.0235403180,0.0304517858,0.0000000000,-0.0373684429,0.3689281344,-0.0105570350,0.0060291775,0.0920024365,-0.0038542417,0.0089659318,0.0919713452,0.0031667103
15:24:55:54.091,61,0.0732104406,0.1336440444,0.0207303073,0.0000000000,0.0000000000,0.0000000000,0.0000000000,0.0730588064,0.1337331384,0.0000000000,0.0000000000,0.0000000000,0.0000000000,0.0000000000,0.0784270167,0.0000000000,0.0000000000,0.5437459350,0.5746428967,0.4183288217,0.5722680688,0.0000000000,0.0000000000,0.0000000000,0.0000000000,0.1080482379,0.0744509399,0.0110603282,0.0146170724,0.2593123317,0.2278736830,0.0000000000,0.1049318537,0.0000000000,0.0000000000,0.0000000000,0.0000000000,0.2812002301,0.2620392740,0.0069971555,0.0083382912,0.0000000000,0.0000000000,0.6936849356,0.5831510425,0.5841428638,0.0031982239,0.0142267561,0.0234797597,0.0236217417,0.0305987839,0.0000000000,-0.0330781862,0.3722532392,-0.0063678278,0.0090281591,0.0917135775,-0.0035967468,0.0119896904,0.0916824713,0.0034038527
15:24:55:55.094,61,0.0711984262,0.1358127296,0.0246985089,0.0000000000,0.0000000000,0.0000000000,0.0000000000,0.0710469633,0.1359256953,0.0000000000,0.0000000000,0.0000000000,0.0000000000,0.0000000000,0.0780154541,0.0000000000,0.0000000000,0.5477557778,0.5725966692,0.3969001472,0.5793915391,0.0000000000,0.0000000000,0.0000000000,0.0000000000,0.1075264663,0.0732411370,0.0107259611,0.0142971352,0.2451490462,0.2151222229,0.0011142824,0.1093421504,0.0000000000,0.0000000000,0.0000000000,0.0000000000,0.2601783872,0.2430333346,0.0049272352,0.0063104262,0.0000000000,0.0000000000,0.6913360357,0.5811601877,0.5822510719,0.0052769417,0.0149350651,0.0239935890,0.0235824157,0.0306809638,0.0000000000,-0.0295027439,0.3749669194,-0.0022337623,0.0113372840,0.0930467919,-0.0034558061,0.0142968744,0.0930158272,0.0036472012
15:24:55:56.095,61,0.0701229945,0.1385278553,0.0274397898,0.0000000000,0.0000000000,0.0000000000,0.0000000000,0.0699701682,0.1386582255,0.0000000000,0.0000000000,0.0000000000,0.0000000000,0.0000000000,0.0742630064,0.0005627574,0.0000000000,0.5298256278,0.5466096997,0.3866397142,0.5776351094,0.0000000000,0.0000000000,0.0000000000,0.0000000000,0.1004745960,0.0638905317,0.0103874328,0.0139846019,0.2388155013,0.2096581310,0.0032885813,0.1113868058,0.0000000000,0.0000000000,0.0000000000,0.0000000000,0.2396234423,0.2232033610,0.0035554850,0.0049594720,0.0000000000,0.0000000000,0.6894897223,0.5795099735,0.5806925893,0.0070927069,0.0157221928,0.0246222969,0.0236020088,0.0308593474,0.0000000000,-0.0264650807,0.3773200810,0.0009116065,0.0129823573,0.0947121829,-0.0033762690,0.0158877075,0.0946813747,0.0038503469
15:24:55:57.097,61,0.0698880255,0.1426514536,0.0293388292,0.0000000000,0.0000000000,0.0000000000,0.0000000000,0.0697359964,0.1427948326,0.0000000000,0.0000000000,0.0000000000,0.0000000000,0.0000000000,0.0664491206,0.0013986350,0.0000000000,0.4951416850,0.5122080445,0.3931910992,0.5771811604,0.0000000000,0.0000000000,0.0000000000,0.0000000000,0.0971576571,0.0602024570,0.0100279106,0.0136369094,0.2348299623,0.2068082243,0.0040263399,0.1083210334,0.0000000000,0.0000000000,0.0000000000,0.0000000000,0.2275631428,0.2119788975,0.0026542086,0.0040722610,0.0000000000,0.0000000000,0.6735215187,0.5605299473,0.5619507432,0.0086735366,0.0165306926,0.0253105219,0.0238940679,0.0313531868,0.0000000000,-0.0237924978,0.3799203038,0.0035006860,0.0141158625,0.0972372442,-0.0033641693,0.0169842839,0.0972067043,0.0040536346
15:24:55:58.099,61,0.0699525252,0.1460400373,0.0306853931,0.0000000000,0.0000000000,0.0000000000,0.0000000000,0.0697996914,0.1461930573,0.0000000000,0.0000000000,0.0000000000,0.0000000000,0.0000000000,0.0500380620,0.0015350296,0.0000000000,0.4148625433,0.4213607013,0.4695728719,0.5412091613,0.0000000000,0.0000000000,0.0000000000,0.0000000000,0.0801650062,0.0457148291,0.0096098324,0.0132141048,0.2327053696,0.2056175768,0.0000000000,0.0757991746,0.0000000000,0.0000000000,0.0000000000,0.0000000000,0.2218434364,0.2066817582,0.0023209059,0.0037540987,0.0000000000,0.0000000000,0.6518682241,0.5322458744,0.5336071849,0.0095630307,0.0172171351,0.0258993972,0.0247119311,0.0335342623,0.0000000000,-0.0214568060,0.3834855258,0.0052854093,0.0148593076,0.0993120596,-0.0033667674,0.0177602619,0.0992816836,0.0042136889
15:24:55:59.100,61,0.0703237057,0.1536103636,0.0350615382,0.0000000000,0.0000000000,0.0000000000,0.0000000000,0.0701722726,0.1537959129,0.0000000000,0.0000000000,0.0000000000,0.0000000000,0.0000000000,0.0435687788,0.0000000000,0.0000000000,0.3915639520,0.3292621374,0.5101264119,0.4418192208,0.0000000000,0.0000000000,0.0000000000,0.0000000000,0.0628434494,0.0297775045,0.0093268342,0.0129146008,0.2316310257,0.2075753808,0.0000000000,0.0576506034,0.0000000000,0.0000000000,0.0000000000,0.0000000000,0.2295504212,0.2126788348,0.0050451127,0.0067151086,0.0000000000,0.0000000000,0.6343876123,0.5176877975,0.5188807845,0.0095870681,0.0175606534,0.0261870306,0.0253999364,0.0347263068,0.0000000000,-0.0191393159,0.3884649873,0.0069385814,0.0173708759,0.1039514765,-0.0032813996,0.0202880464,0.1039214954,0.0046580322
15:24:56:00.103,61,0.0708944798,0.1615389585,0.0396323763,0.0000000000,0.0000000000,0.0000000000,0.0000000000,0.0707453266,0.1617615670,0.0000000000,0.0000000000,0.0000000000,0.0000000000,0.0000000000,0.0405975282,0.0000000000,0.0000000000,0.3845135570,0.2482543886,0.5269253850,0.3262545168,0.0000000000,0.0000000000,0.0000000000,0.0000000000,0.0570109412,0.0243683010,0.0091999313,0.0127434377,0.2313720733,0.2103580534,0.0000000000,0.0454177782,0.0000000000,0.0000000000,0.0000000000,0.0000000000,0.2470114231,0.2246663570,0.0167794004,0.0188238602,0.0000000000,0.0000000000,0.6207221746,0.5085042715,0.5095834136,0.0076247500,0.0173755698,0.0259701107,0.0256043654,0.0352233648,0.0000000000,-0.0173182953,0.3923078775,0.0087346183,0.0199582055,0.1088122725,-0.0031712309,0.0229247995,0.1087826863,0.0051479549
15:24:56:01.103,61,0.0709850565,0.1676467955,0.0440549292,0.0000000000,0.0000000000,0.0000000000,0.0000000000,0.0708376765,0.1679068059,0.0000000000,0.0000000000,0.0000000000,0.0000000000,0.0000000000,0.0394567773,0.0000000000,0.0000000000,0.3855238259,0.1870894134,0.5324963927,0.2205547392,0.0000000000,0.0000000000,0.0000000000,0.0000000000,0.0540382676,0.0215144660,0.0091205789,0.0126139438,0.2328828573,0.2153992057,0.0000000000,0.0353406519,0.0000000000,0.0000000000,0.0000000000,0.0000000000,0.2698838115,0.2437401712,0.0284402408,0.0299539771,0.0000000000,0.0000000000,0.6134393811,0.5044087172,0.5054435730,0.0043698684,0.0142201409,0.0226840321,0.0244544148,0.0344143137,0.0000000000,-0.0146974800,0.3960489929,0.0110489102,0.0224569906,0.1125609130,-0.0030171862,0.0254775807,0.1125316247,0.0055969437
15:24:56:02.104,61,0.0710550621,0.1717412025,0.0486340672,0.0000000000,0.0000000000,0.0000000000,0.0000000000,0.0709098876,0.1720402241,0.0000000000,0.0000000000,0.0000000000,0.0000000000,0.0000000000,0.0434137061,0.0000000000,0.0000000000,0.3894987404,0.1601022184,0.5158362985,0.1822930872,0.0000000000,0.0000000000,0.0000000000,0.0000000000,0.0526009910,0.0201125126,0.0090688318,0.0125110680,0.2362992465,0.2247653604,0.0000000000,0.0286248326,0.0000000000,0.0000000000,0.0000000000,0.0000000000,0.2819499969,0.2564752996,0.0382919349,0.0396225564,0.0000000000,0.0000000000,0.6053773165,0.5024701357,0.5034741163,0.0018906124,0.0095769688,0.0178028364,0.0219509341,0.0320400000,0.0000000000,-0.0118362131,0.3977306485,0.0147065455,0.0251239426,0.1150800735,-0.0027988791,0.0281257778,0.1150510162,0.0060077994
15:24:56:03.107,61,0.0710585341,0.1734711826,0.0532811619,0.0000000000,0.0000000000,0.0000000000,0.0000000000,0.0709154829,0.1738083363,0.0000000000,0.0000000000,0.0000000000,0.0000000000,0.0000000000,0.0573860593,0.0000000000,0.0000000000,0.3917261362,0.1408437043,0.4926300049,0.1529324800,0.0000000000,0.0000000000,0.0000000000,0.0000000000,0.0519081429,0.0193013754,0.0091301315,0.0125315674,0.2448689938,0.2370455712,0.0000000000,0.0247584321,0.0000000000,0.0000000000,0.0000000000,0.0000000000,0.3228592277,0.3008513153,0.0455978625,0.0471760035,0.0000000000,0.0000000000,0.5929721594,0.5014934540,0.5024721622,0.0000567496,0.0058693225,0.0137862684,0.0192333348,0.0296972580,0.0000000000,-0.0086829225,0.3977409005,0.0184170231,0.0278352164,0.1161544174,-0.0025339168,0.0308205783,0.1161254421,0.0063536344
15:24:56:04.109,61,0.0714037716,0.1774262339,0.0583955348,0.0000000000,0.0000000000,0.0000000000,0.0000000000,0.0712632760,0.1778093129,0.0000000000,0.0000000000,0.0000000000,0.0000000000,0.0000000000,0.0616826713,0.0000000000,0.0000000000,0.3925083578,0.1289907992,0.4831394255,0.1398808360,0.0000000000,0.0000000000,0.0000000000,0.0000000000,0.0512295850,0.0185850840,0.0090981824,0.0124434056,0.2476700097,0.2412587255,0.0000000000,0.0221355446,0.0000000000,0.0000000000,0.0000000000,0.0000000000,0.3349408209,0.3135799468,0.0513405688,0.0528241470,0.0000000000,0.0000000000,0.5737788081,0.4992689192,0.5001987815,0.0000000000,0.0032364216,0.0106314598,0.0177203026,0.0283998176,0.0000000000,-0.0048781647,0.3973892331,0.0229397416,0.0308446083,0.1185930818,-0.0022535294,0.0337773934,0.1185644045,0.0068164221
15:24:56:05.110,61,0.0731857195,0.1824671775,0.0631033331,0.0000000000,0.0000000000,0.0000000000,0.0000000000,0.0730642900,0.1828965992,0.0000000000,0.0000000000,0.0000000000,0.0000000000,0.0000000000,0.0642345399,0.0000000000,0.0000000000,0.3868171573,0.1190997884,0.4785383940,0.1330254674,0.0000000000,0.0000000000,0.0000000000,0.0000000000,0.0497004539,0.0166469924,0.0090529509,0.0123464772,0.2490305156,0.2433228195,0.0000000000,0.0205189399,0.0000000000,0.0000000000,0.0000000000,0.0000000000,0.3413186073,0.3201620579,0.0562739633,0.0579026416,0.0000000000,0.0000000000,0.5596522689,0.4923047423,0.4931694567,0.0000000000,0.0016626676,0.0087539144,0.0165874027,0.0274242833,0.0000000000,-0.0010677445,0.3974662423,0.0282230861,0.0336103588,0.1216964945,-0.0019946126,0.0364914425,0.1216681302,0.0073090736
15:24:56:06.110,61,0.0820739344,0.1886031181,0.0658370927,0.0000000000,0.0000000000,0.0000000000,0.0000000000,0.0820172802,0.1890664995,0.0000000000,0.0000000000,0.0000000000,0.0000000000,0.0000000000,0.0673284084,0.0000000000,0.0000000000,0.3717073500,0.1146571115,0.4757826626,0.1295333058,0.0000000000,0.0000000000,0.0000000000,0.0000000000,0.0481068380,0.0147905834,0.0090946117,0.0123376064,0.2495127916,0.2442049980,0.0000000000,0.0195062086,0.0000000000,0.0000000000,0.0000000000,0.0000000000,0.3446149826,0.3234743774,0.0586846694,0.0605549924,0.0000000000,0.0000000000,0.5475313663,0.4835868180,0.4843809903,0.0000000000,0.0005482366,0.0074689435,0.0157356523,0.0267163645,0.0000000000,0.0023046734,0.3995972872,0.0322910659,0.0352447778,0.1254634112,-0.0018568571,0.0380518027,0.1254353970,0.0077293948
15:24:56:07.113,61,0.0883510709,0.1939502507,0.0647016168,0.0000000000,0.0000000000,0.0000000000,0.0000000000,0.0883048400,0.1944138855,0.0000000000,0.0000000000,0.0000000000,0.0000000000,0.0000000000,0.0693532825,0.0000000000,0.0011557536,0.3605745137,0.1120706797,0.4741726220,0.1280157268,0.0000000000,0.0000000000,0.0000000000,0.0000000000,0.0462936088,0.0126841832,0.0091147320,0.0123037053,0.2492758781,0.2442118824,0.0000000000,0.0188052021,0.0000000000,0.0000000000,0.0000000000,0.0000000000,0.3462665379,0.3250946403,0.0605853647,0.0627248064,0.0000000000,0.0000000000,0.5321647525,0.4738242924,0.4746128321,0.0000000000,0.0000000000,0.0065881754,0.0152171087,0.0263412558,0.0000000000,0.0057956036,0.4033414125,0.0361964293,0.0346070677,0.1287311167,-0.0019725529,0.0373680852,0.1287034303,0.0078613125
15:24:56:08.115,61,0.0956986323,0.1949345320,0.0608169101,0.0000000000,0.0000000000,0.0000000000,0.0000000000,0.0956594422,0.1953661144,0.0000000000,0.0000000000,0.0000000000,0.0000000000,0.0000000000,0.0704685822,0.0000000000,0.0025442438,0.3533875644,0.1116440669,0.4697211087,0.1302799881,0.0000000000,0.0000000000,0.0000000000,0.0000000000,0.0452065691,0.0109472284,0.0092321718,0.0123723261,0.2476610541,0.2422693819,0.0000000000,0.0185353942,0.0000000000,0.0000000000,0.0000000000,0.0000000000,0.3409149647,0.3189123571,0.0612863712,0.0635767505,0.0000000000,0.0000000000,0.4962663949,0.4459277093,0.4467477202,0.0000000000,0.0000000000,0.0059385388,0.0148932151,0.0261246637,0.0000000000,0.0077425730,0.4076725543,0.0395681933,0.0323259197,0.1293165982,-0.0022535718,0.0351090655,0.1292889565,0.0076288898
15:24:56:09.116,61,0.0998927727,0.1962147802,0.0585654341,0.0000000000,0.0000000000,0.0000000000,0.0000000000,0.0998480842,0.1966287345,0.0000000000,0.0000000000,0.0000000000,0.0000000000,0.0000000000,0.0704630315,0.0000000000,0.0032858481,0.3453508914,0.1489089131,0.4170162976,0.1442085952,0.0000000000,0.0000000000,0.0000000000,0.0000000000,0.0263027381,0.0036416287,0.0095380051,0.0126439705,0.2429033816,0.2361880392,0.0000000000,0.0187727381,0.0000000000,0.0000000000,0.0000000000,0.0000000000,0.2841806412,0.2623770535,0.0577355027,0.0605481863,0.0000000000,0.0000000000,0.4735163450,0.4264361858,0.4272566736,0.0000000000,0.0000000000,0.0057424749,0.0148094781,0.0261345729,0.0000000000,0.0074146357,0.4128052890,0.0410765596,0.0310098939,0.1300904453,-0.0024240862,0.0337967984,0.1300628632,0.0075190924
15:24:56:10.117,61,0.1019530669,0.2000066638,0.0565489568,0.0000000000,0.0000000000,0.0000000000,0.0000000000,0.1019083187,0.2004083991,0.0000000000,0.0000000000,0.0000000000,0.0000000000,0.0000000000,0.0670389906,0.0000000000,0.0031940485,0.2772405446,0.2013110518,0.3413748741,0.1526756883,0.0000000000,0.0000000000,0.0000000000,0.0000000000,0.0149671948,0.0000000000,0.0099401362,0.0130420290,0.2413895279,0.2341461331,0.0000000000,0.0204675794,0.0000000000,0.0000000000,0.0000000000,0.0000000000,0.2360114306,0.2184293568,0.0423362553,0.0446615666,0.0000000000,0.0000000000,0.4631967843,0.4144301713,0.4152187705,0.0000000000,0.0001691360,0.0061577186,0.0162859149,0.0282621235,0.0000000000,0.0057551325,0.4192602038,0.0426648408,0.0297932364,0.1324021518,-0.0026117607,0.0326100402,0.1323747635,0.0075144642
15:24:56:11.119,61,0.1017437577,0.1978135109,0.0576551110,0.0000000000,0.0000000000,0.0000000000,0.0000000000,0.1016838476,0.1982217729,0.0000000000,0.0000000000,0.0000000000,0.0000000000,0.0000000000,0.0649090856,0.0000000000,0.0010225726,0.2241293788,0.2175350785,0.2488214672,0.1563365906,0.0000000000,0.0000000000,0.0000000000,0.0000000000,0.0107830120,0.0000000000,0.0102478610,0.0133442078,0.2418442070,0.2331027240,0.0000000000,0.0261584911,0.0000000000,0.0000000000,0.0000000000,0.0000000000,0.1626758128,0.1475742310,0.0229290575,0.0245642792,0.0000000000,0.0000000000,0.4634303153,0.4098420143,0.4106329978,0.0000000000,0.0025802192,0.0067763850,0.0201197583,0.0330751464,0.0000000000,0.0042183399,0.4250745773,0.0443426557,0.0304423179,0.1310648471,-0.0025091553,0.0332615040,0.1310373545,0.0075135534
15:24:56:12.121,61,0.0999633595,0.1966753006,0.0571356975,0.0000000000,0.0000000000,0.0000000000,0.0000000000,0.0998828113,0.1970773935,0.0000000000,0.0000000000,0.0000000000,0.0000000000,0.0000000000,0.0642843097,0.0000000000,0.0000000000,0.1985964626,0.2188086361,0.1865314841,0.1579143703,0.0000000000,0.0000000000,0.0000000000,0.0000000000,0.0468466952,0.0000000000,0.0114287781,0.0147719029,0.2772050202,0.2414199114,0.0107828341,0.0465270691,0.0000000000,0.0000000000,0.0000000000,0.0000000000,0.1392908692,0.1252057850,0.0119946375,0.0131648015,0.0000000000,0.0000000000,0.4731388092,0.4071236849,0.4079414010,0.0365468413,0.0113400137,0.0118258549,0.0233536344,0.0367532074,0.0000000000,0.0042124945,0.4281010926,0.0456047468,0.0301728249,0.1303662509,-0.0025298786,0.0329651386,0.1303386986,0.0074355234
15:24:56:13.123,61,0.0991687253,0.1959666908,0.0568342172,0.0000000000,0.0000000000,0.0000000000,0.0000000000,0.0990814790,0.1963651627,0.0000000000,0.0000000000,0.0000000000,0.0000000000,0.0000000000,0.0643571764,0.0000000000,0.0000000000,0.1829171330,0.2035624534,0.1624669433,0.1536182910,0.0000000000,0.0000000000,0.0000000000,0.0000000000,0.0597764552,0.0219939072,0.0147123765,0.0186908673,0.2907662690,0.2572714090,0.0235761292,0.0534217581,0.0000000000,0.0000000000,0.0000000000,0.0000000000,0.1275352836,0.1140051410,0.0070392541,0.0079866080,0.0000000000,0.0000000000,0.4787629843,0.4050524533,0.4059693217,0.0482041948,0.0178740192,0.0172167979,0.0251694135,0.0388829485,0.0000000000,0.0050579901,0.4280244708,0.0479933098,0.0300386511,0.1299313754,-0.0025385392,0.0327932835,0.1299038082,0.0073886886
15:24:56:14.124,61,0.0985044241,0.1942067742,0.0554779656,0.0000000000,0.0000000000,0.0000000000,0.0000000000,0.0984145254,0.1945910007,0.0000000000,0.0000000000,0.0000000000,0.0000000000,0.0000000000,0.0666858926,0.0025945394,0.0000000000,0.1755387336,0.1993370503,0.1503050029,0.1409932524,0.0000000000,0.0000000000,0.0000000000,0.0000000000,0.0715438649,0.0381389372,0.0210710298,0.0261578821,0.3207461834,0.2894647717,0.0347467847,0.0588126816,0.0000000000,0.0000000000,0.0000000000,0.0000000000,0.1253437400,0.1118466929,0.0042137797,0.0050596390,0.0000000000,0.0000000000,0.4825663567,0.4031144679,0.4041377604,0.0552561097,0.0251211077,0.0248596743,0.0269136056,0.0410423279,0.0000000000,0.0060924110,0.4248468280,0.0501124561,0.0292987004,0.1288489997,-0.0026080732,0.0320137925,0.1288213581,0.0072308551
15:24:56:15.125,61,0.0981537253,0.1907030642,0.0534411184,0.0000000000,0.0000000000,0.0000000000,0.0000000000,0.0980654433,0.1910651177,0.0000000000,0.0000000000,0.0000000000,0.0000000000,0.0000000000,0.0716300160,0.0046402179,0.0000000000,0.1739228219,0.1978614479,0.1451410651,0.1328684986,0.0000000000,0.0000000000,0.0000000000,0.0000000000,0.0761679634,0.0448226370,0.0275773890,0.0326436982,0.3422310650,0.3113392293,0.0407887958,0.0660746247,0.0000000000,0.0000000000,0.0000000000,0.0000000000,0.1389714032,0.1255939901,0.0025005450,0.0033003045,0.0000000000,0.0000000000,0.4868350625,0.4020473063,0.4031063318,0.0587099753,0.0332070738,0.0329936370,0.0283687320,0.0425327457,0.0000000000,0.0061330465,0.4205811620,0.0514474362,0.0281770881,0.1266972423,-0.0027005265,0.0308461525,0.1266694218,0.0069668922
15:24:56:16.127,61,0.0983860791,0.1889222115,0.0518847369,0.0000000000,0.0000000000,0.0000000000,0.0000000000,0.0983019918,0.1892688125,0.0000000000,0.0000000000,0.0000000000,0.0000000000,0.0000000000,0.0844671503,0.0053179706,0.0000000000,0.2078664005,0.2238190025,0.1437397897,0.1245652735,0.0000000000,0.0000000000,0.0000000000,0.0000000000,0.0621622615,0.0316200852,0.0337925851,0.0384300277,0.3729296923,0.3565049767,0.0435565561,0.0771721005,0.0000000000,0.0000000000,0.0000000000,0.0000000000,0.1918110996,0.1790399700,0.0013994622,0.0022068925,0.0000000000,0.0000000000,0.4884899855,0.4015111029,0.4025758505,0.0500271693,0.0372603126,0.0364255011,0.0308380052,0.0451640636,0.0000000000,0.0051043117,0.4175926447,0.0521911830,0.0272922758,0.1256017238,-0.0027821644,0.0299497955,0.1255738586,0.0067994851
15:24:56:17.129,61,0.0985374451,0.1869987994,0.0509993881,0.0000000000,0.0000000000,0.0000000000,0.0000000000,0.0984578058,0.1873354018,0.0000000000,0.0000000000,0.0000000000,0.0000000000,0.0000000000,0.0881481320,0.0000000000,0.0000000000,0.2939172983,0.2599698603,0.2777315676,0.1221675277,0.0000000000,0.0000000000,0.0000000000,0.0011821116,0.0000000000,0.0000000000,0.0359267183,0.0404060818,0.3086887598,0.3116493523,0.0000000000,0.0727124289,0.0000000000,0.0000000000,0.0000000000,0.0000000000,0.2347620577,0.2364125848,0.0024667082,0.0043522641,0.0000000000,0.0000000000,0.4892674387,0.4046592712,0.4054906070,0.0000000000,0.0400155857,0.0395803414,0.0316572525,0.0458137840,0.0000000000,0.0042434987,0.4168659747,0.0515127778,0.0267072748,0.1244217977,-0.0028256038,0.0294433385,0.1243937463,0.0066740643
15:24:56:18.129,61,0.0937948674,0.1826641262,0.0526672192,0.0000000000,0.0000000000,0.0000000000,0.0000000000,0.0937146991,0.1830089241,0.0000000000,0.0000000000,0.0000000000,0.0000000000,0.0000000000,0.1301891506,0.0000000000,0.0000000000,0.4126661718,0.1644705385,0.3216079175,0.1090361029,0.0000000000,0.0000000000,0.0000000000,0.0189590622,0.0000000000,0.0000000000,0.0371211320,0.0415559486,0.2943638265,0.3035556674,0.0000000000,0.0481052920,0.0000000000,0.0000000000,0.0000000000,0.0000000000,0.3629035056,0.3545658886,0.0364889167,0.0397478901,0.0000000000,0.0000000000,0.4885376692,0.4119755626,0.4125758708,0.0000000000,0.0317832083,0.0340955853,0.0266311560,0.0370493196,0.0000000000,0.0020830971,0.4157261252,0.0498244166,0.0276640672,0.1217762083,-0.0026632857,0.0304288678,0.1217478961,0.0066349828
15:24:56:19.132,61,0.0852013305,0.1774824709,0.0544505604,0.0000000000,0.0000000000,0.0000000000,0.0000000000,0.0851451233,0.1778347641,0.0000000000,0.0000000000,0.0000000000,0.0000000000,0.0000000000,0.1940261871,0.0000000000,0.0051181251,0.4681847990,0.1090040803,0.2927865684,0.0697036311,0.0000000000,0.0000000000,0.0000000000,0.0294564702,0.0000000000,0.0000000000,0.0379355103,0.0423941985,0.2991975248,0.3026594520,0.0000000000,0.0410961248,0.0000000000,0.0000000000,0.0000000000,0.0000000000,0.5100958347,0.5035135746,0.0457728691,0.0493849814,0.0000000000,0.0000000000,0.4885385036,0.4292435050,0.4297169745,0.0000000000,0.0117303915,0.0141990809,0.0123467864,0.0200130418,0.0000000000,0.0009210487,0.4121871889,0.0477546602,0.0287448466,0.1186126098,-0.0024828617,0.0314849541,0.1185840294,0.0065681189
15:24:56:20.134,61,0.0821611807,0.1772605479,0.0544606522,0.0000000000,0.0000000000,0.0000000000,0.0000000000,0.0821123123,0.1776126325,0.0000000000,0.0000000000,0.0000000000,0.0000000000,0.0000000000,0.2152911425,0.0000000000,0.0107225403,0.5089493394,0.0881780013,0.2762325108,0.0566102937,0.0000000000,0.0000000000,0.0251595341,0.0547533073,0.0000000000,0.0000000000,0.0387460738,0.0432410277,0.3508509099,0.3471331894,0.0000000000,0.0372694694,0.0000000000,0.0000000000,0.0000000000,0.0000000000,0.5723396540,0.5700107217,0.0509007387,0.0546417311,0.0000000000,0.0000000000,0.4895959496,0.4459668398,0.4463305175,0.0000000000,0.0047800974,0.0073206066,0.0078525543,0.0145988688,0.0000000000,0.0015345189,0.4057417512,0.0459646918,0.0287796576,0.1184768230,-0.0024765346,0.0314916745,0.1184482872,0.0065609068
15:24:56:21.136,61,0.0807796121,0.1783702374,0.0540967211,0.0000000000,0.0000000000,0.0000000000,0.0000000000,0.0807358399,0.1787210256,0.0000000000,0.0000000000,0.0000000000,0.0000000000,0.0000000000,0.2263602316,0.0000000000,0.0157743189,0.5271089077,0.0771137476,0.2629768848,0.0490744933,0.0000000000,0.0000000000,0.0391306281,0.0705398247,0.0000000000,0.0000000000,0.0395225063,0.0440645553,0.3655453920,0.3622487485,0.0000000000,0.0350869782,0.0000000000,0.0000000000,0.0000000000,0.0000000000,0.6022025347,0.6006950140,0.0538591966,0.0576124452,0.0000000000,0.0000000000,0.4982755184,0.4616305232,0.4619168639,0.0000000000,0.0011664397,0.0037398788,0.0055729081,0.0118942419,0.0000000000,0.0018407922,0.4003729820,0.0449463390,0.0285887215,0.1191544384,-0.0025100920,0.0312759355,0.1191259399,0.0065769651
15:24:56:22.137,61,0.0804286450,0.1770995259,0.0544423610,0.0000000000,0.0000000000,0.0000000000,0.0000000000,0.0803889856,0.1774514019,0.0000000000,0.0000000000,0.0000000000,0.0000000000,0.0000000000,0.2328957766,0.0000000000,0.0187875312,0.5358698368,0.0710438862,0.2561969757,0.0446970016,0.0000000000,0.0000000000,0.0497568622,0.0855186880,0.0000000000,0.0000000000,0.0401880182,0.0448115915,0.3729034364,0.3693392575,0.0000000000,0.0337671153,0.0000000000,0.0000000000,0.0000000000,0.0000000000,0.6176981926,0.6166490316,0.0556696765,0.0594141148,0.0000000000,0.0000000000,0.5031292439,0.4705237746,0.4707727134,0.0000000000,0.0000000000,0.0018079061,0.0043619615,0.0105739795,0.0000000000,0.0026538330,0.3979743421,0.0448286310,0.0288267899,0.1183782369,-0.0024695678,0.0314816572,0.1183496863,0.0065540499
15:24:56:23.138,61,0.0802720189,0.1760350317,0.0544801727,0.0000000000,0.0000000000,0.0000000000,0.0000000000,0.0802356228,0.1763857305,0.0000000000,0.0000000000,0.0000000000,0.0000000000,0.0000000000,0.2384973615,0.0000000000,0.0208440404,0.5017971396,0.0652248487,0.2529621422,0.0417989679,0.0000000000,0.0000000000,0.0577060170,0.0979647785,0.0000000000,0.0000000000,0.0405585393,0.0452655591,0.3697128296,0.3661587834,0.0000000000,0.0328708403,0.0000000000,0.0000000000,0.0000000000,0.0000000000,0.6268537641,0.6263528466,0.0573061556,0.0610218458,0.0000000000,0.0000000000,0.5047428608,0.4743276238,0.4745596647,0.0000000000,0.0000000000,0.0006214796,0.0035553176,0.0098113958,0.0000000000,0.0035869321,0.3980431557,0.0447971635,0.0288645942,0.1177270636,-0.0024533754,0.0315077119,0.1176984906,0.0065187658
15:24:56:24.139,61,0.0803325623,0.1757246107,0.0543418787,0.0000000000,0.0000000000,0.0000000000,0.0000000000,0.0802987814,0.1760738492,0.0000000000,0.0000000000,0.0000000000,0.0000000000,0.0000000000,0.2417918444,0.0000000000,0.0225714147,0.4768949747,0.0529216789,0.2491005957,0.0369724184,0.0000000000,0.0000000000,0.0738443732,0.1121118814,0.0000000000,0.0000000000,0.0407605469,0.0455301628,0.3619379699,0.3590824902,0.0000000000,0.0321359858,0.0000000000,0.0000000000,0.0000000000,0.0000000000,0.6348845959,0.6349554658,0.0604665019,0.0639584586,0.0000000000,0.0000000000,0.5028519630,0.4758650362,0.4760882854,0.0000000000,0.0000000000,0.0000000000,0.0030582247,0.0094416337,0.0000000000,0.0038214494,0.4003517628,0.0450527519,0.0287927426,0.1175366566,-0.0024576015,0.0314285383,0.1175080538,0.0064990893
15:24:56:25.142,61,0.0807135850,0.1776809096,0.0546650626,0.0000000000,0.0000000000,0.0000000000,0.0000000000,0.0806819871,0.1780354679,0.0000000000,0.0000000000,0.0000000000,0.0000000000,0.0000000000,0.2368817031,0.0000000000,0.0264034141,0.4312496185,0.0424444154,0.2423708439,0.0328135937,0.0000000000,0.0000000000,0.0840523019,0.1184205562,0.0000000000,0.0000000000,0.0407481454,0.0454966314,0.3344163895,0.3384402096,0.0000000000,0.0311382096,0.0000000000,0.0000000000,0.0000000000,0.0000000000,0.6377229691,0.6380050778,0.0648292750,0.0683884919,0.0000000000,0.0000000000,0.4945627749,0.4729126990,0.4731271267,0.0000000000,0.0000000000,0.0000000000,0.0026881853,0.0092392853,0.0000000000,0.0037852060,0.4025027752,0.0456265472,0.0290080365,0.1187347174,-0.0024564045,0.0316088162,0.1187062487,0.0065887682
15:24:56:26.142,61,0.0815118328,0.1827605218,0.0543871820,0.0000000000,0.0000000000,0.0000000000,0.0000000000,0.0814828575,0.1831199676,0.0000000000,0.0000000000,0.0000000000,0.0000000000,0.0000000000,0.1865125597,0.0000000000,0.0283480808,0.3892551064,0.0350348204,0.2399346828,0.0304535404,0.0000000000,0.0000000000,0.0878245384,0.1211949289,0.0000000000,0.0000000000,0.0404875018,0.0451730676,0.3172302544,0.3211198449,0.0000000000,0.0286352914,0.0000000000,0.0000000000,0.0000000000,0.0000000000,0.5902861357,0.5868257284,0.0708443299,0.0741889924,0.0000000000,0.0000000000,0.4740516245,0.4600108862,0.4602276087,0.0000000000,0.0000000000,0.0000000000,0.0024997350,0.0092460681,0.0000000000,0.0040409644,0.4046922326,0.0459577441,0.0288610961,0.1218414903,-0.0025301157,0.0314275101,0.1218133122,0.0067507005
15:24:56:27.144,61,0.0901597068,0.1911546290,0.0537681952,0.0000000000,0.0000000000,0.0000000000,0.0000000000,0.0901265740,0.1915204525,0.0000000000,0.0000000000,0.0000000000,0.0000000000,0.0000000000,0.1725149602,0.0000000000,0.0311289765,0.3570075929,0.0275515746,0.2386828512,0.0282631516,0.0000000000,0.0000000000,0.0919591710,0.1228144392,0.0000000000,0.0000000000,0.0400427692,0.0446064621,0.3007065654,0.3078173697,0.0000000000,0.0258054845,0.0000000000,0.0000000000,0.0000000000,0.0000000000,0.5784517527,0.5740336776,0.0791144371,0.0817131847,0.0000000000,0.0000000000,0.4553713202,0.4439545572,0.4441673160,0.0000000000,0.0000000000,0.0000000000,0.0024448968,0.0093738772,0.0000000000,0.0035568518,0.4071630836,0.0466127582,0.0285144057,0.1269746870,-0.0026662317,0.0310341679,0.1269470006,0.0070050382
15:24:56:28.147,61,0.0944856107,0.1964740604,0.0533727407,0.0000000000,0.0000000000,0.0000000000,0.0000000000,0.0944393054,0.1968435794,0.0000000000,0.0000000000,0.0000000000,0.0000000000,0.0000000000,0.1647663563,0.0000000000,0.0336417593,0.3397193849,0.0225043949,0.2385267019,0.0261745695,0.0000000000,0.0000000000,0.0939461291,0.1234878749,0.0000000000,0.0000000000,0.0394663699,0.0436689779,0.2945337892,0.3026485443,0.0000000000,0.0229896046,0.0000000000,0.0000000000,0.0000000000,0.0000000000,0.5724369287,0.5674064755,0.0871551484,0.0887017101,0.0000000000,0.0000000000,0.4487044513,0.4385609031,0.4387735724,0.0000000000,0.0000000000,0.0000000000,0.0025956489,0.0096884035,0.0000000000,0.0027402835,0.4097003937,0.0465958044,0.0282658916,0.1302275211,-0.0027578969,0.0307824872,0.1302001476,0.0071639866
15:24:56:29.148,61,0.0966158062,0.1978184730,0.0535198264,0.0000000000,0.0000000000,0.0000000000,0.0000000000,0.0965653434,0.1981910467,0.0000000000,0.0000000000,0.0000000000,0.0000000000,0.0000000000,0.1606153548,0.0000000000,0.0357550159,0.3311672211,0.0199884139,0.2521852255,0.0249106660,0.0000000000,0.0000000000,0.0943889692,0.1218144149,0.0000000000,0.0000000000,0.0387700200,0.0422199704,0.2919283807,0.3008903861,0.0000000000,0.0205387045,0.0000000000,0.0000000000,0.0000000000,0.0000000000,0.5690152645,0.5635546446,0.0932216868,0.0938156545,0.0000000000,0.0000000000,0.4467804432,0.4360969663,0.4363112152,0.0000000000,0.0000000000,0.0000000000,0.0028946586,0.0101339873,0.0000000000,0.0021446983,0.4122913480,0.0461415872,0.0283389837,0.1310506314,-0.0027648169,0.0308621526,0.1310233325,0.0072213747
15:24:56:30.148,61,0.0978008509,0.1986320168,0.0538699590,0.0000000000,0.0000000000,0.0000000000,0.0000000000,0.0977481827,0.1990086734,0.0000000000,0.0000000000,0.0000000000,0.0000000000,0.0000000000,0.1584325582,0.0000000000,0.0380665809,0.3205822408,0.0175924562,0.2668314278,0.0237409789,0.0000000000,0.0000000000,0.0917497501,0.1124640256,0.0000000000,0.0000000000,0.0368600599,0.0392711349,0.2928383648,0.3028109670,0.0000000000,0.0179805905,0.0000000000,0.0000000000,0.0000000000,0.0000000000,0.5673836470,0.5615482926,0.1034459099,0.1029216945,0.0000000000,0.0000000000,0.4483389556,0.4351751208,0.4353917837,0.0000000000,0.0000000000,0.0000000000,0.0032784280,0.0106641920,0.0000000000,0.0019231961,0.4141638875,0.0456824861,0.0285187904,0.1315497756,-0.0027524026,0.0310618207,0.1315225363,0.0072747003
15:24:56:31.150,61,0.0983602181,0.1986899525,0.0543200225,0.0000000000,0.0000000000,0.0000000000,0.0000000000,0.0983076841,0.1990706474,0.0000000000,0.0000000000,0.0000000000,0.0000000000,0.0000000000,0.1574022472,0.0000000000,0.0394903198,0.3130086362,0.0162825547,0.3000273407,0.0230617039,0.0000000000,0.0000000000,0.0703020319,0.0958011597,0.0000000000,0.0000000000,0.0340939909,0.0359931774,0.2938510478,0.3037011623,0.0000000000,0.0160767082,0.0000000000,0.0000000000,0.0000000000,0.0000000000,0.5663021803,0.5601080060,0.1118662879,0.1113287285,0.0000000000,0.0000000000,0.4496382475,0.4361637533,0.4363936186,0.0000000000,0.0000000000,0.0000000000,0.0038105617,0.0114247100,0.0000000000,0.0024350609,0.4149259329,0.0454364605,0.0287630297,0.1315870732,-0.0027232617,0.0313226841,0.1315598190,0.0073086908
15:24:56:32.152,61,0.0983541831,0.1989452392,0.0555899404,0.0000000000,0.0000000000,0.0000000000,0.0000000000,0.0983032361,0.1993374825,0.0000000000,0.0000000000,0.0000000000,0.0000000000,0.0000000000,0.1571138948,0.0000000000,0.0405580923,0.3022061884,0.0155419437,0.3442282677,0.0231637396,0.0000000000,0.0000000000,0.0510843359,0.0830810219,0.0000000000,0.0000000000,0.0306498222,0.0325687826,0.2938763797,0.3036490083,0.0000000000,0.0147930719,0.0000000000,0.0000000000,0.0000000000,0.0000000000,0.5656886697,0.5591675639,0.1214217916,0.1220834851,0.0000000000,0.0000000000,0.4503600597,0.4374050200,0.4376564622,0.0000000000,0.0000000000,0.0000000000,0.0047923587,0.0140641499,0.0000000000,0.0030040750,0.4151441455,0.0453999452,0.0294814762,0.1317485422,-0.0026383642,0.0320583507,0.1317212582,0.0074079852
15:24:56:33.154,61,0.0980689526,0.1988524050,0.0569152683,0.0000000000,0.0000000000,0.0000000000,0.0000000000,0.0980203077,0.1992562264,0.0000000000,0.0000000000,0.0000000000,0.0000000000,0.0000000000,0.1570193470,0.0000000000,0.0413671099,0.2850261927,0.0151452133,0.3946665525,0.0295392778,0.0000000000,0.0000000000,0.0375589132,0.0753395855,0.0000000000,0.0000000000,0.0271221511,0.0293873008,0.2910479307,0.2984626889,0.0000000000,0.0138058579,0.0000000000,0.0000000000,0.0000000000,0.0000000000,0.5656542182,0.5588724613,0.1300239563,0.1325456649,0.0000000000,0.0000000000,0.4523183703,0.4390408397,0.4393326044,0.0000000000,0.0000000000,0.0000000000,0.0076479372,0.0196677838,0.0000000000,0.0037676068,0.4155984521,0.0452452376,0.0302273910,0.1316972971,-0.0025462012,0.0328276567,0.1316699684,0.0074988571
15:24:56:34.156,61,0.0977633223,0.1984914094,0.0582667701,0.0000000000,0.0000000000,0.0000000000,0.0000000000,0.0977172479,0.1989066005,0.0000000000,0.0000000000,0.0000000000,0.0000000000,0.0000000000,0.1569513530,0.0000000000,0.0419161394,0.2662909329,0.0148299225,0.4279876053,0.0437042266,0.0000000000,0.0000000000,0.0316678211,0.0719512850,0.0000000000,0.0000000000,0.0239329170,0.0266612973,0.2784129977,0.2794105113,0.0000000000,0.0130368536,0.0000000000,0.0000000000,0.0000000000,0.0000000000,0.5789021850,0.5691592693,0.1369816214,0.1415157020,0.0000000000,0.0000000000,0.4539518952,0.4397740364,0.4400873184,0.0000000000,0.0000000000,0.0000000000,0.0118716825,0.0263553355,0.0000000000,0.0044275192,0.4154141545,0.0448898859,0.0309889577,0.1314821541,-0.0024495041,0.0336133726,0.1314548105,0.0075816754
15:24:56:35.157,61,0.0974317342,0.1974428892,0.0593835711,0.0000000000,0.0000000000,0.0000000000,0.0000000000,0.0973881334,0.1978662461,0.0000000000,0.0000000000,0.0000000000,0.0000000000,0.0000000000,0.1532004625,0.0000000000,0.0424876101,0.2255706042,0.0141895199,0.5267610550,0.0487753004,0.0000000000,0.0000000000,0.0287033822,0.0706234798,0.0000000000,0.0000000000,0.0199466180,0.0230955295,0.2558349371,0.2586422861,0.0000000000,0.0123465108,0.0000000000,0.0000000000,0.0000000000,0.0000000000,0.6228818893,0.6129813194,0.1637277007,0.1691093296,0.0000000000,0.0000000000,0.4545629621,0.4387464225,0.4391324222,0.0000000000,0.0000000000,0.0000000000,0.0155465798,0.0311352741,0.0000000000,0.0047766655,0.4141234159,0.0438808091,0.0316275805,0.1308453083,-0.0023614601,0.0342660435,0.1308179051,0.0076220306
15:24:56:36.159,61,0.0971644595,0.1941349804,0.0608357452,0.0000000000,0.0000000000,0.0000000000,0.0000000000,0.0971229300,0.1945656985,0.0000000000,0.0000000000,0.0000000000,0.0000000000,0.0000000000,0.1471613199,0.0000000000,0.0434507951,0.2064088434,0.0107558155,0.6111238003,0.0514676906,0.0000000000,0.0000000000,0.0275112465,0.0715522766,0.0000000000,0.0000000000,0.0154992659,0.0190542135,0.2374614775,0.2452764958,0.0000000000,0.0116653927,0.0000000000,0.0000000000,0.0000000000,0.0000000000,0.6461121440,0.6384821534,0.2103457749,0.2168328017,0.0000000000,0.0000000000,0.4545983970,0.4341349900,0.4346424043,0.0000000000,0.0000000000,0.0000000000,0.0195206255,0.0360133164,0.0000000000,0.0045663817,0.4116576314,0.0424913131,0.0325203873,0.1288272440,-0.0022229673,0.0351235867,0.1287996769,0.0076001287
15:24:56:37.160,61,0.0966307297,0.1890162677,0.0628115609,0.0000000000,0.0000000000,0.0000000000,0.0000000000,0.0965899006,0.1894551814,0.0000000000,0.0000000000,0.0000000000,0.0000000000,0.0000000000,0.1405268312,0.0000000000,0.0444092713,0.1969716549,0.0075189541,0.7060825825,0.0532669462,0.0000000000,0.0000000000,0.0261030793,0.0712143481,0.0000000000,0.0000000000,0.0116547532,0.0154200345,0.2293113917,0.2381237894,0.0000000000,0.0110114412,0.0000000000,0.0000000000,0.0000000000,0.0000000000,0.6685653925,0.6598562598,0.2389444858,0.2448160052,0.0000000000,0.0000000000,0.4545365274,0.4293467104,0.4299663603,0.0000000000,0.0000000000,0.0000000000,0.0226403940,0.0401293412,0.0000000000,0.0040269056,0.4081368446,0.0411961228,0.0337264016,0.1257031262,-0.0020362753,0.0362933539,0.1256753057,0.0075411205
15:24:56:38.162,61,0.0960004702,0.1848663986,0.0644948930,0.0000000000,0.0000000000,0.0000000000,0.0000000000,0.0959600732,0.1853119880,0.0000000000,0.0000000000,0.0000000000,0.0000000000,0.0000000000,0.1316495985,0.0000000000,0.0454750061,0.1919807643,0.0059132879,0.7690509558,0.0572125651,0.0000000000,0.0000000000,0.0068892566,0.0565049499,0.0000000000,0.0000000000,0.0088716205,0.0127443923,0.2250589579,0.2344785780,0.0000000000,0.0104277646,0.0000000000,0.0000000000,0.0000000000,0.0000000000,0.6779765487,0.6687907577,0.2539459765,0.2595401406,0.0000000000,0.0000000000,0.4542074203,0.4243836105,0.4250684083,0.0000000000,0.0000000000,0.0000000000,0.0246939585,0.0427897833,0.0000000000,0.0030112646,0.4055482149,0.0402190201,0.0347464532,0.1231704354,-0.0018857386,0.0372891836,0.1231424063,0.0074933437
15:24:56:39.164,61,0.0948961154,0.1820883900,0.0661018342,0.0000000000,0.0000000000,0.0000000000,0.0000000000,0.0948585421,0.1825419068,0.0000000000,0.0000000000,0.0000000000,0.0000000000,0.0000000000,0.1262295991,0.0000000000,0.0467061549,0.1894717664,0.0048470604,0.8009542227,0.0642213970,0.0000000000,0.0000000000,0.0000000000,0.0399934389,0.0000000000,0.0000000000,0.0071459310,0.0111482637,0.2228950858,0.2327776104,0.0000000000,0.0099341990,0.0000000000,0.0000000000,0.0000000000,0.0000000000,0.6833585501,0.6739112735,0.2626042068,0.2685556412,0.0000000000,0.0000000000,0.4537537396,0.4205649793,0.4212736189,0.0000000000,0.0000000000,0.0000000000,0.0259997547,0.0444032364,0.0000000000,0.0018366697,0.4035513997,0.0393069908,0.0356756672,0.1214769259,-0.0017603358,0.0382347815,0.1214487255,0.0074898410
15:24:56:40.165,61,0.0943317115,0.1807725132,0.0666141063,0.0000000000,0.0000000000,0.0000000000,0.0000000000,0.0942961350,0.1812276840,0.0000000000,0.0000000000,0.0000000000,0.0000000000,0.0000000000,0.1224090308,0.0000000000,0.0482460372,0.1882204562,0.0040720277,0.8160493374,0.0694004670,0.0000000000,0.0000000000,0.0000000000,0.0339124016,0.0000000000,0.0000000000,0.0059387446,0.0100083016,0.2215503305,0.2318957895,0.0000000000,0.0094978819,0.0000000000,0.0000000000,0.0000000000,0.0000000000,0.6863129139,0.6768113971,0.2677653432,0.2740870416,0.0000000000,0.0000000000,0.4490090609,0.4153532386,0.4160433710,0.0000000000,0.0000000000,0.0000000000,0.0273140650,0.0464222021,0.0000000000,0.0008799644,0.4029958844,0.0389092192,0.0359671824,0.1206736714,-0.0017185605,0.0385381542,0.1206453815,0.0074709677
15:24:56:41.167,61,0.0939756483,0.1786435694,0.0672841966,0.0000000000,0.0000000000,0.0000000000,0.0000000000,0.0939421728,0.1790999323,0.0000000000,0.0000000000,0.0000000000,0.0000000000,0.0000000000,0.1204599813,0.0000000000,0.0493109599,0.1877946407,0.0034864550,0.8215566278,0.0717490017,0.0000000000,0.0000000000,0.0000000000,0.0313972570,0.0000000000,0.0000000000,0.0050709057,0.0091936961,0.2204880863,0.2311635464,0.0000000000,0.0091442848,0.0000000000,0.0000000000,0.0000000000,0.0000000000,0.6878938079,0.6785048842,0.2699863315,0.2765378058,0.0000000000,0.0000000000,0.4410170615,0.4091115594,0.4097829759,0.0000000000,0.0000000000,0.0000000000,0.0282774474,0.0476736464,0.0000000000,0.0000530214,0.4028202295,0.0389499255,0.0363432765,0.1193733737,-0.0016624656,0.0389368050,0.1193449497,0.0074292631
15:24:56:42.168,61,0.0933360383,0.1752828956,0.0680415779,0.0000000000,0.0000000000,0.0000000000,0.0000000000,0.0933047608,0.1757385880,0.0000000000,0.0000000000,0.0000000000,0.0000000000,0.0000000000,0.1192004234,0.0000000000,0.0502697118,0.1927007735,0.0032280895,0.8238992691,0.0738456622,0.0000000000,0.0000000000,0.0000000000,0.0300247204,0.0000000000,0.0000000000,0.0044049914,0.0085723838,0.2199379802,0.2309760302,0.0000000000,0.0088208774,0.0000000000,0.0000000000,0.0000000000,0.0000000000,0.6883461475,0.6791776419,0.2706887424,0.2774559259,0.0000000000,0.0000000000,0.4345207810,0.4058866203,0.4065503180,0.0000000000,0.0000000000,0.0000000000,0.0291702654,0.0488213785,0.0000000000,-0.0002230114,0.4019436240,0.0392577536,0.0367414318,0.1173194498,-0.0015969978,0.0393915139,0.1172908247,0.0073424950
15:24:56:43.170,61,0.0926634073,0.1699852347,0.0697986856,0.0000000000,0.0000000000,0.0000000000,0.0000000000,0.0926343426,0.1704436690,0.0000000000,0.0000000000,0.0000000000,0.0000000000,0.0000000000,0.1266585886,0.0000000000,0.0511087365,0.2854816616,0.0058758510,0.7015641332,0.0785059854,0.0000000000,0.0000000000,0.0000000000,0.0299462974,0.0000000000,0.0000000000,0.0041254512,0.0083269421,0.2290791124,0.2453827411,0.0000000000,0.0085198255,0.0000000000,0.0000000000,0.0000000000,0.0000000000,0.6601114273,0.6556916237,0.2190634608,0.2258194834,0.0000000000,0.0000000000,0.4472460747,0.4138455093,0.4143709540,0.0000000000,0.0000000000,0.0000000000,0.0297667477,0.0494116247,0.0000000000,0.0001086205,0.4009449482,0.0395472795,0.0377561003,0.1140837520,-0.0014567517,0.0404355191,0.1140548214,0.0072362456
15:24:56:44.172,61,0.0922290012,0.1635545343,0.0696019977,0.0000000000,0.0000000000,0.0000000000,0.0000000000,0.0922021195,0.1639982611,0.0000000000,0.0000000000,0.0000000000,0.0000000000,0.0000000000,0.1893608570,0.0000000000,0.0528818779,0.4159516990,0.0180943962,0.5096111298,0.0799793601,0.0000000000,0.0000000000,0.0000000000,0.0131030399,0.0000000000,0.0000000000,0.0042384895,0.0084325401,0.2985969484,0.3201564252,0.0000000000,0.0080148280,0.0000000000,0.0000000000,0.0000000000,0.0000000000,0.6042979360,0.6030974388,0.1823587567,0.1842982471,0.0000000000,0.0000000000,0.4776881635,0.4472640157,0.4476311207,0.0000000000,0.0000000000,0.0000000000,0.0295343846,0.0474495851,0.0000000000,0.0014193855,0.3971364498,0.0397698842,0.0376911536,0.1101463363,-0.0014257102,0.0403480045,0.1101170555,0.0069618374
15:24:56:45.173,61,0.0915619358,0.1539145857,0.0654045641,0.0000000000,0.0000000000,0.0000000000,0.0000000000,0.0915372893,0.1543095410,0.0000000000,0.0000000000,0.0000000000,0.0000000000,0.0000000000,0.2134191096,0.0000000000,0.0540455580,0.4647669494,0.0400748998,0.4521010518,0.0802118331,0.0000000000,0.0000000000,0.0000000000,0.0000000000,0.0380691402,0.0000000000,0.0047722794,0.0089203324,0.3340281546,0.3609461784,0.0000000000,0.0075963410,0.0000000000,0.0000000000,0.0000000000,0.0000000000,0.5881901383,0.5882668495,0.1527884901,0.1566587985,0.0000000000,0.0000000000,0.4976803064,0.4713920355,0.4715584219,0.0000000000,0.0000000000,0.0000000000,0.0285082571,0.0426627733,0.0000000000,0.0042172479,0.3887588382,0.0396293849,0.0353259295,0.1042299718,-0.0015925412,0.0379438214,0.1042001918,0.0063369162
15:24:56:46.175,61,0.0965165049,0.1542232633,0.0637665465,0.0000000000,0.0000000000,0.0000000000,0.0000000000,0.0965090618,0.1546074897,0.0000000000,0.0000000000,0.0000000000,0.0000000000,0.0000000000,0.2275916040,0.0000000000,0.0550397970,0.4949021637,0.0470316373,0.4289064705,0.0758474469,0.0000000000,0.0000000000,0.0000000000,0.0000000000,0.0549409874,0.0362002291,0.0053111231,0.0093771555,0.3525734544,0.3791792095,0.0000000000,0.0070831152,0.0000000000,0.0000000000,0.0000000000,0.0000000000,0.5941951275,0.5958423018,0.1417548507,0.1456363499,0.0000000000,0.0000000000,0.5048448443,0.4798867404,0.4799901545,0.0000000000,0.0000000000,0.0000000000,0.0276959706,0.0392301008,0.0000000000,0.0058290544,0.3751804829,0.0388710611,0.0343468674,0.1044131219,-0.0016874784,0.0369895287,0.1043833494,0.0062586283
15:24:56:47.176,61,0.1453644335,0.1581017822,0.0612959079,0.0000000000,0.0000000000,0.0000000000,0.0000000000,0.1453622878,0.1584755629,0.0000000000,0.0000000000,0.0000000000,0.0000000000,0.0000000000,0.2341081202,0.0000000000,0.0557988808,0.5012379885,0.0505363382,0.4315081537,0.0735433474,0.0000000000,0.0000000000,0.0000000000,0.0000000000,0.0635593981,0.0490887910,0.0058391248,0.0097933132,0.3607397676,0.3868378997,0.0000000000,0.0065877554,0.0000000000,0.0000000000,0.0000000000,0.0000000000,0.5938224196,0.5959849954,0.1360989660,0.1398445070,0.0000000000,0.0000000000,0.5069013238,0.4788606763,0.4789958596,0.0000000000,0.0000000000,0.0004996246,0.0258885492,0.0352518447,0.0000000000,0.0065128589,0.3589510918,0.0374863409,0.0328718610,0.1067781448,-0.0018613931,0.0355378538,0.1067485735,0.0062691406
15:24:56:48.181,61,0.2219817936,0.1782598794,0.0547403209,0.0000000000,0.0000000000,0.0000000000,0.0000000000,0.2218759060,0.1786155850,0.0000000000,0.0000000000,0.0000000000,0.0000000000,0.0000000000,0.2165042907,0.0000000000,0.0562504195,0.4483518302,0.0523749813,0.4331804216,0.0723601729,0.0000000000,0.0000000000,0.0000000000,0.0000000000,0.0493318066,0.0402881503,0.0064359233,0.0102649983,0.3351984024,0.3417285383,0.0000000000,0.0062543899,0.0000000000,0.0000000000,0.0000000000,0.0000000000,0.5888447165,0.5915942192,0.1326704919,0.1357378066,0.0000000000,0.0000000000,0.5050629377,0.4659850001,0.4662370384,0.0000000000,0.0044252863,0.0042976136,0.0248755794,0.0328848772,0.0000000000,0.0075543751,0.3452483416,0.0349736065,0.0289353076,0.1190893054,-0.0024708991,0.0316503197,0.1190607920,0.0066140955
15:24:56:49.180,61,0.3170051575,0.2413297296,0.0536479726,0.0000000000,0.0000000000,0.0204192568,0.0000000000,0.3165128529,0.2417605072,0.0000000000,0.0000000000,0.0000000000,0.0204680413,0.0000000000,0.1946949959,0.0000000000,0.0561445355,0.4012479782,0.0533336662,0.4330873787,0.0719759315,0.0000000000,0.0000000000,0.0000000000,0.0000000000,0.0273507833,0.0220737625,0.0070640920,0.0107584046,0.2935569882,0.2967111766,0.0000000000,0.0061510154,0.0000000000,0.0000000000,0.0000000000,0.0000000000,0.5646622777,0.5608044863,0.1282934695,0.1297603101,0.0000000000,0.0000000000,0.4799185395,0.4340657592,0.4344282150,0.0000000000,0.0157704726,0.0124810524,0.0243184306,0.0315769874,0.0000000000,0.0081968084,0.3321341276,0.0326463357,0.0281615127,0.1576710343,-0.0033024538,0.0307310708,0.1576461196,0.0087527167
15:24:56:50.181,61,0.4190056026,0.3234503269,0.0564852431,0.0000000000,0.0000000000,0.0411066934,0.0000000000,0.4179773331,0.3240268826,0.0000000000,0.0000000000,0.0000000000,0.0411618799,0.0000000000,0.1588023752,0.0000000000,0.0520882271,0.3669399917,0.0540566482,0.4296415150,0.0718339011,0.0000000000,0.0000000000,0.0000000000,0.0000000000,0.0095718093,0.0000000000,0.0076680896,0.0112577043,0.2627065480,0.2546431720,0.0000000000,0.0063158595,0.0000000000,0.0000000000,0.0000000000,0.0000000000,0.5295280814,0.5295189023,0.1144248247,0.1142675206,0.0000000000,0.0000000000,0.4651473463,0.4184549451,0.4190423787,0.0000000000,0.0238816459,0.0184404943,0.0240397993,0.0306701567,0.0000000000,0.0101334397,0.3220063448,0.0313532650,0.0297743864,0.2079281956,-0.0039650598,0.0318594538,0.2079082280,0.0119350897
15:24:56:51.183,61,0.6559307575,0.3841306865,0.0767861977,0.0000000000,0.0000000000,0.0759807974,0.0000000000,0.5853423476,0.3851306438,0.0000000000,0.0000000000,0.0000000000,0.0760323331,0.0000000000,0.0959744975,0.0000000000,0.0438467264,0.2906395793,0.0546434857,0.4051505625,0.0745588690,0.0000000000,0.0000000000,0.0000000000,0.0000000000,0.0033985195,0.0000000000,0.0081915064,0.0115698539,0.1987049878,0.1946276873,0.0000000000,0.0066498215,0.0000000000,0.0000000000,0.0000000000,0.0000000000,0.4189063013,0.4330864847,0.0943036973,0.0942482501,0.0000000000,0.0000000000,0.4607827365,0.4101473987,0.4117454886,0.0000000000,0.0460180081,0.0272051264,0.0236846842,0.0265580509,0.0000000000,0.0118691698,0.3131719530,0.0297782049,0.0423604734,0.2452266961,-0.0016297762,0.0429260544,0.2452110648,0.0168574452
15:24:56:52.184,61,0.7452371120,0.3917708993,0.0967065766,0.0000000000,0.0000000000,0.0860866010,0.0000000000,0.7019467354,0.3931236267,0.0000000000,0.0108093331,0.0000000000,0.0861506388,0.0000000000,0.0766439661,0.0000000000,0.0388100222,0.2612206042,0.0548680350,0.3898753524,0.0761070102,0.0000000000,0.0000000000,0.0000000000,0.0017726737,0.0000000000,0.0000000000,0.0086840233,0.0118526714,0.1791833192,0.1751506627,0.0000000000,0.0069746901,0.0000000000,0.0000000000,0.0000000000,0.0000000000,0.3806320429,0.3987135589,0.0859059617,0.0856574252,0.0000000000,0.0000000000,0.4578823447,0.3902363479,0.3934071660,0.0000000000,0.0526965857,0.0305497125,0.0235215668,0.0249481089,0.0000000000,0.0141588915,0.3056502044,0.0318645835,0.0536124557,0.2501116097,0.0011005292,0.0541573651,0.2500963807,0.0199566633
15:24:56:53.186,61,0.7879854441,0.3731701374,0.1065240204,0.0000000000,0.0000000000,0.0838352740,0.0000000000,0.7657569647,0.3746275902,0.0000000000,0.0199544542,0.0000000000,0.0839659050,0.0000000000,0.0659489334,0.0000000000,0.0361304283,0.2193091512,0.0550886393,0.3824115098,0.0828314275,0.0000000000,0.0000000000,0.0000000000,0.0138607975,0.0000000000,0.0000000000,0.0088956561,0.0118746571,0.1687180251,0.1646014005,0.0000000000,0.0071671088,0.0000000000,0.0000000000,0.0000000000,0.0000000000,0.3439598382,0.3582858443,0.0774396732,0.0769809037,0.0000000000,0.0000000000,0.4535211921,0.3764792979,0.3792544901,0.0000000000,0.0560875423,0.0326534882,0.0235216580,0.0241861213,0.0000000000,0.0169881415,0.3016048074,0.0340663381,0.0590705685,0.2388243526,0.0022953837,0.0599645786,0.2388078719,0.0203443933
15:24:56:54.187,61,0.8153903484,0.3390258253,0.1110137776,0.0000000000,0.0000000000,0.0729471296,0.0000000000,0.8003299832,0.3404323757,0.0000000000,0.0246090740,0.0000000000,0.0731942654,0.0000000000,0.0558789186,0.0000000000,0.0335154347,0.1918348074,0.0553478338,0.3788028657,0.1007374376,0.0000000000,0.0000000000,0.0000000000,0.0293452162,0.0000000000,0.0000000000,0.0089286771,0.0117167486,0.1577962488,0.1500733495,0.0000000000,0.0072709732,0.0000000000,0.0000000000,0.0000000000,0.0000000000,0.3255617023,0.3399473429,0.0726770908,0.0720016435,0.0000000000,0.0000000000,0.4519436061,0.3715296984,0.3743129671,0.0000000000,0.0583890267,0.0394928940,0.0247129370,0.0243644156,0.0000000000,0.0209865402,0.2992569804,0.0367948525,0.0619078130,0.2179421335,0.0026339539,0.0629322380,0.2179235518,0.0190789327
15:24:56:55.189,61,0.7996813059,0.3747232258,0.1112839207,0.0000000000,0.0000000000,0.0682258531,0.0000000000,0.7719556689,0.3762628436,0.0000000000,0.0246443618,0.0000000000,0.0684863552,0.0000000000,0.0512894839,0.0000000000,0.0321354344,0.1811486483,0.0557567887,0.3765890300,0.1058573127,0.0000000000,0.0000000000,0.0005759182,0.0355441868,0.0000000000,0.0000000000,0.0090122493,0.0116533404,0.1532689929,0.1447647810,0.0000000000,0.0074511459,0.0000000000,0.0000000000,0.0000000000,0.0000000000,0.3175592721,0.3317577839,0.0692546368,0.0687284470,0.0000000000,0.0000000000,0.4501480162,0.3765046299,0.3788022995,0.0000000000,0.0595653765,0.0419719256,0.0254801661,0.0247469936,0.0000000000,0.0250791907,0.2986283898,0.0398082919,0.0618573464,0.2398320138,0.0029600605,0.0626544505,0.2398156077,0.0210626535
15:24:56:56.190,61,0.7244859934,0.3922149539,0.0887656212,0.0000000000,0.0000000000,0.0726583079,0.0000000000,0.6702975631,0.3934345841,0.0000000000,0.0032947396,0.0000000000,0.0728397220,0.0000000000,0.0485324413,0.0000000000,0.0311827157,0.1756892949,0.0561219193,0.3754735291,0.1079865545,0.0000000000,0.0000000000,0.0045957272,0.0391726680,0.0000000000,0.0000000000,0.0092026619,0.0116802966,0.1508864462,0.1422081441,0.0000000000,0.0077454606,0.0000000000,0.0000000000,0.0000000000,0.0000000000,0.3137566447,0.3279201686,0.0673689470,0.0669216216,0.0000000000,0.0000000000,0.4336010218,0.3776059449,0.3802167177,0.0000000000,0.0664096475,0.0467241295,0.0271132588,0.0251870267,0.0000000000,0.0262821745,0.3003684878,0.0400967970,0.0491536930,0.2502969801,0.0000090792,0.0496440269,0.2502818108,0.0188703462
15:24:56:57.192,61,0.4870278537,0.3581403792,0.0749967694,0.0000000000,0.0000000000,0.0761439949,0.0000000000,0.4785568714,0.3590550721,0.0000000000,0.0000000000,0.0000000000,0.0762742832,0.0000000000,0.0471847244,0.0000000000,0.0309628155,0.1937028468,0.0567245632,0.3987849355,0.1051946282,0.0000000000,0.0000000000,0.0064059086,0.0410813950,0.0000000000,0.0000000000,0.0094344616,0.0118280221,0.1501595378,0.1427163631,0.0000000000,0.0082913032,0.0000000000,0.0000000000,0.0000000000,0.0000000000,0.3499253690,0.3434515595,0.0648376718,0.0651213676,0.0000000000,0.0000000000,0.4252582490,0.3776588142,0.3802312613,0.0000000000,0.0674257651,0.0482526869,0.0274335798,0.0254687313,0.0000000000,0.0277572628,0.3028767109,0.0395163111,0.0405495651,0.2293001711,-0.0019522833,0.0421598963,0.2292824388,0.0155254230
15:24:56:58.193,61,0.3649066389,0.3043514192,0.0719176829,0.0000000000,0.0000000000,0.0772066116,0.0000000000,0.3647393882,0.3051086068,0.0000000000,0.0000000000,0.0000000000,0.0773178563,0.0000000000,0.0466841459,0.0000000000,0.0311623346,0.2067121267,0.0571287237,0.4171286225,0.0994082168,0.0000000000,0.0000000000,0.0074462704,0.0422931127,0.0000000000,0.0000000000,0.0097866794,0.0121328831,0.1523014009,0.1486681551,0.0000000000,0.0089098830,0.0000000000,0.0000000000,0.0000000000,0.0000000000,0.3624116778,0.3554836810,0.0637091100,0.0642265007,0.0000000000,0.0000000000,0.4219621420,0.3774709702,0.3799517751,0.0000000000,0.0676343516,0.0491875559,0.0274999402,0.0258506555,0.0000000000,0.0281716064,0.3035783768,0.0366869979,0.0383287147,0.1963486224,-0.0021426727,0.0408556797,0.1963272840,0.0129281217
15:24:56:59.195,61,0.2987152040,0.2430271059,0.0687695369,0.0000000000,0.0000000000,0.0769444183,0.0000000000,0.2969644368,0.2436224073,0.0000000000,0.0000000000,0.0000000000,0.0770394579,0.0000000000,0.0467395894,0.0000000000,0.0316477790,0.2168053985,0.0570479445,0.4237733483,0.0871531442,0.0000000000,0.0000000000,0.0085240202,0.0435710512,0.0000000000,0.0000000000,0.0102639599,0.0125704957,0.1569792777,0.1561510563,0.0000000000,0.0094593037,0.0000000000,0.0000000000,0.0000000000,0.0000000000,0.3755938113,0.3684803545,0.0633543655,0.0640026405,0.0000000000,0.0000000000,0.4274022579,0.3777059317,0.3800670803,0.0000000000,0.0671469793,0.0497897007,0.0272834972,0.0261443425,0.0000000000,0.0280187391,0.3048634529,0.0336279161,0.0362014696,0.1587905288,-0.0021188878,0.0394630395,0.1587652713,0.0101242522
15:24:57:00.196,61,0.2499527633,0.2006348819,0.0596907996,0.0000000000,0.0000000000,0.0741932914,0.0000000000,0.2501118481,0.2010641247,0.0000000000,0.0000000000,0.0000000000,0.0742726177,0.0000000000,0.0473165624,0.0000000000,0.0327675343,0.2328803986,0.0567677543,0.4267049730,0.0788661465,0.0000000000,0.0000000000,0.0096045723,0.0446216166,0.0000000000,0.0000000000,0.0108353319,0.0131170796,0.1627988517,0.1649381667,0.0000000000,0.0099445935,0.0000000000,0.0000000000,0.0000000000,0.0000000000,0.3835294247,0.3758889735,0.0634813309,0.0641903803,0.0000000000,0.0000000000,0.4332195520,0.3786082566,0.3805784285,0.0000000000,0.0648345947,0.0500015244,0.0268401634,0.0263203271,0.0000000000,0.0286993124,0.3054511249,0.0312612318,0.0308934487,0.1328004897,-0.0024829851,0.0344297960,0.1327726543,0.0077624354
15:24:57:01.199,61,0.1907893419,0.1695595831,0.0577337407,0.0000000000,0.0000000000,0.0644980893,0.0000000000,0.1899961978,0.1699239910,0.0000000000,0.0000000000,0.0000000000,0.0645611063,0.0000000000,0.0480742343,0.0000000000,0.0335318930,0.2453806847,0.0564850159,0.4245744050,0.0747136176,0.0000000000,0.0000000000,0.0105301179,0.0456569381,0.0000000000,0.0000000000,0.0114918295,0.0137747116,0.1655904502,0.1687515825,0.0000000000,0.0104241148,0.0000000000,0.0000000000,0.0000000000,0.0000000000,0.3882057965,0.3802064359,0.0637071058,0.0644763708,0.0000000000,0.0000000000,0.4389838874,0.3825173080,0.3837535977,0.0000000000,0.0593314767,0.0497704484,0.0259983558,0.0263376385,0.0000000000,0.0289343800,0.3058727980,0.0291978307,0.0297232568,0.1137775406,-0.0022907006,0.0334234573,0.1137478948,0.0064868061
15:24:57:02.200,61,0.1419676691,0.1465031803,0.0627041012,0.0000000000,0.0000000000,0.0523295216,0.0000000000,0.1422531903,0.1468654722,0.0000000000,0.0000000000,0.0000000000,0.0523887388,0.0000000000,0.0486259721,0.0000000000,0.0341287106,0.2490485758,0.0546909869,0.4241252244,0.0725478828,0.0000000000,0.0000000000,0.0112021156,0.0463496819,0.0000000000,0.0000000000,0.0118993185,0.0141953547,0.1667068601,0.1703444719,0.0000000000,0.0107053034,0.0000000000,0.0000000000,0.0000000000,0.0000000000,0.3922146261,0.3832217753,0.0645771697,0.0652715489,0.0000000000,0.0000000000,0.4446830750,0.3852044940,0.3860609531,0.0000000000,0.0503499880,0.0470860414,0.0234876387,0.0260690916,0.0000000000,0.0288548023,0.3078032434,0.0286107548,0.0326659940,0.0996854678,-0.0017774091,0.0363986157,0.0996545106,0.0059036235
15:24:57:03.202,61,0.1165134460,0.1418891847,0.0690582767,0.0000000000,0.0000000000,0.0420088135,0.0000000000,0.1165105030,0.1422842741,0.0000000000,0.0000000000,0.0000000000,0.0420669653,0.0000000000,0.0485431701,0.0000000000,0.0331424251,0.1840174943,0.0541596226,0.3425934315,0.0703793243,0.0000000000,0.0000000000,0.0221171752,0.0539829284,0.0000000000,0.0000000000,0.0122815585,0.0146078365,0.1675403565,0.1709490716,0.0000000000,0.0110757528,0.0000000000,0.0000000000,0.0000000000,0.0000000000,0.3361563385,0.3194493353,0.0629524365,0.0631956086,0.0000000000,0.0000000000,0.4487738609,0.3903906643,0.3910090029,0.0000000000,0.0444528237,0.0425075032,0.0201675706,0.0255611558,0.0000000000,0.0282359421,0.3102764487,0.0286602974,0.0365710221,0.0968823880,-0.0013960939,0.0401142053,0.0968513116,0.0060492936
15:24:57:04.203,61,0.1048409715,0.1393425763,0.0701358244,0.0000000000,0.0000000000,0.0364357904,0.0000000000,0.1048247069,0.1397392899,0.0000000000,0.0000000000,0.0000000000,0.0364962891,0.0000000000,0.0458360799,0.0000000000,0.0269686133,0.1378044486,0.0544041060,0.2739230096,0.0690865293,0.0000000000,0.0000000000,0.0502349101,0.0722692236,0.0000000000,0.0000000000,0.0124804992,0.0148198893,0.1676385850,0.1668799669,0.0000000000,0.0114732711,0.0000000000,0.0000000000,0.0000000000,0.0000000000,0.2688370347,0.2499060184,0.0540288873,0.0535904095,0.0000000000,0.0000000000,0.4502605498,0.3922525048,0.3927742541,0.0000000000,0.0420371927,0.0408442765,0.0186504517,0.0251986980,0.0000000000,0.0295200963,0.3163998127,0.0303287730,0.0374704376,0.0953269079,-0.0013024769,0.0407506637,0.0952958539,0.0059994874
15:24:57:05.205,61,0.0981333703,0.1313382536,0.0685240701,0.0000000000,0.0000000000,0.0325436331,0.0000000000,0.0980629548,0.1317087114,0.0000000000,0.0000000000,0.0000000000,0.0326078013,0.0000000000,0.0448349714,0.0000000000,0.0228109211,0.1204410940,0.0547292419,0.2447422594,0.0633476824,0.0000000000,0.0000000000,0.0612701438,0.0781408921,0.0000000000,0.0000000000,0.0127360001,0.0150828985,0.1677459031,0.1654389352,0.0000000000,0.0119275991,0.0000000000,0.0000000000,0.0000000000,0.0000000000,0.2476178110,0.2275741845,0.0497311130,0.0486337133,0.0000000000,0.0000000000,0.4510926604,0.3934597075,0.3939421475,0.0000000000,0.0407670178,0.0397637300,0.0172585621,0.0246392805,0.0000000000,0.0311913081,0.3226776421,0.0332325324,0.0368036777,0.0904215947,-0.0013081882,0.0398388840,0.0903902650,0.0055948785
15:24:57:06.207,61,0.0944136456,0.1261653751,0.0693356171,0.0000000000,0.0000000000,0.0303951669,0.0000000000,0.0943233147,0.1265298724,0.0000000000,0.0000000000,0.0000000000,0.0304619577,0.0000000000,0.0443256423,0.0000000000,0.0183008686,0.1113313511,0.0553063788,0.2271353453,0.0593794957,0.0000000000,0.0000000000,0.0694966093,0.0815204382,0.0000000000,0.0000000000,0.0131292585,0.0154969450,0.1682388186,0.1647005230,0.0000000000,0.0124494163,0.0000000000,0.0000000000,0.0000000000,0.0000000000,0.2363047898,0.2155781090,0.0474271104,0.0457523018,0.0000000000,0.0000000000,0.4505181909,0.3938109279,0.3942874670,0.0000000000,0.0404806510,0.0393968374,0.0163744278,0.0242123231,0.0000000000,0.0329313613,0.3279542625,0.0355500355,0.0374156162,0.0872573704,-0.0012276978,0.0403283276,0.0872258767,0.0054220017
15:24:57:07.208,61,0.0927875265,0.1273682714,0.0679084659,0.0000000000,0.0000000000,0.0292122923,0.0000000000,0.0926863402,0.1277271211,0.0000000000,0.0000000000,0.0000000000,0.0292815790,0.0000000000,0.0441210754,0.0000000000,0.0163541865,0.1064138785,0.0557640158,0.2187561095,0.0570966117,0.0000000000,0.0000000000,0.0741926357,0.0835614502,0.0000000000,0.0000000000,0.0135143967,0.0159038585,0.1687349677,0.1643235832,0.0000000000,0.0129074594,0.0000000000,0.0000000000,0.0000000000,0.0000000000,0.2304846495,0.2094504684,0.0461251885,0.0441968851,0.0000000000,0.0000000000,0.4462795556,0.3935579658,0.3940429091,0.0000000000,0.0409073569,0.0394888781,0.0159624629,0.0241154917,0.0000000000,0.0345539749,0.3321613967,0.0379907899,0.0365906693,0.0879894346,-0.0012993996,0.0394928865,0.0879580006,0.0054059648
15:24:57:08.210,61,0.0921649858,0.1256677955,0.0696440637,0.0000000000,0.0000000000,0.0288582053,0.0000000000,0.0920531899,0.1260330081,0.0000000000,0.0000000000,0.0000000000,0.0289297514,0.0000000000,0.0441351980,0.0000000000,0.0153426826,0.1044394374,0.0559037700,0.2177978009,0.0553320572,0.0000000000,0.0000000000,0.0806107298,0.0866728127,0.0000000000,0.0000000000,0.0138815027,0.0162982345,0.1687886566,0.1638168395,0.0000000000,0.0132678319,0.0000000000,0.0000000000,0.0000000000,0.0000000000,0.2305960506,0.2104640454,0.0457168557,0.0436009206,0.0000000000,0.0000000000,0.4361322522,0.3872432709,0.3879901767,0.0000000000,0.0450265817,0.0409775376,0.0158780459,0.0242373906,0.0000000000,0.0352411717,0.3342084885,0.0395294949,0.0375240445,0.0869537666,-0.0012163454,0.0405096523,0.0869221687,0.0054155840
15:24:57:09.211,61,0.0918179154,0.1258570999,0.0724541247,0.0000000000,0.0000000000,0.0287401248,0.0000000000,0.0916943401,0.1262386143,0.0000000000,0.0000000000,0.0000000000,0.0288113896,0.0000000000,0.0438919887,0.0000000000,0.0149851479,0.1284563690,0.0578123331,0.2637159228,0.0551454313,0.0000000000,0.0000000000,0.0984072685,0.1045792028,0.0000000000,0.0000000000,0.0143478550,0.0167779904,0.1633023322,0.1565088481,0.0000000000,0.0137911122,0.0000000000,0.0000000000,0.0000000000,0.0000000000,0.2491286993,0.2302222103,0.0456203409,0.0434008762,0.0000000000,0.0000000000,0.4304303825,0.3833790123,0.3842459321,0.0000000000,0.0569764152,0.0501314215,0.0164958481,0.0255023204,0.0000000000,0.0354109667,0.3350855112,0.0399795733,0.0390183888,0.0870783329,-0.0011020936,0.0421466269,0.0870466456,0.0055500604
15:24:57:10.213,61,0.0914961472,0.1260017008,0.0741423145,0.0000000000,0.0000000000,0.0284646749,0.0000000000,0.0913644433,0.1263930947,0.0000000000,0.0000000000,0.0000000000,0.0285342634,0.0000000000,0.0438642390,0.0000000000,0.0180751774,0.1723674983,0.0582133494,0.3216738999,0.0552917495,0.0000000000,0.0000000000,0.1039215177,0.1118364856,0.0000000000,0.0000000000,0.0148616144,0.0173149146,0.1574878544,0.1538999081,0.0000000000,0.0141590703,0.0000000000,0.0000000000,0.0000000000,0.0000000000,0.3076303005,0.2938074768,0.0503965057,0.0486921631,0.0000000000,0.0000000000,0.4274744093,0.3815433979,0.3824539781,0.0000000000,0.0608114786,0.0533309057,0.0171489995,0.0269368570,0.0000000000,0.0351468846,0.3355541229,0.0397797711,0.0399103090,0.0871721730,-0.0010338644,0.0431299545,0.0871404260,0.0056323586
15:24:57:11.215,61,0.0891607404,0.1228782609,0.0762760565,0.0000000000,0.0000000000,0.0280484594,0.0000000000,0.0890241265,0.1232743263,0.0000000000,0.0000000000,0.0000000000,0.0281156208,0.0000000000,0.0643820390,0.0000000000,0.0210036840,0.2601377666,0.0579257049,0.3343453705,0.0542831197,0.0000000000,0.0000000000,0.0875043273,0.1146940663,0.0000000000,0.0000000000,0.0156190060,0.0184386279,0.1568942964,0.1537001580,0.0000000000,0.0146290474,0.0000000000,0.0000000000,0.0000000000,0.0000000000,0.4206870198,0.4076343477,0.0591349490,0.0604792126,0.0000000000,0.0000000000,0.4261874557,0.3826211989,0.3834540546,0.0000000000,0.0579810180,0.0532851480,0.0170294028,0.0271943193,0.0000000000,0.0349926539,0.3345554471,0.0385216102,0.0411364436,0.0852663517,-0.0009273854,0.0443836860,0.0852344409,0.0055935089
15:24:57:12.216,61,0.0782065243,0.1158778444,0.0820041224,0.0000000000,0.0000000000,0.0277145021,0.0000000000,0.0781284794,0.1162871569,0.0000000000,0.0000000000,0.0000000000,0.0277784802,0.0000000000,0.1312590539,0.0000000000,0.0255678054,0.3452654779,0.0557911992,0.2854212224,0.0425776243,0.0000000000,0.0000000000,0.0783053488,0.1158979610,0.0000000000,0.0000000000,0.0173861776,0.0205603950,0.2138483822,0.2067177892,0.0000000000,0.0150970537,0.0000000000,0.0000000000,0.0000000000,0.0000000000,0.5370581746,0.5277691483,0.0632390231,0.0662329197,0.0000000000,0.0000000000,0.4256253541,0.3953374326,0.3958707154,0.0000000000,0.0442425348,0.0437607653,0.0152882775,0.0261597130,0.0000000000,0.0348966569,0.3325180709,0.0362603478,0.0444752797,0.0809970200,-0.0006637888,0.0477454178,0.0809646994,0.0055284137
15:24:57:13.217,61,0.0711996555,0.1083490029,0.0866026506,0.0000000000,0.0000000000,0.0273911823,0.0000000000,0.0711412877,0.1087609082,0.0000000000,0.0000000000,0.0000000000,0.0274516158,0.0000000000,0.1632525027,0.0000000000,0.0294988863,0.3851072490,0.0550082438,0.2743069232,0.0367105119,0.0000000000,0.0000000000,0.0728319287,0.1161727235,0.0000000000,0.0000000000,0.0209608115,0.0242727976,0.2428920865,0.2331376970,0.0000000000,0.0158796981,0.0000000000,0.0000000000,0.0000000000,0.0000000000,0.5834373832,0.5760324001,0.0650409013,0.0687277913,0.0000000000,0.0000000000,0.4257902503,0.4059604704,0.4063767195,0.0000000000,0.0373497456,0.0376949422,0.0131871952,0.0244129263,0.0000000000,0.0355380215,0.3304790258,0.0342029147,0.0471598729,0.0763992295,-0.0004725844,0.0504507013,0.0763664469,0.0053656320
15:24:57:14.218,61,0.0653981939,0.1014144570,0.0886243731,0.0000000000,0.0000000000,0.0272587612,0.0000000000,0.0653609782,0.1018156633,0.0000000000,0.0020628795,0.0000000000,0.0273156501,0.0000000000,0.2287429273,0.0000000000,0.0349328928,0.4599758387,0.0550390854,0.2685058117,0.0339800939,0.0000000000,0.0000000000,0.0705440566,0.1161588803,0.0000000000,0.0000000000,0.0266529825,0.0306480490,0.2802193463,0.2861484885,0.0000000000,0.0193366781,0.0000000000,0.0000000000,0.0000000000,0.0000000000,0.6555671096,0.6489796042,0.0657128915,0.0697921664,0.0000000000,0.0000000000,0.4280530512,0.4226742983,0.4229759574,0.0000000000,0.0336951464,0.0344127901,0.0120195318,0.0233884398,0.0000000000,0.0364279151,0.3282141685,0.0323543251,0.0484566055,0.0721566677,-0.0003916628,0.0516509973,0.0721235797,0.0051131081
15:24:57:15.220,61,0.0571371466,0.0952849090,0.0892397761,0.0000000000,0.0000000000,0.0271816365,0.0000000000,0.0571163073,0.0956705287,0.0000000000,0.0028497577,0.0000000000,0.0272352099,0.0000000000,0.2542945743,0.0000000000,0.0382183008,0.4951037169,0.0560513772,0.2651742101,0.0323347934,0.0000000000,0.0000000000,0.0692248568,0.1158559024,0.0000000000,0.0000000000,0.0311022699,0.0359282233,0.3140976429,0.3154470325,0.0000000000,0.0222077034,0.0000000000,0.0000000000,0.0000000000,0.0000000000,0.6818765402,0.6754548550,0.0658012703,0.0701259598,0.0000000000,0.0000000000,0.4359095991,0.4353830218,0.4356378615,0.0000000000,0.0311972573,0.0323025994,0.0110080093,0.0224738941,0.0000000000,0.0371233001,0.3256950676,0.0307493210,0.0489367470,0.0684028566,-0.0003683089,0.0520276912,0.0683695078,0.0048413821
15:24:57:16.223,61,0.0345513187,0.0889202952,0.0880433172,0.0000000000,0.0000000000,0.0268990248,0.0000000000,0.0345101170,0.0892819762,0.0000000000,0.0019196578,0.0000000000,0.0269492455,0.0000000000,0.2659811676,0.0000000000,0.0405956917,0.5174232721,0.0565993488,0.2577880621,0.0311205480,0.0000000000,0.0000000000,0.0687192455,0.1155609041,0.0000000000,0.0000000000,0.0337678529,0.0390929617,0.3263482153,0.3277800977,0.0000000000,0.0238929689,0.0000000000,0.0000000000,0.0000000000,0.0000000000,0.6951675415,0.6889177561,0.0654389709,0.0699223801,0.0000000000,0.0000000000,0.4528127611,0.4455219209,0.4457578361,0.0000000000,0.0283102561,0.0298158266,0.0090120807,0.0203539096,0.0000000000,0.0372841023,0.3232260048,0.0298307203,0.0483698063,0.0645002648,-0.0004060637,0.0513466336,0.0644666702,0.0044977032
15:24:57:17.224,61,0.0274718162,0.0842216089,0.0864458531,0.0000000000,0.0000000000,0.0268107913,0.0000000000,0.0274241492,0.0845633671,0.0000000000,0.0005519763,0.0000000000,0.0268579610,0.0000000000,0.2712944150,0.0000000000,0.0420701802,0.5382699370,0.0568148158,0.2455170304,0.0295520760,0.0000000000,0.0000000000,0.0689462125,0.1154255942,0.0000000000,0.0000000000,0.0360623561,0.0417815782,0.3329538107,0.3354359567,0.0000000000,0.0253716335,0.0000000000,0.0000000000,0.0000000000,0.0000000000,0.7021340132,0.6959661841,0.0644817576,0.0691611692,0.0000000000,0.0000000000,0.4670326412,0.4538306594,0.4540729523,0.0000000000,0.0265199132,0.0283403695,0.0075450647,0.0187367350,0.0000000000,0.0364177078,0.3200939000,0.0289838985,0.0475356318,0.0616177917,-0.0004525776,0.0504259951,0.0615840033,0.0042258520
15:24:57:18.224,61,0.0238157772,0.0800748542,0.0849370435,0.0000000000,0.0000000000,0.0270935744,0.0000000000,0.0237654932,0.0803992599,0.0000000000,0.0000000000,0.0000000000,0.0271382369,0.0000000000,0.2739486098,0.0000000000,0.0431402475,0.5490758419,0.0568603203,0.2370740026,0.0277302116,0.0000000000,0.0000000000,0.0719500557,0.1155706719,0.0000000000,0.0000000000,0.0379812978,0.0439495817,0.3365851939,0.3398056626,0.0000000000,0.0268426053,0.0000000000,0.0000000000,0.0000000000,0.0000000000,0.7060695887,0.6998891234,0.0637188107,0.0684661120,0.0000000000,0.0000000000,0.4720555544,0.4574492872,0.4576912224,0.0000000000,0.0254003666,0.0273703989,0.0065901875,0.0177547503,0.0000000000,0.0354866460,0.3170086145,0.0282839686,0.0467035957,0.0590740927,-0.0004943330,0.0495549776,0.0590401217,0.0039875405
15:24:57:19.227,61,0.0213661697,0.0752480030,0.0849578083,0.0000000000,0.0000000000,0.0274460819,0.0000000000,0.0213098135,0.0755589530,0.0000000000,0.0000000000,0.0000000000,0.0274887402,0.0000000000,0.2750181258,0.0000000000,0.0439267047,0.5583750010,0.0565352067,0.2288687676,0.0254689641,0.0000000000,0.0000000000,0.0743226111,0.1157362685,0.0000000000,0.0000000000,0.0392204039,0.0453678556,0.3392961919,0.3454173207,0.0000000000,0.0278293006,0.0000000000,0.0000000000,0.0000000000,0.0000000000,0.7090484500,0.7023631334,0.0630378723,0.0678057000,0.0000000000,0.0000000000,0.4746273160,0.4595601857,0.4598048627,0.0000000000,0.0245378483,0.0266010053,0.0058110040,0.0169820879,0.0000000000,0.0348628350,0.3147083521,0.0271975882,0.0467589013,0.0561173111,-0.0004903108,0.0495777540,0.0560831055,0.0037637716
15:24:57:20.228,61,0.0187977273,0.0731756315,0.0854306743,0.0000000000,0.0000000000,0.0277080312,0.0000000000,0.0187364686,0.0734823421,0.0000000000,0.0000000000,0.0000000000,0.0277488045,0.0000000000,0.2744514942,0.0000000000,0.0445025489,0.5667635202,0.0547312312,0.2159280926,0.0223049931,0.0000000000,0.0000000000,0.0807922408,0.1164789349,0.0000000000,0.0000000000,0.0402327627,0.0464694612,0.3408655822,0.3479134142,0.0000000000,0.0286167655,0.0000000000,0.0000000000,0.0000000000,0.0000000000,0.7122024894,0.7046935558,0.0623841658,0.0671507120,0.0000000000,0.0000000000,0.4758536518,0.4608358443,0.4610847533,0.0000000000,0.0237330459,0.0258819889,0.0050752754,0.0162603166,0.0000000000,0.0350263454,0.3136636317,0.0257692672,0.0470202453,0.0548487827,-0.0004780124,0.0498582385,0.0548144504,0.0036798543
15:24:57:21.231,61,0.0164857749,0.0711054206,0.0851336196,0.0000000000,0.0000000000,0.0280539766,0.0000000000,0.0164341982,0.0714054033,0.0000000000,0.0000000000,0.0000000000,0.0280934945,0.0000000000,0.2721994519,0.0000000000,0.0447863601,0.5779927969,0.0482595637,0.1928481311,0.0178822801,0.0000000000,0.0000000000,0.0935308263,0.1245712712,0.0000000000,0.0000000000,0.0418316461,0.0484104827,0.3420266509,0.3495473564,0.0000000000,0.0292181782,0.0000000000,0.0000000000,0.0000000000,0.0000000000,0.7169128060,0.7080558538,0.0615243390,0.0662128255,0.0000000000,0.0000000000,0.4765779674,0.4617528915,0.4620054960,0.0000000000,0.0225854144,0.0251322314,0.0037437351,0.0150032723,0.0000000000,0.0353565626,0.3132705688,0.0245095603,0.0468218550,0.0535800532,-0.0004864444,0.0496890433,0.0535455793,0.0035756766
15:24:57:22.231,61,0.0133980196,0.0686787888,0.0842760652,0.0000000000,0.0000000000,0.0282955095,0.0000000000,0.0133708920,0.0689693391,0.0000000000,0.0000000000,0.0000000000,0.0283336863,0.0000000000,0.2676869631,0.0000000000,0.0450084545,0.5891478658,0.0428601503,0.1816839427,0.0145389223,0.0000000000,0.0000000000,0.1019812822,0.1306454390,0.0000000000,0.0000000000,0.0436750278,0.0506283455,0.3430634737,0.3519548178,0.0000000000,0.0296385642,0.0000000000,0.0000000000,0.0000000000,0.0000000000,0.7198994160,0.7104007006,0.0607428513,0.0654094890,0.0000000000,0.0000000000,0.4770193100,0.4624160528,0.4626714289,0.0000000000,0.0211410467,0.0243471861,0.0025250525,0.0137740867,0.0000000000,0.0354139842,0.3130412996,0.0237956867,0.0462918803,0.0520919599,-0.0005082239,0.0491930507,0.0520573333,0.0034415580
15:24:57:23.232,61,0.0111457724,0.0666031539,0.0832437202,0.0000000000,0.0000000000,0.0285873115,0.0000000000,0.0111327469,0.0668848678,0.0000000000,0.0000000000,0.0000000000,0.0286240596,0.0000000000,0.2606876194,0.0000000000,0.0451694205,0.6038605571,0.0391117223,0.1738394499,0.0122200875,0.0000000000,0.0000000000,0.1085883602,0.1358197033,0.0000000000,0.0000000000,0.0454845317,0.0527819283,0.3448421955,0.3557761312,0.0000000000,0.0299914684,0.0000000000,0.0000000000,0.0000000000,0.0000000000,0.7237372398,0.7132464051,0.0599551015,0.0645191744,0.0000000000,0.0000000000,0.4777829051,0.4637073576,0.4639652073,0.0000000000,0.0200585332,0.0235932972,0.0016321937,0.0128955953,0.0000000000,0.0351863727,0.3126379251,0.0234587900,0.0456910431,0.0508186519,-0.0005316295,0.0485941507,0.0507839322,0.0033208767
15:24:57:24.236,61,0.0097187040,0.0636952743,0.0820574537,0.0000000000,0.0000000000,0.0291348789,0.0000000000,0.0097131692,0.0639656857,0.0000000000,0.0000000000,0.0000000000,0.0291704275,0.0000000000,0.2580028772,0.0000000000,0.0451615453,0.6178640127,0.0361208394,0.1622797698,0.0101363668,0.0000000000,0.0000000000,0.1198379472,0.1460253149,0.0000000000,0.0000000000,0.0487244017,0.0566407926,0.3496904969,0.3614186347,0.0000000000,0.0304593910,0.0000000000,0.0000000000,0.0000000000,0.0000000000,0.7347287536,0.7223380804,0.0583077818,0.0627138466,0.0000000000,0.0000000000,0.4808216989,0.4656442106,0.4659077227,0.0000000000,0.0190842543,0.0228640698,0.0007978202,0.0120618436,0.0000000000,0.0342526287,0.3073023856,0.0230606087,0.0449911952,0.0490354821,-0.0005562965,0.0479066260,0.0490005910,0.0031603307
15:24:57:25.235,61,0.0086723277,0.0606170259,0.0810119435,0.0000000000,0.0000000000,0.0297046229,0.0000000000,0.0086702537,0.0608763732,0.0000000000,0.0000000000,0.0000000000,0.0297389887,0.0000000000,0.2565370500,0.0000000000,0.0450556725,0.6302129030,0.0336927287,0.1530190259,0.0083699329,0.0000000000,0.0000000000,0.1341900826,0.1600917280,0.0000000000,0.0000000000,0.0529904179,0.0617859699,0.3549305797,0.3670083582,0.0000000000,0.0310579967,0.0000000000,0.0000000000,0.0000000000,0.0000000000,0.7466984391,0.7340242267,0.0562636256,0.0606659241,0.0000000000,0.0000000000,0.4915015996,0.4699836969,0.4702644050,0.0000000000,0.0182415582,0.0222161170,0.0000000572,0.0112667242,0.0000000000,0.0342526287,0.3073023856,0.0230606087,0.0443883352,0.0471483804,-0.0005745533,0.0473012738,0.0471133217,0.0029976433
15:24:57:26.237,61,0.0078356927,0.0598632544,0.0807406232,0.0000000000,0.0000000000,0.0299966801,0.0000000000,0.0078354003,0.0601198561,0.0000000000,0.0000000000,0.0000000000,0.0300298557,0.0000000000,0.2557894886,0.0000000000,0.0449139141,0.6363611817,0.0322388783,0.1466370225,0.0070839967,0.0000000000,0.0000000000,0.1445692033,0.1699818820,0.0000000000,0.0000000000,0.0560819246,0.0653888732,0.3574082851,0.3694949448,0.0000000000,0.0317624919,0.0000000000,0.0000000000,0.0000000000,0.0000000000,0.7554745674,0.7425668240,0.0544129983,0.0588952377,0.0000000000,0.0000000000,0.5021951199,0.4779033065,0.4782016873,0.0000000000,0.0174331069,0.0215574056,0.0000000000,0.0105464719,0.0000000000,0.0341759808,0.3042587340,0.0228531323,0.0442490131,0.0466862582,-0.0005783717,0.0471440516,0.0466511846,0.0029578274
15:24:57:27.240,61,0.0071333614,0.0590230487,0.0806130916,0.0000000000,0.0000000000,0.0300822333,0.0000000000,0.0071339579,0.0592771284,0.0000000000,0.0000000000,0.0000000000,0.0301143322,0.0000000000,0.2555893660,0.0000000000,0.0447456762,0.6395117640,0.0311953295,0.1419324130,0.0060769222,0.0000000000,0.0000000000,0.1532651484,0.1779268533,0.0000000000,0.0000000000,0.0586799122,0.0682960451,0.3588768542,0.3709661067,0.0000000000,0.0328565799,0.0000000000,0.0000000000,0.0000000000,0.0000000000,0.7617281079,0.7486690879,0.0526703186,0.0571635179,0.0000000000,0.0000000000,0.5115127563,0.4861664176,0.4864687622,0.0000000000,0.0166762844,0.0209254380,0.0000000000,0.0098679056,0.0000000000,0.0342655741,0.3023073375,0.0222895332,0.0441699624,0.0461714715,-0.0005797148,0.0470709242,0.0461363569,0.0029173237
15:24:57:28.241,61,0.0065231994,0.0582086220,0.0807084367,0.0000000000,0.0000000000,0.0302521884,0.0000000000,0.0065242117,0.0584608093,0.0000000000,0.0000000000,0.0000000000,0.0302834008,0.0000000000,0.2566228509,0.0000000000,0.0446187519,0.6411781311,0.0304315053,0.1382409036,0.0051849624,0.0000000000,0.0000000000,0.1605883241,0.1848165542,0.0000000000,0.0000000000,0.0607994758,0.0705263764,0.3597019017,0.3717554212,0.0000000000,0.0344814062,0.0000000000,0.0000000000,0.0000000000,0.0000000000,0.7671770453,0.7542757988,0.0512929298,0.0558133796,0.0000000000,0.0000000000,0.5159185529,0.4915287197,0.4918204546,0.0000000000,0.0160612930,0.0204349365,0.0000000000,0.0093181273,0.0000000000,0.0342236534,0.3016499281,0.0217922293,0.0442338586,0.0456728078,-0.0005759196,0.0471279360,0.0456376523,0.0028827102
15:24:57:29.243,61,0.0059810379,0.0575012863,0.0805913582,0.0000000000,0.0000000000,0.0303967539,0.0000000000,0.0059822178,0.0577513315,0.0000000000,0.0000000000,0.0000000000,0.0304272100,0.0000000000,0.2620549798,0.0000000000,0.0445358790,0.6419394612,0.0298786126,0.1353295743,0.0043989280,0.0000000000,0.0000000000,0.1656266749,0.1889652163,0.0000000000,0.0000000000,0.0627701581,0.0724604651,0.3602256477,0.3721936047,0.0000000000,0.0367110148,0.0000000000,0.0000000000,0.0000000000,0.0000000000,0.7722924948,0.7594417930,0.0501950756,0.0546974391,0.0000000000,0.0000000000,0.5182313919,0.4944821596,0.4947659075,0.0000000000,0.0155689642,0.0200339705,0.0000000000,0.0088582262,0.0000000000,0.0340641439,0.3020639718,0.0209381394,0.0441604033,0.0452394150,-0.0005772253,0.0470606647,0.0452042073,0.0028484764
15:24:57:30.243,61,0.0054924535,0.0571961515,0.0808853284,0.0000000000,0.0000000000,0.0305352937,0.0000000000,0.0054936721,0.0574461482,0.0000000000,0.0000000000,0.0000000000,0.0305654109,0.0000000000,0.2653285265,0.0000000000,0.0444165766,0.6412665844,0.0294643082,0.1337624639,0.0036928237,0.0000000000,0.0000000000,0.1690207869,0.1922148615,0.0000000000,0.0000000000,0.0639127716,0.0735764354,0.3605343699,0.3722654283,0.0000000000,0.0379157253,0.0000000000,0.0000000000,0.0000000000,0.0000000000,0.7746396065,0.7618005872,0.0493797399,0.0538857989,0.0000000000,0.0000000000,0.5172278285,0.4955761731,0.4958576858,0.0000000000,0.0152211897,0.0197702087,0.0000000000,0.0085239466,0.0000000000,0.0339052789,0.3031701148,0.0194341764,0.0443327241,0.0450529680,-0.0005706087,0.0472328626,0.0450177565,0.0028407983
15:24:57:31.245,61,0.0050483560,0.0577884205,0.0817973167,0.0000000000,0.0000000000,0.0305886809,0.0000000000,0.0050495486,0.0580423512,0.0000000000,0.0000000000,0.0000000000,0.0306185037,0.0000000000,0.2706167102,0.0000000000,0.0443295501,0.6345959902,0.0290318783,0.1326358616,0.0029848067,0.0000000000,0.0000000000,0.1746291369,0.1990821958,0.0000000000,0.0000000000,0.0647142678,0.0743584931,0.3608469367,0.3723208904,0.0000000000,0.0388063379,0.0000000000,0.0000000000,0.0000000000,0.0000000000,0.7765921354,0.7641148567,0.0488053747,0.0533338264,0.0000000000,0.0000000000,0.5173891783,0.4965950251,0.4968755543,0.0000000000,0.0150537239,0.0196873900,0.0000000000,0.0083722547,0.0000000000,0.0335634351,0.3046157956,0.0177149437,0.0448654667,0.0454171188,-0.0005527568,0.0477646552,0.0453819260,0.0028863936
15:24:57:32.248,61,0.0048058270,0.0603654571,0.0819458067,0.0000000000,0.0000000000,0.0302720629,0.0000000000,0.0048063193,0.0606266446,0.0000000000,0.0000000000,0.0000000000,0.0303016547,0.0000000000,0.2863716781,0.0000000000,0.0442624949,0.5823376179,0.0290513393,0.1326275617,0.0024452663,0.0000000000,0.0000000000,0.1767496914,0.2021829933,0.0000000000,0.0000000000,0.0652940646,0.0748846456,0.3604291379,0.3680739701,0.0000000000,0.0396699198,0.0000000000,0.0000000000,0.0000000000,0.0000000000,0.7773945928,0.7651650906,0.0482926965,0.0528571010,0.0000000000,0.0000000000,0.5310160518,0.5054623485,0.5057206750,0.0000000000,0.0149782933,0.0197033584,0.0000000000,0.0081030140,0.0000000000,0.0330770835,0.3062749207,0.0161761269,0.0449479483,0.0469957739,-0.0005533893,0.0478471480,0.0469607264,0.0030065340
15:24:57:33.248,61,0.0047007506,0.0649566278,0.0808744207,0.0000000000,0.0000000000,0.0290329214,0.0000000000,0.0046997024,0.0652269796,0.0000000000,0.0000000000,0.0000000000,0.0290621724,0.0000000000,0.2930993140,0.0000000000,0.0441018194,0.5565408468,0.0295251459,0.1417711079,0.0021239484,0.0000000000,0.0000000000,0.1777514070,0.2040264159,0.0000000000,0.0000000000,0.0656655803,0.0751704723,0.3562812507,0.3555083871,0.0000000000,0.0404827856,0.0000000000,0.0000000000,0.0000000000,0.0000000000,0.7776359320,0.7657105923,0.0479218252,0.0525289699,0.0000000000,0.0000000000,0.5545094013,0.5213114023,0.5215326548,0.0000000000,0.0149621917,0.0197966918,0.0000000000,0.0079490608,0.0000000000,0.0310904831,0.3081700206,0.0149785345,0.0442761965,0.0498060361,-0.0005865044,0.0472134463,0.0497711971,0.0031900897
15:24:57:34.250,61,0.0048589525,0.0720156282,0.0782572478,0.0000000000,0.0000000000,0.0265584141,0.0000000000,0.0048553362,0.0722960085,0.0000000000,0.0000000000,0.0000000000,0.0265891552,0.0000000000,0.2964980602,0.0000000000,0.0438455604,0.5188069344,0.0301504266,0.1502235085,0.0018669211,0.0000000000,0.0000000000,0.1784932613,0.2068987787,0.0000000000,0.0000000000,0.0658569038,0.0752247199,0.3503085673,0.3437744975,0.0000000000,0.0412320495,0.0000000000,0.0000000000,0.0000000000,0.0000000000,0.7776429653,0.7659925818,0.0477544032,0.0523869060,0.0000000000,0.0000000000,0.5730397105,0.5394688845,0.5396581888,0.0000000000,0.0151007231,0.0200544763,0.0000000000,0.0080961166,0.0000000000,0.0281432588,0.3096559346,0.0139670512,0.0426927246,0.0541245379,-0.0006691252,0.0456719361,0.0540900528,0.0034403238
15:24:57:35.253,61,0.0068304986,0.0813995674,0.0739184171,0.0000000000,0.0000000000,0.0224328265,0.0000000000,0.0068175006,0.0816875100,0.0000000000,0.0000000000,0.0000000000,0.0224627890,0.0000000000,0.2976203561,0.0000000000,0.0436492078,0.4947338700,0.0306847468,0.1538525522,0.0015783176,0.0000000000,0.0000000000,0.1815027297,0.2134088576,0.0000000000,0.0000000000,0.0659082606,0.0750972778,0.3430002630,0.3343101144,0.0000000000,0.0418245420,0.0000000000,0.0000000000,0.0000000000,0.0000000000,0.7773845196,0.7659336925,0.0478157215,0.0524494275,0.0000000000,0.0000000000,0.6018579006,0.5626861453,0.5628426075,0.0000000000,0.0153995762,0.0204493031,0.0000000000,0.0086074658,0.0000000000,0.0246897303,0.3105465174,0.0132348808,0.0401076190,0.0598622896,-0.0008241429,0.0431196801,0.0598282963,0.0037272961
15:24:57:36.254,61,0.0084075499,0.0903129876,0.0679893270,0.0000000000,0.0000000000,0.0182022639,0.0000000000,0.0083918693,0.0905973539,0.0000000000,0.0000000000,0.0000000000,0.0182329211,0.0000000000,0.2979409099,0.0000000000,0.0435658507,0.4817920923,0.0308465324,0.1556020826,0.0011406002,0.0000000000,0.0000000000,0.1973823011,0.2279874533,0.0000000000,0.0000000000,0.0659155026,0.0749109536,0.3391347826,0.3302684426,0.0000000000,0.0422354415,0.0000000000,0.0000000000,0.0000000000,0.0000000000,0.7775662541,0.7662658095,0.0481186807,0.0527322963,0.0000000000,0.0000000000,0.6382309198,0.5939528346,0.5940627456,0.0000000000,0.0157727916,0.0209324788,0.0000000000,0.0092737470,0.0000000000,0.0208093338,0.3111719489,0.0123107033,0.0366548076,0.0653068200,-0.0010541450,0.0396395810,0.0652733296,0.0039142706
15:24:57:37.255,61,0.0167895015,0.1012737751,0.0604302473,0.0000000000,0.0000000000,0.0158403292,0.0000000000,0.0167791490,0.1015460268,0.0000000000,0.0000000000,0.0000000000,0.0158739965,0.0000000000,0.2977364361,0.0000000000,0.0435848981,0.4755467176,0.0307861753,0.1565994471,0.0005968625,0.0000000000,0.0000000000,0.2203043550,0.2472833395,0.0000000000,0.0000000000,0.0658043325,0.0746139511,0.3371605575,0.3281999826,0.0000000000,0.0423162989,0.0000000000,0.0000000000,0.0000000000,0.0000000000,0.7778980732,0.7667430639,0.0494968146,0.0536439531,0.0000000000,0.0000000000,0.6614520550,0.6156224012,0.6157183647,0.0000000000,0.0179648139,0.0240445044,0.0017610791,0.0128511265,0.0000000000,0.0170154124,0.3118629158,0.0111499755,0.0322553776,0.0719988495,-0.0013982082,0.0352039561,0.0719659775,0.0040825601
15:24:57:38.256,61,0.0248312112,0.1101525128,0.0503295809,0.0000000000,0.0000000000,0.0145170158,0.0000000000,0.0248233676,0.1103899106,0.0000000000,0.0000000000,0.0000000000,0.0145542901,0.0000000000,0.2980074286,0.0000000000,0.0436420031,0.4722663462,0.0305905771,0.1571386158,0.0000000000,0.0000000000,0.0000000000,0.2524233460,0.2720012665,0.0000000000,0.0000000000,0.0658623278,0.0745150745,0.3359655440,0.3272260427,0.0000000000,0.0424036011,0.0000000000,0.0000000000,0.0000000000,0.0000000000,0.7816123366,0.7720565796,0.0513542593,0.0547588952,0.0000000000,0.0000000000,0.6896740794,0.6393254995,0.6394116282,0.0000000000,0.0253727194,0.0334804244,0.0066204197,0.0169641059,0.0000000000,0.0127032865,0.3128218055,0.0095921466,0.0264014993,0.0774089321,-0.0018747590,0.0292920135,0.0773766041,0.0040185875
15:24:57:39.258,61,0.0294417720,0.1168785170,0.0380057357,0.0000000000,0.0000000000,0.0137721784,0.0000000000,0.0294318032,0.1170601770,0.0000000000,0.0000000000,0.0000000000,0.0138149587,0.0000000000,0.3155086339,0.0000000000,0.0436425805,0.4741142690,0.0306409802,0.1574170291,0.0000000000,0.0000000000,0.0000000000,0.2810057700,0.2938457429,0.0000000000,0.0000000000,0.0663369820,0.0748936385,0.3353369236,0.3269546330,0.0000000000,0.0428821743,0.0000000000,0.0000000000,0.0000000000,0.0000000000,0.7941405773,0.7857390046,0.0523619838,0.0554094389,0.0000000000,0.0000000000,0.7196801305,0.6661275029,0.6662024260,0.0000000000,0.0373563543,0.0468384475,0.0124580581,0.0213591717,0.0000000000,0.0066274335,0.3129770160,0.0075398004,0.0194082595,0.0814966336,-0.0024611491,0.0220913552,0.0814648196,0.0037322636
15:24:57:40.261,61,0.0335259363,0.1233488172,0.0242317915,0.0000000000,0.0000000000,0.0131687727,0.0000000000,0.0335110091,0.1234596968,0.0000000000,0.0000000000,0.0000000000,0.0132191908,0.0000000000,0.3218390942,0.0000000000,0.0433444083,0.4952571988,0.0305654630,0.1555577070,0.0000000000,0.0000000000,0.0000000000,0.3086368740,0.3174561262,0.0000000000,0.0000000000,0.0699822232,0.0786998346,0.3352264762,0.3271329105,0.0000000000,0.0452525355,0.0000000000,0.0000000000,0.0000000000,0.0000000000,0.8089506030,0.7991486788,0.0528860427,0.0556361303,0.0000000000,0.0000000000,0.7499369383,0.6873829365,0.6874418855,0.0000000000,0.0426093228,0.0533843897,0.0154966153,0.0234208610,0.0000000000,-0.0013275911,0.3120738864,0.0050881384,0.0115340650,0.0854262859,-0.0031659892,0.0140494406,0.0853949562,0.0033167019
15:24:57:41.262,61,0.0361183919,0.1305648088,0.0125655448,0.0000000000,0.0000000000,0.0124649312,0.0000000000,0.0360814966,0.1306089312,0.0000000000,0.0000000000,0.0000000000,0.0125240218,0.0000000000,0.3242644072,0.0000000000,0.0411328301,0.5149798393,0.0302743204,0.1523196846,0.0000000000,0.0000000000,0.0000000000,0.3345187008,0.3471446931,0.0000000000,0.0000000000,0.0732107610,0.0827547237,0.3355445266,0.3275136352,0.0000000000,0.0462978110,0.0000000000,0.0000000000,0.0000000000,0.0000000000,0.8141039610,0.8040079474,0.0533239506,0.0558218434,0.0000000000,0.0000000000,0.7688236833,0.6984258294,0.6984858513,0.0000000000,0.0472651906,0.0605342686,0.0185530242,0.0256797001,0.0000000000,-0.0117888050,0.3100488782,0.0014012149,0.0048165359,0.0898172930,-0.0038606718,0.0072384961,0.0897863954,0.0029509373
15:24:57:42.262,61,0.0424735323,0.1409285814,0.0045606564,0.0000000000,0.0000000000,0.0114772962,0.0000000000,0.0424061194,0.1409182549,0.0000000000,0.0000000000,0.0000000000,0.0115542673,0.0000000000,0.3192154467,0.0000000000,0.0389412902,0.5220758915,0.0298605654,0.1484089047,0.0000000000,0.0000000000,0.0000000000,0.3642303050,0.3741846383,0.0000000000,0.0000000000,0.0758498311,0.0858576000,0.3360140622,0.3280063868,0.0000000000,0.0469485000,0.0000000000,0.0000000000,0.0000000000,0.0000000000,0.8166276813,0.8063697815,0.0538433082,0.0561171100,0.0000000000,0.0000000000,0.7780584693,0.7040426135,0.7041046023,0.0000000000,0.0537393540,0.0693250746,0.0244061667,0.0304212086,0.0000000000,-0.0226317588,0.3093034923,-0.0030522402,0.0001737140,0.0961385369,-0.0045310468,0.0025593806,0.0961082205,0.0027610790
15:24:57:43.264,61,0.0532094836,0.1527513415,0.0000000000,0.0000000000,0.0000000000,0.0106542716,0.0000000000,0.0531836152,0.1526532322,0.0119866645,0.0000000000,0.0000000000,0.0107413949,0.0000000000,0.3179125786,0.0000000000,0.0374685936,0.5245525837,0.0293096937,0.1449570209,0.0000000000,0.0000000000,0.0000000000,0.3908675611,0.3997704089,0.0000000000,0.0000000000,0.0776529759,0.0878678635,0.3365276456,0.3284922242,0.0000000000,0.0472158529,0.0000000000,0.0000000000,0.0000000000,0.0000000000,0.8175930381,0.8072393537,0.0554557592,0.0567203201,0.0000000000,0.0000000000,0.7820495963,0.7066528201,0.7067148089,0.0000000000,0.0599126965,0.0781744942,0.0293318443,0.0344441049,0.0000000000,-0.0324135423,0.3116534948,-0.0087551000,-0.0065241307,0.1033466458,-0.0054991227,-0.0042764265,0.1033170596,0.0023316653
15:24:57:44.267,61,0.0568298027,0.1605529189,0.0000000000,0.0000000000,0.0000000000,0.0092003224,0.0000000000,0.0568109341,0.1603697091,0.0228931475,0.0000000000,0.0000000000,0.0093031209,0.0000000000,0.3060281277,0.0000000000,0.0335049219,0.4706286192,0.0284150094,0.1434435695,0.0000000000,0.0000000000,0.0000000000,0.4009378850,0.4120655358,0.0000000000,0.0000000000,0.0782947093,0.0885712802,0.3353648484,0.3215754926,0.0000000000,0.0457936451,0.0000000000,0.0000000000,0.0000000000,0.0000000000,0.8052769303,0.7922206521,0.0629612729,0.0623091273,0.0000000000,0.0000000000,0.7787274122,0.7060799599,0.7061418891,0.0000000000,0.0625733361,0.0825936720,0.0315976292,0.0363246836,0.0000000000,-0.0415015742,0.3171662688,-0.0168554727,-0.0126178414,0.1081013307,-0.0063557653,-0.0105331913,0.1080722585,0.0018221292
15:24:57:45.267,61,0.0588488877,0.1664699018,0.0000000000,0.0000000000,0.0000000000,0.0060224095,0.0000000000,0.0588331930,0.1662058979,0.0328266285,0.0000000000,0.0000000000,0.0061340872,0.0000000000,0.2663540542,0.0000000000,0.0294225942,0.4117095470,0.0233417954,0.1426564455,0.0000000000,0.0000000000,0.0000000000,0.3905816376,0.4116424918,0.0000000000,0.0000000000,0.0781554952,0.0880688801,0.3273987472,0.3035867512,0.0000000000,0.0420797169,0.0000000000,0.0000000000,0.0000000000,0.0000000000,0.7844811082,0.7680344582,0.0700740442,0.0690547824,0.0000000000,0.0000000000,0.7696334720,0.7022851706,0.7023389935,0.0000000000,0.0631379560,0.0840230882,0.0326244198,0.0371232964,0.0000000000,-0.0507843122,0.3251933455,-0.0259812307,-0.0181666836,0.1117084175,-0.0071389652,-0.0161758699,0.1116797030,0.0013040755
15:24:57:46.270,61,0.0612204298,0.1711848229,0.0000000000,0.0000000000,0.0000000000,0.0009464827,0.0000000000,0.0612086989,0.1708535701,0.0406522825,0.0000000000,0.0000000000,0.0010560568,0.0000000000,0.2498957962,0.0000000000,0.0252225250,0.3777274191,0.0149085000,0.1423362643,0.0000000000,0.0000000000,0.0000000000,0.3029620647,0.3351680934,0.0000000000,0.0000000000,0.0757890716,0.0843853503,0.3252921402,0.2983410954,0.0000000000,0.0372593366,0.0000000000,0.0000000000,0.0000000000,0.0000000000,0.7614496350,0.7434583306,0.0762233064,0.0762442499,0.0000000000,0.0000000000,0.7594400048,0.6925210953,0.6925542355,0.0000000000,0.0362204611,0.0556554794,0.0303407405,0.0347310677,0.0000000000,-0.0584348775,0.3321862221,-0.0351297259,-0.0225344151,0.1145846695,-0.0077864197,-0.0206427984,0.1145562902,0.0008649151
15:24:57:47.272,61,0.0667793974,0.1750575900,0.0000000000,0.0000000000,0.0000000000,0.0000000000,0.0000000000,0.0667707399,0.1746558249,0.0488494411,0.0000000000,0.0000000000,0.0000000000,0.0000000000,0.1843912601,0.0000000000,0.0203393120,0.3166221678,0.0106180990,0.1639473885,0.0000000000,0.0000000000,0.0000000000,0.2149188370,0.2627810836,0.0000000000,0.0000000000,0.0633306056,0.0698033497,0.3238897920,0.2951046526,0.0000000000,0.0305713117,0.0000000000,0.0000000000,0.0000000000,0.0000000000,0.6884505749,0.6718064547,0.0814587474,0.0826368704,0.0000000000,0.0000000000,0.7449638844,0.6681300998,0.6681572795,0.0000000000,0.0265149437,0.0455225073,0.0215499178,0.0261906981,0.0000000000,-0.0643760934,0.3383555412,-0.0437912270,-0.0271112621,0.1169485375,-0.0084432121,-0.0252856836,0.1169203743,0.0003802263
15:24:57:48.272,61,0.0714384764,0.1778724641,0.0000000000,0.0000000000,0.0000000000,0.0000000000,0.0000000000,0.0714338124,0.1774470508,0.0509495437,0.0000000000,0.0000000000,0.0000000000,0.0000000000,0.1471158415,0.0000000000,0.0170085933,0.2673067749,0.0084523642,0.2537085414,0.0000000000,0.0000000000,0.0000000000,0.1216428876,0.1846118718,0.0000000000,0.0000000000,0.0473984629,0.0538050644,0.3159462214,0.2854720056,0.0000000000,0.0240119752,0.0000000000,0.0000000000,0.0000000000,0.0000000000,0.6104912758,0.5956547260,0.0914614499,0.0939788073,0.0000000000,0.0000000000,0.7329757214,0.6504816413,0.6505095363,0.0000000000,0.0198052190,0.0378588140,0.0175502449,0.0226626862,0.0000000000,-0.0696299747,0.3438989222,-0.0504545197,-0.0282743201,0.1186678931,-0.0086989170,-0.0263703484,0.1186398268,0.0002637997
15:24:57:49.275,61,0.0735625178,0.1769786179,0.0000000000,0.0000000000,0.0000000000,0.0000000000,0.0000000000,0.0735593140,0.1765615642,0.0501999892,0.0000000000,0.0000000000,0.0000000000,0.0000000000,0.1255923808,0.0000000000,0.0152665433,0.2380583584,0.0072637303,0.3438277543,0.0038246259,0.0000000000,0.0000000000,0.0896566287,0.1570249200,0.0000000000,0.0000000000,0.0375728793,0.0437795334,0.2675189078,0.2462484241,0.0000000000,0.0195413623,0.0000000000,0.0000000000,0.0000000000,0.0000000000,0.5777679682,0.5622462630,0.1048627570,0.1058701426,0.0000000000,0.0000000000,0.7168800235,0.6266826987,0.6267316341,0.0000000000,0.0164868310,0.0339265317,0.0155355809,0.0207826048,0.0000000000,-0.0732059181,0.3500718772,-0.0563119166,-0.0278587341,0.1181219965,-0.0086122761,-0.0258215424,0.1180938184,0.0003233608
15:24:57:50.275,61,0.0749948397,0.1751250029,0.0000000000,0.0000000000,0.0000000000,0.0000000000,0.0000000000,0.0749923885,0.1747305989,0.0478924625,0.0000000000,0.0000000000,0.0000000000,0.0000000000,0.1131989211,0.0000000000,0.0140954945,0.2218848169,0.0068824198,0.3854565620,0.0180546455,0.0000000000,0.0000000000,0.0732550323,0.1425193250,0.0000000000,0.0000000000,0.0320660844,0.0380785838,0.2540879548,0.2347964197,0.0000000000,0.0172467660,0.0000000000,0.0000000000,0.0000000000,0.0000000000,0.5470973253,0.5282708406,0.1097437590,0.1103276908,0.0000000000,0.0000000000,0.7004321814,0.6098464727,0.6099119186,0.0000000000,0.0148047060,0.0318874866,0.0146496156,0.0199616682,0.0000000000,-0.0747348219,0.3560940027,-0.0617343485,-0.0265745521,0.1169900373,-0.0083888276,-0.0244537462,0.1169616953,0.0004696117
15:24:57:51.277,61,0.0802327245,0.1742574126,0.0000000000,0.0000000000,0.0000000000,0.0000000000,0.0000000000,0.0802304372,0.1738810688,0.0457816832,0.0000000000,0.0000000000,0.0000000000,0.0000000000,0.1054727435,0.0000000000,0.0131559605,0.2127481997,0.0071377344,0.4080622494,0.0337859243,0.0000000000,0.0000000000,0.0666183159,0.1349615753,0.0000000000,0.0000000000,0.0288469661,0.0346896984,0.2460302562,0.2250832319,0.0000000000,0.0158280786,0.0000000000,0.0000000000,0.0000000000,0.0000000000,0.5198526382,0.4987561405,0.1123977229,0.1126485765,0.0000000000,0.0000000000,0.6830425858,0.5886238217,0.5887154937,0.0000000000,0.0142890373,0.0310800225,0.0145962005,0.0199023336,0.0000000000,-0.0748942867,0.3615295589,-0.0656346679,-0.0253956318,0.1164604351,-0.0082236612,-0.0232595243,0.1164320335,0.0005961874
15:24:57:52.279,61,0.0819805190,0.1733302623,0.0000000000,0.0000000000,0.0000000000,0.0000000000,0.0000000000,0.0819773600,0.1729663014,0.0444372967,0.0000000000,0.0000000000,0.0000000000,0.0000000000,0.0966659337,0.0000000000,0.0123561947,0.1930440664,0.0074441712,0.4266036153,0.0425397120,0.0000000000,0.0000000000,0.0626435429,0.1275138706,0.0000000000,0.0000000000,0.0257618316,0.0313365236,0.2238994688,0.1998323351,0.0000000000,0.0148031386,0.0000000000,0.0000000000,0.0000000000,0.0000000000,0.4900531173,0.4702851474,0.1141527072,0.1140513793,0.0000000000,0.0000000000,0.6743118167,0.5765970945,0.5767081380,0.0000000000,0.0142422980,0.0307991728,0.0146617759,0.0199015588,0.0000000000,-0.0744227543,0.3643428981,-0.0679695308,-0.0246464238,0.1158943772,-0.0081026871,-0.0225141048,0.1158659384,0.0006736262
15:24:57:53.281,61,0.0825612321,0.1721905619,0.0000000000,0.0000000000,0.0000000000,0.0000000000,0.0000000000,0.0825560391,0.1718363464,0.0435294509,0.0000000000,0.0000000000,0.0000000000,0.0000000000,0.0892309397,0.0000000000,0.0116317412,0.1811807007,0.0080485214,0.4430783987,0.0576269105,0.0000000000,0.0000000000,0.0604276508,0.1199261770,0.0000000000,0.0000000000,0.0233177859,0.0287564434,0.2102642506,0.1885546297,0.0000000000,0.0140912039,0.0000000000,0.0000000000,0.0000000000,0.0000000000,0.4618869126,0.4411629140,0.1148800105,0.1144256219,0.0000000000,0.0000000000,0.6702246070,0.5693920255,0.5695235729,0.0000000000,0.0144167040,0.0306966845,0.0148369130,0.0199715029,0.0000000000,-0.0735773891,0.3646947742,-0.0701900125,-0.0241427794,0.1151985079,-0.0079991175,-0.0219540484,0.1151699945,0.0007300371
15:24:57:54.283,61,0.0826824382,0.1699502915,0.0000000000,0.0000000000,0.0000000000,0.0000000000,0.0000000000,0.0826751739,0.1696144491,0.0418129675,0.0000000000,0.0000000000,0.0000000000,0.0000000000,0.0767457858,0.0000000000,0.0107836230,0.1702168286,0.0150615647,0.4500703514,0.0853304043,0.0000000000,0.0000000000,0.0591971651,0.1144592017,0.0000000000,0.0000000000,0.0212240666,0.0263902675,0.1968851984,0.1766367406,0.0000000000,0.0136478869,0.0000000000,0.0000000000,0.0000000000,0.0000000000,0.4052934647,0.3850714266,0.1095759869,0.1058672145,0.0000000000,0.0000000000,0.6641317010,0.5594282150,0.5595856905,0.0000000000,0.0151455160,0.0309506562,0.0157120191,0.0204364900,0.0000000000,-0.0730626211,0.3638805151,-0.0715409443,-0.0231906325,0.1138306856,-0.0078015476,-0.0209272392,0.1138019785,0.0008309076
15:24:57:55.284,61,0.0795882717,0.1660485268,0.0000000000,0.0000000000,0.0000000000,0.0000000000,0.0000000000,0.0795454159,0.1657402813,0.0393387303,0.0000000000,0.0000000000,0.0000000000,0.0000000000,0.0686713904,0.0000000000,0.0097950129,0.1659788787,0.0291488431,0.4534887075,0.1018374190,0.0000000000,0.0000000000,0.0540624931,0.0989514440,0.0000000000,0.0000000000,0.0192904547,0.0240278877,0.1917703003,0.1719569266,0.0000000000,0.0133325169,0.0000000000,0.0000000000,0.0000000000,0.0000000000,0.3852874637,0.3644420207,0.0970154181,0.0929608941,0.0000000000,0.0000000000,0.6615827680,0.5539052486,0.5540884733,0.0000000000,0.0159123521,0.0312755331,0.0172089655,0.0210511833,0.0000000000,-0.0734096766,0.3621230721,-0.0727685168,-0.0218203366,0.1114484146,-0.0074930270,-0.0194625612,0.1114194244,0.0009668698
15:24:57:56.286,61,0.0772014931,0.1590410024,0.0000000000,0.0000000000,0.0000000000,0.0000000000,0.0000000000,0.0771336555,0.1587455422,0.0399567038,0.0000000000,0.0000000000,0.0000000000,0.0000000000,0.0644513816,0.0000000000,0.0087147802,0.1654688418,0.0469050780,0.4536651373,0.1132690609,0.0000000000,0.0000000000,0.0320975408,0.0767956823,0.0000000000,0.0000000000,0.0180949569,0.0226677656,0.1893434376,0.1696047485,0.0000000000,0.0132711809,0.0000000000,0.0000000000,0.0000000000,0.0000000000,0.3636444211,0.3420784175,0.0795478523,0.0766822919,0.0000000000,0.0000000000,0.6600587964,0.5507434011,0.5509423614,0.0000000000,0.0165903792,0.0315660611,0.0179704931,0.0214015692,0.0000000000,-0.0741238371,0.3616273105,-0.0741384625,-0.0221963972,0.1071678028,-0.0072314800,-0.0198129807,0.1071384326,0.0009028331
15:24:57:57.288,61,0.0760505050,0.1503742933,0.0000000000,0.0000000000,0.0000000000,0.0000000000,0.0000000000,0.0759740025,0.1500841081,0.0424400084,0.0000000000,0.0000000000,0.0000000000,0.0000000000,0.0622341000,0.0000000000,0.0075457394,0.1673726737,0.0633233264,0.4538545609,0.1296345443,0.0000000000,0.0000000000,0.0174635313,0.0613630936,0.0000000000,0.0000000000,0.0172044896,0.0216617938,0.1884981692,0.1685703993,0.0000000000,0.0134976665,0.0000000000,0.0000000000,0.0000000000,0.0000000000,0.3466878533,0.3254637122,0.0683716983,0.0659238771,0.0000000000,0.0000000000,0.6561602354,0.5415585637,0.5417922735,0.0000000000,0.0174353868,0.0320005417,0.0185862165,0.0216549169,0.0000000000,-0.0754475668,0.3619696200,-0.0761991665,-0.0236250386,0.1018732041,-0.0069924193,-0.0212470256,0.1018433496,0.0007356744
15:24:57:58.288,61,0.0754073933,0.1430094689,0.0000000000,0.0000000000,0.0000000000,0.0000000000,0.0000000000,0.0753247365,0.1427271366,0.0442613438,0.0000000000,0.0000000000,0.0000000000,0.0000000000,0.0606755055,0.0000000000,0.0064707273,0.1684236526,0.0874801874,0.4603649676,0.1968795508,0.0000000000,0.0000000000,0.0054867272,0.0486661755,0.0000000000,0.0000000000,0.0164859854,0.0208441094,0.1897651851,0.1684637219,0.0000000000,0.0139904013,0.0000000000,0.0000000000,0.0000000000,0.0000000000,0.3339190781,0.3133300543,0.0581287183,0.0563461222,0.0000000000,0.0000000000,0.6342552900,0.5128096938,0.5131525397,0.0000000000,0.0198138934,0.0325962007,0.0197918247,0.0221238285,0.0000000000,-0.0768441260,0.3615235686,-0.0784410313,-0.0246763378,0.0973742753,-0.0067633870,-0.0222373027,0.0973439887,0.0006256851
15:24:57:59.290,61,0.0750123784,0.1350146532,0.0000000000,0.0000000000,0.0000000000,0.0000000000,0.0000000000,0.0749223977,0.1347403079,0.0465452000,0.0000000000,0.0000000000,0.0000000000,0.0000000000,0.0553722493,0.0000000000,0.0053392402,0.1690277159,0.1067190021,0.5250291824,0.2417245954,0.0000000000,0.0000000000,0.0000000000,0.0336029902,0.0000000000,0.0000000000,0.0158114899,0.0200579707,0.1986159086,0.1717274338,0.0000000000,0.0146698430,0.0000000000,0.0000000000,0.0000000000,0.0000000000,0.3243909776,0.3022404909,0.0498073734,0.0483840555,0.0000000000,0.0000000000,0.6199615002,0.4971908331,0.4975882173,0.0000000000,0.0216176286,0.0331715271,0.0219354872,0.0227435771,0.0000000000,-0.0783164129,0.3603356481,-0.0811231956,-0.0259891227,0.0924905762,-0.0065184403,-0.0235244222,0.0924598128,0.0004989323
15:24:58:00.291,61,0.0744374022,0.1252866238,0.0000000000,0.0000000000,0.0000000000,0.0000000000,0.0000000000,0.0743392482,0.1250296086,0.0482998043,0.0000000000,0.0000000000,0.0000000000,0.0000000000,0.0502037965,0.0000000000,0.0042978656,0.1692640632,0.1174914613,0.5410782099,0.2615160942,0.0000000000,0.0000000000,0.0000000000,0.0270590987,0.0000000000,0.0000000000,0.0151868910,0.0193068534,0.2027122527,0.1740444005,0.0000000000,0.0154823745,0.0000000000,0.0000000000,0.0000000000,0.0000000000,0.3142964244,0.2914630473,0.0433028191,0.0421306789,0.0000000000,0.0000000000,0.6073371768,0.4846313596,0.4850899279,0.0000000000,0.0230281018,0.0336526297,0.0234328751,0.0233479291,0.0000000000,-0.0800587535,0.3564575016,-0.0846040472,-0.0270098224,0.0865484029,-0.0061592963,-0.0244877283,0.0865170956,0.0004080159
15:24:58:01.294,61,0.0733566135,0.1143851578,0.0000000000,0.0000000000,0.0000000000,0.0000000000,0.0000000000,0.0732082203,0.1141657829,0.0469229631,0.0000000000,0.0000000000,0.0000000000,0.0000000000,0.0420591272,0.0000000000,0.0033815738,0.1601906419,0.1224054992,0.5555132031,0.3052597046,0.0000000000,0.0000000000,0.0000000000,0.0163247753,0.0000000000,0.0000000000,0.0144801345,0.0181272049,0.2047693431,0.1752742082,0.0000000000,0.0161621179,0.0000000000,0.0000000000,0.0000000000,0.0000000000,0.2884521484,0.2650756538,0.0382821038,0.0372195616,0.0000000000,0.0000000000,0.5705813766,0.4486258030,0.4491771758,0.0000000000,0.0239756983,0.0338351168,0.0252314806,0.0239857156,0.0000000000,-0.0813876018,0.3514711857,-0.0883245766,-0.0262717605,0.0798898414,-0.0056114257,-0.0236886032,0.0798578858,0.0004513100
15:24:58:02.294,61,0.0730594397,0.1064181179,0.0000000000,0.0000000000,0.0000000000,0.0000000000,0.0000000000,0.0728953928,0.1062272489,0.0455207713,0.0000000000,0.0000000000,0.0000000000,0.0000000000,0.0390661806,0.0000000000,0.0025199081,0.1564720124,0.1254505217,0.4937731922,0.3166684210,0.0000000000,0.0000000000,0.0000000000,0.0126374569,0.0000000000,0.0000000000,0.0138389943,0.0172637049,0.2052714080,0.1753941029,0.0000000000,0.0169044044,0.0000000000,0.0000000000,0.0000000000,0.0000000000,0.2727504671,0.2512543797,0.0336815380,0.0327706896,0.0000000000,0.0000000000,0.5564658046,0.4319076240,0.4324907064,0.0000000000,0.0287907869,0.0348030403,0.0263441913,0.0245036278,0.0000000000,-0.0826430470,0.3455756307,-0.0923598707,-0.0255071372,0.0750236288,-0.0052029151,-0.0228845626,0.0749912336,0.0004905190
15:24:58:03.297,61,0.0723587945,0.0966830179,0.0000000000,0.0000000000,0.0000000000,0.0000000000,0.0000000000,0.0721710026,0.0965365171,0.0412283316,0.0000000000,0.0000000000,0.0000000000,0.0000000000,0.0366816670,0.0000000000,0.0018247878,0.1449071765,0.1264411360,0.5272037387,0.3165063858,0.0000000000,0.0000000000,0.0000000000,0.0105051156,0.0000000000,0.0000000000,0.0130357808,0.0158397928,0.2048783749,0.1750364453,0.0000000000,0.0173598714,0.0000000000,0.0000000000,0.0000000000,0.0000000000,0.2664992213,0.2454027086,0.0316151232,0.0307249315,0.0000000000,0.0000000000,0.5225737095,0.4113756716,0.4120332897,0.0000000000,0.0315926857,0.0355200879,0.0273260213,0.0250343550,0.0000000000,-0.0836518109,0.3372856379,-0.0966351703,-0.0231186226,0.0690780357,-0.0046283496,-0.0204173177,0.0690450594,0.0006155713
15:24:58:04.298,61,0.0660139248,0.0858361423,0.0000000000,0.0000000000,0.0000000000,0.0000000000,0.0000000000,0.0658010840,0.0857199430,0.0404667780,0.0000000000,0.0000000000,0.0000000000,0.0000000000,0.0328675322,0.0000000000,0.0013513404,0.1252179146,0.1188801378,0.5542908907,0.3178552389,0.0000000000,0.0000000000,0.0000000000,0.0082185296,0.0000000000,0.0000000000,0.0115035465,0.0136426911,0.2021952868,0.1738866270,0.0000000000,0.0174799394,0.0000000000,0.0000000000,0.0000000000,0.0000000000,0.2602870464,0.2395623773,0.0304567665,0.0295250304,0.0000000000,0.0000000000,0.5081509948,0.3983142972,0.3989467621,0.0000000000,0.0331802815,0.0361381918,0.0281688012,0.0255019274,0.0000000000,-0.0853873268,0.3284571767,-0.1009050086,-0.0227158889,0.0624526627,-0.0041402993,-0.0199952293,0.0624191016,0.0005981256
15:24:58:05.300,61,0.0638715699,0.0784614161,0.0000000000,0.0000000000,0.0000000000,0.0050876685,0.0000000000,0.0636470020,0.0783544257,0.0431981385,0.0000000000,0.0000000000,0.0054241512,0.0000000000,0.0311294664,0.0000000000,0.0009027142,0.1187787503,0.1048151255,0.5628046393,0.2641115785,0.0000000000,0.0000000000,0.0000000000,0.0077463342,0.0000000000,0.0000000000,0.0105791166,0.0124759674,0.2009514719,0.1730073988,0.0000000000,0.0174359344,0.0000000000,0.0000000000,0.0000000000,0.0000000000,0.2582781017,0.2376124263,0.0300518032,0.0290188566,0.0000000000,0.0000000000,0.4905073047,0.3828620315,0.3835212886,0.0000000000,0.0353879817,0.0372898094,0.0287282560,0.0257463213,0.0000000000,-0.0876555890,0.3199471831,-0.1053058878,-0.0242694989,0.0579475611,-0.0038992122,-0.0215777140,0.0579136238,0.0004934043
15:24:58:06.301,61,0.0616966672,0.0691851303,0.0000000000,0.0000000000,0.0000000000,0.0097685931,0.0000000000,0.0614640936,0.0690959841,0.0453304574,0.0000000000,0.0000000000,0.0101394430,0.0000000000,0.0303399004,0.0000000000,0.0005049033,0.1160373539,0.1001864672,0.5384206772,0.2315149903,0.0000000000,0.0000000000,0.0000000000,0.0090676723,0.0000000000,0.0000000000,0.0099614486,0.0117398947,0.1999216378,0.1721583903,0.0000000000,0.0174755342,0.0000000000,0.0000000000,0.0000000000,0.0000000000,0.2691237032,0.2463838458,0.0299804397,0.0288457591,0.0000000000,0.0000000000,0.4808807969,0.3770003319,0.3776532710,0.0000000000,0.0373851508,0.0393481515,0.0290256701,0.0257718377,0.0000000000,-0.0904620364,0.3122302294,-0.1085338369,-0.0254885778,0.0522811152,-0.0035452512,-0.0228989813,0.0522467569,0.0004102902
15:24:58:07.303,61,0.0604427122,0.0604674034,0.0000000000,0.0000000000,0.0000000000,0.0127123008,0.0000000000,0.0601989962,0.0603973344,0.0470255204,0.0000000000,0.0000000000,0.0131098414,0.0000000000,0.0298924986,0.0000000000,0.0000864428,0.1148499548,0.0953838304,0.5351873040,0.2190847397,0.0000000000,0.0000000000,0.0000000000,0.0103901140,0.0000000000,0.0000000000,0.0095259110,0.0112575572,0.1992468983,0.1715673953,0.0000000000,0.0174046867,0.0000000000,0.0000000000,0.0000000000,0.0000000000,0.2730704844,0.2491389960,0.0303552132,0.0290660039,0.0000000000,0.0000000000,0.4744679332,0.3724778295,0.3730849922,0.0000000000,0.0394443087,0.0424156040,0.0292774066,0.0257581323,0.0000000000,-0.0932247564,0.3063566983,-0.1113876253,-0.0264586806,0.0469559580,-0.0031937219,-0.0240185838,0.0469212458,0.0003503758
15:24:58:08.304,61,0.0539133400,0.0578332879,0.0000000000,0.0000000000,0.0000000000,0.0136220548,0.0000000000,0.0535592027,0.0577776767,0.0441233367,0.0000000000,0.0000000000,0.0140261259,0.0000000000,0.0297621842,0.0000000000,0.0000000000,0.1153442636,0.0845803991,0.5352246761,0.2005543113,0.0000000000,0.0000000000,0.0000000000,0.0122519387,0.0000000000,0.0000000000,0.0092292931,0.0109879402,0.1988378465,0.1713416576,0.0000000000,0.0171880014,0.0000000000,0.0000000000,0.0000000000,0.0000000000,0.2948884070,0.2674564421,0.0340063386,0.0313369706,0.0000000000,0.0000000000,0.4688218832,0.3704111278,0.3710049689,0.0000077381,0.0398734249,0.0432232209,0.0291780420,0.0255113468,0.0000000000,-0.0956299752,0.3002956212,-0.1147955284,-0.0248281062,0.0453471318,-0.0030176018,-0.0224419609,0.0453123376,0.0004023025
15:24:58:09.306,61,0.0511649586,0.0614955127,0.0000000000,0.0000000000,0.0000000000,0.0114001129,0.0000000000,0.0507357717,0.0614403896,0.0402191021,0.0000000000,0.0000000000,0.0117652444,0.0000000000,0.0295911059,0.0000000000,0.0000000000,0.1165394410,0.0803062692,0.5381082892,0.1943545789,0.0000000000,0.0000000000,0.0000000000,0.0129693421,0.0000000000,0.0000000000,0.0089542558,0.0107965143,0.1984794140,0.1711037010,0.0000000000,0.0169123597,0.0000000000,0.0000000000,0.0000000000,0.0000000000,0.3013443947,0.2728397250,0.0366463736,0.0331987701,0.0000000000,0.0000000000,0.4670296311,0.3741143644,0.3747510314,0.0001658325,0.0373292491,0.0422368832,0.0290098228,0.0252428576,0.0000000000,-0.0970524102,0.2974432111,-0.1176975891,-0.0226231217,0.0475844815,-0.0030960364,-0.0202440042,0.0475498885,0.0004937211
15:24:58:10.307,61,0.0496324301,0.0624893606,0.0000000000,0.0000000000,0.0000000000,0.0084191747,0.0000000000,0.0491762720,0.0624390915,0.0374428965,0.0000000000,0.0000000000,0.0087415660,0.0000000000,0.0293032695,0.0000000000,0.0000000000,0.1168565005,0.0749412701,0.5498805046,0.1910014004,0.0000000000,0.0000000000,0.0000000000,0.0134450151,0.0000000000,0.0000000000,0.0086534377,0.0105974749,0.1979295760,0.1707131416,0.0000000000,0.0165300872,0.0000000000,0.0000000000,0.0000000000,0.0000000000,0.3047299087,0.2757080495,0.0402876809,0.0362797081,0.0000000000,0.0000000000,0.4654106498,0.3788980246,0.3795317411,0.0003125916,0.0349200480,0.0410571545,0.0290365387,0.0252149738,0.0000000000,-0.0977972597,0.2975458205,-0.1206553951,-0.0210577995,0.0481919013,-0.0030787445,-0.0187257882,0.0481574088,0.0005554338
15:24:58:11.309,61,0.0461936966,0.0629682690,0.0000000000,0.0000000000,0.0000000000,0.0036958302,0.0000000000,0.0457614586,0.0629228428,0.0352100022,0.0000000000,0.0000000000,0.0039656418,0.0000000000,0.0284423735,0.0000000000,0.0000000000,0.1167003438,0.0691895857,0.5996717811,0.1895798147,0.0000000000,0.0000000000,0.0000000000,0.0140666543,0.0000000000,0.0000000000,0.0083090588,0.0103381779,0.1957132518,0.1702318043,0.0000000000,0.0160471220,0.0000000000,0.0000000000,0.0000000000,0.0000000000,0.3066807985,0.2775662243,0.0445863046,0.0403282158,0.0000000000,0.0000000000,0.4553586543,0.3811852634,0.3818051219,0.0003963326,0.0319674574,0.0388112888,0.0293118507,0.0254568048,0.0000000000,-0.0982376784,0.2983891964,-0.1229512393,-0.0197993442,0.0484848209,-0.0030503585,-0.0174826719,0.0484503582,0.0006055183
15:24:58:12.311,61,0.0445404351,0.0639399290,0.0000000000,0.0000000000,0.0000000000,0.0000000000,0.0000000000,0.0441316962,0.0638939068,0.0346122161,0.0000000000,0.0000000000,0.0000000000,0.0000000000,0.0277375504,0.0000000000,0.0000000000,0.1168180704,0.0642604232,0.5973285437,0.1879943609,0.0000000000,0.0000000000,0.0000000000,0.0230720714,0.0000000000,0.0000000000,0.0080458317,0.0101672513,0.1903294921,0.1695379168,0.0000000000,0.0155519526,0.0000000000,0.0000000000,0.0000000000,0.0000000000,0.3115369678,0.2880590856,0.0482006781,0.0444708802,0.0000000000,0.0000000000,0.4465071559,0.3825476766,0.3831575811,0.0003495885,0.0294237938,0.0368332975,0.0295092221,0.0256801639,0.0000000000,-0.0981181711,0.3010809720,-0.1244752929,-0.0194611177,0.0490784608,-0.0030769533,-0.0171464905,0.0490440577,0.0006239431
15:24:58:13.312,61,0.0433624834,0.0643003285,0.0000000000,0.0000000000,0.0000000000,0.0000000000,0.0000000000,0.0429653898,0.0642554909,0.0338793993,0.0000000000,0.0000000000,0.0000000000,0.0000000000,0.0273986515,0.0000000000,0.0000000000,0.1175973639,0.0560892075,0.6324454546,0.1606324315,0.0000000000,0.0000000000,0.0000000000,0.0257852338,0.0000000000,0.0000000000,0.0078218449,0.0100233573,0.1886281669,0.1694234908,0.0000000000,0.0150820222,0.0000000000,0.0000000000,0.0000000000,0.0000000000,0.3754386008,0.3546270430,0.0578140579,0.0551411659,0.0000000000,0.0000000000,0.4358116984,0.3831510246,0.3837481737,0.0001499373,0.0252884366,0.0326461941,0.0294869877,0.0257488694,0.0000000000,-0.0982042924,0.3023186922,-0.1253048331,-0.0190477893,0.0492987484,-0.0030754181,-0.0167488307,0.0492643714,0.0006416069
15:24:58:14.315,61,0.0386031121,0.0631804690,0.0000000000,0.0000000000,0.0000000000,0.0000000000,0.0000000000,0.0383251011,0.0631380677,0.0338799134,0.0000000000,0.0000000000,0.0000000000,0.0000000000,0.0291265920,0.0000000000,0.0034882852,0.1408420354,0.0446304791,0.6720315218,0.1186841801,0.0000000000,0.0000000000,0.0000000000,0.0267863292,0.0000000000,0.0000000000,0.0076685245,0.0099600824,0.1880878061,0.1712061018,0.0000000000,0.0146819139,0.0000000000,0.0000000000,0.0000000000,0.0000000000,0.4561731517,0.4396961927,0.0819872469,0.0804097801,0.0000000000,0.0000000000,0.4277417660,0.3833580315,0.3839387596,0.0000000000,0.0196706448,0.0267552529,0.0290523283,0.0254815873,0.0000000000,-0.0988394395,0.3026459813,-0.1259661168,-0.0190498382,0.0486146584,-0.0030301425,-0.0167826824,0.0485802442,0.0006337045
15:24:58:15.316,61,0.0278120767,0.0606686883,0.0000000000,0.0000000000,0.0000000000,0.0000000000,0.0000000000,0.0276245233,0.0606313460,0.0340587981,0.0000000000,0.0000000000,0.0000000000,0.0000000000,0.0374508873,0.0000000000,0.0109554594,0.1601848006,0.0377363823,0.7566928267,0.1059184745,0.0000000000,0.0000000000,0.0000000000,0.0000000000,0.0018670373,0.0000000000,0.0074232761,0.0097956471,0.2018186152,0.1973901987,0.0000000000,0.0142706335,0.0000000000,0.0000000000,0.0000000000,0.0000000000,0.5234553218,0.5082198381,0.1052555442,0.1035223454,0.0000000000,0.0000000000,0.4223589599,0.3830777407,0.3836412430,0.0000000000,0.0140284011,0.0206680689,0.0284826942,0.0251563098,0.0000000000,-0.0999442786,0.3026580215,-0.1270888150,-0.0191544369,0.0470802747,-0.0029322968,-0.0169216394,0.0470457599,0.0006138122
15:24:58:16.317,61,0.0241541062,0.0587227829,0.0000000000,0.0000000000,0.0000000000,0.0000000000,0.0000000000,0.0240066946,0.0586871393,0.0351158120,0.0000000000,0.0000000000,0.0000000000,0.0000000000,0.0502409972,0.0000000000,0.0191758089,0.1867342889,0.0347875878,0.7825585604,0.1048792675,0.0000000000,0.0000000000,0.0000000000,0.0000000000,0.0605887771,0.0210804921,0.0070789866,0.0095079998,0.2106513977,0.2097039223,0.0000000000,0.0139404265,0.0000000000,0.0000000000,0.0000000000,0.0000000000,0.5486916304,0.5349596739,0.1141539365,0.1127317101,0.0000000000,0.0000000000,0.4185041785,0.3817814589,0.3822645247,0.0000000000,0.0104821650,0.0165390205,0.0278885495,0.0248092804,0.0000469159,-0.1011520475,0.3022874594,-0.1277651340,-0.0197527409,0.0458914377,-0.0028748251,-0.0175310336,0.0458568186,0.0005806887
15:24:58:17.319,61,0.0222184062,0.0580724180,0.0000000000,0.0000000000,0.0000000000,0.0000000000,0.0000000000,0.0220931266,0.0580366366,0.0357748382,0.0000000000,0.0000000000,0.0000000000,0.0000000000,0.0563055985,0.0000000000,0.0253297426,0.1975445151,0.0330525152,0.7961804867,0.1117887720,0.0000000000,0.0000000000,0.0000000000,0.0000000000,0.0782194734,0.0347557031,0.0066732657,0.0091601908,0.2161405683,0.2185339034,0.0000000000,0.0135378828,0.0000000000,0.0000000000,0.0000000000,0.0000000000,0.5618931055,0.5487850904,0.1255431771,0.1246161610,0.0000000000,0.0000000000,0.4108510613,0.3749819696,0.3753046095,0.0000000000,0.0083115948,0.0140803484,0.0274257865,0.0246176906,0.0003689071,-0.1020812616,0.3040240705,-0.1291930228,-0.0201249123,0.0454940610,-0.0028614069,-0.0178916696,0.0454594120,0.0005643709
15:24:58:18.320,61,0.0212557688,0.0588023439,0.0000000000,0.0000000000,0.0000000000,0.0000000000,0.0000000000,0.0211435687,0.0587664805,0.0351618789,0.0000000000,0.0000000000,0.0000000000,0.0000000000,0.0593168251,0.0000000000,0.0297522377,0.2034292966,0.0320056342,0.8081008792,0.1244754568,0.0000000000,0.0000000000,0.0000000000,0.0000000000,0.0872799903,0.0428465232,0.0061924970,0.0087375296,0.2211481780,0.2276236266,0.0000000000,0.0130323991,0.0000000000,0.0000000000,0.0000000000,0.0000000000,0.5689978600,0.5562417507,0.1406264603,0.1388175935,0.0000000000,0.0000000000,0.4026873708,0.3689621687,0.3692401052,0.0000000000,0.0068445988,0.0121453833,0.0273768678,0.0248199012,0.0020309123,-0.1024025455,0.3068518043,-0.1308067739,-0.0197785720,0.0459400788,-0.0028790114,-0.0175171196,0.0459054261,0.0005816192
15:24:58:19.322,61,0.0208711997,0.0586547442,0.0000000000,0.0000000000,0.0000000000,0.0000000000,0.0000000000,0.0207676962,0.0586191379,0.0352045447,0.0000000000,0.0000000000,0.0000000000,0.0000000000,0.0612371005,0.0000000000,0.0321692936,0.2104650885,0.0314907879,0.8138958812,0.1295152307,0.0000000000,0.0000000000,0.0000000000,0.0000000000,0.0920256823,0.0485362113,0.0057193851,0.0083113508,0.2270919681,0.2349466532,0.0000000000,0.0125208693,0.0000000000,0.0000000000,0.0000000000,0.0000000000,0.5730669498,0.5605069399,0.1468270272,0.1449120343,0.0000000000,0.0000000000,0.3978899419,0.3665145934,0.3667687178,0.0000000000,0.0056989868,0.0107296221,0.0275722537,0.0252495110,0.0035383916,-0.1015777439,0.3116325438,-0.1323764771,-0.0198028237,0.0458499193,-0.0028738382,-0.0175185259,0.0458152667,0.0005807691
15:24:58:20.324,61,0.0209337138,0.0585382953,0.0000000000,0.0000000000,0.0000000000,0.0000000000,0.0000000000,0.0208371542,0.0585022792,0.0355100259,0.0000000000,0.0000000000,0.0000000000,0.0000000000,0.0624087974,0.0000000000,0.0350994542,0.2190714777,0.0315375738,0.8294895291,0.1342199743,0.0000000000,0.0000000000,0.0000000000,0.0000000000,0.0951537117,0.0653935969,0.0052220467,0.0078246994,0.2376679480,0.2501333952,0.0000000000,0.0119909504,0.0000000000,0.0000000000,0.0000000000,0.0000000000,0.5750380754,0.5627416372,0.1500228941,0.1480023712,0.0000000000,0.0000000000,0.3955186605,0.3651618659,0.3654030263,0.0000000000,0.0047886828,0.0096503664,0.0281744506,0.0260255542,0.0034401608,-0.1008555442,0.3157874942,-0.1341786534,-0.0199750736,0.0457787998,-0.0028752289,-0.0176381953,0.0457440838,0.0005758569
15:24:58:21.325,61,0.0208424162,0.0576090440,0.0000000000,0.0000000000,0.0000000000,0.0000000000,0.0000000000,0.0207523499,0.0575754121,0.0354373790,0.0000000000,0.0000000000,0.0000000000,0.0000000000,0.0720992759,0.0000000000,0.0386402048,0.2868611217,0.0346927196,0.8064469695,0.1338864714,0.0000000000,0.0000000000,0.0000000000,0.0000000000,0.0973043591,0.0745172128,0.0048465738,0.0074243387,0.2614630163,0.2805582583,0.0000000000,0.0114674298,0.0000000000,0.0000000000,0.0000000000,0.0000000000,0.5760393143,0.5641767383,0.1495668739,0.1474468857,0.0000000000,0.0000000000,0.3986144364,0.3712097704,0.3713971376,0.0000000000,0.0040145186,0.0087507349,0.0285302699,0.0263995435,0.0030682038,-0.0998867229,0.3193087280,-0.1352848858,-0.0199354962,0.0452112257,-0.0028356907,-0.0175612532,0.0451764464,0.0005736001
15:24:58:22.327,61,0.0198119022,0.0546654873,0.0000000000,0.0000000000,0.0000000000,0.0000000000,0.0000000000,0.0197490565,0.0546403676,0.0347082280,0.0000000000,0.0000000000,0.0000000000,0.0000000000,0.1224173307,0.0000000000,0.0414770432,0.3760022819,0.0444750413,0.6994615197,0.0889339894,0.0000000000,0.0000000000,0.0000000000,0.0000000000,0.1050453261,0.0880412310,0.0046185469,0.0071293069,0.2942335606,0.3104571998,0.0000000000,0.0109180529,0.0000000000,0.0000000000,0.0000000000,0.0000000000,0.5766508579,0.5661039352,0.1320369244,0.1302621216,0.0000000000,0.0000000000,0.4145390689,0.3964383006,0.3965120614,0.0000000000,0.0032553605,0.0079425331,0.0281479228,0.0257240385,0.0014767026,-0.0985279679,0.3205599487,-0.1361380965,-0.0195288733,0.0434133485,-0.0027013633,-0.0171283856,0.0433783829,0.0005721945
15:24:58:23.328,61,0.0154915825,0.0496313833,0.0000000000,0.0000000000,0.0000000000,0.0000000000,0.0000000000,0.0154683562,0.0496189259,0.0341345184,0.0000000000,0.0000000000,0.0000000000,0.0000000000,0.1410775781,0.0000000000,0.0428886153,0.4089663923,0.0493776388,0.6705330014,0.0769882202,0.0000000000,0.0000000000,0.0000000000,0.0000000000,0.1634089947,0.1411528289,0.0042883754,0.0066998512,0.3374978304,0.3432505429,0.0000000000,0.0100587048,0.0000000000,0.0000000000,0.0000000000,0.0000000000,0.5772982836,0.5697820783,0.1272373497,0.1254967600,0.0000000000,0.0000000000,0.4290299118,0.4096209705,0.4097021222,0.0000000000,0.0024227174,0.0071693673,0.0270105340,0.0241229367,0.0000004904,-0.0973011106,0.3189375401,-0.1365716904,-0.0192121640,0.0403384306,-0.0024865225,-0.0167853571,0.0403031930,0.0005541341
15:24:58:24.330,61,0.0132271098,0.0473116450,0.0000000000,0.0000000000,0.0000000000,0.0000000000,0.0000000000,0.0132175609,0.0473053530,0.0336797647,0.0000000000,0.0000000000,0.0000000000,0.0000000000,0.1538778692,0.0000000000,0.0438385233,0.4305108190,0.0552621558,0.6117083430,0.0708069652,0.0000000000,0.0000000000,0.0000000000,0.0000000000,0.1724556237,0.1497486532,0.0041223085,0.0064116726,0.3511681557,0.3543337584,0.0000000000,0.0094091166,0.0000000000,0.0000000000,0.0000000000,0.0000000000,0.5775797367,0.5712797642,0.1188727319,0.1167083532,0.0000000000,0.0000000000,0.4419749677,0.4192073345,0.4193024337,0.0000000000,0.0017638800,0.0065436433,0.0247669742,0.0212316010,0.0000000000,-0.0967259184,0.3155339062,-0.1361466944,-0.0189587325,0.0389215387,-0.0023850864,-0.0165069774,0.0388861559,0.0005485814
15:24:58:25.332,61,0.0122177992,0.0476066768,0.0000000000,0.0000000000,0.0000000000,0.0000000000,0.0000000000,0.0122125037,0.0475999340,0.0336331986,0.0000000000,0.0000000000,0.0000000000,0.0000000000,0.1547345370,0.0000000000,0.0443351902,0.4343158305,0.0577867478,0.5943539143,0.0676499978,0.0000000000,0.0000000000,0.0000000000,0.0000000000,0.1346798837,0.1182846725,0.0040359008,0.0061919480,0.3520931602,0.3546196818,0.0000000000,0.0087951524,0.0000000000,0.0000000000,0.0000000000,0.0000000000,0.5707878470,0.5659444928,0.1139452681,0.1113605797,0.0000000000,0.0000000000,0.4461486042,0.4226242304,0.4227241278,0.0000000000,0.0012603556,0.0060895672,0.0236157812,0.0198573340,0.0000000000,-0.0960120112,0.3112338781,-0.1348665953,-0.0189321488,0.0391018279,-0.0023962420,-0.0164183341,0.0390664190,0.0005529402
15:24:58:26.333,61,0.0133754369,0.0481091551,0.0000000000,0.0000000000,0.0000000000,0.0000000000,0.0000000000,0.0133337276,0.0481023155,0.0332346410,0.0000000000,0.0000000000,0.0000000000,0.0000000000,0.1289008409,0.0000000000,0.0442606695,0.4142747521,0.0630204901,0.5844800472,0.0676267222,0.0000000000,0.0000000000,0.0000000000,0.0000000000,0.1140214801,0.0993744135,0.0041215159,0.0061451029,0.3382667303,0.3378154933,0.0000000000,0.0083156219,0.0000000000,0.0000000000,0.0000000000,0.0000000000,0.5057565570,0.4956588447,0.1050390601,0.1020493507,0.0000000000,0.0000000000,0.4421746731,0.4132405818,0.4134134054,0.0000000000,0.0011695854,0.0060729315,0.0229753274,0.0190802384,0.0000000000,-0.0955996215,0.3094067574,-0.1333663911,-0.0187069923,0.0394089520,-0.0024099373,-0.0160776600,0.0393734798,0.0005660147
15:24:58:27.335,61,0.0168937817,0.0506627150,0.0000000000,0.0000000000,0.0000000000,0.0000000000,0.0000000000,0.0168073382,0.0506469309,0.0348646156,0.0000000000,0.0000000000,0.0000000000,0.0000000000,0.1001719311,0.0000000000,0.0435467288,0.3426246941,0.0651518553,0.5330199599,0.0718662292,0.0000000000,0.0000000000,0.0000000000,0.0000000000,0.0713867024,0.0537119545,0.0043367767,0.0062518651,0.2796758413,0.2804905772,0.0000000000,0.0080064442,0.0000000000,0.0000000000,0.0000000000,0.0000000000,0.4353284836,0.4261418879,0.0969557017,0.0949336737,0.0000000000,0.0000000000,0.4324653447,0.3936496377,0.3938170671,0.0000000000,0.0020532645,0.0079928217,0.0227267575,0.0187873021,0.0000000000,-0.0945591629,0.3104948997,-0.1312437803,-0.0196222365,0.0409686416,-0.0025410748,-0.0168678425,0.0409331955,0.0005576276
15:24:58:28.337,61,0.0190160181,0.0536047406,0.0000000000,0.0000000000,0.0000000000,0.0000000000,0.0000000000,0.0188972894,0.0535792932,0.0362192169,0.0000000000,0.0000000000,0.0000000000,0.0000000000,0.0573817156,0.0000000000,0.0394600108,0.2503675222,0.0664756298,0.5184807181,0.0798818469,0.0000000000,0.0000000000,0.0000000000,0.0000000000,0.0199464168,0.0184081420,0.0045956532,0.0064324164,0.2350482345,0.2330303639,0.0000000000,0.0079504224,0.0000000000,0.0000000000,0.0000000000,0.0000000000,0.3597162664,0.3485034406,0.0815301463,0.0804966837,0.0000000000,0.0000000000,0.4241894186,0.3767667115,0.3770000637,0.0000000000,0.0079691885,0.0154892961,0.0227593761,0.0188273638,0.0000000000,-0.0926093757,0.3150020242,-0.1286303550,-0.0203815401,0.0427656136,-0.0026860437,-0.0175478496,0.0427302569,0.0005524546
15:24:58:29.338,61,0.0256694909,0.0583999045,0.0000000000,0.0000000000,0.0000000000,0.0000000000,0.0000000000,0.0255016293,0.0583648868,0.0356307700,0.0000000000,0.0000000000,0.0000000000,0.0000000000,0.0417915657,0.0000000000,0.0323241092,0.1969156414,0.0748750493,0.4776167870,0.1325059980,0.0000000000,0.0000000000,0.0000000000,0.0000000000,0.0000000000,0.0000000000,0.0047613005,0.0065133059,0.2128918320,0.2070601583,0.0000000000,0.0080697881,0.0000000000,0.0000000000,0.0000000000,0.0000000000,0.2819885314,0.2703675926,0.0585821941,0.0578429960,0.0000000000,0.0000000000,0.4121282399,0.3649706841,0.3652852178,0.0000000000,0.0145718874,0.0210857838,0.0231027249,0.0191704836,0.0000000000,-0.0905685723,0.3195897937,-0.1258384138,-0.0200432986,0.0456948392,-0.0028720191,-0.0171508119,0.0456596985,0.0005925132
15:24:58:30.339,61,0.0277414899,0.0596407428,0.0000000000,0.0000000000,0.0000000000,0.0000000000,0.0000000000,0.0275556501,0.0596105121,0.0326442197,0.0000000000,0.0000000000,0.0000000000,0.0000000000,0.0332001112,0.0000000000,0.0261457227,0.1743552238,0.0886278078,0.4972766042,0.1789232343,0.0000000000,0.0000000000,0.0000000000,0.0000000000,0.0000000000,0.0000000000,0.0048115747,0.0064792610,0.2028945982,0.1957430393,0.0000000000,0.0082686562,0.0000000000,0.0000000000,0.0000000000,0.0000000000,0.2553848624,0.2433121055,0.0489771366,0.0482357107,0.0000000000,0.0000000000,0.4037956297,0.3587316275,0.3591185808,0.0000000000,0.0178315453,0.0237258449,0.0243088230,0.0200941619,0.0000000000,-0.0885233060,0.3231321275,-0.1225890741,-0.0183591470,0.0464533865,-0.0028617033,-0.0154789230,0.0464183316,0.0006604585
15:24:58:31.341,61,0.0286305062,0.0613136329,0.0000000000,0.0000000000,0.0000000000,0.0000000000,0.0000000000,0.0284335390,0.0612866543,0.0300270971,0.0000000000,0.0000000000,0.0000000000,0.0000000000,0.0283502750,0.0000000000,0.0211784635,0.1625136733,0.0954616591,0.4995512068,0.2076970190,0.0000000000,0.0000000000,0.0000000000,0.0061327252,0.0000000000,0.0000000000,0.0047826907,0.0063836416,0.1973650604,0.1892511994,0.0000000000,0.0085097952,0.0000000000,0.0000000000,0.0000000000,0.0000000000,0.2416453660,0.2291028649,0.0438651703,0.0429696105,0.0000000000,0.0000000000,0.3995169103,0.3556351364,0.3560537994,0.0000000000,0.0196934342,0.0253553875,0.0264677685,0.0218693633,0.0000000000,-0.0871188343,0.3249032497,-0.1194268912,-0.0168825313,0.0474758968,-0.0028734757,-0.0140167838,0.0474409312,0.0007264053
15:24:58:32.342,61,0.0290295780,0.0620849766,0.0000000000,0.0000000000,0.0000000000,0.0000000000,0.0000000000,0.0288268682,0.0620607845,0.0283596031,0.0000000000,0.0000000000,0.0000000000,0.0000000000,0.0256915633,0.0000000000,0.0176722743,0.1566056311,0.1013879851,0.4951696396,0.2197265178,0.0000000000,0.0000000000,0.0000000000,0.0092502953,0.0000000000,0.0000000000,0.0047490285,0.0062954915,0.1942801923,0.1855194271,0.0000000000,0.0088186786,0.0000000000,0.0000000000,0.0000000000,0.0000000000,0.2348169535,0.2217935026,0.0409288146,0.0399852544,0.0000000000,0.0000000000,0.3974760175,0.3540806770,0.3545169830,0.0000000000,0.0210722703,0.0266022738,0.0281669609,0.0233630296,0.0000000000,-0.0859111771,0.3245089352,-0.1166912317,-0.0159421563,0.0479474850,-0.0028680521,-0.0131186163,0.0479125977,0.0007663224
15:24:58:33.344,61,0.0291584469,0.0632464513,0.0000000000,0.0000000000,0.0000000000,0.0000000000,0.0000000000,0.0289533082,0.0632224381,0.0274326429,0.0000000000,0.0000000000,0.0000000000,0.0000000000,0.0242726672,0.0000000000,0.0159741677,0.1660895646,0.1064626276,0.4749328196,0.2256207317,0.0000000000,0.0000000000,0.0000000000,0.0105758039,0.0000000000,0.0000000000,0.0047751581,0.0062880646,0.1922089905,0.1831832081,0.0000000000,0.0091647012,0.0000000000,0.0000000000,0.0000000000,0.0000000000,0.2360787988,0.2208318710,0.0392994173,0.0383280069,0.0000000000,0.0000000000,0.3965833783,0.3533745706,0.3538180292,0.0000000000,0.0225978922,0.0283327177,0.0293420572,0.0244334470,0.0000000000,-0.0851693898,0.3234326243,-0.1147341952,-0.0154183358,0.0486572310,-0.0028926623,-0.0126092220,0.0486224294,0.0007954360
15:24:58:34.345,61,0.0292831585,0.0650098696,0.0000000000,0.0000000000,0.0000000000,0.0000000000,0.0000000000,0.0290779490,0.0649810508,0.0279350784,0.0000000000,0.0000000000,0.0000000000,0.0000000000,0.0238030944,0.0000000000,0.0153247388,0.2229866236,0.1087145209,0.4523441494,0.2088057697,0.0000000000,0.0000000000,0.0000000000,0.0110290283,0.0000000000,0.0000000000,0.0049557933,0.0064640269,0.1828308553,0.1792180091,0.0000000000,0.0096072843,0.0000000000,0.0000000000,0.0000000000,0.0000000000,0.2517546415,0.2422647625,0.0386052988,0.0376408137,0.0000000000,0.0000000000,0.3961342275,0.3530316949,0.3534736037,0.0000000000,0.0236304551,0.0295142662,0.0299663506,0.0250376202,0.0000000000,-0.0849578455,0.3214865625,-0.1137303486,-0.0156986788,0.0497343242,-0.0029713002,-0.0128703332,0.0496996120,0.0007999117
15:24:58:35.347,61,0.0294131953,0.0659429505,0.0000000000,0.0000000000,0.0000000000,0.0000000000,0.0000000000,0.0292104706,0.0659091249,0.0290685352,0.0000000000,0.0000000000,0.0000000000,0.0000000000,0.0278717801,0.0000000000,0.0156807750,0.2765215635,0.1047339812,0.4450306296,0.1242680773,0.0000000000,0.0000000000,0.0000000000,0.0108035076,0.0000000000,0.0000000000,0.0053050085,0.0068099564,0.1796049923,0.1775587797,0.0000000000,0.0100809149,0.0000000000,0.0000000000,0.0000000000,0.0000000000,0.3262098432,0.3176464438,0.0406185426,0.0397614241,0.0000000000,0.0000000000,0.3957317472,0.3528835475,0.3533164263,0.0000000000,0.0240057614,0.0299994182,0.0294937175,0.0247942377,0.0000000000,-0.0853080153,0.3193767667,-0.1135434955,-0.0163356140,0.0503040142,-0.0030328243,-0.0134925516,0.0502693132,0.0007825396
15:24:58:36.349,61,0.0290693771,0.0661780685,0.0000000000,0.0000000000,0.0000000000,0.0000000000,0.0000000000,0.0288711116,0.0661430210,0.0293244477,0.0000000000,0.0000000000,0.0000000000,0.0000000000,0.0496899225,0.0000000000,0.0167658590,0.3381138444,0.0852612853,0.4267424643,0.0850549340,0.0000000000,0.0000000000,0.0000000000,0.0053444523,0.0000000000,0.0000000000,0.0058479044,0.0073440736,0.1910677701,0.1860368848,0.0000000000,0.0103834858,0.0000000000,0.0000000000,0.0000000000,0.0000000000,0.4002631009,0.3899520040,0.0456198193,0.0444499403,0.0000000000,0.0000000000,0.3954263628,0.3532457948,0.3536657095,0.0000000000,0.0215767119,0.0280574858,0.0195144936,0.0170581862,0.0000000000,-0.0858417898,0.3171972036,-0.1133536324,-0.0164793804,0.0504475422,-0.0030477643,-0.0136374272,0.0504128709,0.0007785321
15:24:58:37.350,61,0.0286711846,0.0662865713,0.0000000000,0.0000000000,0.0000000000,0.0000000000,0.0000000000,0.0284792595,0.0662540644,0.0283401590,0.0000000000,0.0000000000,0.0000000000,0.0000000000,0.0674125180,0.0000000000,0.0183868054,0.3590053320,0.0746241808,0.3918574750,0.0664951429,0.0000000000,0.0000000000,0.0000000000,0.0054145013,0.0000000000,0.0000000000,0.0070995884,0.0086461110,0.2085587829,0.2012160420,0.0000000000,0.0106598819,0.0000000000,0.0000000000,0.0000000000,0.0000000000,0.4494429231,0.4416245222,0.0497612767,0.0484665036,0.0000000000,0.0000000000,0.3923999071,0.3537468612,0.3541518748,0.0000000000,0.0171857998,0.0233219676,0.0134169580,0.0116326008,0.0000000000,-0.0863100663,0.3143181503,-0.1133274511,-0.0159248561,0.0505140908,-0.0030295511,-0.0131157273,0.0504794344,0.0008005177
15:24:58:38.352,61,0.0280889831,0.0660703033,0.0000000000,0.0000000000,0.0000000000,0.0000000000,0.0000000000,0.0279041026,0.0660404563,0.0275217444,0.0000000000,0.0000000000,0.0000000000,0.0000000000,0.0905843303,0.0000000000,0.0204231702,0.3698596060,0.0642969161,0.3760599792,0.0556336194,0.0000000000,0.0000000000,0.0000000000,0.0050754924,0.0000000000,0.0000000000,0.0083050961,0.0098951105,0.2216681540,0.2124019265,0.0000000000,0.0108890114,0.0000000000,0.0000000000,0.0000000000,0.0000000000,0.5031901002,0.4941852689,0.0545797013,0.0531242080,0.0000000000,0.0000000000,0.3895026147,0.3556501269,0.3559835255,0.0000000000,0.0119433962,0.0174699891,0.0092704324,0.0078085754,0.0000000000,-0.0860798806,0.3127043247,-0.1130565479,-0.0154642686,0.0503821708,-0.0030026247,-0.0127000511,0.0503475443,0.0008155518
15:24:58:39.354,61,0.0274648182,0.0654747561,0.0000000000,0.0000000000,0.0000000000,0.0000000000,0.0000000000,0.0272869579,0.0654478073,0.0268686078,0.0000000000,0.0000000000,0.0000000000,0.0000000000,0.1001415178,0.0000000000,0.0222407840,0.3735969067,0.0561391227,0.3673457503,0.0492458940,0.0000000000,0.0000000000,0.0000000000,0.0048872279,0.0000000000,0.0000000000,0.0091498513,0.0107388524,0.2273725122,0.2170032710,0.0000000000,0.0110338908,0.0000000000,0.0000000000,0.0000000000,0.0000000000,0.5228797197,0.5134631395,0.0597128421,0.0578216091,0.0000000000,0.0000000000,0.3880914152,0.3599832356,0.3602459133,0.0000000000,0.0083344169,0.0132527873,0.0070893494,0.0057785246,0.0000000000,-0.0856181905,0.3113387227,-0.1125932559,-0.0150973126,0.0500185005,-0.0029651362,-0.0123796053,0.0499838814,0.0008233945
15:24:58:40.355,61,0.0269917361,0.0655068085,0.0000000000,0.0000000000,0.0000000000,0.0000000000,0.0000000000,0.0268201567,0.0654793307,0.0270010289,0.0000000000,0.0000000000,0.0000000000,0.0000000000,0.1048543304,0.0000000000,0.0234868210,0.3672890365,0.0487785824,0.3544361889,0.0432190262,0.0000000000,0.0000000000,0.0000000000,0.0098902751,0.0000000000,0.0000000000,0.0098844813,0.0114621986,0.2318560034,0.2205447704,0.0000000000,0.0110379979,0.0000000000,0.0000000000,0.0000000000,0.0000000000,0.5329400897,0.5233625770,0.0642958954,0.0620204024,0.0000000000,0.0000000000,0.3869424462,0.3637310863,0.3639514148,0.0000000000,0.0056757429,0.0102687320,0.0055975388,0.0043665557,0.0000000000,-0.0847219229,0.3105054200,-0.1121113747,-0.0151718482,0.0500379838,-0.0029693339,-0.0125013888,0.0500033945,0.0008187921
15:24:58:41.356,61,0.0265120529,0.0660020709,0.0000000000,0.0000000000,0.0000000000,0.0000000000,0.0000000000,0.0263462104,0.0659731403,0.0271398462,0.0000000000,0.0000000000,0.0000000000,0.0000000000,0.1071371734,0.0000000000,0.0245644320,0.3516872823,0.0434614494,0.3473163247,0.0393258519,0.0000000000,0.0000000000,0.0000000000,0.0143043082,0.0000000000,0.0000000000,0.0104960501,0.0120574292,0.2341500372,0.2225162238,0.0000000000,0.0109310113,0.0000000000,0.0000000000,0.0000000000,0.0000000000,0.5377163291,0.5280539393,0.0686914846,0.0659677312,0.0000000000,0.0000000000,0.3861682713,0.3672515154,0.3674476445,0.0000000000,0.0038994749,0.0082228566,0.0045640846,0.0033768176,0.0000000000,-0.0839603022,0.3108332753,-0.1113634855,-0.0152492709,0.0503404252,-0.0029913373,-0.0126212370,0.0503058955,0.0008181608
15:24:58:42.358,61,0.0260103084,0.0668713748,0.0000000000,0.0000000000,0.0000000000,0.0000000000,0.0000000000,0.0258504376,0.0668414757,0.0268427934,0.0000000000,0.0000000000,0.0000000000,0.0000000000,0.1083503217,0.0000000000,0.0260301419,0.3444665372,0.0398201346,0.3430919051,0.0370035321,0.0000000000,0.0000000000,0.0000000000,0.0170977749,0.0000000000,0.0000000000,0.0109906960,0.0125280535,0.2354301214,0.2237395346,0.0000000000,0.0107648447,0.0000000000,0.0000000000,0.0000000000,0.0000000000,0.5400941968,0.5304418206,0.0726511180,0.0698620453,0.0000000000,0.0000000000,0.3857317865,0.3713615835,0.3715328276,0.0000000000,0.0025197705,0.0066957367,0.0038325673,0.0026746287,0.0000000000,-0.0832285732,0.3115635812,-0.1108096540,-0.0150806271,0.0508714654,-0.0030176435,-0.0125164399,0.0508370325,0.0008297611
15:24:58:43.360,61,0.0256716553,0.0677088350,0.0000000000,0.0000000000,0.0000000000,0.0000000000,0.0000000000,0.0255179424,0.0676783994,0.0264339820,0.0000000000,0.0000000000,0.0000000000,0.0000000000,0.1088419929,0.0000000000,0.0278766975,0.3389754891,0.0378045179,0.3414368033,0.0356814712,0.0000000000,0.0000000000,0.0000000000,0.0191089548,0.0000000000,0.0000000000,0.0113991322,0.0129109276,0.2359819859,0.2244450450,0.0000000000,0.0105738128,0.0000000000,0.0000000000,0.0000000000,0.0000000000,0.5411265492,0.5315241814,0.0764148161,0.0734064654,0.0000000000,0.0000000000,0.3856731951,0.3753028810,0.3754563928,0.0000000000,0.0015636928,0.0056544435,0.0034195469,0.0022680128,0.0000000000,-0.0824136510,0.3129283488,-0.1103168875,-0.0148490816,0.0513831116,-0.0030399638,-0.0123372860,0.0513487682,0.0008442790
15:24:58:44.362,61,0.0254652873,0.0682210624,0.0000000000,0.0000000000,0.0000000000,0.0000000000,0.0000000000,0.0253176428,0.0681914166,0.0257887077,0.0000000000,0.0000000000,0.0000000000,0.0000000000,0.1088641807,0.0000000000,0.0290568657,0.3363765180,0.0365774110,0.3411481082,0.0349332653,0.0000000000,0.0000000000,0.0000000000,0.0204491243,0.0000000000,0.0000000000,0.0117935138,0.0132802920,0.2361887842,0.2248959988,0.0000000000,0.0104032876,0.0000000000,0.0000000000,0.0000000000,0.0000000000,0.5407198668,0.5312248468,0.0782552883,0.0751632676,0.0000000000,0.0000000000,0.3858251572,0.3784079850,0.3785503209,0.0000000000,0.0008872868,0.0049284762,0.0032001613,0.0020449883,0.0000000000,-0.0816499516,0.3144833744,-0.1098356843,-0.0144848749,0.0516961552,-0.0030442288,-0.0120236725,0.0516618863,0.0008617589
15:24:58:45.363,61,0.0253097732,0.0692066476,0.0000000000,0.0000000000,0.0000000000,0.0000000000,0.0000000000,0.0251677148,0.0691780746,0.0247767568,0.0000000000,0.0000000000,0.0000000000,0.0000000000,0.1085589826,0.0000000000,0.0298403036,0.3348969519,0.0358098447,0.3424684107,0.0345662721,0.0000000000,0.0000000000,0.0000000000,0.0212956313,0.0000000000,0.0000000000,0.0121510811,0.0136194006,0.2362934202,0.2251781076,0.0000000000,0.0102313561,0.0000000000,0.0000000000,0.0000000000,0.0000000000,0.5381075740,0.5278629065,0.0794630200,0.0763231665,0.0000000000,0.0000000000,0.3861797154,0.3800418377,0.3801809251,0.0000000000,0.0003373477,0.0043618055,0.0030505052,0.0018964958,0.0000000000,-0.0810494870,0.3157165349,-0.1095688194,-0.0139134228,0.0522985309,-0.0030572647,-0.0114885336,0.0522643328,0.0008930569
15:24:58:46.364,61,0.0253305770,0.0701345503,0.0000000000,0.0000000000,0.0000000000,0.0000000000,0.0000000000,0.0251927413,0.0701063424,0.0240751319,0.0000000000,0.0000000000,0.0000000000,0.0000000000,0.1075162590,0.0000000000,0.0301470794,0.3331533670,0.0352809876,0.3483154476,0.0345030949,0.0000000000,0.0000000000,0.0000000000,0.0219858289,0.0000000000,0.0000000000,0.0124515919,0.0139255589,0.2363954633,0.2252387255,0.0000000000,0.0100391470,0.0000000000,0.0000000000,0.0000000000,0.0000000000,0.5329722166,0.5195973516,0.0804001018,0.0772014782,0.0000000000,0.0000000000,0.3862839937,0.3807750046,0.3809166551,0.0000000000,0.0000000000,0.0039434964,0.0029630715,0.0018443292,0.0000000000,-0.0805296749,0.3164035082,-0.1091049984,-0.0135168321,0.0528656058,-0.0030749668,-0.0111044990,0.0528314635,0.0009179777
15:24:58:47.367,61,0.0257330369,0.0709290504,0.0000000000,0.0000000000,0.0000000000,0.0000000000,0.0000000000,0.0255986881,0.0709011629,0.0235015675,0.0000000000,0.0000000000,0.0000000000,0.0000000000,0.1052861884,0.0000000000,0.0301662739,0.3308620453,0.0350078344,0.3729882240,0.0348523892,0.0000000000,0.0000000000,0.0000000000,0.0222505573,0.0000000000,0.0000000000,0.0126505326,0.0141457915,0.2366667241,0.2253525853,0.0000000000,0.0097868778,0.0000000000,0.0000000000,0.0000000000,0.0000000000,0.5197151303,0.5042814016,0.0813000798,0.0780492947,0.0000000000,0.0000000000,0.3860625327,0.3797579408,0.3799265623,0.0000000000,0.0000000000,0.0037845245,0.0029854777,0.0019244852,0.0000000000,-0.0798806772,0.3169959486,-0.1083361506,-0.0131925680,0.0533511750,-0.0030904326,-0.0107718538,0.0533170775,0.0009398287
15:24:58:48.368,61,0.0262313113,0.0715121999,0.0000000000,0.0000000000,0.0000000000,0.0000000000,0.0000000000,0.0261001047,0.0714849532,0.0229647439,0.0000000000,0.0000000000,0.0000000000,0.0000000000,0.1008870676,0.0000000000,0.0298936293,0.3298777044,0.0353262872,0.3984705210,0.0408884212,0.0000000000,0.0000000000,0.0000000000,0.0226482432,0.0000000000,0.0000000000,0.0128047820,0.0143472264,0.2367633432,0.2252411991,0.0000000000,0.0095901191,0.0000000000,0.0000000000,0.0000000000,0.0000000000,0.4951503873,0.4790125489,0.0819132254,0.0786767825,0.0000000000,0.0000000000,0.3859123588,0.3772566915,0.3774656951,0.0000000000,0.0000000000,0.0040351623,0.0031955983,0.0022306612,0.0000000000,-0.0796712860,0.3174682856,-0.1077331454,-0.0128893256,0.0537076443,-0.0030987379,-0.0104567036,0.0536735728,0.0009591773
15:24:58:49.370,61,0.0271524098,0.0726371557,0.0000000000,0.0000000000,0.0000000000,0.0000000000,0.0000000000,0.0270336717,0.0726103485,0.0222135819,0.0000000000,0.0000000000,0.0000000000,0.0000000000,0.0929285735,0.0000000000,0.0294929948,0.3294340074,0.0428058803,0.4310188293,0.0669187382,0.0000000000,0.0000000000,0.0000000000,0.0226102974,0.0000000000,0.0000000000,0.0128649781,0.0144741032,0.2364578694,0.2249108553,0.0000000000,0.0094799595,0.0000000000,0.0000000000,0.0000000000,0.0000000000,0.4573169649,0.4423644841,0.0820906535,0.0789308399,0.0000000000,0.0000000000,0.3857280612,0.3724816144,0.3727376461,0.0000000000,0.0001288910,0.0045960108,0.0037055463,0.0028495842,0.0000000000,-0.0791849345,0.3184661865,-0.1073138490,-0.0124645196,0.0543952249,-0.0031212540,-0.0100032408,0.0543611795,0.0009902777
15:24:58:50.371,61,0.0278795771,0.0733782426,0.0000000000,0.0000000000,0.0000000000,0.0000000000,0.0000000000,0.0277635548,0.0733524412,0.0215100031,0.0000000000,0.0000000000,0.0000000000,0.0000000000,0.0763213187,0.0000000000,0.0276654791,0.3235054910,0.0514680706,0.5031899214,0.0834508389,0.0000000000,0.0000000000,0.0000000000,0.0220193416,0.0000000000,0.0000000000,0.0128229707,0.0145155163,0.2334462851,0.2219602019,0.0000000000,0.0094475877,0.0000000000,0.0000000000,0.0000000000,0.0000000000,0.4142687917,0.3935832083,0.0820871368,0.0790129229,0.0000000000,0.0000000000,0.3858724236,0.3677254617,0.3680389822,0.0000000000,0.0018020089,0.0083984714,0.0062197391,0.0062861107,0.0000000000,-0.0785051510,0.3198754191,-0.1069777459,-0.0120671354,0.0548482947,-0.0031305051,-0.0095713567,0.0548142716,0.0010170818
15:24:58:51.373,61,0.0280195195,0.0733326003,0.0000000000,0.0000000000,0.0000000000,0.0000000000,0.0000000000,0.0279039927,0.0733105093,0.0203760043,0.0000000000,0.0000000000,0.0000000000,0.0000000000,0.0709028691,0.0000000000,0.0253727846,0.3056329787,0.0546815917,0.5414770842,0.0951223150,0.0000000000,0.0000000000,0.0000000000,0.0023388951,0.0000000000,0.0000000000,0.0125753684,0.0143857589,0.2316038609,0.2200749218,0.0000000000,0.0094421580,0.0000000000,0.0000000000,0.0000000000,0.0000000000,0.4058228731,0.3848868608,0.0823810846,0.0794184357,0.0000000000,0.0000000000,0.3855586946,0.3645556867,0.3649107516,0.0000000000,0.0024378214,0.0097033549,0.0085958876,0.0098248236,0.0000000000,-0.0775659680,0.3210618198,-0.1069048271,-0.0114286430,0.0548209362,-0.0031002697,-0.0089062173,0.0547868907,0.0010464368
15:24:58:52.375,61,0.0268884804,0.0717307031,0.0000000000,0.0000000000,0.0000000000,0.0000000000,0.0000000000,0.0267703328,0.0717132837,0.0197129361,0.0000000000,0.0000000000,0.0000000000,0.0000000000,0.0684075952,0.0000000000,0.0226371419,0.3334382176,0.0672776327,0.5629628897,0.1180703491,0.0000000000,0.0000000000,0.0000000000,0.0000000000,0.0185715221,0.0000000000,0.0122905485,0.0142234005,0.2313481867,0.2196862549,0.0000000000,0.0096111940,0.0000000000,0.0000000000,0.0000000000,0.0000000000,0.4132613540,0.3890393972,0.0822100416,0.0793188214,0.0000000000,0.0000000000,0.3852357864,0.3632532656,0.3636230230,0.0000000000,0.0025345422,0.0101789692,0.0096967984,0.0113118058,0.0000000000,-0.0761382282,0.3226933777,-0.1069285721,-0.0110577941,0.0538426153,-0.0030265769,-0.0085344892,0.0538084805,0.0010456113
15:24:58:53.376,61,0.0232519414,0.0683987066,0.0000000000,0.0000000000,0.0000000000,0.0000000000,0.0000000000,0.0231348835,0.0683843121,0.0205245838,0.0000000000,0.0000000000,0.0000000000,0.0000000000,0.0747019425,0.0000000000,0.0175817478,0.4276457429,0.0922030360,0.5027779341,0.1251821816,0.0000000000,0.0000000000,0.0000000000,0.0000000000,0.0402620770,0.0073756808,0.0120144933,0.0140784904,0.2468427867,0.2305088639,0.0000000000,0.0097455261,0.0000000000,0.0000000000,0.0000000000,0.0000000000,0.4126790464,0.3870891333,0.0790239498,0.0764401406,0.0000000000,0.0000000000,0.3854777217,0.3634007871,0.3637639582,0.0000000000,0.0022137822,0.0102094999,0.0100056296,0.0118251871,0.0000000000,-0.0753600597,0.3232361972,-0.1071674675,-0.0115199722,0.0518067293,-0.0029271415,-0.0089926068,0.0517724231,0.0009900701
15:24:58:54.377,61,0.0188658219,0.0649853572,0.0000000000,0.0000000000,0.0000000000,0.0000000000,0.0000000000,0.0187954195,0.0649719909,0.0221762136,0.0000000000,0.0000000000,0.0000000000,0.0000000000,0.0796592012,0.0000000000,0.0131574748,0.4774453342,0.1017336324,0.4747211039,0.1261037588,0.0000000000,0.0000000000,0.0000000000,0.0000000000,0.0490791053,0.0161201898,0.0118998969,0.0141055509,0.2624962330,0.2422235608,0.0000000000,0.0098287333,0.0000000000,0.0000000000,0.0000000000,0.0000000000,0.4121498764,0.3854955435,0.0749793649,0.0726020858,0.0000000000,0.0000000000,0.3865519166,0.3678120375,0.3681358993,0.0000000000,0.0016142828,0.0099805389,0.0096899047,0.0116344132,0.0000000000,-0.0761841536,0.3212947547,-0.1075791791,-0.0124551952,0.0497208685,-0.0028416675,-0.0099346004,0.0496863723,0.0009163372
15:24:58:55.379,61,0.0151830809,0.0609605387,0.0000000000,0.0000000000,0.0000000000,0.0000000000,0.0000000000,0.0151482392,0.0609498024,0.0238168444,0.0000000000,0.0000000000,0.0000000000,0.0000000000,0.0830438212,0.0000000000,0.0109466258,0.5218895674,0.1064872518,0.4641470015,0.1208109558,0.0000000000,0.0000000000,0.0000000000,0.0000000000,0.0542005636,0.0213807561,0.0118397977,0.0141626997,0.2948834002,0.2733616233,0.0000000000,0.0097804880,0.0000000000,0.0000000000,0.0000000000,0.0000000000,0.4123792052,0.3851424456,0.0730449855,0.0707685947,0.0000000000,0.0000000000,0.3903067410,0.3739589751,0.3742417395,0.0000000000,0.0000000000,0.0094826622,0.0088867694,0.0110294726,0.0000016937,-0.0777993500,0.3182073236,-0.1078219339,-0.0133849680,0.0472615547,-0.0027294634,-0.0108749149,0.0472268611,0.0008408119
15:24:58:56.381,61,0.0127319936,0.0565995239,0.0000000000,0.0000000000,0.0000000000,0.0000000000,0.0000000000,0.0127159925,0.0565921180,0.0256636664,0.0000000000,0.0000000000,0.0000000000,0.0000000000,0.0865539089,0.0000000000,0.0095282644,0.5415176153,0.1087961718,0.4584184885,0.1095769107,0.0000000000,0.0000000000,0.0000000000,0.0000000000,0.0572547391,0.0243678018,0.0118673956,0.0142834578,0.3162446618,0.2929257751,0.0000000000,0.0096472418,0.0000000000,0.0000000000,0.0000000000,0.0000000000,0.4186796844,0.3888055384,0.0717737749,0.0695439205,0.0000000000,0.0000000000,0.3921205401,0.3781055212,0.3783691227,0.0000000000,0.0000000000,0.0088325143,0.0080766827,0.0103469556,0.0000078415,-0.0795367435,0.3145450950,-0.1081503406,-0.0144311339,0.0445969179,-0.0026041016,-0.0119333882,0.0445619971,0.0007628441
15:24:58:57.381,61,0.0111919586,0.0540487021,0.0000000000,0.0000000000,0.0000000000,0.0000000000,0.0000000000,0.0111854374,0.0540440492,0.0265397485,0.0000000000,0.0000000000,0.0000000000,0.0000000000,0.0905817226,0.0000000000,0.0085182441,0.5511581302,0.1095783412,0.4494444728,0.0980961621,0.0000000000,0.0000000000,0.0000000000,0.0000000000,0.0587858781,0.0257396922,0.0120476820,0.0145507343,0.3268482685,0.3021030426,0.0000000000,0.0095163314,0.0000000000,0.0000000000,0.0000000000,0.0000000000,0.4336437583,0.4032049775,0.0707569122,0.0685678869,0.0000000000,0.0000000000,0.3956404626,0.3835937679,0.3838531673,0.0000000000,0.0000000000,0.0081525985,0.0069855279,0.0094509879,0.0000071577,-0.0812231302,0.3116528988,-0.1081158817,-0.0149279088,0.0430384390,-0.0025244106,-0.0124384724,0.0430033877,0.0007236284
15:24:58:58.383,61,0.0101526426,0.0527015142,0.0000000000,0.0000000000,0.0000000000,0.0000000000,0.0000000000,0.0101503022,0.0526981540,0.0270979460,0.0000000000,0.0000000000,0.0000000000,0.0000000000,0.0973055735,0.0000000000,0.0076377578,0.5555713773,0.1067583337,0.4336725473,0.0878583416,0.0000000000,0.0000000000,0.0000000000,0.0000000000,0.0594299212,0.0259750094,0.0122423060,0.0148404073,0.3326970637,0.3068506718,0.0000000000,0.0092949439,0.0000000000,0.0000000000,0.0000000000,0.0000000000,0.4486543536,0.4189808965,0.0701899007,0.0680285320,0.0000000000,0.0000000000,0.3968036771,0.3858485520,0.3861055076,0.0000000000,0.0000000000,0.0074751065,0.0061442284,0.0087064281,0.0000015983,-0.0820763558,0.3101080954,-0.1084604934,-0.0152440630,0.0422153287,-0.0024834326,-0.0127610993,0.0421802253,0.0007017544
15:24:58:59.385,61,0.0093849963,0.0517923981,0.0000000000,0.0000000000,0.0000000000,0.0000000000,0.0000000000,0.0093843332,0.0517915562,0.0267686285,0.0000000000,0.0000000000,0.0000000000,0.0000000000,0.1076648682,0.0000000000,0.0070901630,0.5403542519,0.1013418883,0.4279541969,0.0813603327,0.0000000000,0.0000000000,0.0000000000,0.0000000000,0.0598725192,0.0258182250,0.0123789255,0.0150652062,0.3356868923,0.3093539476,0.0000000000,0.0089604957,0.0000000000,0.0000000000,0.0000000000,0.0000000000,0.4609234631,0.4347245097,0.0701274276,0.0680049211,0.0000000000,0.0000000000,0.3969137073,0.3868364692,0.3870913684,0.0000000000,0.0000000000,0.0068421951,0.0053601465,0.0079929996,0.0000000000,-0.0826944336,0.3098377883,-0.1091411188,-0.0150596313,0.0416600704,-0.0024429108,-0.0125675136,0.0416249037,0.0007003137
15:24:59:00.387,61,0.0088197840,0.0510420129,0.0000000000,0.0000000000,0.0000000000,0.0000000000,0.0000000000,0.0088191424,0.0510448590,0.0257509444,0.0000000000,0.0000000000,0.0000000000,0.0000000000,0.1157756969,0.0000000000,0.0069692191,0.5231499076,0.0919769704,0.4221072197,0.0746551678,0.0000000000,0.0000000000,0.0000000000,0.0000000000,0.0600819811,0.0252545439,0.0125140846,0.0152780088,0.3370795548,0.3105523288,0.0000000000,0.0086137494,0.0000000000,0.0000000000,0.0000000000,0.0000000000,0.4821665585,0.4624275267,0.0703287274,0.0682975873,0.0000000000,0.0000000000,0.3969164789,0.3874290884,0.3876824975,0.0000000000,0.0000000000,0.0062504821,0.0045814533,0.0072773015,0.0000000000,-0.0834269673,0.3101800084,-0.1097538546,-0.0144871734,0.0412019379,-0.0023965230,-0.0119908052,0.0411667340,0.0007119690
15:24:59:01.389,61,0.0085816756,0.0511796698,0.0000000000,0.0000000000,0.0000000000,0.0000000000,0.0000000000,0.0085769035,0.0511839576,0.0249772780,0.0000000000,0.0000000000,0.0000000000,0.0000000000,0.1189934239,0.0000000000,0.0073026503,0.4557438493,0.0690379366,0.3973825872,0.0605235845,0.0000000000,0.0000000000,0.0000000000,0.0000000000,0.0573027842,0.0186370742,0.0127139417,0.0155185927,0.3259371221,0.2994531989,0.0000000000,0.0083060032,0.0000000000,0.0000000000,0.0000000000,0.0000000000,0.5012481809,0.4829947054,0.0708474144,0.0694510862,0.0000000000,0.0000000000,0.3968313336,0.3876659870,0.3879185021,0.0000000000,0.0000000000,0.0056847874,0.0038081084,0.0065583060,0.0000000000,-0.0834664702,0.3097410202,-0.1105630100,-0.0140511356,0.0412862338,-0.0023880869,-0.0115466751,0.0412510335,0.0007270725
15:24:59:02.390,61,0.0085720588,0.0516701080,0.0000000000,0.0000000000,0.0000000000,0.0000000000,0.0000000000,0.0085616456,0.0516769737,0.0234069675,0.0000000000,0.0000000000,0.0000000000,0.0000000000,0.1204859912,0.0000000000,0.0093029877,0.3986976743,0.0503041595,0.3653107882,0.0428914875,0.0000000000,0.0000000000,0.0000000000,0.0000000000,0.0380412862,0.0113354810,0.0129243350,0.0157301407,0.3079963624,0.2829984128,0.0000000000,0.0079917442,0.0000000000,0.0000000000,0.0000000000,0.0000000000,0.5163154602,0.4994508326,0.0741187111,0.0733191594,0.0000000000,0.0000000000,0.3969849646,0.3880878687,0.3883373439,0.0000000000,0.0000000000,0.0050689261,0.0030194961,0.0057925396,0.0000000000,-0.0824596062,0.3082553446,-0.1112322658,-0.0131658688,0.0415862575,-0.0023785157,-0.0106577333,0.0415510833,0.0007595936
15:24:59:03.392,61,0.0110243531,0.0555405878,0.0000000000,0.0000000000,0.0000000000,0.0000000000,0.0000000000,0.0109703699,0.0555504411,0.0192458015,0.0000000000,0.0000000000,0.0000000000,0.0000000000,0.1139887571,0.0000000000,0.0154923443,0.3059811592,0.0330953151,0.3378220201,0.0323452130,0.0000000000,0.0000000000,0.0000000000,0.0120033203,0.0000000000,0.0000000000,0.0130613744,0.0158215370,0.2420446724,0.2237062901,0.0000000000,0.0077427574,0.0000000000,0.0000000000,0.0000000000,0.0000000000,0.5224099755,0.5067031980,0.0822146982,0.0808298886,0.0000000000,0.0000000000,0.3965206742,0.3881300092,0.3883746862,0.0000000000,0.0000000000,0.0044423486,0.0025003483,0.0052626124,0.0000000000,-0.0808061510,0.3062199652,-0.1117872149,-0.0108170435,0.0439520180,-0.0024416612,-0.0083263107,0.0439170524,0.0008759504
15:24:59:04.393,61,0.0206159521,0.0639589801,0.0000000000,0.0000000000,0.0000000000,0.0000000000,0.0000000000,0.0205010641,0.0639676973,0.0146916751,0.0000000000,0.0000000000,0.0000000000,0.0000000000,0.1044414416,0.0000000000,0.0201628264,0.2634911835,0.0240921415,0.2772970498,0.0238302015,0.0000000000,0.0000000000,0.0356126130,0.0620633811,0.0000000000,0.0000000000,0.0135856345,0.0162649695,0.2012270689,0.1880197823,0.0000000000,0.0079046870,0.0000000000,0.0000000000,0.0000000000,0.0000000000,0.5259141922,0.5107139945,0.0847438052,0.0832094699,0.0000000000,0.0000000000,0.3953748643,0.3878294528,0.3880681396,0.0000000000,0.0000000000,0.0039617009,0.0020388355,0.0047212252,0.0000000000,-0.0780880302,0.3045206070,-0.1119979247,-0.0082411058,0.0490967780,-0.0026396706,-0.0058048535,0.0490623042,0.0010675009
15:24:59:05.394,61,0.0405800678,0.0771543011,0.0000000000,0.0000000000,0.0000000000,0.0000000000,0.0000000000,0.0403546430,0.0771554410,0.0113578225,0.0000000000,0.0000000000,0.0000000000,0.0000000000,0.0691902339,0.0000000000,0.0224141479,0.1804238707,0.0184307992,0.2639610767,0.0200395789,0.0000000000,0.0000000000,0.0729566440,0.0878095552,0.0000000000,0.0000000000,0.0141748069,0.0167769771,0.1655342877,0.1565660238,0.0000000000,0.0081875045,0.0000000000,0.0000000000,0.0000000000,0.0000000000,0.4886891246,0.4719070494,0.0861215293,0.0843726173,0.0000000000,0.0000000000,0.3867775202,0.3740581572,0.3743354380,0.0000000000,0.0000000000,0.0037882240,0.0019628666,0.0045202393,0.0000000000,-0.0748039186,0.3033587337,-0.1124076396,-0.0063447468,0.0571602434,-0.0029978736,-0.0039289054,0.0571264774,0.0013221620
15:24:59:06.396,61,0.0482151285,0.0871458575,0.0000000000,0.0000000000,0.0000000000,0.0000000000,0.0000000000,0.0479492731,0.0871391147,0.0101039829,0.0000000000,0.0000000000,0.0000000000,0.0000000000,0.0582926907,0.0000000000,0.0236029793,0.1532776505,0.0143250814,0.2644094229,0.0175791103,0.0000000000,0.0000000000,0.1161957458,0.1201614887,0.0000000000,0.0000000000,0.0148650371,0.0173865370,0.1511316448,0.1419782192,0.0000000000,0.0085031241,0.0000000000,0.0000000000,0.0000000000,0.0000000000,0.4597994387,0.4397943318,0.0870151222,0.0849675387,0.0000000000,0.0000000000,0.3792042434,0.3555583060,0.3559347391,0.0000000000,0.0000000000,0.0045603332,0.0021670749,0.0045963549,0.0000000000,-0.0724746138,0.3048418462,-0.1122644618,-0.0056225881,0.0632656366,-0.0032869717,-0.0031932741,0.0632324144,0.0014987487
15:24:59:07.398,61,0.0518935248,0.0918828323,0.0000000000,0.0000000000,0.0000000000,0.0000000000,0.0000000000,0.0516070947,0.0918716043,0.0097837243,0.0000000000,0.0000000000,0.0000000000,0.0000000000,0.0525917150,0.0000000000,0.0240388606,0.1392232776,0.0116237318,0.2603556514,0.0137597304,0.0000000000,0.0000000000,0.1453843713,0.1469461173,0.0000000000,0.0000000000,0.0173855945,0.0195279438,0.1435471326,0.1340180933,0.0000000000,0.0089731151,0.0000000000,0.0000000000,0.0000000000,0.0000000000,0.4461789429,0.4246250391,0.0873425528,0.0849809945,0.0000000000,0.0000000000,0.3753131330,0.3446611464,0.3450605571,0.0000000000,0.0043554739,0.0076592267,0.0022476476,0.0045703086,0.0000000000,-0.0705976412,0.3078292310,-0.1114341319,-0.0054339878,0.0661600381,-0.0034296501,-0.0030190349,0.0661270618,0.0015758368
15:24:59:08.399,61,0.0537351817,0.0954455286,0.0000000000,0.0000000000,0.0000000000,0.0000000000,0.0000000000,0.0534352437,0.0954296887,0.0098629594,0.0000000000,0.0000000000,0.0000000000,0.0000000000,0.0497990064,0.0000000000,0.0239432082,0.1322741657,0.0099535203,0.2246716470,0.0088894023,0.0000000000,0.0000000000,0.1701931953,0.1696768105,0.0000000000,0.0000000000,0.0218175165,0.0239507370,0.1396569610,0.1298030019,0.0000000000,0.0095873727,0.0000000000,0.0000000000,0.0000000000,0.0000000000,0.4399859607,0.4176580012,0.0873382986,0.0846684575,0.0000000000,0.0000000000,0.3734485805,0.3394429982,0.3398601711,0.0000000000,0.0092927972,0.0119880214,0.0022299844,0.0044560903,0.0000000000,-0.0691825449,0.3111079037,-0.1105422750,-0.0054720268,0.0683366954,-0.0035467560,-0.0030680746,0.0683039203,0.0016239792
15:24:59:09.401,61,0.0547187515,0.0992332101,0.0000000000,0.0000000000,0.0000000000,0.0000000000,0.0000000000,0.0544078387,0.0992155522,0.0092194956,0.0000000000,0.0000000000,0.0000000000,0.0000000000,0.0484416038,0.0000000000,0.0236442629,0.1291152835,0.0088909818,0.2147068381,0.0059033465,0.0000000000,0.0000000000,0.1973222941,0.1930922717,0.0000000000,0.0000000000,0.0259603336,0.0280687381,0.1374062002,0.1271771044,0.0000000000,0.0104040345,0.0000000000,0.0000000000,0.0000000000,0.0000000000,0.4363431334,0.4135137200,0.0871366784,0.0841693655,0.0000000000,0.0000000000,0.3729252517,0.3368861079,0.3373132348,0.0000000000,0.0177680477,0.0207963716,0.0024208059,0.0045477226,0.0000000000,-0.0682696030,0.3142760098,-0.1093696058,-0.0051027387,0.0706513971,-0.0036466396,-0.0027095284,0.0706188232,0.0016998798
15:24:59:10.403,61,0.0551535636,0.1011357829,0.0000000000,0.0000000000,0.0000000000,0.0000000000,0.0000000000,0.0548342131,0.1011204571,0.0082046445,0.0000000000,0.0000000000,0.0000000000,0.0000000000,0.0478517003,0.0000000000,0.0234371964,0.1294269860,0.0081332121,0.2099514157,0.0041657691,0.0000000000,0.0000000000,0.2137690485,0.2126872838,0.0000000000,0.0000000000,0.0286912154,0.0308517199,0.1358558387,0.1248858571,0.0000000000,0.0111424047,0.0000000000,0.0000000000,0.0000000000,0.0000000000,0.4347271323,0.4118578732,0.0870866850,0.0838817880,0.0000000000,0.0000000000,0.3755631745,0.3363755345,0.3368145525,0.0000000000,0.0268579181,0.0305338912,0.0029569955,0.0049965060,0.0000000000,-0.0673743784,0.3157837689,-0.1082640812,-0.0045280606,0.0718147829,-0.0036721448,-0.0020928513,0.0717822835,0.0017656614
15:24:59:11.404,61,0.0553573407,0.1029788479,0.0000000000,0.0000000000,0.0000000000,0.0000000000,0.0000000000,0.0550339632,0.1029630825,0.0078978548,0.0000000000,0.0000000000,0.0000000000,0.0000000000,0.0477877781,0.0000000000,0.0233208500,0.1331894845,0.0075536347,0.2146171033,0.0029744473,0.0000000000,0.0000000000,0.2204373777,0.2204137146,0.0000000000,0.0000000000,0.0302155241,0.0323969088,0.1349042058,0.1235874668,0.0000000000,0.0117850741,0.0000000000,0.0000000000,0.0000000000,0.0000000000,0.4365649521,0.4172672033,0.0872889906,0.0838943645,0.0000000000,0.0000000000,0.3837471604,0.3406202197,0.3410504460,0.0000000000,0.0318040214,0.0362359062,0.0040652906,0.0058970847,0.0000000000,-0.0665100142,0.3152832687,-0.1074653715,-0.0043518431,0.0729413107,-0.0037195201,-0.0018476415,0.0729088634,0.0018085666
15:24:59:12.406,61,0.0553225018,0.1031249687,0.0000000000,0.0000000000,0.0000000000,0.0000000000,0.0000000000,0.0549985543,0.1031085998,0.0080168964,0.0000000000,0.0000000000,0.0000000000,0.0000000000,0.0481106900,0.0000000000,0.0230317377,0.1475225389,0.0072592720,0.2205524445,0.0021772156,0.0000000000,0.0000000000,0.2113158703,0.2209559083,0.0000000000,0.0000000000,0.0311873332,0.0334291384,0.1349877417,0.1233149245,0.0000000000,0.0123323556,0.0000000000,0.0000000000,0.0000000000,0.0000000000,0.4416143000,0.4233539999,0.0873964801,0.0839079693,0.0000000000,0.0000000000,0.3960004449,0.3500224054,0.3504338861,0.0000000000,0.0339964889,0.0387738384,0.0048108809,0.0066212881,0.0000000000,-0.0661891103,0.3134757578,-0.1067619994,-0.0044185221,0.0730305463,-0.0037283413,-0.0018867571,0.0729980841,0.0018082962
15:24:59:13.407,61,0.0550752953,0.1032043844,0.0000000000,0.0000000000,0.0000000000,0.0000000000,0.0000000000,0.0547518991,0.1031868905,0.0082581462,0.0000000000,0.0000000000,0.0000000000,0.0000000000,0.0506303832,0.0000000000,0.0225934293,0.1658164710,0.0070425421,0.2264964283,0.0016709905,0.0000000000,0.0000000000,0.1617809087,0.1886056662,0.0000000000,0.0000000000,0.0316994935,0.0340312272,0.1432747692,0.1274866462,0.0000000000,0.0126882363,0.0000000000,0.0000000000,0.0000000000,0.0000000000,0.4605145752,0.4412476718,0.0877979472,0.0842986479,0.0000000000,0.0000000000,0.4147507846,0.3615556955,0.3619394302,0.0000000000,0.0346534550,0.0397268236,0.0053103045,0.0071665850,0.0000000000,-0.0663353279,0.3122809231,-0.1062140912,-0.0045540743,0.0730788633,-0.0037393996,-0.0020165853,0.0730464160,0.0018012886
15:24:59:14.408,61,0.0545625575,0.1032065153,0.0000000000,0.0000000000,0.0000000000,0.0000000000,0.0000000000,0.0542406067,0.1031883210,0.0084091881,0.0000000000,0.0000000000,0.0000000000,0.0000000000,0.0576882064,0.0000000000,0.0220727138,0.1821733862,0.0068403832,0.2282388508,0.0011480822,0.0000000000,0.0000000000,0.1480631828,0.1788315326,0.0000000000,0.0000000000,0.0320674069,0.0344890542,0.1574026048,0.1374639273,0.0000000000,0.0130005274,0.0000000000,0.0000000000,0.0000000000,0.0000000000,0.4852969646,0.4650804102,0.0879352838,0.0844923034,0.0000000000,0.0000000000,0.4451633692,0.3787933886,0.3791313171,0.0000000000,0.0324925147,0.0386440307,0.0052846763,0.0072159357,0.0000000000,-0.0669985339,0.3114036620,-0.1057587788,-0.0046390332,0.0730800107,-0.0037448220,-0.0021078456,0.0730475858,0.0017955558
15:24:59:15.411,61,0.0540158823,0.1042778194,0.0000000000,0.0000000000,0.0000000000,0.0000000000,0.0000000000,0.0536957942,0.1042599902,0.0080800066,0.0000000000,0.0000000000,0.0000000000,0.0000000000,0.0616624951,0.0000000000,0.0215708911,0.1884446889,0.0066135572,0.2287337929,0.0006609158,0.0000000000,0.0000000000,0.1394918859,0.1711223572,0.0000000000,0.0000000000,0.0322669558,0.0347741172,0.1661272496,0.1453095078,0.0000000000,0.0132251950,0.0000000000,0.0000000000,0.0000000000,0.0000000000,0.4936642945,0.4734002948,0.0878993571,0.0845818296,0.0000000000,0.0000000000,0.4843202233,0.4063399136,0.4066316485,0.0000000000,0.0283566620,0.0353009738,0.0049567916,0.0069974740,0.0000000000,-0.0675086081,0.3106993735,-0.1056175083,-0.0044517182,0.0737349316,-0.0037669470,-0.0018942151,0.0737025365,0.0018251388
15:24:59:16.411,61,0.0536626540,0.1080840006,0.0000000000,0.0000000000,0.0000000000,0.0000000000,0.0000000000,0.0533441529,0.1080698445,0.0063958778,0.0000000000,0.0000000000,0.0000000000,0.0000000000,0.0634468868,0.0000000000,0.0207039900,0.1915190816,0.0065237004,0.2294433564,0.0003676089,0.0000000000,0.0000000000,0.1240872666,0.1590406448,0.0000000000,0.0000000000,0.0322457291,0.0348491035,0.1699245572,0.1485194266,0.0000000000,0.0134285456,0.0000000000,0.0000000000,0.0000000000,0.0000000000,0.4967936873,0.4757895768,0.0874398798,0.0842580199,0.0000000000,0.0000000000,0.5479506850,0.4550867379,0.4553349018,0.0000000000,0.0237337425,0.0309170429,0.0043567689,0.0065106940,0.0000000000,-0.0673417822,0.3111152053,-0.1057171598,-0.0034966879,0.0760621279,-0.0038244643,-0.0009156521,0.0760299116,0.0019470532
15:24:59:17.414,61,0.0680774078,0.1231164411,0.0010673177,0.0000000000,0.0000000000,0.0000000000,0.0000000000,0.0679684207,0.1231001467,0.0038700474,0.0000000000,0.0000000000,0.0000000000,0.0000000000,0.0643267706,0.0000000000,0.0199624095,0.1930695921,0.0066640861,0.2345564961,0.0002686081,0.0000000000,0.0000000000,0.1106975749,0.1490620226,0.0000000000,0.0000000000,0.0320893303,0.0347839780,0.1755465418,0.1537478268,0.0000000000,0.0135663645,0.0000000000,0.0000000000,0.0000000000,0.0000000000,0.4800124466,0.4581887722,0.0846902058,0.0826598629,0.0000000000,0.0000000000,0.6074199677,0.5038336515,0.5040144920,0.0000000000,0.0205979329,0.0280258320,0.0035897449,0.0059560593,0.0000000000,-0.0661765337,0.3116453886,-0.1060745120,-0.0020440780,0.0852500200,-0.0041829478,0.0005488060,0.0852185935,0.0022924859
15:24:59:18.416,61,0.1370427459,0.1599413455,0.0033564237,0.0000000000,0.0000000000,0.0000000000,0.0000000000,0.1369494349,0.1599060893,0.0017026520,0.0000000000,0.0000000000,0.0000000000,0.0000000000,0.0612144172,0.0000000000,0.0178454053,0.1823888421,0.0080929678,0.2845563889,0.0012872912,0.0000000000,0.0000000000,0.0878115594,0.1319226027,0.0000000000,0.0000000000,0.0315949507,0.0343825854,0.1779786944,0.1559331566,0.0000000000,0.0136708552,0.0000000000,0.0000000000,0.0000000000,0.0000000000,0.3917866349,0.3719396591,0.0747615024,0.0741522685,0.0000000000,0.0000000000,0.6524181366,0.5355039835,0.5356597900,0.0000000000,0.0188754406,0.0263906308,0.0029702513,0.0055411663,0.0000000000,-0.0644071624,0.3131959438,-0.1063860357,-0.0007322915,0.1077547148,-0.0051705237,0.0018279236,0.1077253297,0.0030283304
15:24:59:19.417,61,0.2606465220,0.2453794479,0.0035892294,0.0000000000,0.0000000000,0.0000000000,0.0000000000,0.2603765130,0.2452742755,0.0017008352,0.0000000000,0.0000000000,0.0000000000,0.0000000000,0.0576661304,0.0000000000,0.0167917013,0.1643847972,0.0164613016,0.3085282147,0.0118417675,0.0000000000,0.0000000000,0.0584717542,0.1113571003,0.0000000000,0.0000000000,0.0286263917,0.0315954313,0.1795985848,0.1572316289,0.0000000000,0.0137185706,0.0000000000,0.0000000000,0.0000000000,0.0000000000,0.3677436113,0.3485695422,0.0676581562,0.0679680035,0.0000000000,0.0000000000,0.6991462708,0.5776837468,0.5778309107,0.0000000000,0.0180741902,0.0255127419,0.0030191937,0.0057315817,0.0000000000,-0.0627676025,0.3172840774,-0.1061751470,-0.0004210584,0.1599618196,-0.0076642381,0.0017798115,0.1599373668,0.0045165513
15:24:59:20.418,61,0.3893527687,0.3461369872,0.0052969418,0.0000000000,0.0000000000,0.0000000000,0.0000000000,0.3888097107,0.3459749818,0.0000898529,0.0000000000,0.0000000000,0.0000000000,0.0000000000,0.0553588048,0.0000000000,0.0154504748,0.1460110247,0.0234348569,0.3216382265,0.0286423657,0.0000000000,0.0000000000,0.0307469051,0.0863325447,0.0000000000,0.0000000000,0.0232410431,0.0266448986,0.1804538816,0.1576757580,0.0000000000,0.0137293153,0.0000000000,0.0000000000,0.0000000000,0.0000000000,0.3556285203,0.3373638988,0.0609767251,0.0617521442,0.0000000000,0.0000000000,0.7450936437,0.6193979979,0.6195864677,0.0000000000,0.0174215790,0.0246050023,0.0030969451,0.0058900407,0.0000000000,-0.0617382601,0.3196850717,-0.1053252742,0.0009991415,0.2215342522,-0.0103892749,0.0024407543,0.2215159088,0.0064503853
15:24:59:21.420,61,0.4803208113,0.4071253240,0.0164049491,0.0000000000,0.0000000000,0.0098968539,0.0000000000,0.4775711596,0.4071160257,0.0000000000,0.0000000000,0.0000000000,0.0099645946,0.0000000000,0.0540399812,0.0000000000,0.0131039973,0.1310337335,0.0273670498,0.3275339603,0.0366695561,0.0000000000,0.0000000000,0.0193383284,0.0771172866,0.0000000000,0.0000000000,0.0190891288,0.0226535685,0.1809119135,0.1576204151,0.0000000000,0.0136819920,0.0000000000,0.0000000000,0.0000000000,0.0000000000,0.3495370150,0.3329589665,0.0573927872,0.0585351251,0.0000000000,0.0000000000,0.7728713155,0.6415316463,0.6418300271,0.0000000000,0.0172754526,0.0240383241,0.0031674514,0.0059724823,0.0000000000,-0.0610811561,0.3205332458,-0.1045172960,0.0078022853,0.2588512301,-0.0104801115,0.0084828585,0.2588367760,0.0091193588
15:24:59:22.422,61,0.5886617899,0.4279726446,0.0260924641,0.0000000000,0.0000000000,0.0363179147,0.0000000000,0.5781232715,0.4281432033,0.0000000000,0.0000000000,0.0000000000,0.0364007130,0.0000000000,0.0530049279,0.0000000000,0.0113630407,0.1189103946,0.0355400257,0.3303160965,0.0599827953,0.0000000000,0.0000000000,0.0026029076,0.0580146462,0.0000000000,0.0000000000,0.0157867037,0.0190392472,0.1812469810,0.1576136798,0.0000000000,0.0136562884,0.0000000000,0.0000000000,0.0000000000,0.0000000000,0.3408307731,0.3297906816,0.0532690994,0.0549016595,0.0000000000,0.0000000000,0.7893037796,0.6562724710,0.6567239761,0.0000000000,0.0194123443,0.0240655616,0.0033737039,0.0060677063,0.0000000000,-0.0594423525,0.3183923364,-0.1031972319,0.0139694735,0.2716465890,-0.0093678636,0.0138368271,0.2716337442,0.0110282591
15:24:59:23.422,61,0.6236106753,0.4195297062,0.0422401987,0.0000000000,0.0000000000,0.0615853705,0.0000000000,0.6099324226,0.4199890792,0.0000000000,0.0000000000,0.0000000000,0.0617599748,0.0000000000,0.0523844399,0.0000000000,0.0102837831,0.1145411730,0.0464295112,0.3506518602,0.0832393989,0.0000000000,0.0000000000,0.0000000000,0.0440812260,0.0000000000,0.0000000000,0.0136241447,0.0167198237,0.1817754060,0.1578690857,0.0000000000,0.0137483850,0.0000000000,0.0000000000,0.0000000000,0.0000000000,0.3377034068,0.3283038437,0.0507842749,0.0524046123,0.0000000000,0.0000000000,0.8020058274,0.6656478643,0.6661710739,0.0000000000,0.0271518417,0.0259362217,0.0036523764,0.0062874411,0.0000000000,-0.0554250441,0.3117903173,-0.1012057588,0.0232241601,0.2665931582,-0.0067607192,0.0230211131,0.2665798664,0.0132178441
15:24:59:24.424,61,0.5174931288,0.3831712902,0.0476723649,0.0000000000,0.0000000000,0.0816229358,0.0000000000,0.5101497769,0.3836876154,0.0000000000,0.0000000000,0.0000000000,0.0818629488,0.0000000000,0.0515555739,0.0000000000,0.0091332905,0.1195880026,0.0980495289,0.3721168041,0.1285766810,0.0000000000,0.0000000000,0.0000000000,0.0316006020,0.0000000000,0.0000000000,0.0121724522,0.0152586047,0.1823800951,0.1581263244,0.0000000000,0.0142097501,0.0000000000,0.0000000000,0.0000000000,0.0000000000,0.3279762864,0.3118528426,0.0436476655,0.0446027368,0.0000000000,0.0000000000,0.8102103472,0.6701697707,0.6707292795,0.0000000000,0.0421027578,0.0361917652,0.0041719493,0.0068518221,0.0000000000,-0.0489051826,0.3039350510,-0.0987535939,0.0256613586,0.2443977892,-0.0056133191,0.0263848379,0.2443820089,0.0128551712
15:24:59:25.427,61,0.4157584310,0.3366155326,0.0555076562,0.0000000000,0.0000000000,0.0965603441,0.0000000000,0.4138608575,0.3371969461,0.0000000000,0.0000000000,0.0000000000,0.0967969820,0.0000000000,0.0490612239,0.0000000000,0.0085184602,0.1711816043,0.1801086813,0.3814584017,0.2017054409,0.0000000000,0.0000000000,0.0000000000,0.0035039599,0.0000000000,0.0000000000,0.0111421011,0.0141721806,0.1832180619,0.1594222635,0.0000000000,0.0218095034,0.0000000000,0.0000000000,0.0000000000,0.0000000000,0.2957501113,0.2680463493,0.0293362271,0.0291646775,0.0000000000,0.0000000000,0.8144971728,0.6702021360,0.6708334684,0.0000000000,0.0730428696,0.0555139557,0.0069526057,0.0109223723,0.0000000000,-0.0391254686,0.2981532812,-0.0958381668,0.0294793434,0.2159757018,-0.0041728029,0.0312043950,0.2159566879,0.0122864721
15:24:59:26.428,61,0.3396677971,0.2820849717,0.0700739697,0.0000000000,0.0000000000,0.1247452199,0.0000000000,0.3382596374,0.2827739120,0.0000000000,0.0000000000,0.0000000000,0.1249663234,0.0000000000,0.0453181118,0.0000000000,0.0083938129,0.1969712824,0.2174792439,0.3839373589,0.2970758080,0.0000000000,0.0000000000,0.0000000000,0.0000000000,0.0000000000,0.0000000000,0.0103056217,0.0132406252,0.1838409007,0.1616954356,0.0000000000,0.0311345886,0.0000000000,0.0000000000,0.0000000000,0.0000000000,0.2328270227,0.2093734294,0.0185615197,0.0184771642,0.0000000000,0.0000000000,0.8181583881,0.6591284871,0.6600651145,0.0000000000,0.0949025825,0.0718066618,0.0090981247,0.0147550823,0.0000000000,-0.0255484767,0.2932363749,-0.0936769918,0.0376360938,0.1827056855,-0.0021385152,0.0399601050,0.1826832443,0.0118256016
15:24:59:27.430,61,0.2850126028,0.2312072068,0.1029436588,0.0000000000,0.0000000000,0.1436575949,0.0000000000,0.2837322056,0.2321338356,0.0000000000,0.0151705183,0.0000000000,0.1438602656,0.0000000000,0.0436830856,0.0000000000,0.0083591342,0.2327753454,0.2501047850,0.3783795536,0.3293288946,0.0000000000,0.0000000000,0.0000000000,0.0000000000,0.0000000000,0.0000000000,0.0096546905,0.0125301033,0.1842050105,0.1628913134,0.0000000000,0.0400306135,0.0000000000,0.0000000000,0.0000000000,0.0000000000,0.2143658102,0.1911169440,0.0129344547,0.0129614472,0.0000000000,0.0000000000,0.8208844662,0.6498422623,0.6510057449,0.0000000000,0.1099859402,0.0838015229,0.0100757182,0.0164842959,0.0000000000,-0.0048452234,0.2898865342,-0.0915267989,0.0563730225,0.1517694890,0.0008397534,0.0593068562,0.1517436802,0.0124760084
15:24:59:28.432,61,0.2082811147,0.1823954582,0.1302499026,0.0000000000,0.0000000000,0.1503226608,0.0000000000,0.2078113854,0.1833766103,0.0000000000,0.0412243158,0.0000000000,0.1505152583,0.0000000000,0.0429669656,0.0000000000,0.0087193437,0.2553716004,0.2744715810,0.3757040799,0.3690795302,0.0000000000,0.0000000000,0.0000000000,0.0000000000,0.0459460132,0.0255685635,0.0090377489,0.0118734539,0.1848081499,0.1688869596,0.0000000000,0.0459288023,0.0000000000,0.0000000000,0.0000000000,0.0000000000,0.2050675601,0.1818739176,0.0094783520,0.0097627006,0.0000000000,0.0000000000,0.8224655986,0.6462291479,0.6474708915,0.0025353953,0.1159003749,0.0884431601,0.0104085095,0.0176012218,0.0000000000,0.0206561424,0.2869513631,-0.0892299563,0.0722235367,0.1220145896,0.0023456081,0.0754931271,0.1219858080,0.0117003815
15:24:59:29.433,61,0.1711680889,0.1588915884,0.1606360823,0.0000000000,0.0000000000,0.1521757096,0.0000000000,0.1706614196,0.1599826962,0.0000000000,0.0698450357,0.0000000000,0.1523245424,0.0000000000,0.0422780067,0.0000000000,0.0092063723,0.2591007650,0.2832640409,0.3211785555,0.3832345307,0.0000000000,0.0000000000,0.0000000000,0.0000000000,0.0552091077,0.0350572914,0.0084240828,0.0112392595,0.1835838258,0.1703015566,0.0000000000,0.0490184128,0.0000000000,0.0000000000,0.0000000000,0.0000000000,0.1919124722,0.1711726487,0.0066801617,0.0073667043,0.0000000000,0.0000000000,0.8226808310,0.6426054835,0.6440019608,0.0076074409,0.1181018651,0.0896592066,0.0100469012,0.0180638898,0.0000000000,0.0461694896,0.2841587663,-0.0878991038,0.0896611065,0.1077773049,0.0036955308,0.0933225751,0.1077467948,0.0119741727
15:24:59:30.433,61,0.1509372890,0.1494967639,0.1861345917,0.0000000000,0.0000000000,0.1509433687,0.0000000000,0.1501920819,0.1507064551,0.0000000000,0.0939678252,0.0000000000,0.1510432661,0.0000000000,0.0412751660,0.0000000000,0.0095592439,0.2357580811,0.2760907114,0.3220925033,0.4094232917,0.0000000000,0.0000000000,0.0000000000,0.0000000000,0.0157877002,0.0061180023,0.0079281116,0.0107921120,0.1771058738,0.1675491929,0.0000000000,0.0507042259,0.0000000000,0.0000000000,0.0000000000,0.0000000000,0.1867946088,0.1667769849,0.0050869151,0.0059344331,0.0000000000,0.0000000000,0.8107570410,0.6296685338,0.6317893863,0.0122639807,0.1197839528,0.0906250849,0.0097954599,0.0187753197,0.0000000000,0.0687969625,0.2823071480,-0.0850847736,0.1043572426,0.1021733135,0.0048127808,0.1082282513,0.1021420285,0.0126651740
15:24:59:31.436,61,0.1272560805,0.1409223527,0.2167636603,0.0000000000,0.0000000000,0.1504128277,0.0000000000,0.1247280687,0.1422661394,0.0000000000,0.1236027032,0.0000000000,0.1504849792,0.0000000000,0.0405604020,0.0000000000,0.0098233847,0.2290953398,0.2713807225,0.3248334527,0.4172587991,0.0000000000,0.0000000000,0.0000000000,0.0000000000,0.0073054903,0.0000000000,0.0076367813,0.0105858361,0.1738469005,0.1656648815,0.0000000000,0.0518630445,0.0000000000,0.0000000000,0.0000000000,0.0000000000,0.1842124164,0.1646983624,0.0039662682,0.0049283262,0.0000000000,0.0000000000,0.8034975529,0.6164178252,0.6195428967,0.0156199690,0.1279354692,0.0916904882,0.0095054125,0.0194736626,0.0000000000,0.0862099901,0.2802922428,-0.0818052515,0.1224180087,0.0971134827,0.0060959049,0.1261260211,0.0970816314,0.0135271754
15:24:59:32.437,61,0.1113737151,0.1318521202,0.2304227501,0.0000000000,0.0000000000,0.1476305872,0.0000000000,0.1088021994,0.1331983805,0.0000000000,0.1369054168,0.0000000000,0.1476732492,0.0000000000,0.0399234295,0.0000000000,0.0100433975,0.2264284939,0.2703177929,0.3337495923,0.4218000174,0.0000000000,0.0000000000,0.0000000000,0.0000000000,0.0032348628,0.0000000000,0.0074963234,0.0105555803,0.1708211303,0.1624343842,0.0000000000,0.0529505797,0.0000000000,0.0000000000,0.0000000000,0.0000000000,0.1833041012,0.1642540395,0.0031349899,0.0041849171,0.0000000000,0.0000000000,0.7943951488,0.6036242247,0.6074196696,0.0177099518,0.1335590035,0.0932129771,0.0093129557,0.0206882376,0.0000000000,0.0994773284,0.2777824402,-0.0788851008,0.1305523217,0.0916113257,0.0063430145,0.1341542006,0.0915789604,0.0133338077
15:24:59:33.438,61,0.1034083515,0.1260701269,0.2383030802,0.0000000000,0.0000000000,0.1462192535,0.0000000000,0.1009884328,0.1274072230,0.0000000000,0.1445921361,0.0000000000,0.1462459415,0.0000000000,0.0386261195,0.0000000000,0.0104627851,0.2247429788,0.2695946097,0.3497405052,0.4688276947,0.0000000000,0.0000000000,0.0000000000,0.0000000000,0.0025080116,0.0000000000,0.0073148650,0.0104713356,0.1693069488,0.1611081660,0.0000000000,0.0533940122,0.0000000000,0.0000000000,0.0000000000,0.0000000000,0.1822816581,0.1635764837,0.0025248574,0.0036539373,0.0000000000,0.0000000000,0.7863518000,0.5876677036,0.5919318199,0.0198300164,0.1394809783,0.0964385644,0.0093763312,0.0250529889,0.0000000000,0.1091037914,0.2765204906,-0.0770665035,0.1352571547,0.0880929679,0.0064151990,0.1387913376,0.0880602375,0.0131257940
15:24:59:34.442,61,0.0907163396,0.1200722754,0.2457001060,0.0000000000,0.0000000000,0.1448851079,0.0000000000,0.0894520953,0.1213887483,0.0000000000,0.1521266252,0.0000000000,0.1448994875,0.0000000000,0.0377765931,0.0000000000,0.0148611842,0.2248148769,0.2695725858,0.4111648798,0.4772886634,0.0000000000,0.0000000000,0.0000000000,0.0000000000,0.0119136665,0.0000000000,0.0071504181,0.0103845214,0.1691303402,0.1654603332,0.0000000000,0.0532250516,0.0000000000,0.0000000000,0.0000000000,0.0000000000,0.1834564507,0.1658766121,0.0022579804,0.0034610636,0.0000000000,0.0000000000,0.7796165943,0.5716684461,0.5758535862,0.0206853561,0.1441565305,0.0993407145,0.0096114250,0.0291758198,0.0000000000,0.1176560223,0.2768298090,-0.0756981224,0.1398716867,0.0844332874,0.0064343535,0.1431488693,0.0844003633,0.0128409211
15:24:59:35.443,61,0.0865152106,0.1216178983,0.2470472604,0.0000000000,0.0000000000,0.1444022804,0.0000000000,0.0855750591,0.1229555532,0.0000000000,0.1536638439,0.0000000000,0.1444098949,0.0000000000,0.0373057239,0.0000000000,0.0244517587,0.2803404033,0.2802258432,0.4666962028,0.3978196084,0.0000000000,0.0000000000,0.0000000000,0.0000000000,0.0151252821,0.0000000000,0.0072679548,0.0105519230,0.1815311015,0.1924189776,0.0000000000,0.0529550835,0.0000000000,0.0000000000,0.0000000000,0.0000000000,0.2415226400,0.2227187008,0.0025209133,0.0038181879,0.0000000000,0.0000000000,0.7737043500,0.5565814376,0.5599737167,0.0195266288,0.1499808282,0.1058647707,0.0098071294,0.0312861577,0.0000000000,0.1236846223,0.2793914080,-0.0751390159,0.1408013850,0.0854011104,0.0065943794,0.1439220309,0.0853683650,0.0130626736
15:24:59:36.444,61,0.0846497416,0.1225495636,0.2454211265,0.0000000000,0.0000000000,0.1471513063,0.0000000000,0.0838995799,0.1238861158,0.0000000000,0.1522740275,0.0000000000,0.1471487284,0.0000000000,0.0426645316,0.0000000000,0.0303873215,0.3657120764,0.2634635568,0.4857022762,0.2535826564,0.0000000000,0.0000000000,0.0000000000,0.0000000000,0.0507585704,0.0093627321,0.0084784282,0.0116700660,0.2013443708,0.2091981918,0.0000000000,0.0526804216,0.0000000000,0.0000000000,0.0000000000,0.0000000000,0.2905217409,0.2624910176,0.0055707456,0.0079222210,0.0000000000,0.0000000000,0.7631220222,0.5401057005,0.5423387885,0.0121320318,0.1520375460,0.1085701957,0.0093327118,0.0320165306,0.0000000000,0.1285085380,0.2845174074,-0.0768329278,0.1399508119,0.0859660208,0.0065829922,0.1429670006,0.0859334171,0.0130873546
15:24:59:37.446,61,0.0833772570,0.1177873835,0.2442150116,0.0000000000,0.0000000000,0.1482334286,0.0000000000,0.0827472061,0.1190680414,0.0000000000,0.1513484418,0.0000000000,0.1482265145,0.0000000000,0.0934340060,0.0000000000,0.0381916836,0.4806177318,0.1816932261,0.4953690469,0.1565499753,0.0000000000,0.0000000000,0.0000000000,0.0000000000,0.0709618777,0.0307524875,0.0160537586,0.0180402156,0.2710345984,0.2772343457,0.0000000000,0.0524905920,0.0000000000,0.0000000000,0.0000000000,0.0000000000,0.4255239964,0.3940809667,0.0139317932,0.0183106773,0.0000000000,0.0000000000,0.7587147355,0.5347759128,0.5366205573,0.0047775824,0.1167319193,0.0978911966,0.0028785653,0.0290988721,0.0000000000,0.1313698143,0.2905746400,-0.0793257281,0.1394072622,0.0830063522,0.0062677534,0.1423005015,0.0829736069,0.0125377961
15:24:59:38.450,61,0.0676701367,0.1119800285,0.2431005388,0.0000000000,0.0000000000,0.1489270329,0.0000000000,0.0677175969,0.1131956801,0.0000000000,0.1505007446,0.0000000000,0.1489175856,0.0000000000,0.1570074111,0.0000000000,0.0426653251,0.5721518397,0.0964046717,0.3453007042,0.0598271228,0.0000000000,0.0000000000,0.0000000000,0.0000000000,0.0655573756,0.0307754949,0.0425923057,0.0455538221,0.3722796738,0.3743734658,0.0000000000,0.0521311685,0.0000000000,0.0000000000,0.0000000000,0.0000000000,0.5847625136,0.5561214685,0.0172846466,0.0221125092,0.0000000000,0.0000000000,0.7575157285,0.5523213744,0.5530130863,0.0000000000,0.0855805278,0.0668145493,0.0000000000,0.0175951980,0.0000000000,0.1297871023,0.2938701510,-0.0826978162,0.1389142573,0.0794005916,0.0058999239,0.1416931599,0.0793675929,0.0118878316
15:24:59:39.449,61,0.0634797961,0.1151193157,0.2345725894,0.0000000000,0.0000000000,0.1518552452,0.0000000000,0.0637044758,0.1163230911,0.0000000000,0.1420367956,0.0000000000,0.1518399268,0.0000000000,0.1771884710,0.0000000000,0.0530161932,0.6152143478,0.0684430227,0.3058910966,0.0260956790,0.0000000000,0.0000000000,0.0000000000,0.0000000000,0.0000000000,0.0000000000,0.0599563569,0.0612573326,0.4355672002,0.4567179680,0.0000000000,0.0521371253,0.0000000000,0.0000000000,0.0000000000,0.0000000000,0.6410090923,0.6277611256,0.0213428475,0.0266702008,0.0000000000,0.0000000000,0.7573519349,0.5578439236,0.5582355857,0.0000000000,0.0799314454,0.0613940582,0.0000000000,0.0146882720,0.0000000000,0.1233751401,0.2947990000,-0.0854070038,0.1337447464,0.0812861025,0.0057056011,0.1366987228,0.0812532008,0.0118531454
15:24:59:40.450,61,0.0728432387,0.1135599390,0.2245618105,0.0000000000,0.0000000000,0.1636922210,0.0000000000,0.0728316978,0.1146974787,0.0000000000,0.1323325187,0.0000000000,0.1636748463,0.0000000000,0.2103433013,0.0000000000,0.0580112375,0.6482805610,0.0536714271,0.2502066195,0.0089095281,0.0000000000,0.0000000000,0.0963856280,0.1233301461,0.0000000000,0.0000000000,0.0837599859,0.0841441602,0.4681849778,0.4863196015,0.0000000000,0.0610867292,0.0000000000,0.0000000000,0.0000000000,0.0000000000,0.7134708762,0.7134590149,0.0244111121,0.0308694225,0.0000000000,0.0000000000,0.7578188777,0.5608143210,0.5610622764,0.0000000000,0.1102052703,0.0933311507,0.0000000000,0.0201528743,0.0000000000,0.1114678904,0.2957063317,-0.0874741673,0.1278374642,0.0802544728,0.0052015223,0.1308729351,0.0802215338,0.0112802656
15:24:59:41.452,61,0.0809070244,0.1095306277,0.2041197419,0.0000000000,0.0000000000,0.1824040860,0.0000000000,0.0808863938,0.1105303168,0.0000000000,0.1125418320,0.0000000000,0.1823946238,0.0000000000,0.2500373721,0.0000000000,0.0604072511,0.6634326577,0.0460303575,0.2301586866,0.0007179456,0.0000000000,0.0000000000,0.1869035661,0.2149647325,0.0000000000,0.0000000000,0.0958345681,0.0966964141,0.4828710258,0.4973482788,0.0000000000,0.0759128183,0.0000000000,0.0000000000,0.0000000000,0.0000000000,0.7402238250,0.7446619868,0.0274180397,0.0353714563,0.0000000000,0.0000000000,0.7583877444,0.5626630783,0.5628380775,0.0000000000,0.1394930035,0.1276618093,0.0058358554,0.0344647393,0.0000000000,0.0988058001,0.2951823473,-0.0883249640,0.1157898903,0.0776394755,0.0041755722,0.1189787537,0.0776063427,0.0100725675
15:24:59:42.452,61,0.0890700668,0.1045516506,0.1803341061,0.0000000000,0.0000000000,0.2046050578,0.0000000000,0.0890399963,0.1053981408,0.0000000000,0.0895176306,0.0000000000,0.2045985758,0.0000000000,0.2636397779,0.0000000000,0.0618040524,0.6679159403,0.0419394001,0.2198639363,0.0000000000,0.0000000000,0.0000000000,0.2331321836,0.2594514787,0.0000000000,0.0000000000,0.1029343680,0.1041499525,0.4834359586,0.4875564575,0.0000000000,0.0806360245,0.0000000000,0.0000000000,0.0000000000,0.0000000000,0.7535711527,0.7603260279,0.0332403556,0.0432921760,0.0000000000,0.0000000000,0.7618591785,0.5634702444,0.5636142492,0.0000000000,0.1749059409,0.1658794880,0.0164273698,0.0455385782,0.0000000000,0.0868561715,0.2957237959,-0.0877104551,0.1017686948,0.0744411349,0.0030518041,0.1051343679,0.0744077265,0.0087227626
15:24:59:43.454,61,0.1019673124,0.1079825535,0.1574153304,0.0000000000,0.0000000000,0.2245469838,0.0000000000,0.1019564718,0.1087412387,0.0000000000,0.0673352927,0.0000000000,0.2245704532,0.0000000000,0.2707476020,0.0000000000,0.0623284765,0.6093684435,0.0397723876,0.2144582123,0.0000000000,0.0000000000,0.0000000000,0.2969854176,0.3177278936,0.0000000000,0.0000000000,0.1064303219,0.1080934033,0.4612424076,0.4732007086,0.0000000000,0.0827028677,0.0000000000,0.0000000000,0.0000000000,0.0000000000,0.7552898526,0.7620577216,0.0385379232,0.0490373634,0.0000000000,0.0000000000,0.7624810934,0.5599227548,0.5601422787,0.0000000000,0.1974957287,0.1976728439,0.0259110611,0.0552402511,0.0000000000,0.0768151507,0.2973152101,-0.0866536349,0.0882409215,0.0764432773,0.0022618345,0.0917501897,0.0764100775,0.0081030596
15:24:59:44.457,61,0.1068285555,0.1185934395,0.1385741383,0.0000000000,0.0000000000,0.2312707901,0.0000000000,0.1068139672,0.1193155795,0.0000000000,0.0489081517,0.0000000000,0.2313148677,0.0000000000,0.2734664083,0.0000000000,0.0602612980,0.5145729780,0.0380495675,0.2119964212,0.0000000000,0.0000000000,0.0000000000,0.3180819750,0.3386921883,0.0000000000,0.0000000000,0.1060332879,0.1095077321,0.3901598454,0.3917469978,0.0000000000,0.0662316754,0.0000000000,0.0000000000,0.0000000000,0.0000000000,0.7360482216,0.7315213680,0.0576635040,0.0646882132,0.0000000000,0.0000000000,0.7571199536,0.5520872474,0.5524988770,0.0000000000,0.2087354958,0.2132365704,0.0300088245,0.0591537058,0.0000000000,0.0660315305,0.3002351820,-0.0849182829,0.0769958422,0.0828791410,0.0017062848,0.0807136595,0.0828464627,0.0080648158
15:24:59:45.458,61,0.1106596887,0.1331252754,0.1187839210,0.0000000000,0.0000000000,0.2237051725,0.0000000000,0.1105893925,0.1338033676,0.0000000000,0.0296953060,0.0000000000,0.2238898128,0.0000000000,0.2552811205,0.0000000000,0.0538247228,0.4519540071,0.0368321389,0.2173061669,0.0000000000,0.0000000000,0.0000000000,0.3279259801,0.3486064672,0.0000000000,0.0000000000,0.0940472782,0.1009259596,0.3554176390,0.3448458612,0.0000000000,0.0544734932,0.0000000000,0.0000000000,0.0000000000,0.0000000000,0.7111976147,0.7063836455,0.0701876804,0.0743729770,0.0000000000,0.0000000000,0.7482921481,0.5423129201,0.5429797173,0.0000000000,0.2141857594,0.2204363793,0.0322896242,0.0608993918,0.0000000000,0.0533959046,0.3041644692,-0.0830342099,0.0652781576,0.0917101651,0.0010111973,0.0691116303,0.0916782990,0.0080694016
15:24:59:46.460,61,0.1384810358,0.1514774412,0.0958625451,0.0000000000,0.0000000000,0.2136712521,0.0000000000,0.1381951272,0.1520762146,0.0000000000,0.0077269445,0.0000000000,0.2139255106,0.0000000000,0.2001227587,0.0000000000,0.0476604439,0.3748545349,0.0325292423,0.2180506885,0.0000000000,0.0000000000,0.0000000000,0.3324519992,0.3530584574,0.0000000000,0.0000000000,0.0787831768,0.0843409970,0.3063261509,0.2915753424,0.0000000000,0.0416656323,0.0000000000,0.0000000000,0.0000000000,0.0000000000,0.6800507903,0.6668832898,0.0823404938,0.0838447511,0.0000000000,0.0000000000,0.7365160584,0.5281910300,0.5291013122,0.0000000000,0.2147709727,0.2214679122,0.0333109014,0.0597814694,0.0000000000,0.0357863568,0.3083098531,-0.0805417374,0.0518986695,0.1028600633,-0.0000321246,0.0556785874,0.1028292999,0.0078948550
15:24:59:47.461,61,0.1508861929,0.1659887284,0.0737015381,0.0000000000,0.0000000000,0.2022768855,0.0000000000,0.1505492330,0.1664677113,0.0000000000,0.0000000000,0.0000000000,0.2024960816,0.0000000000,0.1792846769,0.0000000000,0.0452224351,0.3200550973,0.0265325513,0.2179459035,0.0000000000,0.0000000000,0.0000000000,0.3343377113,0.3523646593,0.0000000000,0.0000000000,0.0682717264,0.0723014250,0.2671831846,0.2547044158,0.0000000000,0.0356018692,0.0000000000,0.0000000000,0.0000000000,0.0000000000,0.6573542356,0.6465951800,0.0903132856,0.0895534828,0.0000000000,0.0000000000,0.7297749519,0.5200471282,0.5211045742,0.0000000000,0.2095161378,0.2092041820,0.0336960144,0.0556279384,0.0000000000,0.0179467443,0.3128555119,-0.0775677040,0.0390710756,0.1116536856,-0.0012993800,0.0427217372,0.1116238385,0.0073048556
15:24:59:48.464,61,0.1572379768,0.1699389219,0.0576166175,0.0000000000,0.0000000000,0.1911005080,0.0000000000,0.1568860561,0.1703035235,0.0000000000,0.0000000000,0.0000000000,0.1913199425,0.0000000000,0.1702654809,0.0000000000,0.0401620902,0.2903036475,0.0208511557,0.2122583538,0.0000000000,0.0000000000,0.0000000000,0.2847556770,0.3098043203,0.0000000000,0.0000000000,0.0608199984,0.0651612207,0.2580737174,0.2407362312,0.0000000000,0.0323126018,0.0000000000,0.0000000000,0.0000000000,0.0000000000,0.6484412551,0.6376119256,0.0939818174,0.0926204920,0.0000000000,0.0000000000,0.7245196104,0.5148351789,0.5159569383,0.0000000000,0.1592051685,0.1669360548,0.0322812907,0.0471098125,0.0000000000,0.0012729928,0.3166858852,-0.0770134181,0.0299238805,0.1140090451,-0.0022738432,0.0333539285,0.1139796302,0.0064935605
15:24:59:49.465,61,0.1604798734,0.1744714975,0.0439404622,0.0000000000,0.0000000000,0.1799390018,0.0000000000,0.1601286083,0.1747355461,0.0000000000,0.0000000000,0.0000000000,0.1802104264,0.0000000000,0.1646774411,0.0000000000,0.0339641795,0.2545984685,0.0163680688,0.2104940861,0.0000000000,0.0000000000,0.0000000000,0.2381824553,0.2808404267,0.0000000000,0.0000000000,0.0536684766,0.0584563762,0.2569226027,0.2337994277,0.0000000000,0.0299219210,0.0000000000,0.0000000000,0.0000000000,0.0000000000,0.6244211793,0.6093368530,0.0959868729,0.0944158807,0.0000000000,0.0000000000,0.7184224129,0.5054383874,0.5064067841,0.0000000000,0.1386303157,0.1477395296,0.0259580910,0.0372345522,0.0000000000,-0.0104383314,0.3206225634,-0.0769639686,0.0219703056,0.1167349517,-0.0031737355,0.0253883712,0.1167057827,0.0058061229
15:24:59:50.465,61,0.1603295207,0.1710074097,0.0419122875,0.0000000000,0.0000000000,0.1713108569,0.0000000000,0.1600965261,0.1712532043,0.0000000000,0.0000000000,0.0000000000,0.1716122925,0.0000000000,0.1575542837,0.0000000000,0.0291509982,0.2388760298,0.0143354610,0.2101308554,0.0000000000,0.0000000000,0.0000000000,0.2211697847,0.2696340382,0.0000000000,0.0000000000,0.0494387634,0.0548869111,0.2555261254,0.2304297984,0.0000000000,0.0284709036,0.0000000000,0.0000000000,0.0000000000,0.0000000000,0.5675415397,0.5610688329,0.0968727395,0.0954515785,0.0000000000,0.0000000000,0.7157522440,0.4989198446,0.4997149110,0.0000000000,0.1269493252,0.1381307393,0.0215516593,0.0325494222,0.0000000000,-0.0203057416,0.3262824416,-0.0767181367,0.0209297705,0.1146098375,-0.0032287778,0.0242210217,0.1145805418,0.0055725453
15:24:59:51.468,61,0.1593867093,0.1698468924,0.0376112796,0.0000000000,0.0000000000,0.1667391062,0.0000000000,0.1592497975,0.1700597256,0.0000000000,0.0000000000,0.0000000000,0.1670591086,0.0000000000,0.1450684071,0.0000000000,0.0254209861,0.2195632458,0.0133244339,0.2268717736,0.0000000000,0.0000000000,0.0000000000,0.2052402943,0.2583284378,0.0000000000,0.0000000000,0.0463122204,0.0521704033,0.2548044324,0.2286779135,0.0000000000,0.0275120288,0.0000000000,0.0000000000,0.0000000000,0.0000000000,0.5208982825,0.5095000267,0.0970106870,0.0958802328,0.0000000000,0.0000000000,0.7131790519,0.4933828413,0.4939977229,0.0000000000,0.1201763973,0.1328867376,0.0189162530,0.0300042834,0.0000003053,-0.0266018827,0.3336748183,-0.0777335986,0.0186526850,0.1138870493,-0.0034469981,0.0217244290,0.1138578653,0.0052756523
15:24:59:52.468,61,0.1547711343,0.1696931273,0.0345897488,0.0000000000,0.0000000000,0.1598972678,0.0000000000,0.1547244787,0.1698831171,0.0000000000,0.0000000000,0.0000000000,0.1602317095,0.0000000000,0.1359903216,0.0000000000,0.0233231094,0.2044076473,0.0127658546,0.2360997945,0.0000000000,0.0000000000,0.0000000000,0.1902427226,0.2412289381,0.0000000000,0.0000000000,0.0436920524,0.0496220663,0.2546704710,0.2281002253,0.0000000000,0.0267151389,0.0000000000,0.0000000000,0.0000000000,0.0000000000,0.5009428263,0.4894181788,0.0968635157,0.0960332602,0.0000000000,0.0000000000,0.7097612023,0.4878739715,0.4883687198,0.0000000000,0.1140063331,0.1274732053,0.0173217822,0.0284195058,0.0000005345,-0.0306552388,0.3423290253,-0.0784095004,0.0169560891,0.1137843058,-0.0036207377,0.0199683420,0.1137551591,0.0050879810
15:24:59:53.470,61,0.1530371755,0.1771789044,0.0362714976,0.0000000000,0.0000000000,0.1484751850,0.0000000000,0.1530191153,0.1773855537,0.0000000000,0.0000000000,0.0000000000,0.1487611383,0.0000000000,0.1244461760,0.0000000000,0.0220647138,0.1904369742,0.0123841986,0.2448493838,0.0000000000,0.0000000000,0.0000000000,0.1792412102,0.2256765068,0.0000000000,0.0000000000,0.0411194302,0.0468409136,0.2543431818,0.2278124392,0.0000000000,0.0259233154,0.0000000000,0.0000000000,0.0000000000,0.0000000000,0.4829745591,0.4715323746,0.0966697484,0.0960787833,0.0000000000,0.0000000000,0.7018548250,0.4676076174,0.4681936204,0.0000000000,0.1068344861,0.1173295006,0.0162409060,0.0273307897,0.0000003201,-0.0323960260,0.3499462903,-0.0786951557,0.0178154241,0.1183666289,-0.0036673881,0.0209229998,0.1183378026,0.0054064123
15:24:59:54.473,61,0.1521216631,0.1844270378,0.0361356959,0.0000000000,0.0000000000,0.1349165440,0.0000000000,0.1521164477,0.1846365780,0.0000000000,0.0000000000,0.0000000000,0.1351367086,0.0000000000,0.1188917905,0.0000000000,0.0213167351,0.1848651171,0.0121287862,0.2495864332,0.0000000000,0.0000000000,0.0000000000,0.1726453602,0.2143042684,0.0000000000,0.0000000000,0.0390180089,0.0443918817,0.2540088594,0.2278910428,0.0000000000,0.0249847416,0.0000000000,0.0000000000,0.0000000000,0.0000000000,0.4718886018,0.4608269334,0.0965719298,0.0961203873,0.0000000000,0.0000000000,0.6957294941,0.4535800517,0.4542919695,0.0000000000,0.1000530273,0.1070768982,0.0154479267,0.0264342427,0.0000000000,-0.0332663804,0.3564337492,-0.0790997520,0.0177055579,0.1227983013,-0.0038116374,0.0208209008,0.1227698997,0.0056069889
15:24:59:55.474,61,0.1512407213,0.1851161569,0.0375207961,0.0000000000,0.0000000000,0.1228925660,0.0000000000,0.1512366682,0.1853374392,0.0000000000,0.0000000000,0.0000000000,0.1230455413,0.0000000000,0.1159675270,0.0000000000,0.0211255588,0.1815873235,0.0118015818,0.2528249323,0.0000000000,0.0000000000,0.0000000000,0.1695050597,0.2094905823,0.0000000000,0.0000000000,0.0374041982,0.0423467234,0.2532662451,0.2280121148,0.0000000000,0.0239136163,0.0000000000,0.0000000000,0.0000000000,0.0000000000,0.4669877589,0.4561326802,0.0966897681,0.0963213518,0.0000000000,0.0000000000,0.6905539632,0.4426991045,0.4435345531,0.0000000000,0.0957365185,0.0998866558,0.0148142856,0.0256419554,0.0000000000,-0.0350851938,0.3627030253,-0.0795031711,0.0184704475,0.1232241094,-0.0037373872,0.0216230415,0.1231956854,0.0057184314
15:24:59:56.475,61,0.1486788839,0.1826085448,0.0381676853,0.0000000000,0.0000000000,0.1153745055,0.0000000000,0.1486241370,0.1828335822,0.0000000000,0.0000000000,0.0000000000,0.1154992133,0.0000000000,0.1143930182,0.0000000000,0.0212725382,0.1796650887,0.0113796741,0.2561307549,0.0000000000,0.0000000000,0.0000000000,0.1677884907,0.2068777382,0.0000000000,0.0000000000,0.0361879319,0.0408657677,0.2525705993,0.2284086645,0.0000000000,0.0227508992,0.0000000000,0.0000000000,0.0000000000,0.0000000000,0.4649707377,0.4553743005,0.0971269608,0.0968442410,0.0000000000,0.0000000000,0.6862986088,0.4371781945,0.4380417764,0.0000000000,0.0922613963,0.0952248275,0.0142756598,0.0249333680,0.0000000000,-0.0365196317,0.3679898977,-0.0810117871,0.0188639369,0.1216926873,-0.0036487065,0.0220070817,0.1216641665,0.0056870324
15:24:59:57.477,61,0.1440535188,0.1815752536,0.0377151854,0.0000000000,0.0000000000,0.1086213440,0.0000000000,0.1439737529,0.1817961186,0.0000000000,0.0000000000,0.0000000000,0.1087319404,0.0000000000,0.1125933006,0.0000000000,0.0216115899,0.1761849225,0.0109548094,0.2613850534,0.0000000000,0.0000000000,0.0000000000,0.1667182148,0.2051688433,0.0000000000,0.0000000000,0.0350347422,0.0394471623,0.2514519095,0.2288254946,0.0000000000,0.0216739587,0.0000000000,0.0000000000,0.0000000000,0.0000000000,0.4633033872,0.4541615248,0.0975618735,0.0973357931,0.0000000000,0.0000000000,0.6808006763,0.4322067201,0.4330357313,0.0000000000,0.0883801654,0.0909865126,0.0138438474,0.0243443605,0.0000000000,-0.0384175256,0.3719507754,-0.0831611753,0.0186399017,0.1210593954,-0.0036555228,0.0217476450,0.1210308149,0.0056271255
15:24:59:58.479,61,0.1377621889,0.1822180450,0.0373341292,0.0000000000,0.0000000000,0.0996675342,0.0000000000,0.1376774460,0.1824363321,0.0000000000,0.0000000000,0.0000000000,0.0997636616,0.0000000000,0.1073960885,0.0000000000,0.0220566671,0.1716220975,0.0107883057,0.2836357951,0.0000000000,0.0000000000,0.0000000000,0.1655963659,0.1998008788,0.0000000000,0.0000000000,0.0335667804,0.0376158655,0.2484977841,0.2290192991,0.0000000000,0.0208027046,0.0000000000,0.0000000000,0.0000000000,0.0000000000,0.4320451021,0.4248150587,0.0978743061,0.0976345837,0.0000000000,0.0000000000,0.6749858856,0.4295541644,0.4303571284,0.0000000000,0.0860654786,0.0882304609,0.0136431716,0.0239945892,0.0000000000,-0.0392027050,0.3760521710,-0.0853469446,0.0184383262,0.1214512959,-0.0036894102,0.0215241984,0.1214227378,0.0056212377
15:24:59:59.480,61,0.1351386309,0.1847169250,0.0381775498,0.0000000000,0.0000000000,0.0905754119,0.0000000000,0.1350555569,0.1849436760,0.0000000000,0.0000000000,0.0000000000,0.0906649381,0.0000000000,0.0924192443,0.0000000000,0.0225222427,0.1621193290,0.0110657988,0.3454740345,0.0056930925,0.0000000000,0.0000000000,0.1632577479,0.1940392405,0.0000000000,0.0000000000,0.0304623302,0.0340300240,0.2351287454,0.2273611128,0.0000000000,0.0199778918,0.0000000000,0.0000000000,0.0000000000,0.0000000000,0.3827394843,0.3735484481,0.0979847386,0.0977553725,0.0000000000,0.0000000000,0.6707050800,0.4238226116,0.4245944321,0.0000000000,0.0850844905,0.0870859101,0.0138580110,0.0241307393,0.0000000000,-0.0386743955,0.3796583414,-0.0873316601,0.0189166795,0.1229820400,-0.0036797156,0.0220057927,0.1229536235,0.0057500396
15:25:00:00.481,61,0.1339106262,0.1872956753,0.0389420055,0.0000000000,0.0000000000,0.0857383534,0.0000000000,0.1338284910,0.1875303835,0.0000000000,0.0000000000,0.0000000000,0.0858367085,0.0000000000,0.0851979107,0.0000000000,0.0228934214,0.1584399492,0.0127674043,0.3633973300,0.0158214122,0.0000000000,0.0000000000,0.1617012173,0.1911294013,0.0000000000,0.0000000000,0.0279408265,0.0312515981,0.2266360968,0.2227070779,0.0000000000,0.0192772578,0.0000000000,0.0000000000,0.0000000000,0.0000000000,0.3673404753,0.3578826189,0.0978167728,0.0975919291,0.0000000000,0.0000000000,0.6665927768,0.4166212380,0.4173623025,0.0000000000,0.0854111537,0.0878279358,0.0143894982,0.0245950390,0.0000000000,-0.0373400785,0.3833064437,-0.0884158611,0.0193372872,0.1245614588,-0.0036765679,0.0224409737,0.1245331988,0.0058774333
15:25:00:01.484,61,0.1337268353,0.1910684854,0.0397923701,0.0000000000,0.0000000000,0.0821254700,0.0000000000,0.1336461455,0.1913129538,0.0000000000,0.0000000000,0.0000000000,0.0822308660,0.0000000000,0.0801684335,0.0000000000,0.0232067015,0.1562563777,0.0174253546,0.3704477549,0.0234521031,0.0000000000,0.0000000000,0.1588875353,0.1872234792,0.0000000000,0.0000000000,0.0262055304,0.0292862579,0.2182059735,0.2150835693,0.0000000000,0.0187524185,0.0000000000,0.0000000000,0.0000000000,0.0000000000,0.3554156125,0.3474841416,0.0959278718,0.0958493501,0.0000000000,0.0000000000,0.6632353067,0.4112080634,0.4119549990,0.0000000000,0.0859069675,0.0883957222,0.0150245288,0.0251414962,0.0000000000,-0.0355635099,0.3858193755,-0.0889671817,0.0198030602,0.1268714815,-0.0036871079,0.0229215436,0.1268434376,0.0060480316
15:25:00:02.485,61,0.1378055364,0.1928844005,0.0404722579,0.0000000000,0.0000000000,0.0801418275,0.0000000000,0.1377264410,0.1931360662,0.0000000000,0.0000000000,0.0000000000,0.0802493766,0.0000000000,0.0745972544,0.0000000000,0.0234554540,0.1532583088,0.0344782025,0.3558233678,0.0345681608,0.0000000000,0.0000000000,0.1538399607,0.1763120741,0.0000000000,0.0000000000,0.0247255564,0.0274405330,0.2119685858,0.2088359743,0.0000000000,0.0184641462,0.0000000000,0.0000000000,0.0000000000,0.0000000000,0.3101718724,0.3056663573,0.0842520818,0.0834298283,0.0000000000,0.0000000000,0.6598527431,0.4075045884,0.4082973003,0.0000000000,0.0918899626,0.0916269496,0.0169155803,0.0261488724,0.0000000000,-0.0341568664,0.3872342706,-0.0892282128,0.0201898310,0.1279843301,-0.0036721723,0.0233097225,0.1279563606,0.0061495840
15:25:00:03.487,61,0.1458068192,0.1949425340,0.0415939316,0.0000000000,0.0000000000,0.0787306577,0.0000000000,0.1457306594,0.1952056140,0.0000000000,0.0000000000,0.0000000000,0.0788372308,0.0000000000,0.0705490336,0.0000000000,0.0237692669,0.1517098844,0.0933314040,0.3224323690,0.0544300526,0.0000000000,0.0000000000,0.1354011297,0.1358694881,0.0000000000,0.0000000000,0.0236618388,0.0257391408,0.2076078206,0.2051635534,0.0000000000,0.0190381445,0.0000000000,0.0000000000,0.0000000000,0.0000000000,0.2759014368,0.2687902451,0.0509168096,0.0498088188,0.0000000000,0.0000000000,0.6585006714,0.4055459797,0.4063597620,0.0000000000,0.1012939140,0.0945461541,0.0194108840,0.0269914735,0.0000000000,-0.0329473875,0.3878430128,-0.0886625275,0.0208605193,0.1292468756,-0.0036263966,0.0239532255,0.1292190254,0.0062901769
15:25:00:04.489,61,0.1521830708,0.1946505755,0.0425552540,0.0000000000,0.0000000000,0.0776684806,0.0000000000,0.1521010846,0.1949218363,0.0000000000,0.0000000000,0.0000000000,0.0777748674,0.0000000000,0.0651362911,0.0000000000,0.0236296505,0.1514925063,0.1597751528,0.3115383685,0.1003335938,0.0000000000,0.0000000000,0.1187788546,0.1198309660,0.0000000000,0.0000000000,0.0227680281,0.0242247880,0.2056847811,0.2032643259,0.0000000000,0.0287104696,0.0000000000,0.0000000000,0.0000000000,0.0000000000,0.2289693505,0.2193173170,0.0312655270,0.0309613980,0.0000000000,0.0000000000,0.6579917669,0.4038405716,0.4047067165,0.0000000000,0.1245583519,0.1091696247,0.0254980996,0.0302736461,0.0000000000,-0.0314956568,0.3871045709,-0.0871144384,0.0214316137,0.1290716827,-0.0035533935,0.0245122164,0.1290438324,0.0063480190
15:25:00:05.491,61,0.1546903849,0.1926294863,0.0436090790,0.0000000000,0.0000000000,0.0771452412,0.0000000000,0.1546078473,0.1929082423,0.0000000000,0.0000000000,0.0000000000,0.0772533715,0.0000000000,0.0633616373,0.0000000000,0.0206578616,0.1538650393,0.1814931631,0.2432775795,0.1137729511,0.0000000000,0.0000000000,0.0679067373,0.0718766749,0.0000000000,0.0000000000,0.0219950974,0.0230769254,0.2118511051,0.2028958648,0.0000000000,0.0480196774,0.0000000000,0.0000000000,0.0000000000,0.0000000000,0.2017208189,0.1883749962,0.0164744202,0.0167533047,0.0000000000,0.0000000000,0.6581371427,0.4026235342,0.4035367072,0.0000000000,0.1313343942,0.1132423878,0.0277621094,0.0316622443,0.0000000000,-0.0300120749,0.3857333362,-0.0841808617,0.0220667832,0.1278393269,-0.0034459964,0.0251313560,0.1278113574,0.0063576363
15:25:00:06.491,61,0.1561125666,0.1887575984,0.0441954881,0.0000000000,0.0000000000,0.0769533142,0.0000000000,0.1560302824,0.1890377998,0.0000000000,0.0000000000,0.0000000000,0.0770655721,0.0000000000,0.0645556450,0.0000000000,0.0150308497,0.1848040968,0.2044333071,0.2230902016,0.1204429641,0.0000000000,0.0000000000,0.0442347862,0.0498402603,0.0000000000,0.0000000000,0.0215949044,0.0224583466,0.2484740615,0.2227591127,0.0018835122,0.0697817206,0.0000000000,0.0000000000,0.0000000000,0.0000000000,0.1903410852,0.1758674085,0.0086686863,0.0092354417,0.0000000000,0.0000000000,0.6582138538,0.4012997448,0.4022888839,0.0000000000,0.1346423477,0.1152833253,0.0291817877,0.0326586701,0.0000000000,-0.0291746445,0.3833989799,-0.0811282620,0.0224085823,0.1254732460,-0.0033460758,0.0254861005,0.1254450977,0.0062752306
15:25:00:07.493,61,0.1564316452,0.1805792898,0.0451991670,0.0000000000,0.0000000000,0.0770905167,0.0000000000,0.1563512981,0.1808599979,0.0000000000,0.0000000000,0.0000000000,0.0772099122,0.0000000000,0.0750673562,0.0000000000,0.0116957314,0.2104884237,0.2362082303,0.2130920589,0.1232334897,0.0000000000,0.0000000000,0.0175247509,0.0277896076,0.0000000000,0.0000000000,0.0215379372,0.0222737808,0.2806283534,0.2626109123,0.0134758828,0.0828315988,0.0000000000,0.0000000000,0.0000000000,0.0000000000,0.1855582893,0.1708168834,0.0046471949,0.0053490195,0.0000000000,0.0000000000,0.6581465602,0.4002223015,0.4012682736,0.0000000000,0.1363086998,0.1165648401,0.0301821716,0.0335214734,0.0000000000,-0.0284953136,0.3795894682,-0.0786175877,0.0229677092,0.1204746440,-0.0031585512,0.0260985494,0.1204459965,0.0060805953
15:25:00:08.494,61,0.1542081535,0.1702170521,0.0463985614,0.0000000000,0.0000000000,0.0772643536,0.0000000000,0.1541554481,0.1704968214,0.0000000000,0.0000000000,0.0000000000,0.0773919672,0.0000000000,0.0923586264,0.0000000000,0.0096893637,0.2604622245,0.2716107666,0.2162709236,0.1243950501,0.0000000000,0.0000000000,0.0060712700,0.0191985704,0.0000000000,0.0000000000,0.0221587755,0.0228989292,0.2991100848,0.2786647975,0.0196974501,0.0999918059,0.0000000000,0.0000000000,0.0000000000,0.0000000000,0.2194034159,0.2068663836,0.0023119333,0.0031037859,0.0000000000,0.0000000000,0.6578818560,0.3987151086,0.3997734785,0.0000000000,0.1366223544,0.1171101034,0.0305846352,0.0339795128,0.0000000000,-0.0275768079,0.3768158555,-0.0779377371,0.0236373823,0.1141405851,-0.0029333038,0.0268315636,0.1141112968,0.0058209933
15:25:00:09.496,61,0.1532274783,0.1654626429,0.0449442044,0.0000000000,0.0000000000,0.0774207115,0.0000000000,0.1531830728,0.1657264978,0.0000000000,0.0000000000,0.0000000000,0.0775514841,0.0000000000,0.1142956242,0.0000000000,0.0086699165,0.3065541983,0.3099774420,0.2390029728,0.1238723099,0.0000000000,0.0000000000,0.0009494238,0.0163366422,0.0000000000,0.0000000000,0.0277503524,0.0293848086,0.3112410903,0.2974587381,0.0227636117,0.1192660183,0.0000000000,0.0000000000,0.0000000000,0.0000000000,0.2764302194,0.2660843730,0.0009558171,0.0018311284,0.0000000000,0.0000000000,0.6576617956,0.3963228464,0.3973557055,0.0001807212,0.1365494877,0.1175056994,0.0306465793,0.0341263860,0.0000000000,-0.0266347826,0.3741973042,-0.0791385546,0.0227295049,0.1112279370,-0.0029561813,0.0260017700,0.1111983880,0.0055802851
15:25:00:10.498,61,0.1523760408,0.1623539478,0.0418421142,0.0000000000,0.0000000000,0.0780241936,0.0000000000,0.1523374170,0.1625917554,0.0000000000,0.0000000000,0.0000000000,0.0781605616,0.0000000000,0.0991239995,0.0000000000,0.0086937780,0.3282537162,0.3225543499,0.3478393257,0.1375959814,0.0000000000,0.0000000000,0.0000000000,0.0148704210,0.0000000000,0.0000000000,0.0296035241,0.0313966386,0.3158906400,0.3042348325,0.0000000000,0.0805330649,0.0000000000,0.0000000000,0.0000000000,0.0000000000,0.2836816609,0.2769630253,0.0007019287,0.0016805665,0.0000000000,0.0000000000,0.6545336843,0.3735662997,0.3743199706,0.0000934059,0.1366735548,0.1201699078,0.0304620788,0.0340263247,0.0000000000,-0.0253775734,0.3722104132,-0.0804916248,0.0207879283,0.1093173847,-0.0031024441,0.0242075622,0.1092875227,0.0053007202
15:25:00:11.499,61,0.1230054721,0.1576704085,0.0415500216,0.0000000000,0.0000000000,0.0785316825,0.0000000000,0.1230213866,0.1579022557,0.0000000000,0.0000000000,0.0000000000,0.0786707476,0.0000000000,0.1535100788,0.0000000000,0.0152630098,0.4665583968,0.2198249996,0.3884508610,0.1412905902,0.0000000000,0.0000000000,0.0000000000,0.0000000000,0.0485271476,0.0143844429,0.0309492294,0.0329645462,0.3184757233,0.3124819398,0.0000000000,0.0646862239,0.0000000000,0.0000000000,0.0000000000,0.0000000000,0.3809309602,0.3770020008,0.0151316561,0.0194271542,0.0000000000,0.0000000000,0.6534152031,0.3678169847,0.3684926927,0.0000000000,0.0825300664,0.0910148248,0.0211920720,0.0271455497,0.0000000000,-0.0258303508,0.3708812594,-0.0825391561,0.0206086021,0.1064521819,-0.0030434013,0.0240518451,0.1064220592,0.0051394012
15:25:00:12.501,61,0.0735037848,0.1455223560,0.0393450186,0.0000000000,0.0000000000,0.0793165043,0.0000000000,0.0734767541,0.1457297653,0.0000000000,0.0000000000,0.0000000000,0.0794671625,0.0000000000,0.1726817489,0.0000000000,0.0205034409,0.5893535018,0.1783048958,0.4031487405,0.1348624527,0.0000000000,0.0000000000,0.0000000000,0.0000000000,0.0980350450,0.0767585561,0.0320323631,0.0342580080,0.3589837551,0.3675497174,0.0000000000,0.0577319115,0.0000000000,0.0000000000,0.0000000000,0.0000000000,0.4694893956,0.4703635573,0.0207515638,0.0260945056,0.0000000000,0.0000000000,0.6545788646,0.3915494978,0.3919287324,0.0000000000,0.0592559986,0.0646253899,0.0130059905,0.0208676253,0.0000000000,-0.0265956204,0.3675763011,-0.0849963352,0.0192987062,0.0990169719,-0.0029609287,0.0228029378,0.0989861563,0.0046500475
15:25:00:13.503,61,0.0577305220,0.1340698153,0.0370238721,0.0000000000,0.0000000000,0.0791352317,0.0000000000,0.0577072725,0.1342550665,0.0000000000,0.0000000000,0.0000000000,0.0792933628,0.0000000000,0.1778275818,0.0000000000,0.0238646083,0.6462920308,0.1553865373,0.4152735770,0.1282783002,0.0000000000,0.0000000000,0.0000000000,0.0000000000,0.1425579488,0.1168566421,0.0324094594,0.0346608832,0.4038051069,0.4037475884,0.0000000000,0.0474962927,0.0000000000,0.0000000000,0.0000000000,0.0000000000,0.4936554730,0.4903290868,0.0261890981,0.0315504000,0.0000000000,0.0000000000,0.6579995751,0.4089862406,0.4093200862,0.0000000000,0.0410653278,0.0471060760,0.0093565416,0.0181769412,0.0000000000,-0.0278718788,0.3627688885,-0.0875580013,0.0179687254,0.0920078382,-0.0028732815,0.0214802921,0.0919763893,0.0041943728
15:25:00:14.504,61,0.0493950658,0.1253625602,0.0344330110,0.0000000000,0.0000000000,0.0786122903,0.0000000000,0.0493722223,0.1255281270,0.0000000000,0.0000000000,0.0000000000,0.0787799209,0.0000000000,0.1743192226,0.0000000000,0.0257068444,0.6774455309,0.1446109265,0.4365320802,0.1256762892,0.0000000000,0.0000000000,0.0000000000,0.0000000000,0.1630525291,0.1376154125,0.0323741473,0.0346078202,0.4188710153,0.4198058546,0.0000000000,0.0421323664,0.0000000000,0.0000000000,0.0000000000,0.0000000000,0.5008157492,0.4960330427,0.0304343682,0.0354821533,0.0000000000,0.0000000000,0.6603537202,0.4211081266,0.4213931859,0.0000000000,0.0330336504,0.0396067426,0.0073006474,0.0165450908,0.0000000000,-0.0300047249,0.3578339815,-0.0902751908,0.0165851284,0.0866777599,-0.0028228250,0.0199906379,0.0866458938,0.0038234738
15:25:00:15.506,61,0.0454390943,0.1224805862,0.0320388712,0.0000000000,0.0000000000,0.0772930160,0.0000000000,0.0454172753,0.1226315945,0.0000000000,0.0000000000,0.0000000000,0.0774778798,0.0000000000,0.1721306145,0.0000000000,0.0270663425,0.6905075908,0.1390821487,0.4507888258,0.1242377535,0.0000000000,0.0000000000,0.0000000000,0.0000000000,0.1726349592,0.1458603889,0.0320708379,0.0342635810,0.4262736142,0.4274019003,0.0000000000,0.0381508805,0.0000000000,0.0000000000,0.0000000000,0.0000000000,0.4977847040,0.4928899109,0.0344816186,0.0390869863,0.0000000000,0.0000000000,0.6613433957,0.4261720479,0.4264369309,0.0000000000,0.0287443567,0.0355339162,0.0060691996,0.0154836774,0.0000000000,-0.0316021554,0.3542546630,-0.0929239318,0.0152218416,0.0849107504,-0.0028707450,0.0186014175,0.0848787352,0.0036369658
15:25:00:16.507,61,0.0518743545,0.1248045266,0.0317633338,0.0000000000,0.0000000000,0.0742143840,0.0000000000,0.0518712439,0.1249549314,0.0000000000,0.0000000000,0.0000000000,0.0744116232,0.0000000000,0.1713991612,0.0000000000,0.0281023812,0.6306160092,0.1364959478,0.4698994756,0.1235654578,0.0000000000,0.0000000000,0.0000000000,0.0000000000,0.1756966412,0.1482722908,0.0315177813,0.0335965604,0.4237859845,0.4269867837,0.0000000000,0.0320834890,0.0000000000,0.0000000000,0.0000000000,0.0000000000,0.4742332101,0.4668588638,0.0432510078,0.0470783599,0.0000000000,0.0000000000,0.6577485800,0.4268375039,0.4271044731,0.0000000000,0.0265832320,0.0335056446,0.0054970621,0.0149261607,0.0000000000,-0.0340141691,0.3516700268,-0.0948163942,0.0150673464,0.0863310993,-0.0029282328,0.0184360035,0.0862992182,0.0036885629
15:25:00:17.509,61,0.0639106482,0.1269780397,0.0318131633,0.0000000000,0.0000000000,0.0713872313,0.0000000000,0.0639107153,0.1271295249,0.0000000000,0.0000000000,0.0000000000,0.0715968460,0.0000000000,0.1708096415,0.0000000000,0.0288519971,0.5406845212,0.1352726519,0.4801227450,0.1235819682,0.0000000000,0.0000000000,0.0000000000,0.0000000000,0.1471432894,0.1121099368,0.0308559071,0.0329086557,0.3749151230,0.3811132908,0.0000000000,0.0267830510,0.0000000000,0.0000000000,0.0000000000,0.0000000000,0.4472039938,0.4422060847,0.0540107526,0.0570332706,0.0000000000,0.0000000000,0.6431141496,0.4146017432,0.4148768783,0.0000000000,0.0259673148,0.0331497304,0.0053048502,0.0146367019,0.0000000000,-0.0361782424,0.3509909511,-0.0958870873,0.0150819123,0.0876601338,-0.0029700499,0.0184604526,0.0876283646,0.0037503571
15:25:00:18.511,61,0.0808906406,0.1289867312,0.0327731594,0.0000000000,0.0000000000,0.0696464777,0.0000000000,0.0808904395,0.1291445047,0.0000000000,0.0000000000,0.0000000000,0.0698728263,0.0000000000,0.1435610950,0.0000000000,0.0288351998,0.4534746706,0.1341911256,0.4844339192,0.1239490360,0.0000000000,0.0000000000,0.0000000000,0.0000000000,0.1137139350,0.0708459616,0.0301596206,0.0322516188,0.3394106030,0.3274485469,0.0000000000,0.0244197324,0.0000000000,0.0000000000,0.0000000000,0.0000000000,0.4128098786,0.3952526152,0.0590211377,0.0619568266,0.0000000000,0.0000000000,0.6161776781,0.3847662508,0.3851894736,0.0000000000,0.0309587549,0.0403691493,0.0055191983,0.0147939529,0.0000000000,-0.0372380279,0.3511126339,-0.0966820717,0.0156091899,0.0888903141,-0.0029681129,0.0190154947,0.0888586268,0.0038496614
15:25:00:19.512,61,0.0975145400,0.1317102760,0.0342675485,0.0000000000,0.0000000000,0.0686966032,0.0000000000,0.0975145176,0.1318778247,0.0000000000,0.0000000000,0.0000000000,0.0689324960,0.0000000000,0.1110597327,0.0000000000,0.0272889361,0.3645879626,0.1278259456,0.4847543240,0.1241289675,0.0000000000,0.0000000000,0.0000000000,0.0000000000,0.0768987983,0.0355955437,0.0289015416,0.0312454347,0.3017608225,0.2888969183,0.0000000000,0.0229672696,0.0000000000,0.0000000000,0.0000000000,0.0000000000,0.3734185994,0.3531795740,0.0622747876,0.0649816319,0.0000000000,0.0000000000,0.5927253366,0.3586314917,0.3592026830,0.0000000000,0.0478275344,0.0572899655,0.0075315060,0.0165904742,0.0000000000,-0.0365212969,0.3513222933,-0.0965508968,0.0164065473,0.0905588344,-0.0029567755,0.0198800899,0.0905272737,0.0039955722
15:25:00:20.514,61,0.1098401174,0.1391802877,0.0365611129,0.0000000000,0.0000000000,0.0680862740,0.0000000000,0.1098398864,0.1393654794,0.0000000000,0.0000000000,0.0000000000,0.0683281198,0.0000000000,0.0852409527,0.0000000000,0.0242929403,0.2987976074,0.1147411838,0.4580400586,0.1225571111,0.0000000000,0.0000000000,0.0000000000,0.0064791637,0.0018499554,0.0000000000,0.0273003280,0.0296194311,0.2739380896,0.2544042170,0.0000000000,0.0219913293,0.0000000000,0.0000000000,0.0000000000,0.0000000000,0.3241316378,0.2982294261,0.0640939400,0.0666109100,0.0000000000,0.0000000000,0.5763812065,0.3408456147,0.3415109515,0.0000000000,0.0626612082,0.0719005615,0.0112284990,0.0194804054,0.0000000000,-0.0345517322,0.3526748717,-0.0960803032,0.0175957195,0.0951319039,-0.0029970582,0.0211982913,0.0951006338,0.0043208408
15:25:00:21.515,61,0.1186662167,0.1483685821,0.0386447124,0.0000000000,0.0000000000,0.0676248819,0.0000000000,0.1186642051,0.1485727578,0.0000000000,0.0000000000,0.0000000000,0.0678701028,0.0000000000,0.0731663927,0.0000000000,0.0223976281,0.2634346783,0.1015046090,0.4466137290,0.1149906516,0.0000000000,0.0000000000,0.0019958646,0.0328557417,0.0000000000,0.0000000000,0.0256873202,0.0278319959,0.2578296959,0.2386063784,0.0000000000,0.0212289896,0.0000000000,0.0000000000,0.0000000000,0.0000000000,0.3075227141,0.2799701393,0.0652194545,0.0675299019,0.0000000000,0.0000000000,0.5643239617,0.3279641271,0.3287003040,0.0000000000,0.0708973408,0.0798145309,0.0140414890,0.0215478484,0.0000000000,-0.0329283513,0.3550292253,-0.0952276140,0.0186904594,0.1007559001,-0.0030651884,0.0223875977,0.1007250994,0.0046984754
15:25:00:22.516,61,0.1232971549,0.1554182619,0.0401373580,0.0000000000,0.0000000000,0.0673080608,0.0000000000,0.1232922301,0.1556375623,0.0000000000,0.0000000000,0.0000000000,0.0675560385,0.0000000000,0.0673465729,0.0000000000,0.0213760566,0.2436757386,0.0927577689,0.4415047169,0.1124524847,0.0000000000,0.0000000000,0.0284130536,0.0503707156,0.0000000000,0.0000000000,0.0240662377,0.0260179825,0.2494538426,0.2308027446,0.0000000000,0.0205704886,0.0000000000,0.0000000000,0.0000000000,0.0000000000,0.2996193171,0.2737751007,0.0662024021,0.0682462826,0.0000000000,0.0000000000,0.5581749082,0.3190025389,0.3198118210,0.0000000000,0.0769545138,0.0843845308,0.0181175973,0.0244514532,0.0000000000,-0.0318992361,0.3593082428,-0.0940895155,0.0195181202,0.1050710902,-0.0031103343,0.0232365429,0.1050406396,0.0049914941
15:25:00:23.518,61,0.1258626580,0.1617843658,0.0419385135,0.0000000000,0.0000000000,0.0669596791,0.0000000000,0.1258562058,0.1620215923,0.0000000000,0.0000000000,0.0000000000,0.0672103912,0.0000000000,0.0642421767,0.0000000000,0.0206503551,0.1959813386,0.0872394964,0.4346874952,0.1109017357,0.0000000000,0.0000000000,0.0728366598,0.0830363557,0.0000000000,0.0000000000,0.0223350171,0.0239876825,0.2416959256,0.2247745544,0.0000000000,0.0200660974,0.0000000000,0.0000000000,0.0000000000,0.0000000000,0.3024003804,0.2799959779,0.0666919649,0.0684345067,0.0000000000,0.0000000000,0.5551118851,0.3125301600,0.3134042323,0.0000000000,0.0821467340,0.0871535093,0.0223519821,0.0279248320,0.0000000000,-0.0321198516,0.3652150035,-0.0929159820,0.0205966309,0.1089694723,-0.0031121613,0.0242653787,0.1089394242,0.0052886782
15:25:00:24.520,61,0.1275145262,0.1650047898,0.0432632118,0.0000000000,0.0000000000,0.0667059049,0.0000000000,0.1275068521,0.1652548015,0.0000000000,0.0000000000,0.0000000000,0.0669604614,0.0000000000,0.0623726137,0.0000000000,0.0198902562,0.1615384668,0.0846268237,0.4177784920,0.1106773466,0.0000000000,0.0000000000,0.0852536410,0.0942066312,0.0000000000,0.0000000000,0.0195664633,0.0209112912,0.2312472761,0.2140720487,0.0000000000,0.0196787193,0.0000000000,0.0000000000,0.0000000000,0.0000000000,0.3018130064,0.2802838385,0.0664796680,0.0672303960,0.0000000000,0.0000000000,0.5538552403,0.3065522313,0.3074583411,0.0000000000,0.0867715701,0.0890829116,0.0262918789,0.0315988399,0.0000000000,-0.0323928334,0.3709161282,-0.0914254636,0.0214437321,0.1109429970,-0.0030793787,0.0250257365,0.1109131798,0.0054664905
15:25:00:25.522,61,0.1290461272,0.1686531752,0.0440426469,0.0000000000,0.0000000000,0.0665971860,0.0000000000,0.1290372908,0.1689126343,0.0000000000,0.0000000000,0.0000000000,0.0668528974,0.0000000000,0.0616149977,0.0000000000,0.0195770394,0.1464963406,0.0820203424,0.4065069556,0.1104010567,0.0000000000,0.0000000000,0.0910226777,0.1002384275,0.0000000000,0.0000000000,0.0173483547,0.0186955035,0.2212814391,0.2088578343,0.0000000000,0.0193312559,0.0000000000,0.0000000000,0.0000000000,0.0000000000,0.3012826741,0.2805300653,0.0662485287,0.0666198060,0.0000000000,0.0000000000,0.5532712340,0.3028685451,0.3037486374,0.0000000000,0.0892750472,0.0903260037,0.0288617443,0.0342582613,0.0000000000,-0.0323125497,0.3749725521,-0.0900130570,0.0219951700,0.1131767333,-0.0030804051,0.0254671685,0.1131471917,0.0056281090
15:25:00:26.523,61,0.1303540766,0.1723091900,0.0442314856,0.0000000000,0.0000000000,0.0665824860,0.0000000000,0.1303423196,0.1725737005,0.0000000000,0.0000000000,0.0000000000,0.0668367967,0.0000000000,0.0611707047,0.0000000000,0.0195308905,0.1373849362,0.0721710771,0.3839092255,0.1011631787,0.0000000000,0.0000000000,0.0986754298,0.1111614034,0.0000000000,0.0000000000,0.0160739087,0.0174070857,0.2134827822,0.2044884562,0.0000000000,0.0189510863,0.0000000000,0.0000000000,0.0000000000,0.0000000000,0.3008362949,0.2807512283,0.0662203357,0.0663054287,0.0000000000,0.0000000000,0.5530359745,0.2996585667,0.3005356491,0.0000000000,0.0908476934,0.0911947042,0.0302407965,0.0356458984,0.0000000000,-0.0320882648,0.3785074353,-0.0891539380,0.0221912507,0.1154133528,-0.0031166407,0.0255648084,0.1153840870,0.0057556047
15:25:00:27.525,61,0.1321934909,0.1749188751,0.0433356315,0.0000000000,0.0000000000,0.0668084547,0.0000000000,0.1321780682,0.1751789153,0.0000000000,0.0000000000,0.0000000000,0.0670608729,0.0000000000,0.0608523674,0.0000000000,0.0195816848,0.1313176006,0.0654457062,0.3748475015,0.0931548476,0.0000000000,0.0000000000,0.1074022502,0.1220611036,0.0000000000,0.0000000000,0.0151410569,0.0164813306,0.2093227655,0.2019635737,0.0000000000,0.0185561907,0.0000000000,0.0000000000,0.0000000000,0.0000000000,0.3002870977,0.2808540463,0.0663277954,0.0662019774,0.0000000000,0.0000000000,0.5526953340,0.2975186706,0.2983904481,0.0000000000,0.0924707875,0.0921031833,0.0312018804,0.0366281904,0.0000000000,-0.0319856741,0.3802821934,-0.0889727324,0.0217132866,0.1170065701,-0.0032082754,0.0250353627,0.1169774905,0.0057824794
15:25:00:28.526,61,0.1336632222,0.1770134270,0.0423737429,0.0000000000,0.0000000000,0.0669827983,0.0000000000,0.1336449385,0.1772677153,0.0000000000,0.0000000000,0.0000000000,0.0672319159,0.0000000000,0.0605162866,0.0000000000,0.0196978170,0.1266005337,0.0603121482,0.3684804738,0.0870326757,0.0000000000,0.0000000000,0.1133724302,0.1288868338,0.0000000000,0.0000000000,0.0143990731,0.0157551095,0.2069609761,0.2003509551,0.0000000000,0.0181194041,0.0000000000,0.0000000000,0.0000000000,0.0000000000,0.2995654941,0.2807458043,0.0665661842,0.0662678480,0.0000000000,0.0000000000,0.5523508787,0.2948575318,0.2957344055,0.0000000000,0.0935987234,0.0929337069,0.0319125019,0.0373652354,0.0000000000,-0.0323873498,0.3819503188,-0.0894482881,0.0211775992,0.1182844713,-0.0032994566,0.0244693346,0.1182555482,0.0057874774
15:25:00:29.528,61,0.1346858442,0.1782704890,0.0413225628,0.0000000000,0.0000000000,0.0672125667,0.0000000000,0.1346665919,0.1785174906,0.0000000000,0.0000000000,0.0000000000,0.0674571916,0.0000000000,0.0602560714,0.0000000000,0.0198727269,0.1242941394,0.0563357584,0.3656640351,0.0836679265,0.0000000000,0.0000000000,0.1169606522,0.1341362149,0.0000000000,0.0000000000,0.0138127906,0.0151840895,0.2053798735,0.1991007626,0.0000000000,0.0176863950,0.0000000000,0.0000000000,0.0000000000,0.0000000000,0.2992248237,0.2809748650,0.0670788288,0.0666405410,0.0000000000,0.0000000000,0.5518226624,0.2934224904,0.2942895591,0.0000000000,0.0945722237,0.0937574729,0.0325490311,0.0380255990,0.0000000000,-0.0331148133,0.3837755322,-0.0903326571,0.0205772761,0.1190499142,-0.0033853352,0.0238543302,0.1190210357,0.0057596052
15:25:00:30.529,61,0.1357203424,0.1800389141,0.0401739776,0.0000000000,0.0000000000,0.0672371313,0.0000000000,0.1356990337,0.1802779883,0.0000000000,0.0000000000,0.0000000000,0.0674768388,0.0000000000,0.0601181351,0.0000000000,0.0200486202,0.1283988953,0.0521447398,0.3759838343,0.0791466758,0.0000000000,0.0000000000,0.1183075458,0.1370836943,0.0000000000,0.0000000000,0.0134474607,0.0148365404,0.2048605680,0.1985389441,0.0000000000,0.0171921551,0.0000000000,0.0000000000,0.0000000000,0.0000000000,0.3081341088,0.2946660519,0.0716787502,0.0706912279,0.0000000000,0.0000000000,0.5513249636,0.2926079929,0.2934736907,0.0000000000,0.0950705335,0.0943295732,0.0329496786,0.0384688564,0.0000000000,-0.0342145339,0.3855907023,-0.0915218890,0.0198985375,0.1201277450,-0.0034894231,0.0231810845,0.1200989708,0.0057400395
15:25:00:31.530,61,0.1363912225,0.1819202751,0.0391405374,0.0000000000,0.0000000000,0.0669844970,0.0000000000,0.1363689005,0.1821523011,0.0000000000,0.0000000000,0.0000000000,0.0672185123,0.0000000000,0.0628114566,0.0000000000,0.0199943800,0.1969244033,0.0503612459,0.3786199391,0.0704064965,0.0000000000,0.0000000000,0.1182395965,0.1384019852,0.0000000000,0.0000000000,0.0136259357,0.0150935864,0.2167788297,0.2055577338,0.0000000000,0.0168586709,0.0000000000,0.0000000000,0.0000000000,0.0000000000,0.3329780996,0.3187875748,0.0770844594,0.0756455660,0.0000000000,0.0000000000,0.5510343313,0.2971140742,0.2979753017,0.0000000000,0.0948927402,0.0944526345,0.0329896994,0.0385468155,0.0000000000,-0.0354945324,0.3866237402,-0.0926273540,0.0192885362,0.1212750226,-0.0035892846,0.0225744732,0.1212463155,0.0057298858
15:25:00:32.533,61,0.1369193047,0.1843312681,0.0371840186,0.0000000000,0.0000000000,0.0665046498,0.0000000000,0.1368962228,0.1845487505,0.0000000000,0.0000000000,0.0000000000,0.0667307898,0.0000000000,0.0903681666,0.0000000000,0.0199548211,0.2658895552,0.0492559783,0.3683074415,0.0598541051,0.0000000000,0.0000000000,0.1161058694,0.1387981772,0.0000000000,0.0000000000,0.0150245577,0.0173836835,0.2432985604,0.2337341607,0.0000000000,0.0166050978,0.0000000000,0.0000000000,0.0000000000,0.0000000000,0.3838632107,0.3723892570,0.0855908990,0.0836042166,0.0000000000,0.0000000000,0.5525615215,0.3128310740,0.3136224151,0.0000000000,0.0910080895,0.0935823396,0.0326069444,0.0382243544,0.0000000000,-0.0365395807,0.3865399957,-0.0941273794,0.0181612242,0.1227431297,-0.0037584023,0.0214300565,0.1227146164,0.0056732306
15:25:00:33.534,61,0.1373695284,0.1865156740,0.0359554924,0.0000000000,0.0000000000,0.0651527345,0.0000000000,0.1373459101,0.1867243201,0.0000000000,0.0000000000,0.0000000000,0.0653465763,0.0000000000,0.1086973622,0.0000000000,0.0203084107,0.2984471321,0.0486102626,0.3615362048,0.0559172630,0.0000000000,0.0000000000,0.1130533144,0.1378579885,0.0000000000,0.0000000000,0.0177289993,0.0206131879,0.2557747662,0.2487488836,0.0000000000,0.0164425410,0.0000000000,0.0000000000,0.0000000000,0.0000000000,0.4271267056,0.4159143865,0.0912469998,0.0886381790,0.0000000000,0.0000000000,0.5571497679,0.3306957781,0.3314420879,0.0000000000,0.0846898258,0.0883232132,0.0320482329,0.0376725383,0.0000000000,-0.0376820341,0.3855693936,-0.0956950188,0.0174661595,0.1240750179,-0.0038772011,0.0207093991,0.1240466237,0.0056552440
15:25:00:34.536,61,0.1374689043,0.1868055761,0.0360557102,0.0000000000,0.0000000000,0.0623258092,0.0000000000,0.1374454051,0.1870153099,0.0000000000,0.0000000000,0.0000000000,0.0624740534,0.0000000000,0.1290462911,0.0000000000,0.0220807064,0.3166815639,0.0479576290,0.3498496711,0.0526465438,0.0000000000,0.0000000000,0.1108609289,0.1360856593,0.0000000000,0.0000000000,0.0209299773,0.0239179693,0.2644081414,0.2602721751,0.0000000000,0.0163650606,0.0000000000,0.0000000000,0.0000000000,0.0000000000,0.4685385227,0.4600506425,0.0952329785,0.0924111828,0.0000000000,0.0000000000,0.5643420219,0.3460937142,0.3467616439,0.0000000000,0.0768928006,0.0798944533,0.0310668778,0.0365329199,0.0000000000,-0.0383324474,0.3840700984,-0.0964263156,0.0175496619,0.1242525727,-0.0038729673,0.0207666457,0.1242242232,0.0056702723
15:25:00:35.537,61,0.1375544518,0.1877650321,0.0355836041,0.0000000000,0.0000000000,0.0584833100,0.0000000000,0.1375319362,0.1879714429,0.0000000000,0.0000000000,0.0000000000,0.0585899353,0.0000000000,0.1397291869,0.0000000000,0.0248151626,0.3254661262,0.0470160283,0.3373498023,0.0487237386,0.0000000000,0.0000000000,0.1093563363,0.1349285096,0.0000000000,0.0000000000,0.0234507807,0.0264050979,0.2722723186,0.2700952590,0.0000000000,0.0163092110,0.0000000000,0.0000000000,0.0000000000,0.0000000000,0.4855838716,0.4775585830,0.0974346474,0.0946825966,0.0000000000,0.0000000000,0.5689885020,0.3577727377,0.3583458364,0.0000000000,0.0690243393,0.0717225447,0.0293893069,0.0348924734,0.0000000000,-0.0381527655,0.3828629255,-0.0970013887,0.0173003208,0.1248377562,-0.0039193020,0.0204893388,0.1248094887,0.0056662709
15:25:00:36.539,61,0.1377541423,0.1886880398,0.0353682898,0.0000000000,0.0000000000,0.0552580282,0.0000000000,0.1377329826,0.1888931990,0.0000000000,0.0000000000,0.0000000000,0.0553371683,0.0000000000,0.1448149085,0.0000000000,0.0272809640,0.3295951784,0.0452278629,0.3310737312,0.0451259129,0.0000000000,0.0000000000,0.1081373096,0.1342032701,0.0000000000,0.0000000000,0.0248273239,0.0277875736,0.2757432461,0.2743311822,0.0000000000,0.0162079614,0.0000000000,0.0000000000,0.0000000000,0.0000000000,0.4940272570,0.4864292443,0.0993242189,0.0974849612,0.0000000000,0.0000000000,0.5711769462,0.3673344851,0.3678130209,0.0000000000,0.0647382960,0.0678075030,0.0281682611,0.0338716432,0.0000000000,-0.0372924134,0.3821507096,-0.0969994292,0.0172014404,0.1254014373,-0.0039478382,0.0203612745,0.1253732294,0.0056782058
15:25:00:37.542,61,0.1380304694,0.1900393516,0.0350961424,0.0000000000,0.0000000000,0.0531475805,0.0000000000,0.1380107552,0.1902431399,0.0000000000,0.0000000000,0.0000000000,0.0532110743,0.0000000000,0.1472138911,0.0000000000,0.0285583679,0.3153979480,0.0430802032,0.3280295432,0.0426138192,0.0000000000,0.0000000000,0.1050634086,0.1333728433,0.0000000000,0.0000000000,0.0256296527,0.0285972487,0.2775274217,0.2764095664,0.0000000000,0.0160413645,0.0000000000,0.0000000000,0.0000000000,0.0000000000,0.4937337935,0.4866912067,0.1007126272,0.0995568335,0.0000000000,0.0000000000,0.5753576756,0.3808048666,0.3812064826,0.0000000000,0.0618687272,0.0653973147,0.0270538405,0.0330112018,0.0000000000,-0.0353735872,0.3820255399,-0.0964723080,0.0170815848,0.1262268573,-0.0039869212,0.0201987922,0.1261987388,0.0056983475
15:25:00:38.542,61,0.1385204494,0.1925011873,0.0348105766,0.0000000000,0.0000000000,0.0515054800,0.0000000000,0.1385021806,0.1927040070,0.0000000000,0.0000000000,0.0000000000,0.0515619144,0.0000000000,0.1443477124,0.0000000000,0.0291903317,0.2689297795,0.0395277068,0.3264108598,0.0395762622,0.0000000000,0.0000000000,0.1013957411,0.1326521784,0.0000000000,0.0000000000,0.0259589348,0.0289515015,0.2781065404,0.2763657272,0.0000000000,0.0157879721,0.0000000000,0.0000000000,0.0000000000,0.0000000000,0.4737171531,0.4637877345,0.1017344147,0.1008754745,0.0000000000,0.0000000000,0.5844698548,0.3988097310,0.3991905451,0.0000000000,0.0597215220,0.0637970790,0.0261015240,0.0322720520,0.0000000000,-0.0339515917,0.3827036619,-0.0962913483,0.0169664137,0.1277312189,-0.0040464681,0.0200248137,0.1277032793,0.0057488065
15:25:00:39.544,61,0.1429590732,0.1982000470,0.0352858678,0.0000000000,0.0000000000,0.0489492677,0.0000000000,0.1429524273,0.1984104216,0.0000000000,0.0000000000,0.0000000000,0.0490043759,0.0000000000,0.1173926890,0.0000000000,0.0294009410,0.2087562233,0.0371400788,0.3258584738,0.0382279828,0.0000000000,0.0000000000,0.0896944031,0.1276832968,0.0000000000,0.0000000000,0.0257541705,0.0287673827,0.2490976900,0.2380562723,0.0000000000,0.0155409453,0.0000000000,0.0000000000,0.0000000000,0.0000000000,0.4139171541,0.4053358436,0.1018082127,0.1011315510,0.0000000000,0.0000000000,0.5928869843,0.4175498486,0.4179127812,0.0000000000,0.0538476519,0.0575430915,0.0243366007,0.0312506743,0.0000000000,-0.0331366397,0.3843176961,-0.0956726596,0.0173297524,0.1312173456,-0.0041091111,0.0202811956,0.1311897933,0.0059440401
15:25:00:40.545,61,0.1717883945,0.2088851631,0.0366309658,0.0000000000,0.0000000000,0.0467777438,0.0000000000,0.1717748791,0.2091140300,0.0000000000,0.0000000000,0.0000000000,0.0468318462,0.0000000000,0.0886862129,0.0000000000,0.0293536149,0.1795106828,0.0358873196,0.3386596441,0.0379093997,0.0000000000,0.0000000000,0.0829458460,0.1217231378,0.0000000000,0.0000000000,0.0245759878,0.0276798531,0.2221455723,0.2183654755,0.0000000000,0.0152780302,0.0000000000,0.0000000000,0.0000000000,0.0000000000,0.3481921554,0.3415800035,0.0969798341,0.0967515633,0.0000000000,0.0000000000,0.6069498062,0.4373191893,0.4378269911,0.0000000000,0.0515275672,0.0543823875,0.0233050287,0.0304555148,0.0000000000,-0.0330331735,0.3885284066,-0.0947286263,0.0181845780,0.1377555579,-0.0041976385,0.0210229158,0.1377286464,0.0063489340
15:25:00:41.547,61,0.1869345754,0.2225421518,0.0377835780,0.0000000000,0.0000000000,0.0445079990,0.0000000000,0.1869117618,0.2227907777,0.0000000000,0.0000000000,0.0000000000,0.0445603989,0.0000000000,0.0778677613,0.0000000000,0.0293641444,0.1562640965,0.0357445627,0.3421384692,0.0427481718,0.0000000000,0.0000000000,0.0801029056,0.1167726964,0.0000000000,0.0000000000,0.0232821293,0.0263388474,0.2111815214,0.2094231248,0.0000000000,0.0152050341,0.0000000000,0.0000000000,0.0000000000,0.0000000000,0.3169260025,0.3119111061,0.0820779130,0.0802753344,0.0000000000,0.0000000000,0.6412777305,0.4765137434,0.4771118164,0.0000000000,0.0507085770,0.0530160032,0.0226159114,0.0298961960,0.0000000000,-0.0328558646,0.3929650486,-0.0918194503,0.0189305432,0.1461108476,-0.0043421444,0.0216379501,0.1460848004,0.0068359352
15:25:00:42.549,61,0.1946953833,0.2341761589,0.0388767421,0.0000000000,0.0000000000,0.0425810739,0.0000000000,0.1946727484,0.2344435602,0.0000000000,0.0000000000,0.0000000000,0.0426362157,0.0000000000,0.0642659590,0.0000000000,0.0288850944,0.1154592633,0.0600753650,0.3434553742,0.0910553932,0.0000000000,0.0000000000,0.0892782584,0.1149907112,0.0000000000,0.0000000000,0.0216106661,0.0243122112,0.1992087066,0.1936183721,0.0000000000,0.0155757060,0.0000000000,0.0000000000,0.0000000000,0.0000000000,0.2601014674,0.2485833764,0.0594347529,0.0559373721,0.0000000000,0.0000000000,0.6556476951,0.4931633770,0.4938351810,0.0000000000,0.0691836998,0.0609175824,0.0228330474,0.0301309321,0.0000000000,-0.0297553577,0.3984922469,-0.0853107125,0.0195892006,0.1532293707,-0.0044523464,0.0222224370,0.1532040685,0.0072685424
15:25:00:43.550,61,0.1982204169,0.2455353290,0.0445063226,0.0000000000,0.0000000000,0.0372584201,0.0000000000,0.1981976479,0.2458718568,0.0000000000,0.0000000000,0.0000000000,0.0373149589,0.0000000000,0.0519887395,0.0000000000,0.0271667279,0.1018233672,0.0815661177,0.2929631770,0.1243092939,0.0000000000,0.0000000000,0.0936454237,0.1137790680,0.0000000000,0.0000000000,0.0189095307,0.0209761336,0.1894271672,0.1829026788,0.0000000000,0.0163473245,0.0000000000,0.0000000000,0.0000000000,0.0000000000,0.1911780089,0.1808733493,0.0396580473,0.0375713967,0.0000000000,0.0000000000,0.6716034412,0.5095038414,0.5102092624,0.0005710206,0.0814153031,0.0694435537,0.0302906707,0.0379493833,0.0000000000,-0.0251843780,0.4050733447,-0.0756135583,0.0228712559,0.1602003276,-0.0041523278,0.0254260488,0.1601756960,0.0080987597
15:25:00:44.551,61,0.1972477138,0.2540757358,0.0499897562,0.0000000000,0.0000000000,0.0301989093,0.0000000000,0.1972306371,0.2544818521,0.0000000000,0.0000000000,0.0000000000,0.0302621536,0.0000000000,0.0448741317,0.0000000000,0.0216790102,0.0946932435,0.0907082260,0.2729208171,0.1438875943,0.0000000000,0.0000000000,0.0963956416,0.1130468994,0.0000000000,0.0000000000,0.0169428587,0.0187029149,0.1707290560,0.1608311534,0.0000000000,0.0193377100,0.0000000000,0.0000000000,0.0000000000,0.0000000000,0.1685404629,0.1580319405,0.0286005102,0.0269607566,0.0000000000,0.0000000000,0.6815963984,0.5194755793,0.5201959610,0.0069185663,0.0867111981,0.0735812783,0.0357283130,0.0439758301,0.0000000000,-0.0196309164,0.4097158909,-0.0652737245,0.0260281991,0.1654502451,-0.0037883320,0.0285508297,0.1654260755,0.0088659879
15:25:00:45.552,61,0.1963939667,0.2609447539,0.0533780046,0.0000000000,0.0000000000,0.0250365324,0.0000000000,0.1963563710,0.2613976598,0.0000000000,0.0000000000,0.0000000000,0.0250948612,0.0000000000,0.0414617434,0.0000000000,0.0159386192,0.0916986987,0.1048147976,0.2501861751,0.1645578146,0.0000000000,0.0000000000,0.0973595977,0.1122183055,0.0000000000,0.0000000000,0.0157123562,0.0173539873,0.1615988165,0.1495606750,0.0000000000,0.0270594545,0.0000000000,0.0000000000,0.0000000000,0.0000000000,0.1572088003,0.1464488804,0.0213788860,0.0201706644,0.0000000000,0.0000000000,0.6924567819,0.5294397473,0.5302832127,0.0128231766,0.0913619772,0.0777032897,0.0422179587,0.0511125810,0.0000000000,-0.0151460329,0.4124505818,-0.0573550053,0.0279172193,0.1696696430,-0.0035756896,0.0304694586,0.1696458906,0.0094119310
15:25:00:46.555,61,0.1858802289,0.2639830709,0.0581648797,0.0000000000,0.0000000000,0.0192410350,0.0000000000,0.1857940555,0.2644958496,0.0000000000,0.0000000000,0.0000000000,0.0192940682,0.0000000000,0.0395975187,0.0000000000,0.0120048048,0.1040174887,0.1248001233,0.2419581562,0.1998161972,0.0000000000,0.0000000000,0.0890303031,0.1035276279,0.0000000000,0.0000000000,0.0146938534,0.0163195916,0.1568279117,0.1435648799,0.0000000000,0.0347664915,0.0000000000,0.0000000000,0.0000000000,0.0000000000,0.1530597806,0.1408837289,0.0167867262,0.0159278102,0.0000000000,0.0000000000,0.7227675319,0.5496826768,0.5506945848,0.0180599988,0.0938008055,0.0804524198,0.0448770188,0.0543600060,0.0000000000,-0.0118667092,0.4144182205,-0.0489974096,0.0306168273,0.1715547293,-0.0031729862,0.0332138352,0.1715310216,0.0099682817
15:25:00:47.556,61,0.1826369911,0.2691514492,0.0595819056,0.0000000000,0.0000000000,0.0144998152,0.0000000000,0.1825295389,0.2696886659,0.0000000000,0.0000000000,0.0000000000,0.0145436665,0.0000000000,0.0386768468,0.0000000000,0.0096077230,0.1508256197,0.1727338731,0.2379291207,0.2142257988,0.0000000000,0.0000000000,0.0666606352,0.0859445930,0.0000000000,0.0000000000,0.0139888730,0.0156562552,0.1546032727,0.1407627314,0.0000000000,0.0472527444,0.0000000000,0.0000000000,0.0000000000,0.0000000000,0.1557929963,0.1419981718,0.0132482937,0.0127832368,0.0000000000,0.0000000000,0.7366994023,0.5614292026,0.5626197457,0.0204498582,0.0952578634,0.0818956196,0.0463612638,0.0561625026,0.0000000000,-0.0072906949,0.4151595235,-0.0412650257,0.0313706137,0.1747252345,-0.0031016665,0.0339999236,0.1747018546,0.0102926306
15:25:00:48.558,61,0.1782117635,0.2641227841,0.0598591864,0.0000000000,0.0000000000,0.0124827167,0.0000000000,0.1780382246,0.2646554410,0.0000000000,0.0000000000,0.0000000000,0.0125217438,0.0000000000,0.0481150001,0.0000000000,0.0085694660,0.2174332142,0.2412417233,0.2432975173,0.2211178541,0.0000000000,0.0000000000,0.0376788601,0.0581492409,0.0000000000,0.0000000000,0.0136712799,0.0153650595,0.1687599123,0.1583006382,0.0000000000,0.0751864761,0.0000000000,0.0000000000,0.0000000000,0.0000000000,0.1983179152,0.1885231137,0.0104245162,0.0104569551,0.0000000000,0.0000000000,0.7475453615,0.5712476969,0.5725836158,0.0217132997,0.0978839546,0.0829744190,0.0469710603,0.0569972508,0.0000000000,-0.0022786059,0.4172109962,-0.0331261270,0.0315436721,0.1716497540,-0.0030234442,0.0341904014,0.1716261059,0.0101330364
15:25:00:49.559,61,0.1726390719,0.2605787814,0.0616811588,0.0000000000,0.0000000000,0.0117586488,0.0000000000,0.1724465042,0.2611269653,0.0000000000,0.0000000000,0.0000000000,0.0117938006,0.0000000000,0.0616685860,0.0000000000,0.0084459800,0.2883374095,0.3076258004,0.3111565411,0.2314606309,0.0000000000,0.0000000000,0.0002133369,0.0247849673,0.0000000000,0.0000000000,0.0137172425,0.0154158417,0.2319477201,0.2264487147,0.0000000000,0.0857717767,0.0000000000,0.0000000000,0.0000000000,0.0000000000,0.2120831460,0.2035759240,0.0086617442,0.0090316273,0.0000000000,0.0000000000,0.7728236914,0.5895059705,0.5909714103,0.0220631976,0.1031250134,0.0841328055,0.0470627770,0.0572604910,0.0000000000,0.0030418611,0.4196953177,-0.0254425276,0.0325425342,0.1694916487,-0.0028280776,0.0352630392,0.1694676876,0.0101711694
15:25:00:50.562,61,0.1578227729,0.2564697564,0.0654362217,0.0000000000,0.0000000000,0.0117765078,0.0000000000,0.1576330811,0.2570541501,0.0000000000,0.0000000000,0.0000000000,0.0118088154,0.0000000000,0.0676014200,0.0000000000,0.0127495890,0.3253262341,0.3055229187,0.4432528317,0.2348125875,0.0000000000,0.0000000000,0.0000000000,0.0000000000,0.0000000000,0.0000000000,0.0145905120,0.0164740123,0.2555984557,0.2659734786,0.0000000000,0.0779445767,0.0000000000,0.0000000000,0.0000000000,0.0000000000,0.2767558694,0.2663726211,0.0084714741,0.0090720309,0.0000000000,0.0000000000,0.7967435122,0.6249513030,0.6261559725,0.0141321067,0.1041823924,0.0841435045,0.0420311689,0.0520544536,0.0000000000,0.0065473784,0.4219641685,-0.0208661761,0.0347550847,0.1669986546,-0.0024403064,0.0374555252,0.1669745147,0.0103600379
15:25:00:51.563,61,0.1518709660,0.2510879934,0.0688823387,0.0000000000,0.0000000000,0.0120175295,0.0000000000,0.1516876519,0.2517011762,0.0000000000,0.0000000000,0.0000000000,0.0120476009,0.0000000000,0.0724824294,0.0000000000,0.0167857334,0.3464927077,0.2912279367,0.4821018279,0.2351826727,0.0000000000,0.0000000000,0.0000000000,0.0000000000,0.0508739315,0.0530971698,0.0153871328,0.0173747931,0.2700804770,0.2832491696,0.0000000000,0.0719329193,0.0000000000,0.0000000000,0.0000000000,0.0000000000,0.2952009141,0.2843709886,0.0093240766,0.0100817224,0.0000000000,0.0000000000,0.8114546537,0.6429159045,0.6438805461,0.0093940599,0.0955110043,0.0783157125,0.0355687067,0.0454036333,0.0000000000,0.0093328338,0.4208776653,-0.0160524137,0.0367714614,0.1637248844,-0.0020860778,0.0394788347,0.1637004614,0.0104588931
15:25:00:52.564,61,0.1370536387,0.2421236485,0.0711959153,0.0000000000,0.0000000000,0.0124592502,0.0000000000,0.1369792968,0.2427442670,0.0000000000,0.0000000000,0.0000000000,0.0124880243,0.0000000000,0.0770472065,0.0000000000,0.0202770811,0.3570138812,0.2849020660,0.4938440621,0.2258926183,0.0000000000,0.0000000000,0.0000000000,0.0000000000,0.0697087720,0.0669143051,0.0166529231,0.0187309105,0.2782008350,0.2928655744,0.0000000000,0.0685857013,0.0000000000,0.0000000000,0.0000000000,0.0000000000,0.3047776818,0.2937771678,0.0100083649,0.0111283148,0.0000000000,0.0000000000,0.8178693652,0.6515250206,0.6523157954,0.0063789301,0.0888098404,0.0744802579,0.0305432566,0.0408286005,0.0000000000,0.0114409355,0.4174299836,-0.0117417928,0.0381352566,0.1582511663,-0.0018239567,0.0408711098,0.1582261473,0.0102977846
15:25:00:53.567,61,0.1243473291,0.2328573763,0.0745986775,0.0000000000,0.0000000000,0.0145965833,0.0000000000,0.1243333519,0.2334941924,0.0000000000,0.0000000000,0.0000000000,0.0146279298,0.0000000000,0.0817834064,0.0000000000,0.0231460072,0.3617189229,0.2744926810,0.4930315912,0.2172790766,0.0000000000,0.0000000000,0.0000000000,0.0000000000,0.0735059083,0.0633325577,0.0175260063,0.0196076538,0.2843852043,0.2990365624,0.0000000000,0.0660212189,0.0000000000,0.0000000000,0.0000000000,0.0000000000,0.3096953630,0.2985119224,0.0109886918,0.0124655263,0.0000000000,0.0000000000,0.8243006468,0.6561274529,0.6568322182,0.0046659620,0.0862874910,0.0728533641,0.0275001768,0.0385252759,0.0000000000,0.0110226721,0.4116959572,-0.0073931012,0.0401821807,0.1525980085,-0.0014776662,0.0428955294,0.1525724530,0.0101996996
15:25:00:54.567,61,0.1085751876,0.2275467813,0.0810152888,0.0000000000,0.0000000000,0.0150060151,0.0000000000,0.1085757986,0.2282368988,0.0000000000,0.0000000000,0.0000000000,0.0150384726,0.0000000000,0.0882338136,0.0000000000,0.0242972262,0.3357256353,0.2712838054,0.4395543933,0.2122380733,0.0000000000,0.0000000000,0.0000000000,0.0000000000,0.0428106897,0.0264067668,0.0181916095,0.0202403646,0.2877507210,0.3018119931,0.0000000000,0.0647770092,0.0000000000,0.0000000000,0.0000000000,0.0000000000,0.3121789396,0.3005465865,0.0116039515,0.0132319983,0.0000000000,0.0000000000,0.8280487657,0.6582918763,0.6589374542,0.0036557359,0.0845875442,0.0716409311,0.0258830786,0.0373486057,0.0000000000,0.0108482977,0.4079250097,-0.0020846901,0.0439888686,0.1493836790,-0.0009204604,0.0466414727,0.1493578851,0.0104968557
15:25:00:55.569,61,0.1013442576,0.2228996158,0.0869882256,0.0000000000,0.0000000000,0.0157240573,0.0000000000,0.1013508588,0.2236373276,0.0000000000,0.0005725438,0.0000000000,0.0157577582,0.0000000000,0.0967581943,0.0000000000,0.0250772387,0.3009676039,0.2653876543,0.4256912172,0.1852842867,0.0000000000,0.0000000000,0.0000000000,0.0000000000,0.0323331803,0.0101710279,0.0186411161,0.0206307955,0.2919906378,0.3034492433,0.0000000000,0.0639312416,0.0000000000,0.0000000000,0.0000000000,0.0000000000,0.3138875067,0.3016825616,0.0121651422,0.0138925202,0.0000000000,0.0000000000,0.8330702186,0.6599408388,0.6605417728,0.0030177420,0.0838172883,0.0710552707,0.0246853065,0.0365748480,0.0000000000,0.0118672922,0.4066100121,0.0011583865,0.0475453883,0.1465732455,-0.0004223564,0.0501288362,0.1465472728,0.0107657267
15:25:00:56.571,61,0.0960641205,0.2190697640,0.0902183428,0.0000000000,0.0000000000,0.0160598904,0.0000000000,0.0960687175,0.2198284268,0.0000000000,0.0036613916,0.0000000000,0.0160948914,0.0000000000,0.0996785536,0.0000000000,0.0255209599,0.2571136355,0.2398456931,0.4204009473,0.1770959646,0.0000000000,0.0000000000,0.0000000000,0.0000000000,0.0203727465,0.0000000000,0.0187062360,0.0206391420,0.2938664854,0.3039877713,0.0000000000,0.0607533827,0.0000000000,0.0000000000,0.0000000000,0.0000000000,0.3148244619,0.3019525111,0.0130161447,0.0148812132,0.0000000000,0.0000000000,0.8400899768,0.6644278169,0.6648849845,0.0026571855,0.0838066861,0.0710658580,0.0241144840,0.0364868417,0.0000000000,0.0136556495,0.4058345556,0.0056059891,0.0494153798,0.1442468613,-0.0001705436,0.0520242043,0.1442206353,0.0108397948
15:25:00:57.572,61,0.0950846598,0.2191917598,0.0895163193,0.0000000000,0.0000000000,0.0165363830,0.0000000000,0.0950895548,0.2199439257,0.0000000000,0.0029565217,0.0000000000,0.0165743381,0.0000000000,0.1013404205,0.0000000000,0.0253874306,0.2425491661,0.2287100703,0.4173810184,0.1558537781,0.0000000000,0.0000000000,0.0000000000,0.0007093622,0.0000000000,0.0000000000,0.0188003108,0.0207364187,0.3053367436,0.3047601879,0.0000000000,0.0580409728,0.0000000000,0.0000000000,0.0000000000,0.0000000000,0.3165414631,0.3022421598,0.0141977472,0.0158159770,0.0000000000,0.0000000000,0.8450996280,0.6734418273,0.6737865806,0.0025619694,0.0947974101,0.0827264339,0.0241625924,0.0377884284,0.0000000000,0.0173479449,0.4053255916,0.0092132343,0.0489886589,0.1443172842,-0.0002280647,0.0516167693,0.1442910880,0.0107905315
15:25:00:58.574,61,0.0978249535,0.2161540836,0.0892218351,0.0000000000,0.0000000000,0.0171817970,0.0000000000,0.0978280902,0.2168947309,0.0000000000,0.0025591438,0.0000000000,0.0172222443,0.0000000000,0.1017870754,0.0000000000,0.0253419168,0.2162784338,0.2178819925,0.4140391946,0.1399045885,0.0000000000,0.0000000000,0.0000000000,0.0165775027,0.0000000000,0.0000000000,0.0186950900,0.0206607636,0.3101066947,0.3071500957,0.0000000000,0.0529612191,0.0000000000,0.0000000000,0.0000000000,0.0000000000,0.3125389516,0.2964170277,0.0150223244,0.0165456012,0.0000000000,0.0000000000,0.8474569917,0.6854374409,0.6857616305,0.0025657772,0.1139820740,0.1001500785,0.0249379240,0.0417042971,0.0000000000,0.0220648162,0.4014775455,0.0112458384,0.0487484895,0.1424545795,-0.0002634670,0.0514655598,0.1424281299,0.0106227072
15:25:00:59.575,61,0.1171919852,0.2163043171,0.0881104246,0.0000000000,0.0000000000,0.0187428910,0.0000000000,0.1171916947,0.2170346826,0.0000000000,0.0014772522,0.0000000000,0.0187924951,0.0000000000,0.1016301587,0.0000000000,0.0255128555,0.1940553933,0.1732798964,0.3828114867,0.0924818441,0.0000000000,0.0000000000,0.0359931625,0.0568098761,0.0000000000,0.0000000000,0.0187184345,0.0207337718,0.3124322891,0.3083803058,0.0000000000,0.0495931059,0.0000000000,0.0000000000,0.0000000000,0.0000000000,0.3110405505,0.2944750786,0.0158617590,0.0172389094,0.0000000000,0.0000000000,0.8489071131,0.6930798888,0.6934244037,0.0024137313,0.1227628589,0.1081341356,0.0251469817,0.0428861156,0.0000000000,0.0278476793,0.3951067924,0.0132031394,0.0480933823,0.1425399631,-0.0003506983,0.0508206971,0.1425134987,0.0105437646
15:25:01:00.577,61,0.1225744784,0.2145232260,0.0881392956,0.0000000000,0.0000000000,0.0214885138,0.0000000000,0.1225731447,0.2152488083,0.0000000000,0.0014829400,0.0000000000,0.0215451475,0.0000000000,0.1012028605,0.0000000000,0.0259996466,0.1846896708,0.1537068337,0.3728206456,0.0773502439,0.0000000000,0.0000000000,0.0561325774,0.0726496130,0.0000000000,0.0000000000,0.0188332833,0.0208877549,0.3132598102,0.3090712726,0.0000000000,0.0461289138,0.0000000000,0.0000000000,0.0000000000,0.0000000000,0.3091711700,0.2929927409,0.0184077006,0.0187267922,0.0000000000,0.0000000000,0.8498798609,0.6970137954,0.6973677874,0.0020210936,0.1281094998,0.1126696095,0.0250251945,0.0432134494,0.0000000000,0.0355448239,0.3866217732,0.0155453281,0.0480969548,0.1414490789,-0.0003512186,0.0508485697,0.1414224803,0.0104618249
15:25:01:01.578,61,0.1251478344,0.2116627395,0.0883830860,0.0000000000,0.0000000000,0.0266130529,0.0000000000,0.1251458526,0.2123825252,0.0000000000,0.0016766625,0.0000000000,0.0266660824,0.0000000000,0.1009944230,0.0000000000,0.0271364283,0.1804075688,0.1449523717,0.3681145608,0.0694260076,0.0000000000,0.0000000000,0.0666586310,0.0806444958,0.0000000000,0.0000000000,0.0191742815,0.0212454498,0.3137316108,0.3097780347,0.0000000000,0.0444335118,0.0000000000,0.0000000000,0.0000000000,0.0000000000,0.3094626069,0.2930146754,0.0214038920,0.0207040962,0.0000000000,0.0000000000,0.8506932855,0.7014660239,0.7018064857,0.0015607078,0.1390779465,0.1211378202,0.0250062719,0.0433752984,0.0000000000,0.0407323837,0.3784978986,0.0181360058,0.0482145064,0.1396981329,-0.0003374814,0.0510075651,0.1396713853,0.0103450911
15:25:01:02.580,61,0.1267506927,0.2088974714,0.0884846598,0.0000000000,0.0000000000,0.0375691764,0.0000000000,0.1267484277,0.2096103132,0.0000000000,0.0017750858,0.0000000000,0.0376176909,0.0000000000,0.1036386266,0.0000000000,0.0279022958,0.1843757182,0.1433264464,0.3659295738,0.0652154908,0.0000000000,0.0000000000,0.0723739937,0.0846169442,0.0000000000,0.0000000000,0.0200050510,0.0220132247,0.3176027834,0.3156180084,0.0000000000,0.0437936187,0.0000000000,0.0000000000,0.0000000000,0.0000000000,0.3267115951,0.3056952059,0.0228686724,0.0217767712,0.0000000000,0.0000000000,0.8518195748,0.7037360668,0.7040619850,0.0012509233,0.1690034419,0.1463881284,0.0254473500,0.0438726395,0.0000000000,0.0440205932,0.3697228730,0.0214113258,0.0482743606,0.1380047202,-0.0003315240,0.0510833673,0.1379778087,0.0102217076
15:25:01:03.581,61,0.1028047949,0.2007163763,0.0884963423,0.0000000000,0.0000000000,0.0415363275,0.0000000000,0.1027693450,0.2014059424,0.0000000000,0.0017148559,0.0000000000,0.0415884554,0.0000000000,0.1063751578,0.0000000000,0.0280525219,0.1872051805,0.1421231776,0.3647598326,0.0626732558,0.0000000000,0.0000000000,0.0823504403,0.0949341357,0.0000000000,0.0000000000,0.0215414073,0.0235408172,0.3212326169,0.3175739944,0.0000000000,0.0436249562,0.0000000000,0.0000000000,0.0000000000,0.0000000000,0.3324038088,0.3092162609,0.0239351559,0.0226084217,0.0000000000,0.0000000000,0.8527155519,0.7046383023,0.7049571276,0.0008342773,0.1772067845,0.1535293162,0.0255192220,0.0439529419,0.0000000000,0.0454231501,0.3614483178,0.0246017948,0.0482385270,0.1329929382,-0.0003414309,0.0511389412,0.1329655200,0.0098345643
15:25:01:04.583,61,0.0965901390,0.1828424484,0.0838710740,0.0000000000,0.0000000000,0.0591965467,0.0000000000,0.0965441465,0.1834425628,0.0000000000,0.0000000000,0.0000000000,0.0592582673,0.0000000000,0.1100857705,0.0000000000,0.0282243658,0.1893421859,0.1416369975,0.3642075658,0.0591553263,0.0000000000,0.0000000000,0.0924268886,0.1039630324,0.0000000000,0.0000000000,0.0228951257,0.0247275438,0.3229114711,0.3185707033,0.0000000000,0.0438211821,0.0000000000,0.0000000000,0.0000000000,0.0000000000,0.3405334949,0.3140441179,0.0247624945,0.0232970789,0.0000000000,0.0000000000,0.8540899158,0.7055156827,0.7058273554,0.0003368027,0.1818023324,0.1577876657,0.0255791377,0.0439629667,0.0000000000,0.0454965122,0.3568639159,0.0262277909,0.0456635542,0.1220198050,-0.0006427602,0.0485523306,0.1219913885,0.0086829197
15:25:01:05.585,61,0.0924253613,0.1629168987,0.0802345648,0.0000000000,0.0000000000,0.0821157694,0.0000000000,0.0923642367,0.1634368002,0.0000000000,0.0000000000,0.0000000000,0.0822445154,0.0000000000,0.1139978543,0.0000000000,0.0280380901,0.1938225776,0.1413797140,0.3616537452,0.0509439744,0.0000000000,0.0000000000,0.0999506414,0.1098320037,0.0000000000,0.0000000000,0.0247002803,0.0263787359,0.3244560361,0.3189553916,0.0000000000,0.0443286560,0.0000000000,0.0000000000,0.0000000000,0.0000000000,0.3533883691,0.3214855790,0.0253691934,0.0237875618,0.0000000000,0.0000000000,0.8549939394,0.7059484124,0.7062553763,0.0000000000,0.1842745841,0.1603813618,0.0252324045,0.0434671901,0.0000000000,0.0454603173,0.3507208824,0.0270713270,0.0436833464,0.1097994596,-0.0008221452,0.0465343185,0.1097699702,0.0075562908
15:25:01:06.587,61,0.0807539076,0.1421499401,0.0778452083,0.0000000000,0.0000000000,0.0989554673,0.0000000000,0.0806682110,0.1426017433,0.0000000000,0.0000000000,0.0000000000,0.0991081446,0.0000000000,0.1156711280,0.0000000000,0.0277206525,0.1954487264,0.1416740716,0.3592347205,0.0479843058,0.0000000000,0.0000000000,0.1070303395,0.1148400083,0.0000000000,0.0000000000,0.0257683806,0.0273799300,0.3245129585,0.3112275600,0.0000000000,0.0457550921,0.0000000000,0.0000000000,0.0000000000,0.0000000000,0.3579085469,0.3243144453,0.0257359110,0.0240641162,0.0000000000,0.0000000000,0.8557063341,0.7060236335,0.7063284516,0.0000000000,0.1869736314,0.1654414684,0.0248588566,0.0429169871,0.0000000000,0.0457375310,0.3439220190,0.0270767733,0.0423752815,0.0970724300,-0.0008912446,0.0452297069,0.0970418304,0.0065074409
15:25:01:07.588,61,0.0672517791,0.1221416146,0.0785928667,0.0000000000,0.0000000000,0.1087804660,0.0000000000,0.0671069995,0.1225483790,0.0000000000,0.0000000000,0.0000000000,0.1089264154,0.0000000000,0.1170744151,0.0000000000,0.0274155699,0.2015945017,0.1416463107,0.3586302996,0.0461918414,0.0000000000,0.0000000000,0.1094694436,0.1164719388,0.0000000000,0.0000000000,0.0265338253,0.0281147044,0.3222036362,0.3044010699,0.0000000000,0.0465292484,0.0000000000,0.0000000000,0.0000000000,0.0000000000,0.3720813394,0.3366108537,0.0261363667,0.0243775267,0.0000000000,0.0000000000,0.8570283055,0.7066195011,0.7069250941,0.0000000000,0.1876214147,0.1668155938,0.0241858009,0.0412821583,0.0000000000,0.0465465225,0.3372783065,0.0265067071,0.0430050641,0.0848221704,-0.0007845300,0.0457364358,0.0847905725,0.0056630741
15:25:01:08.590,61,0.0626080781,0.1227575988,0.0761949345,0.0000000000,0.0000000000,0.1134061962,0.0000000000,0.0624491423,0.1231527254,0.0000000000,0.0000000000,0.0000000000,0.1135520563,0.0000000000,0.1175429672,0.0000000000,0.0273075067,0.2039565742,0.1417115033,0.3585345745,0.0451138578,0.0000000000,0.0000000000,0.1093369499,0.1157269031,0.0000000000,0.0000000000,0.0270187370,0.0285630058,0.3143217862,0.2977150083,0.0000000000,0.0470749475,0.0000000000,0.0000000000,0.0000000000,0.0000000000,0.3765787184,0.3405374289,0.0264240112,0.0245894156,0.0000000000,0.0000000000,0.8576006293,0.7069242597,0.7072295547,0.0000000000,0.1866576672,0.1666440964,0.0234784726,0.0394317880,0.0000000000,0.0474049039,0.3309326470,0.0257681757,0.0415200740,0.0851919129,-0.0008980164,0.0443368070,0.0851602927,0.0055847149
15:25:01:09.591,61,0.0626257434,0.1278043389,0.0740872249,0.0000000000,0.0000000000,0.1161321178,0.0000000000,0.0624878109,0.1281994879,0.0000000000,0.0000000000,0.0000000000,0.1162786782,0.0000000000,0.1163552478,0.0000000000,0.0271938592,0.2162358314,0.1415153742,0.3661334813,0.0445428826,0.0000000000,0.0000000000,0.1068251804,0.1152539626,0.0000000000,0.0000000000,0.0273741167,0.0289192554,0.2986543477,0.2848177552,0.0000000000,0.0473411791,0.0000000000,0.0000000000,0.0000000000,0.0000000000,0.3792840540,0.3444575965,0.0268107429,0.0249283649,0.0000000000,0.0000000000,0.8575747013,0.7067702413,0.7070746422,0.0000000000,0.1815652698,0.1645392478,0.0226218812,0.0374020971,0.0000000000,0.0471626297,0.3262720406,0.0251298994,0.0401591845,0.0882755369,-0.0010224251,0.0430918969,0.0882440805,0.0057064909
15:25:01:10.593,61,0.0620705858,0.1297209710,0.0722084790,0.0000000000,0.0000000000,0.1170314923,0.0000000000,0.0619370677,0.1301095635,0.0000000000,0.0000000000,0.0000000000,0.1171778738,0.0000000000,0.1079520434,0.0000000000,0.0272251461,0.2566953003,0.1414622515,0.3867685497,0.0466119535,0.0000000000,0.0000000000,0.1045421064,0.1149178445,0.0000000000,0.0000000000,0.0276015382,0.0291831810,0.2548260093,0.2531115413,0.0000000000,0.0473899506,0.0000000000,0.0000000000,0.0000000000,0.0000000000,0.3807938993,0.3483648598,0.0273277909,0.0254562944,0.0000000000,0.0000000000,0.8558911085,0.7046719790,0.7049596310,0.0000000000,0.1700857133,0.1590355635,0.0218599755,0.0361510105,0.0000000000,0.0461550020,0.3231840730,0.0246564671,0.0390332341,0.0894430354,-0.0011203745,0.0419908278,0.0894116834,0.0057006096
15:25:01:11.594,61,0.0615112893,0.1311853081,0.0704200044,0.0000000000,0.0000000000,0.1163158864,0.0000000000,0.0613813512,0.1315665990,0.0000000000,0.0000000000,0.0000000000,0.1164559200,0.0000000000,0.1043710783,0.0000000000,0.0276133716,0.2692949772,0.1409333795,0.4099475145,0.0508836210,0.0000000000,0.0000000000,0.1030184478,0.1146373823,0.0000000000,0.0000000000,0.0277777165,0.0294055026,0.2413460761,0.2427472025,0.0000000000,0.0472728610,0.0000000000,0.0000000000,0.0000000000,0.0000000000,0.3837779164,0.3612393439,0.0289537031,0.0273414012,0.0000000000,0.0000000000,0.8517004251,0.6996681094,0.6999288201,0.0000000000,0.1646083146,0.1556258053,0.0212554801,0.0352149345,0.0000000000,0.0423467904,0.3222849667,0.0240289830,0.0379445851,0.0903338790,-0.0012153786,0.0409439690,0.0903025791,0.0056777894
15:25:01:12.596,61,0.0612882227,0.1356242150,0.0703800544,0.0000000000,0.0000000000,0.1085477248,0.0000000000,0.0611637123,0.1360146552,0.0000000000,0.0000000000,0.0000000000,0.1086682156,0.0000000000,0.1033320725,0.0000000000,0.0298329946,0.3005555570,0.1171026304,0.4187958241,0.0522668660,0.0000000000,0.0000000000,0.0978037789,0.1141721606,0.0000000000,0.0000000000,0.0280267522,0.0297404919,0.2341873646,0.2374968827,0.0000000000,0.0468474142,0.0000000000,0.0000000000,0.0000000000,0.0000000000,0.4423378408,0.4278504848,0.0389015526,0.0375835896,0.0000000000,0.0000000000,0.8444696069,0.6954332590,0.6956626773,0.0000000000,0.1422183514,0.1382024884,0.0205672383,0.0342170000,0.0000000000,0.0366762839,0.3235225081,0.0238380693,0.0379004702,0.0930511877,-0.0012443681,0.0409057625,0.0930201337,0.0058586420
15:25:01:13.598,61,0.0616291128,0.1405896991,0.0695431456,0.0000000000,0.0000000000,0.0949254930,0.0000000000,0.0615108199,0.1409853250,0.0000000000,0.0000000000,0.0000000000,0.0950341895,0.0000000000,0.1146594211,0.0000000000,0.0324708149,0.3125117421,0.0899174362,0.4221038520,0.0526654869,0.0000000000,0.0000000000,0.0869641975,0.1135262400,0.0000000000,0.0000000000,0.0281554740,0.0299990680,0.2304777205,0.2348217964,0.0000000000,0.0445222072,0.0000000000,0.0000000000,0.0000000000,0.0000000000,0.5053817034,0.4952555299,0.0528828688,0.0523660742,0.0000000000,0.0000000000,0.8372486830,0.6934897304,0.6937084198,0.0000000000,0.1197259724,0.1171885803,0.0193434283,0.0326583572,0.0000000000,0.0309665464,0.3247345686,0.0230962932,0.0373559184,0.0960881785,-0.0013198248,0.0404011197,0.0960573852,0.0060208505
15:25:01:14.599,61,0.0617391430,0.1430849880,0.0700100809,0.0000000000,0.0000000000,0.0846085697,0.0000000000,0.0616256446,0.1434888095,0.0000000000,0.0000000000,0.0000000000,0.0846969858,0.0000000000,0.1249092296,0.0000000000,0.0395385697,0.3194727302,0.0701203868,0.4159009755,0.0522210710,0.0000000000,0.0000000000,0.0763814151,0.1074183732,0.0000000000,0.0000000000,0.0280106235,0.0299560726,0.2288712710,0.2344966531,0.0000000000,0.0380652249,0.0000000000,0.0000000000,0.0000000000,0.0000000000,0.5389633775,0.5295097232,0.0688604116,0.0672896355,0.0000000000,0.0000000000,0.8343946934,0.6925113797,0.6927266717,0.0000000000,0.1052387655,0.0996716619,0.0183744039,0.0313688926,0.0000000000,0.0263567921,0.3255019486,0.0217198953,0.0376162045,0.0976173282,-0.0013121169,0.0406641550,0.0975866392,0.0061467118
15:25:01:15.602,61,0.0614953414,0.1452980638,0.0700939074,0.0000000000,0.0000000000,0.0781531706,0.0000000000,0.0613857657,0.1457070708,0.0000000000,0.0000000000,0.0000000000,0.0782236010,0.0000000000,0.1338577569,0.0000000000,0.0428660922,0.3232246637,0.0583648980,0.3716598153,0.0450477675,0.0000000000,0.0000000000,0.0733825862,0.1059934497,0.0000000000,0.0000000000,0.0280066989,0.0300392043,0.2315028608,0.2394939512,0.0000000000,0.0349457934,0.0000000000,0.0000000000,0.0000000000,0.0000000000,0.5789631605,0.5662481785,0.0744147375,0.0726374164,0.0000000000,0.0000000000,0.8329077363,0.6919106245,0.6921272874,0.0000000000,0.0941376835,0.0877011940,0.0160825234,0.0284204036,0.0000000000,0.0240733884,0.3257994056,0.0203719102,0.0376301557,0.0989724249,-0.0013239590,0.0407049395,0.0989418551,0.0062418333
15:25:01:16.603,61,0.0610146970,0.1460325420,0.0707264096,0.0000000000,0.0000000000,0.0743096992,0.0000000000,0.0609103218,0.1464472264,0.0000000000,0.0000000000,0.0000000000,0.0743696094,0.0000000000,0.1459224373,0.0000000000,0.0452375151,0.3255938590,0.0492067337,0.3596513271,0.0387012102,0.0000000000,0.0000000000,0.0728942677,0.1055835113,0.0000000000,0.0000000000,0.0280444287,0.0301491991,0.2428230941,0.2510997653,0.0000000000,0.0327568762,0.0000000000,0.0000000000,0.0000000000,0.0000000000,0.6050370336,0.5932030678,0.0775847435,0.0757202357,0.0000000000,0.0000000000,0.8318904042,0.6912167668,0.6914364100,0.0000000000,0.0862649754,0.0798403174,0.0140580647,0.0261244588,0.0000000000,0.0224841144,0.3253825605,0.0190469809,0.0379786380,0.0994243026,-0.0012970589,0.0410704650,0.0993937552,0.0063050594
15:25:01:17.604,61,0.0606720336,0.1469766796,0.0713250041,0.0000000000,0.0000000000,0.0719111785,0.0000000000,0.0605737753,0.1473973244,0.0000000000,0.0000000000,0.0000000000,0.0719652027,0.0000000000,0.1592964530,0.0000000000,0.0465419367,0.3269372582,0.0418733880,0.3495272398,0.0313952342,0.0000000000,0.0000000000,0.0738344863,0.1065939665,0.0000000000,0.0000000000,0.0282070339,0.0303995758,0.2673382461,0.2705171704,0.0000000000,0.0313059054,0.0000000000,0.0000000000,0.0000000000,0.0000000000,0.6235458255,0.6101159453,0.0795308053,0.0776526779,0.0000000000,0.0000000000,0.8300014734,0.6868115664,0.6870618463,0.0000000000,0.0792344064,0.0738664344,0.0126142232,0.0246070717,0.0000000000,0.0218153093,0.3254922926,0.0186235383,0.0382850319,0.1000044644,-0.0012747888,0.0414154194,0.0999739319,0.0063755289
15:25:01:18.607,61,0.0608538687,0.1471605450,0.0714449957,0.0000000000,0.0000000000,0.0708208084,0.0000000000,0.0607620664,0.1475823671,0.0000000000,0.0000000000,0.0000000000,0.0708721206,0.0000000000,0.1751499325,0.0000000000,0.0475082137,0.3277035952,0.0377329402,0.3453561664,0.0271649733,0.0000000000,0.0000000000,0.0739356279,0.1066699624,0.0000000000,0.0000000000,0.0283228047,0.0305920579,0.2816152871,0.2845407426,0.0000000000,0.0301072188,0.0000000000,0.0000000000,0.0000000000,0.0000000000,0.6318827868,0.6181074381,0.0826738775,0.0807558522,0.0000000000,0.0000000000,0.8250106573,0.6812945604,0.6815695167,0.0000000000,0.0759439468,0.0709330365,0.0116273146,0.0235772543,0.0000000000,0.0206970125,0.3268690109,0.0194471627,0.0383495614,0.1001174375,-0.0012699709,0.0414845832,0.1000869200,0.0063894792
15:25:01:19.607,61,0.0608817972,0.1476122290,0.0723259747,0.0000000000,0.0000000000,0.0699435547,0.0000000000,0.0607962422,0.1480408460,0.0000000000,0.0000000000,0.0000000000,0.0699931160,0.0000000000,0.1842756420,0.0000000000,0.0481370091,0.3285326958,0.0356881283,0.3436267078,0.0250513479,0.0000000000,0.0000000000,0.0723734424,0.1062036678,0.0000000000,0.0000000000,0.0284367781,0.0307770539,0.2908947170,0.2918742299,0.0000000000,0.0292470399,0.0000000000,0.0000000000,0.0000000000,0.0000000000,0.6362456083,0.6222953796,0.0840876549,0.0821878463,0.0000000000,0.0000000000,0.8185898066,0.6758546829,0.6761562228,0.0000000000,0.0726126507,0.0677333996,0.0107936449,0.0227336828,0.0000000000,0.0191369746,0.3289039731,0.0209563114,0.0388498195,0.1003971323,-0.0012271027,0.0419957079,0.1003666371,0.0064548152
15:25:01:20.609,61,0.0604599677,0.1473966241,0.0736656263,0.0000000000,0.0000000000,0.0691821650,0.0000000000,0.0603801645,0.1478336602,0.0000000000,0.0000000000,0.0000000000,0.0692304075,0.0000000000,0.1916171759,0.0000000000,0.0486963578,0.3332491517,0.0347642824,0.3475555778,0.0239749402,0.0000000000,0.0000000000,0.0685662553,0.1046481803,0.0000000000,0.0000000000,0.0285439380,0.0309565756,0.2952060997,0.2955911756,0.0000000000,0.0286241379,0.0000000000,0.0000000000,0.0000000000,0.0000000000,0.6386115551,0.6246879101,0.0849272013,0.0830897838,0.0000000000,0.0000000000,0.8151192069,0.6719859242,0.6723059416,0.0000000000,0.0707479343,0.0656992123,0.0100072566,0.0219461396,0.0000000000,0.0182540119,0.3319307268,0.0223501325,0.0396159925,0.1002700105,-0.0011566540,0.0427763499,0.1002394855,0.0065165372
15:25:01:21.610,61,0.0589923263,0.1459197998,0.0754494891,0.0000000000,0.0000000000,0.0683405697,0.0000000000,0.0589396991,0.1463652253,0.0000000000,0.0000000000,0.0000000000,0.0683884695,0.0000000000,0.1957457811,0.0000000000,0.0491406024,0.3401108384,0.0346568935,0.3561114073,0.0236432273,0.0000000000,0.0000000000,0.0540444590,0.0959470272,0.0000000000,0.0000000000,0.0286371764,0.0311181620,0.2976069450,0.2977137864,0.0000000000,0.0282179341,0.0000000000,0.0000000000,0.0000000000,0.0000000000,0.6395153999,0.6257742047,0.0851554200,0.0834424719,0.0000000000,0.0000000000,0.8121732473,0.6694149971,0.6697422266,0.0000000000,0.0676965192,0.0627684295,0.0087747537,0.0207592919,0.0000000000,0.0178512894,0.3342606723,0.0231704526,0.0406531878,0.0993723050,-0.0010568089,0.0438204594,0.0993416905,0.0065473202
15:25:01:22.612,61,0.0579300150,0.1430063993,0.0764965415,0.0000000000,0.0000000000,0.0675297976,0.0000000000,0.0578972697,0.1434517652,0.0000000000,0.0000000000,0.0000000000,0.0675792396,0.0000000000,0.1983250827,0.0000000000,0.0494465940,0.3502453566,0.0367734618,0.3683878183,0.0241055917,0.0000000000,0.0000000000,0.0325519033,0.0785432532,0.0000000000,0.0000000000,0.0286890008,0.0312395338,0.2990857363,0.2990402877,0.0000000000,0.0279856864,0.0000000000,0.0000000000,0.0000000000,0.0000000000,0.6367157102,0.6247521639,0.0849002451,0.0833533257,0.0000000000,0.0000000000,0.8105661869,0.6680397987,0.6683685184,0.0000000000,0.0641905963,0.0598900542,0.0069255382,0.0189893655,0.0000000000,0.0181423333,0.3354634643,0.0235009380,0.0412943885,0.0975921825,-0.0009887326,0.0444411673,0.0975614190,0.0064758412
15:25:01:23.613,61,0.0571663827,0.1408258826,0.0767365023,0.0000000000,0.0000000000,0.0661693439,0.0000000000,0.0571420342,0.1412675381,0.0000000000,0.0000000000,0.0000000000,0.0662350804,0.0000000000,0.2000363469,0.0000000000,0.0494778827,0.3739283979,0.0418480225,0.3764804304,0.0295933001,0.0000000000,0.0000000000,0.0000000000,0.0511341505,0.0000000000,0.0000000000,0.0286686514,0.0313099772,0.2997783422,0.2995418906,0.0000000000,0.0278789178,0.0000000000,0.0000000000,0.0000000000,0.0000000000,0.6340687871,0.6230995059,0.0835028887,0.0829212815,0.0000000000,0.0000000000,0.8096302152,0.6673417687,0.6676675677,0.0000000000,0.0582492575,0.0558742620,0.0040767961,0.0163342357,0.0000000000,0.0185232759,0.3360568285,0.0234806389,0.0414729081,0.0962578058,-0.0009653501,0.0445891060,0.0962269455,0.0063934624
15:25:01:24.615,61,0.0562222227,0.1389627755,0.0766074434,0.0000000000,0.0000000000,0.0633835346,0.0000000000,0.0562074557,0.1393991709,0.0000000000,0.0000000000,0.0000000000,0.0634793192,0.0000000000,0.2006573528,0.0000000000,0.0492197126,0.4047799706,0.0518351421,0.3817412555,0.0400272869,0.0000000000,0.0000000000,0.0000000000,0.0408884734,0.0000000000,0.0000000000,0.0286286287,0.0313883685,0.2996846139,0.2989822328,0.0000000000,0.0278768297,0.0000000000,0.0000000000,0.0000000000,0.0000000000,0.6237483025,0.6147401929,0.0788314119,0.0803696066,0.0000000000,0.0000000000,0.8092498183,0.6671125889,0.6674332619,0.0000000000,0.0523623005,0.0520145446,0.0003739973,0.0130227190,0.0000000000,0.0190099087,0.3353247046,0.0233257599,0.0414406508,0.0951164812,-0.0009615204,0.0445208810,0.0950855464,0.0063061323
15:25:01:25.617,61,0.0556103960,0.1388798952,0.0762700513,0.0000000000,0.0000000000,0.0583830141,0.0000000000,0.0555996969,0.1393139362,0.0000000000,0.0000000000,0.0000000000,0.0585099645,0.0000000000,0.2005306035,0.0000000000,0.0489755012,0.4420085847,0.0630844310,0.3909394741,0.0540019497,0.0000000000,0.0000000000,0.0000000000,0.0000000000,0.0000000000,0.0000000000,0.0285102576,0.0313871950,0.2996590734,0.2988610566,0.0000000000,0.0278233308,0.0000000000,0.0000000000,0.0000000000,0.0000000000,0.6131598949,0.6056985855,0.0733259469,0.0762286261,0.0000000000,0.0000000000,0.8103395700,0.6677855253,0.6680856943,0.0000000000,0.0451137125,0.0457247831,0.0000000000,0.0091911266,0.0000000000,0.0195350423,0.3341261744,0.0229474008,0.0412692688,0.0950645134,-0.0009758389,0.0443247072,0.0950336009,0.0062857433
15:25:01:26.618,61,0.0563581511,0.1401553601,0.0757055655,0.0000000000,0.0000000000,0.0490784720,0.0000000000,0.0563513860,0.1405888647,0.0000000000,0.0000000000,0.0000000000,0.0492115319,0.0000000000,0.1995145082,0.0000000000,0.0489179976,0.4888001382,0.0787463561,0.4297018647,0.0752009377,0.0000000000,0.0000000000,0.0000000000,0.0000000000,0.0632468015,0.0162405334,0.0282761380,0.0312355570,0.3022489846,0.3051977158,0.0000000000,0.0275692698,0.0000000000,0.0000000000,0.0000000000,0.0000000000,0.5948667526,0.5888481736,0.0697170496,0.0731346384,0.0000000000,0.0000000000,0.8208757043,0.6757379174,0.6759845614,0.0000000000,0.0353782997,0.0356624722,0.0000000000,0.0055535082,0.0000000000,0.0204107855,0.3330290318,0.0228429846,0.0409981310,0.0958434790,-0.0010038348,0.0439912714,0.0958126858,0.0063125635
15:25:01:27.620,61,0.0845759511,0.1487661600,0.0757655054,0.0000000000,0.0000000000,0.0357196890,0.0000000000,0.0845537558,0.1492202580,0.0000000000,0.0000000000,0.0000000000,0.0358401462,0.0000000000,0.1959403604,0.0000000000,0.0486985445,0.5136485100,0.0937259346,0.4549170434,0.0894903988,0.0000000000,0.0000000000,0.0000000000,0.0000000000,0.0900033861,0.0546033643,0.0279404856,0.0309542846,0.3191139996,0.3220611513,0.0000000000,0.0272269882,0.0000000000,0.0000000000,0.0000000000,0.0000000000,0.5799824595,0.5687932372,0.0668607056,0.0703188702,0.0000000000,0.0000000000,0.8394964337,0.6947361827,0.6949951649,0.0000000000,0.0262072925,0.0255338475,0.0000000000,0.0036779982,0.0000000000,0.0215782542,0.3307916224,0.0218682438,0.0411154926,0.1011161357,-0.0010260590,0.0439933725,0.1010858789,0.0066864048
15:25:01:28.621,61,0.1732684672,0.1896620095,0.0784297362,0.0000000000,0.0000000000,0.0292810798,0.0000000000,0.1731784046,0.1902341396,0.0000000000,0.0000000000,0.0000000000,0.0293870475,0.0000000000,0.1844954938,0.0000000000,0.0482033230,0.5349044800,0.1048100144,0.4646003246,0.0980949774,0.0000000000,0.0000000000,0.0000000000,0.0000000000,0.1133857965,0.0776634440,0.0276914649,0.0307584107,0.3332448900,0.3323571980,0.0000000000,0.0271183215,0.0000000000,0.0000000000,0.0000000000,0.0000000000,0.5685983300,0.5549997091,0.0622924380,0.0655970126,0.0000000000,0.0000000000,0.8602694869,0.7169042230,0.7172189951,0.0000000000,0.0218511224,0.0200021863,0.0000000000,0.0026024638,0.0000000000,0.0240419619,0.3288651705,0.0199510753,0.0426206589,0.1261696219,-0.0010044248,0.0453576632,0.1261417270,0.0086259209
15:25:01:29.622,61,0.3674491942,0.3342487812,0.0873917341,0.0000000000,0.0000000000,0.0266228858,0.0000000000,0.3666674197,0.3352948427,0.0000000000,0.0007182318,0.0000000000,0.0267204419,0.0000000000,0.1614528745,0.0000000000,0.0472004749,0.5472364426,0.1323731989,0.4692153931,0.1427473724,0.0000000000,0.0000000000,0.0000000000,0.0000000000,0.1399558336,0.1046982110,0.0275997818,0.0306867342,0.3383093774,0.3362292647,0.0000000000,0.0281137135,0.0000000000,0.0000000000,0.0000000000,0.0000000000,0.5592157245,0.5463585258,0.0547228307,0.0583976731,0.0000000000,0.0000000000,0.8769192696,0.7321892381,0.7326220274,0.0000000000,0.0194722321,0.0159895550,0.0000000000,0.0021375106,0.0000000000,0.0273665469,0.3270258904,0.0177693516,0.0476284698,0.2147809714,-0.0003807513,0.0494687296,0.2147616893,0.0159988180
15:25:01:30.624,61,0.7879323363,0.3289055526,0.1254165918,0.0000000000,0.0000000000,0.0251160264,0.0000000000,0.7854266167,0.3304787874,0.0000000000,0.0391024016,0.0000000000,0.0252070967,0.0000000000,0.1449214220,0.0000000000,0.0435369387,0.5488107800,0.1505364478,0.4241804779,0.2098777890,0.0000000000,0.0000000000,0.0000000000,0.0000000000,0.1484329849,0.1135816947,0.0276917983,0.0307252780,0.3331966996,0.3155631423,0.0000000000,0.0299958251,0.0000000000,0.0000000000,0.0000000000,0.0000000000,0.5339937210,0.5226008296,0.0508132577,0.0540690050,0.0000000000,0.0000000000,0.8839097619,0.7382360697,0.7386983037,0.0000000000,0.0182475261,0.0141582815,0.0000000000,0.0020410868,0.0000000000,0.0305890832,0.3262534738,0.0159698538,0.0706000179,0.2118950337,0.0043203183,0.0712942928,0.2118760794,0.0202199109
15:25:01:31.626,61,0.9117755294,0.2638289928,0.1285756379,0.0000000000,0.0000000000,0.0056667356,0.0000000000,0.9089164138,0.2651495636,0.0000000000,0.0441816337,0.0000000000,0.0056894459,0.0000000000,0.1285407841,0.0000000000,0.0422192588,0.5411046743,0.1700576097,0.4269063175,0.2428803891,0.0000000000,0.0000000000,0.0000000000,0.0000000000,0.1475537121,0.1142523810,0.0278353523,0.0308043789,0.3127640486,0.2967727482,0.0000000000,0.0310096946,0.0000000000,0.0000000000,0.0000000000,0.0000000000,0.4977490902,0.4761143327,0.0488915369,0.0520000160,0.0000000000,0.0000000000,0.8884580731,0.7415711284,0.7420367599,0.0000000000,0.0178375524,0.0136913015,0.0000000000,0.0060248855,0.0000000000,0.0362022892,0.3268145323,0.0160885975,0.0738345906,0.1719895750,0.0038833828,0.0738322288,0.1719674170,0.0166098569
15:25:01:32.628,61,0.9418549538,0.2179873288,0.1428209394,0.0000000000,0.0000000000,0.0000000000,0.0000000000,0.9436879754,0.2192276120,0.0000000000,0.0594596937,0.0000000000,0.0000000000,0.0000000000,0.1031227186,0.0000000000,0.0414661840,0.4782211781,0.1829802990,0.4242716134,0.2570146024,0.0000000000,0.0000000000,0.0000000000,0.0000000000,0.0817309096,0.0507813916,0.0283310935,0.0312362481,0.2846025825,0.2705970705,0.0000000000,0.0339204781,0.0000000000,0.0000000000,0.0000000000,0.0000000000,0.4272553027,0.4141276181,0.0462357849,0.0487471893,0.0000000000,0.0000000000,0.8908097148,0.7431940436,0.7436527014,0.0000000000,0.0269829165,0.0256586634,0.0000000000,0.0147031695,0.0000000000,0.0436131880,0.3269908726,0.0173654333,0.0831954032,0.1439668238,0.0043817526,0.0825021714,0.1439425349,0.0149062062
15:25:01:33.628,61,0.9444890022,0.2032409459,0.1530977637,0.0000000000,0.0000000000,0.0000000000,0.0000000000,0.9431181550,0.2044935226,0.0000000000,0.0696324185,0.0000000000,0.0000000000,0.0000000000,0.0894359201,0.0000000000,0.0408239067,0.4421034157,0.2469300330,0.3817027509,0.2717850208,0.0000000000,0.0000000000,0.0000000000,0.0000000000,0.0474406332,0.0185079500,0.0291452017,0.0322965719,0.2628532648,0.2500227392,0.0000000000,0.0456516854,0.0000000000,0.0000000000,0.0000000000,0.0000000000,0.3766138256,0.3820144236,0.0360298380,0.0387412719,0.0000000000,0.0000000000,0.8914468884,0.7386992574,0.7391528487,0.0000000000,0.0603077188,0.0521569140,0.0056480593,0.0300263707,0.0000000000,0.0555436760,0.3304133415,0.0195781998,0.0894032866,0.1349908859,0.0048328680,0.0885895342,0.1349658519,0.0146742966
15:25:01:34.631,61,0.9312448502,0.2070251107,0.1634004563,0.0000000000,0.0000000000,0.0000000000,0.0000000000,0.9316346049,0.2083946615,0.0000000000,0.0788543597,0.0000000000,0.0000000000,0.0000000000,0.0815361291,0.0000000000,0.0387688354,0.4058602750,0.2989071012,0.3564911187,0.2900833189,0.0000000000,0.0000000000,0.0000000000,0.0000000000,0.0204831250,0.0000000000,0.0298081245,0.0331033580,0.2477379739,0.2314592004,0.0000000000,0.0614147633,0.0000000000,0.0000000000,0.0000000000,0.0000000000,0.3365502059,0.3412075937,0.0261720102,0.0294053834,0.0000000000,0.0000000000,0.8780707121,0.7158133388,0.7165589929,0.0000000000,0.0815356672,0.0752383843,0.0123623647,0.0396971591,0.0000000000,0.0686047748,0.3340100944,0.0223841555,0.0949782133,0.1374082714,0.0056501362,0.0945289433,0.1373831779,0.0157113373
15:25:01:35.632,61,0.8628807664,0.2474581450,0.1644064486,0.0000000000,0.0000000000,0.0139282299,0.0000000000,0.8621797562,0.2490962297,0.0000000000,0.0777029917,0.0000000000,0.0139321769,0.0000000000,0.0777126178,0.0000000000,0.0304390751,0.3877460957,0.3492465615,0.3303055763,0.2981917858,0.0000000000,0.0000000000,0.0000000000,0.0101146223,0.0076577188,0.0000000000,0.0304055791,0.0337632708,0.2383287698,0.2183288485,0.0000000000,0.0795801133,0.0000000000,0.0000000000,0.0000000000,0.0000000000,0.3161666095,0.3235915899,0.0190155506,0.0222599767,0.0000000000,0.0000000000,0.8330971003,0.6721658707,0.6731881499,0.0000000000,0.1072456613,0.0976902694,0.0153100295,0.0433825441,0.0000000000,0.0816539899,0.3376563787,0.0250525437,0.0941160917,0.1622941047,0.0067300918,0.0946916193,0.1622705907,0.0187965259
15:25:01:36.634,61,0.5918022394,0.3866435587,0.1361891627,0.0000000000,0.0000000000,0.0695893839,0.0000000000,0.5881451964,0.3886466920,0.0000000000,0.0479431078,0.0000000000,0.0695931166,0.0000000000,0.0741839334,0.0000000000,0.0263324212,0.3798431158,0.3668316901,0.3235136867,0.2914603651,0.0000000000,0.0000000000,0.0000000000,0.0519168936,0.0000000000,0.0000000000,0.0310713854,0.0344631150,0.2314649522,0.2113664150,0.0000000000,0.0880902708,0.0000000000,0.0000000000,0.0000000000,0.0000000000,0.3075848520,0.3156420290,0.0151308971,0.0186583232,0.0000000000,0.0000000000,0.7766833901,0.6348047853,0.6369349360,0.0000000000,0.1176752076,0.1059443802,0.0168045219,0.0446381681,0.0000000000,0.0891129076,0.3404862881,0.0272914693,0.0756639689,0.2474698126,0.0064197383,0.0766495466,0.2474539727,0.0251498278
15:25:01:37.634,61,0.3993502259,0.3246580660,0.1387774646,0.0000000000,0.0000000000,0.1046044156,0.0000000000,0.3987790942,0.3264156282,0.0000000000,0.0498505235,0.0000000000,0.1046086624,0.0000000000,0.0722919852,0.0000000000,0.0246645361,0.3783783019,0.3297392130,0.3398254216,0.2145172060,0.0000000000,0.0000000000,0.0488883965,0.1041258574,0.0000000000,0.0000000000,0.0333864130,0.0372991450,0.2190525681,0.2042399794,0.0000000000,0.0919557735,0.0000000000,0.0000000000,0.0000000000,0.0000000000,0.3195598125,0.3167459667,0.0132949669,0.0169443693,0.0000000000,0.0000000000,0.6888135672,0.5691905022,0.5711499453,0.0000000000,0.1324561983,0.1165642068,0.0180925261,0.0456440374,0.0000000000,0.0959318504,0.3411983848,0.0298983566,0.0770473033,0.2094469815,0.0055636456,0.0790003389,0.2094271183,0.0215202738
15:25:01:38.636,61,0.3113487363,0.2513807118,0.1490785629,0.0000000000,0.0000000000,0.1438816190,0.0000000000,0.3113446832,0.2528988421,0.0000000000,0.0590669699,0.0000000000,0.1438835859,0.0000000000,0.0813336745,0.0000000000,0.0244809669,0.4385587573,0.2043037266,0.3476469815,0.0965191051,0.0000000000,0.0011462050,0.1420323849,0.1961714178,0.0000000000,0.0000000000,0.0581461824,0.0652058050,0.2155361325,0.2025559992,0.0000000000,0.0935523733,0.0000000000,0.0000000000,0.0000000000,0.0000000000,0.4279271066,0.4196759760,0.0175367929,0.0244906023,0.0000000000,0.0000000000,0.5740877986,0.4914416373,0.4931306243,0.0000000000,0.1817131490,0.1682681292,0.0193200167,0.0482720733,0.0000000000,0.1057675108,0.3390671313,0.0307767950,0.0828509629,0.1645471305,0.0050844187,0.0857947320,0.1645223796,0.0176987909
15:25:01:39.639,61,0.2176503837,0.1821331233,0.1934820861,0.0000000000,0.0000000000,0.1714325547,0.0000000000,0.2176880836,0.1836376041,0.0000000000,0.1016040742,0.0000000000,0.1713987440,0.0000000000,0.1365245134,0.0000000000,0.0251353718,0.4738678038,0.1075472757,0.2534698546,0.0336899906,0.0000000000,0.0057367133,0.2564449608,0.3286558986,0.0000000000,0.0000000000,0.0705785081,0.0772117302,0.2431672513,0.2206130922,0.0000000000,0.0897728205,0.0000000000,0.0000000000,0.0000000000,0.0000000000,0.5854436755,0.5830242038,0.0297824629,0.0451904126,0.0000000000,0.0000000000,0.4364028871,0.3997317255,0.4011776745,0.0000000000,0.1963442862,0.1834126562,0.0217033681,0.0574418940,0.0000000000,0.1185391992,0.3329446912,0.0324421525,0.1088746935,0.1223534048,0.0064867162,0.1122215837,0.1223242432,0.0158478674
15:25:01:40.640,61,0.1680703312,0.1276867837,0.2534776330,0.0000000000,0.0000000000,0.1868826747,0.0000000000,0.1680311114,0.1291192323,0.0000000000,0.1603218764,0.0000000000,0.1867727339,0.0000000000,0.1542803496,0.0000000000,0.0252978019,0.5391927958,0.0724259913,0.1757632941,0.0075810007,0.0000000000,0.0116869239,0.3530128896,0.4445334375,0.0000000000,0.0000000000,0.0783855990,0.0830669627,0.3031628132,0.2450233847,0.0000000000,0.0782292709,0.0000000000,0.0000000000,0.0000000000,0.0000000000,0.6731373668,0.6795861125,0.0382086225,0.0598342009,0.0000000000,0.0000000000,0.2935349941,0.2970765829,0.2983823717,0.0000000000,0.2055576295,0.1963603795,0.0323717184,0.0858689621,0.0000000000,0.1337199956,0.3268358707,0.0346370451,0.1448285133,0.0892136097,0.0072711925,0.1476201415,0.0891813934,0.0140017532
15:25:01:41.641,61,0.1267460287,0.0931034014,0.2824645638,0.0000000000,0.0000000000,0.1966027468,0.0000000000,0.1267322749,0.0942949057,0.0000000000,0.1890299767,0.0000000000,0.1964371502,0.0000000000,0.1721757054,0.0000000000,0.0251706503,0.5597040057,0.0542043969,0.1494937092,0.0000000000,0.0000000000,0.0165249333,0.3927606344,0.4925448596,0.0000000000,0.0000000000,0.0831213444,0.0863473788,0.3209630549,0.2563082576,0.0000000000,0.0701759085,0.0000000000,0.0000000000,0.0000000000,0.0000000000,0.7079502940,0.7169360518,0.0471367799,0.0747852996,0.0000000000,0.0000000000,0.1788002998,0.2008721977,0.2020555586,0.0000000000,0.2242059410,0.2211499065,0.0553256683,0.1197552457,0.0000000000,0.1467577368,0.3219283819,0.0348813981,0.1624783874,0.0679477528,0.0062072892,0.1647853404,0.0679137185,0.0112817772
15:25:01:42.644,61,0.0353649259,0.0543836690,0.2920868397,0.0000000000,0.0000000000,0.2069798410,0.0000000000,0.0353519619,0.0551429056,0.0000000000,0.1990277320,0.0000000000,0.2067758888,0.0000000000,0.1955885589,0.0000000000,0.0242581517,0.5715061426,0.0447230078,0.1356505007,0.0000000000,0.0000000000,0.0189761259,0.4690335691,0.5687342286,0.0000000000,0.0000000000,0.0866929591,0.0883478373,0.3302357495,0.2613019347,0.0000000000,0.0634272620,0.0000000000,0.0000000000,0.0000000000,0.0000000000,0.7259688973,0.7362253070,0.0572992973,0.0902311280,0.0000000000,0.0000000000,0.0941331163,0.1118777767,0.1127796173,0.0000000000,0.2514951229,0.2525823116,0.0827216581,0.1594452709,0.0000062878,0.1577208489,0.3181774616,0.0353423916,0.1687087268,0.0438961685,0.0036448888,0.1706126779,0.0438601971,0.0068959137
15:25:01:43.645,61,0.0070530842,0.0082083102,0.3133467734,0.0000000000,0.0000000000,0.2235919386,0.0000000000,0.0070427796,0.0084145376,0.0000000000,0.2205706686,0.0000000000,0.2233056575,0.0000000000,0.2164254785,0.0000000000,0.0199789181,0.5776070356,0.0396706834,0.1278282851,0.0000000000,0.0000000000,0.0201392733,0.5430561304,0.6270636320,0.0000000000,0.0000000000,0.0898597687,0.0896036401,0.3375652432,0.2640465796,0.0000000000,0.0509955846,0.0000000000,0.0000000000,0.0000000000,0.0000000000,0.7355431914,0.7462131381,0.0786857083,0.1140125170,0.0000000000,0.0000000000,0.0533622354,0.0488240905,0.0495815873,0.0000000000,0.2749956846,0.2737395465,0.1000469401,0.1779467165,0.0000446887,0.1643214375,0.3142085075,0.0369466916,0.1819360554,0.0151481293,0.0002268093,0.1831463724,0.0151099917,0.0013295312
15:25:01:44.646,61,0.0000000000,0.0000000000,0.3221651614,0.0000000000,0.0051493063,0.2547963858,0.0160006527,0.0000000000,0.0000000000,0.0000000000,0.2297986895,0.0054593557,0.2544775307,0.0159782618,0.2729591727,0.0000000000,0.0132323559,0.5809336901,0.0368809439,0.1234732643,0.0000000000,0.0000000000,0.0197321959,0.5831015110,0.6634283066,0.0000000000,0.0000000000,0.0967258215,0.0906893760,0.3722993135,0.2698681951,0.0000000000,0.0423000753,0.0000000000,0.0000000000,0.0000000000,0.0000000000,0.7512593269,0.7552002668,0.1026614904,0.1394767165,0.0000000000,0.0000000000,0.0289688297,0.0119693298,0.0126556093,0.0000000000,0.3019591570,0.3054551184,0.1176112816,0.1935478896,0.0000557457,0.1681909710,0.3092353642,0.0389924981,0.1875642836,-0.0024386393,-0.0022048405,0.1882871538,-0.0024779746,-0.0023913875
15:25:01:45.648,61,0.0000000000,0.0000000000,0.3253034651,0.0000000000,0.0270793717,0.2884834409,0.0952436328,0.0000000000,0.0000000000,0.0000000000,0.2325683087,0.0276881959,0.2880597413,0.0952770635,0.3238402307,0.0000000000,0.0002533915,0.5824960470,0.0352246463,0.1208467782,0.0000000000,0.0000000000,0.0149880452,0.6408446431,0.7080513835,0.0000000000,0.0000000000,0.1116633415,0.0960132778,0.3950594664,0.2792260945,0.0000000000,0.0360347368,0.0000000000,0.0000000000,0.0000000000,0.0000000000,0.7725852132,0.7722983360,0.1282686889,0.1645077616,0.0000000000,0.0000000000,0.0153184226,0.0000000000,0.0000000000,0.0000000000,0.3347227871,0.3425608873,0.1374621689,0.2070040256,0.0000699086,0.1693588793,0.3031320870,0.0426706560,0.1892329454,-0.0120160067,-0.0035814729,0.1900866479,-0.0120562874,-0.0044710771
15:25:01:46.650,61,0.0000000000,0.0000000000,0.3290575147,0.0000000000,0.0341101438,0.3168700933,0.1719272286,0.0000000000,0.0000000000,0.0000000000,0.2357154936,0.0348248594,0.3162778616,0.1719800085,0.3418735266,0.0000000000,0.0000000000,0.5823731422,0.0338897742,0.1168392897,0.0000000000,0.0000000000,0.0125964684,0.6619464755,0.7289881110,0.0000000000,0.0000000000,0.1203056425,0.1018091440,0.4060121775,0.2836280167,0.0000000000,0.0300826244,0.0000000000,0.0000000000,0.0000000000,0.0000000000,0.7816410661,0.7825827003,0.1481028050,0.1894133240,0.0088049108,0.0082269125,0.0035306390,0.0000000000,0.0000000000,0.0000000000,0.3458143771,0.3559547067,0.1476350874,0.2151844054,0.0000401502,0.1693156958,0.2938127220,0.0482300222,0.1911447048,-0.0150968218,-0.0040652454,0.1922650039,-0.0151376352,-0.0051866686
15:25:01:47.652,61,0.0000000000,0.0000000000,0.3307668269,0.0000000000,0.0661552921,0.3483862281,0.2392399013,0.0000000000,0.0000000000,0.0000000000,0.2373747677,0.0673132241,0.3478353918,0.2392887324,0.3509222865,0.0149657195,0.0000000000,0.5678750873,0.0327458680,0.1132850051,0.0000000000,0.0000000000,0.0113186892,0.6739182472,0.7417068481,0.0000000000,0.0000000000,0.1260358393,0.1066201702,0.4112108052,0.2853272855,0.0000000000,0.0269113593,0.0000000000,0.0000000000,0.0000000000,0.0000000000,0.7855368853,0.7866429090,0.1555642486,0.1980688870,0.0602872185,0.0597303621,0.0000000000,0.0000000000,0.0000000000,0.0000000000,0.3515612781,0.3649849892,0.1519686580,0.2184766531,0.0000154645,0.1708668023,0.2856731415,0.0533427000,0.1920938492,-0.0290995985,-0.0061126938,0.1931680888,-0.0291415583,-0.0082616881
15:25:01:48.652,61,0.0000000000,0.0000000000,0.3221702576,0.0000000000,0.0964816362,0.3710218668,0.2890675068,0.0000000000,0.0000000000,0.0000000000,0.2292246372,0.0980065018,0.3706530929,0.2891003191,0.3466744423,0.0232763998,0.0000000000,0.5523155332,0.0306957476,0.1097332463,0.0000000000,0.0000000000,0.0105291223,0.6802629828,0.7483583093,0.0000000000,0.0000000000,0.1312679648,0.1113935038,0.4135268033,0.2848961949,0.0000000000,0.0250671674,0.0000000000,0.0000000000,0.0000000000,0.0000000000,0.7810962796,0.7862215042,0.1577367485,0.1989517957,0.0834710896,0.0829964057,0.0000000000,0.0000000000,0.0000000000,0.0000000000,0.3541778326,0.3695786297,0.1525260657,0.2164089531,0.0000047658,0.1733127832,0.2762730420,0.0582594052,0.1870356798,-0.0422876254,-0.0077589802,0.1880215406,-0.0423304588,-0.0108766519
15:25:01:49.655,61,0.0000000000,0.0000000000,0.3149241805,0.0000000000,0.1020801440,0.3845089078,0.3216850162,0.0000000000,0.0000000000,0.0000000000,0.2211958319,0.1036481485,0.3842386007,0.3217410743,0.3153950572,0.0383916944,0.0000000000,0.5310593843,0.0291374419,0.1075997874,0.0000000000,0.0000000000,0.0100120734,0.6834318638,0.7515731454,0.0000000000,0.0000000000,0.1395610720,0.1188744903,0.4145812988,0.2827010155,0.0000000000,0.0238341838,0.0000000000,0.0000000000,0.0013286800,0.0000000000,0.7548651099,0.7652055621,0.1583014280,0.1983892471,0.1223426163,0.1217987910,0.0000000000,0.0000000000,0.0000000000,0.0000000000,0.3544310629,0.3721426427,0.1532276571,0.2162437141,0.0000000000,0.1748667508,0.2671536505,0.0625541657,0.1821205318,-0.0446797311,-0.0078270435,0.1837653518,-0.0447232276,-0.0111593138
15:25:01:50.655,61,0.0000000000,0.0000000000,0.3065423965,0.0000000000,0.1263604164,0.3939090073,0.3354129493,0.0000000000,0.0000000000,0.0000000000,0.2130021155,0.1281884909,0.3937112689,0.3354832232,0.2846807837,0.0478289835,0.0000000000,0.4618338943,0.0262940992,0.1062792689,0.0000000000,0.0000000000,0.0094664311,0.6843894124,0.7525913119,0.0000000000,0.0000000000,0.1426258236,0.1218471155,0.3806249499,0.2489304841,0.0000000000,0.0229233373,0.0000000000,0.0000000000,0.0035955734,0.0000000000,0.7051004171,0.7178091407,0.1585498303,0.1975546181,0.1515413374,0.1506754160,0.0000000000,0.0000000000,0.0000000000,0.0000000000,0.3452374339,0.3704666793,0.1536659151,0.2160614282,0.0000000000,0.1767756343,0.2545997798,0.0674380362,0.1770415008,-0.0551954694,-0.0089180740,0.1787470877,-0.0552397668,-0.0130399410
15:25:01:51.659,61,0.0000000000,0.0000000000,0.2908359766,0.0000000000,0.1511657685,0.4088383019,0.3414708972,0.0000000000,0.0000000000,0.0000000000,0.1974253058,0.1531877369,0.4087007940,0.3415472806,0.2393100262,0.0517314598,0.0000000000,0.4331656098,0.0249859523,0.1062037870,0.0000000000,0.0000000000,0.0086642699,0.6113139391,0.6797079444,0.0000000000,0.0000000000,0.1447869837,0.1249455214,0.3426523805,0.2324930727,0.0000000000,0.0224535707,0.0000000000,0.0000000000,0.0058040302,0.0000000000,0.6298023462,0.6459424496,0.1518703699,0.1773294955,0.2429153025,0.2419185042,0.0000000000,0.0000000000,0.0000000000,0.0000000000,0.3070769310,0.3239268064,0.1544194221,0.2163480520,0.0000000000,0.1768935025,0.2423327863,0.0723248944,0.1674560606,-0.0658540502,-0.0095825410,0.1694410294,-0.0658992454,-0.0145283462
15:25:01:52.659,61,0.0000000000,0.0000000000,0.2803739905,0.0000000000,0.1706839055,0.4230794609,0.3378750682,0.0000000000,0.0000000000,0.0000000000,0.1868951321,0.1728517562,0.4228977561,0.3380676508,0.2246310711,0.0536380224,0.0000000000,0.4206493795,0.0231667049,0.1126448810,0.0000000000,0.0000000000,0.0074841417,0.5394534469,0.6007438898,0.0000000000,0.0000000000,0.1476124972,0.1266685128,0.3302235007,0.2235733122,0.0000000000,0.0223111268,0.0000000000,0.0000000000,0.0070362934,0.0007461545,0.6160978675,0.6254737377,0.1498014331,0.1715643704,0.3667188883,0.3655737042,0.0000000000,0.0000000000,0.0000000000,0.0000000000,0.2794196606,0.2895275950,0.1617773324,0.2180617601,0.0000000000,0.1755262017,0.2256501466,0.0780994520,0.1609657109,-0.0742354318,-0.0100504505,0.1632178724,-0.0742813870,-0.0156535693
15:25:01:53.661,61,0.0000000000,0.0000000000,0.2678641975,0.0000000000,0.1995532811,0.4357573390,0.3312477767,0.0000000000,0.0000000000,0.0000000000,0.1743955463,0.2019302845,0.4354881644,0.3315481544,0.1654630750,0.0385023803,0.0000000000,0.3964069188,0.0226396974,0.1226879805,0.0000000000,0.0000000000,0.0057580774,0.4333865643,0.4805515707,0.0000000000,0.0000000000,0.1483198553,0.1271253675,0.3059521317,0.2155246586,0.0000000000,0.0225076042,0.0000000000,0.0000000000,0.0071376790,0.0007837780,0.5765653253,0.5681880116,0.1257948279,0.1346755326,0.4817312658,0.4805572033,0.0000000000,0.0000000000,0.0000000000,0.0000000000,0.2476481497,0.2389931828,0.1641536802,0.2184601575,0.0000000000,0.1748525649,0.2066224068,0.0861375183,0.1532381922,-0.0866326764,-0.0107250800,0.1557297707,-0.0866797119,-0.0172953606
15:25:01:54.668,61,0.0000000000,0.0000000000,0.2689395845,0.0000000000,0.2186272442,0.4630896747,0.3063906431,0.0000000000,0.0000000000,0.0000000000,0.1753797531,0.2212235779,0.4626657367,0.3067620993,0.1411757320,0.0049526938,0.0000000000,0.3257007599,0.0227426663,0.1474623233,0.0000000000,0.0000000000,0.0022517145,0.3513258994,0.3762427568,0.0000000000,0.0000000000,0.1236552298,0.1073658839,0.2181412578,0.1568469703,0.0000000000,0.0228466038,0.0000000000,0.0000000000,0.0059114546,0.0003582620,0.5454105735,0.5358968973,0.1165299863,0.1228279695,0.5810590982,0.5799410939,0.0000000000,0.0000000000,0.0000000000,0.0000000000,0.2342860103,0.2172746658,0.1656582355,0.2182559371,0.0000000000,0.1758206487,0.1862078607,0.0927718878,0.1537481546,-0.0949116647,-0.0116635580,0.1562059820,-0.0949592963,-0.0188589450
15:25:01:55.664,61,0.0000000000,0.0000000000,0.2689665258,0.0000000000,0.2257477939,0.4798289239,0.2955303192,0.0000000000,0.0000000000,0.0000000000,0.1751408428,0.2284257561,0.4793668687,0.2961317897,0.1179784313,0.0000000000,0.0000000000,0.2633195817,0.0230519269,0.1789178103,0.0000000000,0.0000000000,0.0000000000,0.3031369746,0.2628204226,0.0000000000,0.0000000000,0.1049320623,0.0845005959,0.1626516879,0.1167681143,0.0000000000,0.0231256019,0.0000000000,0.0000000000,0.0046494841,0.0000000000,0.5236179829,0.4724709690,0.1122822091,0.1145045757,0.6493191123,0.6479586363,0.0000000000,0.0000000000,0.0000000000,0.0000000000,0.2072776258,0.1731576771,0.1660863161,0.2052994967,0.0000000000,0.1809456199,0.1757691056,0.0990526602,0.1535681933,-0.0979981646,-0.0119761117,0.1561627537,-0.0980461687,-0.0194210019
15:25:01:56.665,61,0.0000000000,0.0000000000,0.2800949216,0.0000000000,0.2322472483,0.4893030524,0.2903275490,0.0000000000,0.0000000000,0.0000000000,0.1859713048,0.2351232469,0.4889314175,0.2910481393,0.1002688333,0.0254731476,0.0000000000,0.2143486291,0.0242592189,0.2049076259,0.0002613395,0.0279598795,0.0000000000,0.2484180629,0.1631639153,0.0000000000,0.0000000000,0.0895115286,0.0712093040,0.1377539039,0.0971015990,0.0000000000,0.0234671906,0.0000000000,0.0000000000,0.0040937802,0.0000000000,0.4945462644,0.4124670029,0.1097639948,0.0976656228,0.6762222648,0.6747435927,0.0000000000,0.0000000000,0.0000000000,0.0000000000,0.1845963597,0.1480161250,0.1654229313,0.1865329593,0.0000000000,0.1835796386,0.1683623493,0.1044475064,0.1601102203,-0.1009504795,-0.0130173890,0.1625719517,-0.1009987444,-0.0206648968
15:25:01:57.667,61,0.0000000000,0.0000000000,0.2838406861,0.0000000000,0.2386143953,0.4942551553,0.2876571715,0.0000000000,0.0000000000,0.0000000000,0.1892738640,0.2416125685,0.4939534366,0.2885673046,0.0878876895,0.0806525648,0.0000000000,0.1961781681,0.0282450225,0.2145607173,0.0130935777,0.0640332773,0.0000000000,0.2147940248,0.0795050263,0.0000000000,0.0000000000,0.0818727612,0.0633873716,0.1261549294,0.0878497958,0.0000000000,0.0238123629,0.0000000000,0.0000000000,0.0039108018,0.0000000000,0.4784453511,0.3740758002,0.1072598100,0.0800617188,0.6894630790,0.6877002120,0.0000000000,0.0000000000,0.0000000000,0.0000000000,0.1631570607,0.1227334365,0.1612602919,0.1684761494,0.0000000000,0.1861901283,0.1615165621,0.1084364653,0.1620794535,-0.1037610918,-0.0135614630,0.1646896452,-0.1038097441,-0.0214369148
15:25:01:58.669,61,0.0000000000,0.0000000000,0.2939563096,0.0000000000,0.2578197122,0.4970471859,0.2865732610,0.0000000000,0.0000000000,0.0000000000,0.1990184933,0.2611683309,0.4967821836,0.2884616852,0.0798385590,0.1214166805,0.0000000000,0.1938320398,0.0545877106,0.2189999521,0.0320583507,0.1071946919,0.0000000000,0.1892814040,0.0389259383,0.0000000000,0.0000000000,0.0779787302,0.0595834106,0.1309223324,0.0834266320,0.0000000000,0.0243464615,0.0000000000,0.0000000000,0.0041495287,0.0000000000,0.4361322224,0.3061342239,0.0979428291,0.0615708232,0.6884852052,0.6836531162,0.0000000000,0.0000000000,0.0000000000,0.0056080441,0.1542349309,0.1117680594,0.1566170454,0.1568739414,0.0000000000,0.1897690445,0.1564291865,0.1129590422,0.1678746045,-0.1122395918,-0.0152534489,0.1703738868,-0.1122889444,-0.0237540137
15:25:01:59.670,61,0.0000000000,0.0000000000,0.3116875291,0.0000000000,0.2581557631,0.4981199205,0.2859132588,0.0000000000,0.0000000000,0.0000000000,0.2165161520,0.2617269754,0.4978877306,0.2883885801,0.0730595738,0.1826229841,0.0000000000,0.1990745515,0.0653690398,0.2213844210,0.0603558980,0.1516093463,0.0000000000,0.1693449616,0.0000000000,0.0000000000,0.0000000000,0.0748978034,0.0573394373,0.1418534964,0.0815423355,0.0000000000,0.0248264130,0.0000000000,0.0000000000,0.0050909710,0.0000000000,0.4227184355,0.2777379453,0.0950070173,0.0536721684,0.6880809069,0.6818230748,0.0000000000,0.0000000000,0.0000000000,0.0171959605,0.1490532160,0.1061689705,0.1549566537,0.1520191878,0.0000000000,0.1940493286,0.1511960626,0.1159047931,0.1784796417,-0.1126449406,-0.0165991001,0.1806564480,-0.1126943082,-0.0250757001
15:25:02:00.672,61,0.0000000000,0.0000000000,0.3253375888,0.0000000000,0.2625750601,0.4974786937,0.2904941440,0.0000000000,0.0000000000,0.0000000000,0.2299521267,0.2663734257,0.4973343313,0.2963032126,0.0699839145,0.2055296600,0.0000000000,0.2294074297,0.0752163380,0.2300189435,0.0769713446,0.1673684418,0.0000000000,0.1287379712,0.0000000000,0.0000000000,0.0000000000,0.0727498904,0.0559706762,0.1595183760,0.0849825218,0.0000000000,0.0253465511,0.0000000000,0.0000000000,0.0071440809,0.0000000000,0.4162456989,0.2646516562,0.0935327038,0.0496226773,0.6864863634,0.6793297529,0.0000000000,0.0000000000,0.0000000000,0.0234333351,0.1426604986,0.1029040143,0.1536098719,0.1491517425,0.0000000000,0.2006048411,0.1494577229,0.1178788990,0.1865913272,-0.1147820279,-0.0178906620,0.1885246336,-0.1148314476,-0.0264861546
15:25:02:01.672,61,0.0000000000,0.0000000000,0.3355005682,0.0000000000,0.2675824165,0.4977875948,0.2925755680,0.0000000000,0.0000000000,0.0000000000,0.2400808185,0.2715732455,0.4976826906,0.2998751104,0.0684658140,0.2165265828,0.0000000000,0.2511397004,0.0872738734,0.2423721701,0.0864450261,0.1755293310,0.0000000000,0.0902445465,0.0000000000,0.0000000000,0.0456609242,0.0713923424,0.0551167242,0.1741626114,0.0971278846,0.0015292850,0.0259014517,0.0000000000,0.0000000000,0.0085454136,0.0005082780,0.4131875336,0.2580573559,0.0926381201,0.0473265946,0.6837263107,0.6760795116,0.0000000000,0.0000000000,0.0000000000,0.0272686351,0.1398347169,0.1011012569,0.1514502168,0.1474205106,0.0000000000,0.2084629834,0.1508166790,0.1199205071,0.1926897466,-0.1171328872,-0.0189935472,0.1943593472,-0.1171824262,-0.0277229883
15:25:02:02.676,61,0.0000000000,0.0000000000,0.3434228897,0.0000000000,0.2780222297,0.4979454577,0.2984565794,0.0000000000,0.0000000000,0.0000000000,0.2480758429,0.2822542489,0.4978689253,0.3072454631,0.0678857937,0.2221583873,0.0000000000,0.2643603981,0.0962167606,0.2494872659,0.0916302353,0.1798219532,0.0000000000,0.0684176981,0.0000000000,0.0000000000,0.0641369522,0.0704611093,0.0546397269,0.1829667836,0.1043787003,0.0047198222,0.0265768021,0.0000000000,0.0000000000,0.0097744921,0.0010678949,0.4117447734,0.2547784746,0.0919252485,0.0458818898,0.6649293900,0.6556356549,0.0000000000,0.0000000000,0.0000000000,0.0306679159,0.1380435377,0.1000750288,0.1446051747,0.1435079873,0.0000000000,0.2167854756,0.1531786323,0.1211688966,0.1974454522,-0.1218304038,-0.0203091819,0.1988229007,-0.1218801364,-0.0293450020
15:25:02:03.677,61,0.0000000000,0.0000000000,0.3486703634,0.0000000000,0.2829261720,0.4976849258,0.3030449152,0.0000000000,0.0000000000,0.0000000000,0.2533225119,0.2872940600,0.4976269305,0.3124991953,0.0692948103,0.2215653509,0.0000000000,0.3170092106,0.1053187326,0.2570429742,0.0934694633,0.1818155050,0.0000000000,0.0480543375,0.0000000000,0.0000000000,0.0859100223,0.0702033341,0.0546795204,0.2096878737,0.1277149171,0.0064364038,0.0273906402,0.0000000000,0.0000000000,0.0103933848,0.0013070587,0.4145472050,0.2566021085,0.0915224329,0.0450325422,0.6375127435,0.6264957190,0.0000000000,0.0000000000,0.0000000000,0.0323825404,0.1368774772,0.0992446542,0.1399488151,0.1400039643,0.0000000000,0.2235227674,0.1545240432,0.1207191944,0.2005787492,-0.1240688115,-0.0210675374,0.2018000335,-0.1241186783,-0.0302443765
15:25:02:04.678,61,0.0000000000,0.0000000000,0.3501759470,0.0000000000,0.2836522162,0.4971965849,0.3050512373,0.0000000000,0.0000000000,0.0000000000,0.2549645305,0.2880458534,0.4971504211,0.3147793114,0.0712427124,0.2123355865,0.0000000000,0.3304956257,0.1088501662,0.2671532035,0.0931708217,0.1782815307,0.0000000000,0.0403287075,0.0000000000,0.0000000000,0.0934766158,0.0700322315,0.0547164120,0.2176593691,0.1348128319,0.0074140765,0.0280504636,0.0000000000,0.0000000000,0.0107037229,0.0013682665,0.4227546453,0.2683781087,0.0914105028,0.0446580313,0.6124058962,0.6007832885,0.0000000000,0.0000000000,0.0000000000,0.0332201943,0.1362660527,0.0987638235,0.1368753910,0.1373593509,0.0000000000,0.2299975604,0.1551361978,0.1197645962,0.2015661299,-0.1244139522,-0.0212530550,0.2026626766,-0.1244637594,-0.0304373242
15:25:02:05.680,61,0.0000000000,0.0000000000,0.3448097408,0.0000000000,0.2846177816,0.4966164827,0.3068880141,0.0000000000,0.0000000000,0.0000000000,0.2498013973,0.2889503837,0.4965782166,0.3167915344,0.0725270808,0.2097973526,0.0000000000,0.3315126896,0.1104618534,0.2735475302,0.0885035321,0.1767717153,0.0000000000,0.0368378349,0.0000000000,0.0000000000,0.0968549997,0.0700054243,0.0548202507,0.2215976715,0.1384453177,0.0080368016,0.0286611430,0.0000000000,0.0000000000,0.0108794114,0.0013352438,0.4345974922,0.2784745693,0.0917099342,0.0446058735,0.6007961631,0.5886731744,0.0000000000,0.0000000000,0.0000000000,0.0336192511,0.1357229501,0.0982196927,0.1352666765,0.1353537887,0.0000000000,0.2342657149,0.1553066075,0.1184723377,0.1984327137,-0.1247389615,-0.0208844040,0.1995419711,-0.1247886941,-0.0301005188
15:25:02:06.681,61,0.0000000000,0.0000000000,0.3452839553,0.0000000000,0.2819531560,0.4960198700,0.3067153394,0.0000000000,0.0000000000,0.0000000000,0.2502303720,0.2862558365,0.4959866703,0.3166970611,0.0734694153,0.2064619958,0.0000000000,0.3311161101,0.1009119302,0.2769157887,0.0736927018,0.1681101620,0.0000000000,0.0526850559,0.0000000000,0.0000000000,0.0731904730,0.0699564889,0.0547826439,0.2112854272,0.1334235817,0.0081411498,0.0292114615,0.0000000000,0.0000000000,0.0107388338,0.0010405194,0.4888306260,0.3363297582,0.0942859352,0.0450565405,0.5956719518,0.5834535956,0.0000000000,0.0000000000,0.0000000000,0.0333707780,0.1351421177,0.0976301059,0.1344807297,0.1340963095,0.0000000000,0.2355487943,0.1549322307,0.1161685288,0.1987157762,-0.1235823333,-0.0207446273,0.1998510510,-0.1236319765,-0.0298773833
15:25:02:07.683,61,0.0000000000,0.0000000000,0.3449723125,0.0000000000,0.2809593678,0.4967431724,0.3043091297,0.0000000000,0.0000000000,0.0000000000,0.2499198467,0.2852441370,0.4967173338,0.3135923743,0.0740695223,0.1920093298,0.0000000000,0.3175668120,0.0934109017,0.2779968679,0.0643253252,0.1579811275,0.0000000000,0.0967919379,0.0000000000,0.0000000000,0.0294303745,0.0698895976,0.0546937995,0.1963976473,0.1261374056,0.0078924727,0.0296824202,0.0000000000,0.0000000000,0.0104390886,0.0006399503,0.5015246272,0.3518263996,0.0952233896,0.0455025472,0.5972729921,0.5870432854,0.0000000000,0.0000000000,0.0000000000,0.0328809917,0.1346843988,0.0971371233,0.1341857165,0.1332185566,0.0000000000,0.2351981252,0.1539570391,0.1138714552,0.1985364854,-0.1231422424,-0.0206533130,0.1996832490,-0.1231918558,-0.0297550838
15:25:02:08.687,61,0.0000000000,0.0000000000,0.3453936875,0.0000000000,0.2787345350,0.4993343949,0.2987407148,0.0000000000,0.0000000000,0.0000000000,0.2502944469,0.2829947472,0.4993170500,0.3070166707,0.0745011941,0.1839940995,0.0000000000,0.3088879287,0.0882778987,0.2774038315,0.0592589304,0.1517689228,0.0000000000,0.1095670983,0.0000000000,0.0000000000,0.0158032067,0.0696984082,0.0544643588,0.1854727715,0.1182430461,0.0074172560,0.0300998427,0.0000000000,0.0000000000,0.0100319982,0.0001738174,0.5082936287,0.3599249423,0.0960554928,0.0461177938,0.6100594997,0.6023258567,0.0000000000,0.0000000000,0.0000000000,0.0322284363,0.1343248785,0.0966759175,0.1345635802,0.1328636259,0.0000000000,0.2318136245,0.1524006724,0.1115279049,0.1987826228,-0.1221768260,-0.0205375627,0.1999557614,-0.1222264245,-0.0295703225
15:25:02:09.685,61,0.0000000000,0.0000000000,0.3456731141,0.0000000000,0.2783677280,0.5001893640,0.2945961952,0.0000000000,0.0000000000,0.0000000000,0.2506055236,0.2826255262,0.5001755953,0.3025257289,0.0749467760,0.1811594069,0.0000000000,0.2998937070,0.0817422494,0.2770836055,0.0552783273,0.1489703506,0.0000000000,0.1157766953,0.0000000000,0.0000000000,0.0089690331,0.0694096386,0.0540843494,0.1811729670,0.1138613224,0.0068984670,0.0303623881,0.0000000000,0.0000000000,0.0096373642,0.0000000000,0.5119384527,0.3642728627,0.0995583758,0.0478990488,0.6132867932,0.6062551737,0.0000000000,0.0000000000,0.0000000000,0.0309104621,0.1337453276,0.0959943682,0.1350430697,0.1324850023,0.0000000000,0.2274056673,0.1512956619,0.1094899103,0.1989741623,-0.1220214069,-0.0205388144,0.2001222968,-0.1220709756,-0.0295563936
15:25:02:10.687,61,0.0000000000,0.0000000000,0.3464744985,0.0000000000,0.2785114348,0.4998752177,0.2934318185,0.0000000000,0.0000000000,0.0000000000,0.2514658570,0.2827797830,0.4998646677,0.3011902869,0.0768204182,0.1798275858,0.0000000000,0.2963257730,0.0773557797,0.2778016031,0.0535291433,0.1422659010,0.0000000000,0.0879340917,0.0000000000,0.0000000000,0.0215272512,0.0687549934,0.0531491265,0.1789721847,0.1116900668,0.0062447293,0.0304732267,0.0000000000,0.0000000000,0.0092661576,0.0000000000,0.5217274427,0.3793895841,0.1044481769,0.0522425659,0.6138253212,0.6067116857,0.0000000000,0.0000000000,0.0000000000,0.0286925677,0.1309002489,0.0931586176,0.1350654960,0.1316214204,0.0000000000,0.2233563066,0.1515827775,0.1080275699,0.1994938552,-0.1220985353,-0.0206188820,0.2005847991,-0.1221480593,-0.0296338368
15:25:02:11.689,61,0.0000000000,0.0000000000,0.3468454778,0.0000000000,0.2795960605,0.4987095594,0.2951199412,0.0000000000,0.0000000000,0.0000000000,0.2518812418,0.2838830948,0.4987007082,0.3032602370,0.0812800974,0.1907991469,0.0000000000,0.2947693765,0.0670099407,0.3051427007,0.0521892011,0.1400642842,0.0000000000,0.0434538163,0.0000000000,0.0000000000,0.0753273740,0.0680612773,0.0513583533,0.1886271387,0.1108510643,0.0056197103,0.0302982088,0.0000000000,0.0000000000,0.0089946724,0.0000000000,0.5687195063,0.4076161683,0.1354531944,0.0648151562,0.5838872194,0.5745249987,0.0000000000,0.0000000000,0.0000000000,0.0253175944,0.1260477006,0.0876913890,0.1347922981,0.1280663610,0.0000000000,0.2204772681,0.1536525041,0.1074434295,0.1997357905,-0.1225795448,-0.0207249876,0.2007858753,-0.1226290837,-0.0297700036
15:25:02:12.691,61,0.0000000000,0.0000000000,0.3463322818,0.0000000000,0.2782132924,0.4980689883,0.3002389669,0.0000000000,0.0000000000,0.0000000000,0.2513590753,0.2824746668,0.4980616570,0.3092311323,0.0859880447,0.2238531113,0.0000000000,0.2949784994,0.0636699796,0.3551212847,0.0550453961,0.1387790591,0.0000000000,0.0000000000,0.0000000000,0.0000000000,0.1267747432,0.0638051406,0.0468980558,0.2121293396,0.1122061983,0.0048777359,0.0298447348,0.0000000000,0.0000000000,0.0090311412,0.0000000000,0.5825382471,0.4210588932,0.1442838311,0.0718117431,0.5740180612,0.5634490252,0.0000000000,0.0000000000,0.0000000000,0.0234248620,0.1176853254,0.0829077139,0.1344187260,0.1267269105,0.0000000000,0.2186073959,0.1563286334,0.1070963740,0.1994317770,-0.1219656318,-0.0205902345,0.2005061954,-0.1220151410,-0.0295932684
15:25:02:13.692,61,0.0000000000,0.0000000000,0.3454045057,0.0000000000,0.2788129151,0.4976815581,0.3080809116,0.0000000000,0.0000000000,0.0000000000,0.2504395545,0.2830707133,0.4976756573,0.3171284795,0.0897827521,0.2331844717,0.0000000000,0.3094038069,0.0628810003,0.3704048991,0.0697675943,0.1359294206,0.0000000000,0.0000000000,0.0000000000,0.0393854789,0.1453644931,0.0585721210,0.0429759771,0.2192874849,0.1142979115,0.0041170679,0.0293957368,0.0000000000,0.0000000000,0.0091807963,0.0000000000,0.5890828967,0.4270797372,0.1428130716,0.0745451674,0.5581895709,0.5465843678,0.0000000000,0.0000000000,0.0000000000,0.0222429056,0.1084721461,0.0785201862,0.1289074719,0.1242065132,0.0000000000,0.2171825916,0.1611040235,0.1079731211,0.1988698244,-0.1222113669,-0.0205543246,0.1999610215,-0.1222608909,-0.0295788739
15:25:02:14.694,61,0.0000000000,0.0000000000,0.3438575268,0.0000000000,0.2817914486,0.4977755547,0.3176831007,0.0000000000,0.0000000000,0.0000000000,0.2489253879,0.2860702872,0.4977709055,0.3259496093,0.0915471986,0.2301768363,0.0000000000,0.3228226900,0.0737696663,0.3813104928,0.0949493721,0.1315666437,0.0000000000,0.0000000000,0.0000000000,0.0578059405,0.1545554399,0.0534350164,0.0397495367,0.2224688083,0.1152420044,0.0033039767,0.0291065555,0.0000000000,0.0000000000,0.0093656965,0.0000000000,0.5728406906,0.4293349087,0.1173027828,0.0739992931,0.5444951057,0.5331450701,0.0000000000,0.0000000000,0.0000000000,0.0214942079,0.1014157012,0.0749395266,0.1180085465,0.1185353100,0.0000000000,0.2158724815,0.1657427102,0.1091647297,0.1979273558,-0.1234861761,-0.0206252635,0.1990268230,-0.1235357895,-0.0297476333
15:25:02:15.695,61,0.0000000000,0.0000000000,0.3408516049,0.0000000000,0.2866841257,0.4988524914,0.3282314837,0.0000000000,0.0000000000,0.0000000000,0.2460238338,0.2909892499,0.4988587797,0.3354121149,0.0923881903,0.2219418287,0.0000000000,0.3302287161,0.1010626033,0.4185064137,0.1594591439,0.1283715963,0.0000000000,0.0000000000,0.0000000000,0.0772270709,0.1590312272,0.0460538156,0.0356203169,0.2184568942,0.1155348271,0.0025371553,0.0289728437,0.0000000000,0.0000000000,0.0096820975,0.0000000000,0.5333696604,0.4058315754,0.1036459953,0.0684036016,0.5246488452,0.5135322213,0.0000000000,0.0000000000,0.0000000000,0.0211511273,0.0975259617,0.0731795728,0.1098938137,0.1149128675,0.0000000000,0.2144455165,0.1691910028,0.1099372879,0.1961284876,-0.1255709976,-0.0207014587,0.1972229332,-0.1256207228,-0.0299819857
15:25:02:16.697,61,0.0000000000,0.0000000000,0.3358655274,0.0000000000,0.2934311628,0.4993001819,0.3360273242,0.0000000000,0.0000000000,0.0000000000,0.2412201613,0.2977580130,0.4993178248,0.3424863815,0.0881375894,0.2032513767,0.0000000000,0.3309607506,0.1252492964,0.4770336747,0.2129439116,0.1271865070,0.0000000000,0.0000000000,0.0000000000,0.0864703432,0.1613475680,0.0379217193,0.0306018647,0.2118503004,0.1156203076,0.0019087549,0.0288928188,0.0000000000,0.0000000000,0.0102703068,0.0000000000,0.4608519375,0.3347277343,0.0882739723,0.0579926893,0.5014516711,0.4890725315,0.0000000000,0.0000000000,0.0000000000,0.0214005858,0.0955459327,0.0722586811,0.1063829362,0.1131322756,0.0000000000,0.2128584832,0.1727011353,0.1110721529,0.1931631565,-0.1284286231,-0.0207249876,0.1942486167,-0.1284785420,-0.0302232001
15:25:02:17.698,61,0.0000000000,0.0000000000,0.3305402398,0.0000000000,0.2998603284,0.4992697835,0.3402007818,0.0000000000,0.0000000000,0.0000000000,0.2360660732,0.3041975200,0.4993019104,0.3462297022,0.0811633766,0.1689563543,0.0000000000,0.3251822293,0.1628355086,0.4363008440,0.2365869880,0.1268655509,0.0000000000,0.0000000000,0.0000000000,0.0897939205,0.1623819172,0.0334598757,0.0277587902,0.2019081563,0.1155705452,0.0015146607,0.0289739724,0.0000000000,0.0000000000,0.0107240649,0.0000000000,0.3745877147,0.2631632090,0.0626544654,0.0420182832,0.4810595810,0.4682514668,0.0000000000,0.0000000000,0.0000000000,0.0275359843,0.0948326811,0.0721537024,0.1041849256,0.1118578985,0.0000000000,0.2112563401,0.1753252447,0.1112350076,0.1899898350,-0.1311388314,-0.0206809398,0.1910826266,-0.1311888099,-0.0303887185
15:25:02:18.700,61,0.0000000000,0.0000000000,0.3259195387,0.0000000000,0.3069931865,0.4991100132,0.3424939513,0.0000000000,0.0000000000,0.0000000000,0.2315875739,0.3113572001,0.4991622865,0.3482798636,0.0719590634,0.1428553760,0.0000000000,0.3027026057,0.1941953003,0.3568622172,0.2481082380,0.1299632043,0.0000000000,0.0000000000,0.0000000000,0.0912691876,0.1628539711,0.0311076306,0.0261659343,0.1913382113,0.1152518541,0.0015507983,0.0293802489,0.0000000000,0.0000000000,0.0110472459,0.0002505137,0.2805471420,0.1902776957,0.0397452302,0.0263025425,0.4622526169,0.4492107630,0.0000000000,0.0000000000,0.0000000000,0.0503233373,0.0948626623,0.0725262314,0.1014232412,0.1093381792,0.0000000000,0.2102824152,0.1761778444,0.1107407510,0.1872200966,-0.1341664195,-0.0207226742,0.1883157194,-0.1342165470,-0.0306627341
15:25:02:19.702,61,0.0000000000,0.0000000000,0.3222194910,0.0000000000,0.3114495575,0.4913625121,0.3390334249,0.0000000000,0.0000000000,0.0000000000,0.2279890180,0.3158170879,0.4918652177,0.3443854749,0.0562063530,0.1294320822,0.0000000000,0.2219719887,0.2059122175,0.3029675782,0.2678050697,0.1929733306,0.0000000000,0.0000000000,0.0000000000,0.0920186266,0.1630603820,0.0280515701,0.0237524789,0.1735133082,0.1050181612,0.0018968830,0.0296926517,0.0000000000,0.0000000000,0.0114477286,0.0009452267,0.1959383637,0.1333653331,0.0257301740,0.0159903672,0.4179650843,0.4033775032,0.0000000000,0.0000000000,0.0000000000,0.0736866221,0.0955619365,0.0729520693,0.0998473763,0.1080637798,0.0000000000,0.2096086144,0.1760109961,0.1085090041,0.1850064993,-0.1360417008,-0.0206676330,0.1861169636,-0.1360919476,-0.0307545867
15:25:02:20.704,61,0.0000000000,0.0000000000,0.3210178614,0.0000000000,0.3155441880,0.4833605886,0.3235295713,0.0000000000,0.0000000000,0.0000000000,0.2268642336,0.3199452460,0.4854693115,0.3313987255,0.0422580168,0.1239147410,0.0000000000,0.1823384613,0.1920618713,0.1746196002,0.3067470789,0.3838310242,0.0000000000,0.0000000000,0.0000000000,0.0995992348,0.1643889993,0.0253101047,0.0187436026,0.1433786452,0.0455529988,0.0215811357,0.0302279647,0.0117496727,0.0000000000,0.0120141292,0.0040178946,0.1036844328,0.0606697313,0.0130972117,0.0071131671,0.3899274468,0.3684543371,0.0000000000,0.0000000000,0.0000000000,0.1320207417,0.1102469787,0.0734125972,0.0971664041,0.1065455675,0.0000000000,0.2086283863,0.1756420583,0.1052077785,0.1842911243,-0.1378043890,-0.0208095405,0.1853678077,-0.1378547102,-0.0310251620
15:25:02:21.705,61,0.0000000000,0.0000000000,0.3214456737,0.0000000000,0.3160784841,0.4773090780,0.3050442934,0.0000000000,0.0000000000,0.0000000000,0.2272491306,0.3204936981,0.4814872742,0.3173377216,0.0352652259,0.1456485838,0.0000000000,0.1585213989,0.1593442857,0.1363040656,0.3197852969,0.5093269944,0.0000000000,0.0000000000,0.0000000000,0.1302979290,0.1831509769,0.0230053719,0.0140661905,0.1324067265,0.0282347668,0.0360050723,0.0307860058,0.0302131921,0.0000000000,0.0126028201,0.0065135816,0.0721380115,0.0363806188,0.0073816939,0.0025563426,0.3711747825,0.3442338407,0.0000000000,0.0000000000,0.0000000000,0.1494662613,0.1202500612,0.0738117620,0.0953412727,0.1054652706,0.0000000000,0.2071411908,0.1765011549,0.1012943760,0.1845189333,-0.1380451620,-0.0208767951,0.1856079996,-0.1380954683,-0.0311118346
15:25:02:22.707,61,0.0000000000,0.0000000000,0.3192895949,0.0000000000,0.3185517490,0.4746181369,0.2959836423,0.0000000000,0.0000000000,0.0000000000,0.2251520455,0.3229661882,0.4795950651,0.3097501695,0.0318318121,0.1504596919,0.0000000000,0.1475933641,0.1498806626,0.1196968034,0.3506630957,0.5263997316,0.0000000000,0.0000000000,0.0000000000,0.1392938048,0.1882447153,0.0205122903,0.0103735505,0.1223929524,0.0188617297,0.0415841416,0.0314442255,0.0372350514,0.0000000000,0.0132735102,0.0088365842,0.0586526729,0.0254172627,0.0042123860,0.0000306783,0.3254560232,0.2961058319,0.0000000000,0.0000000000,0.0000000000,0.1583485007,0.1294897050,0.0758256316,0.0927464515,0.1040754542,0.0000000000,0.2050853968,0.1780527383,0.0978205353,0.1832304895,-0.1390830427,-0.0208304077,0.1843285859,-0.1391334534,-0.0311471466
15:25:02:23.707,61,0.0000000000,0.0000000000,0.3168033361,0.0000000000,0.3194413483,0.4716452658,0.2901631594,0.0000000000,0.0000000000,0.0000000000,0.2227506191,0.3238290846,0.4771799147,0.3039158881,0.0300962888,0.1388781518,0.0000000000,0.1418992877,0.1449728608,0.1139879376,0.3608378470,0.4910687208,0.0000000000,0.0000000000,0.0000000000,0.1435749680,0.1903280318,0.0189255942,0.0082988916,0.1150260642,0.0138833905,0.0445941724,0.0330524780,0.0406405143,0.0000000000,0.0139721679,0.0108294068,0.0595083050,0.0264558867,0.0022786940,0.0000000000,0.2751481533,0.2463462651,0.0000000000,0.0000000000,0.0000000000,0.1624707282,0.1378132552,0.0816624314,0.0886032134,0.1012207121,0.0000000000,0.2029610276,0.1806110740,0.0957671627,0.1817724109,-0.1394245774,-0.0206603911,0.1828796864,-0.1394749731,-0.0310069490
15:25:02:24.709,61,0.0000000000,0.0000000000,0.3170468509,0.0000000000,0.3176746964,0.4660212994,0.2828520536,0.0000000000,0.0000000000,0.0000000000,0.2230057120,0.3220432699,0.4710895121,0.2946586609,0.0294993501,0.0906058550,0.0000000000,0.1381227970,0.1420325786,0.1113512665,0.3654302061,0.4230645597,0.0000000000,0.0000000000,0.0000000000,0.1451215446,0.1893549263,0.0177898780,0.0069723027,0.1097736582,0.0115807699,0.0460054167,0.0341196284,0.0418299548,0.0000000000,0.0148920212,0.0129615953,0.0610352531,0.0298389383,0.0010014952,0.0000000000,0.2341648191,0.2102051973,0.0000000000,0.0000000000,0.0000000000,0.1642487496,0.1463031024,0.0903932452,0.0847615823,0.0972651914,0.0000000000,0.2017448395,0.1835249215,0.0943597555,0.1819418371,-0.1386594772,-0.0205805954,0.1830438972,-0.1387098134,-0.0308686104
15:25:02:25.711,61,0.0000000000,0.0000000000,0.3169406354,0.0000000000,0.3117382526,0.4548123479,0.2601214945,0.0000000000,0.0000000000,0.0000000000,0.2229317725,0.3160293400,0.4576626420,0.2686638534,0.0295156315,0.0300104525,0.0000000000,0.1358181536,0.1409225762,0.1205563694,0.3519507647,0.2507565320,0.0000000000,0.0000000000,0.0000000000,0.0892955959,0.1351704746,0.0163588654,0.0060374946,0.1010400057,0.0130573977,0.0353059284,0.0347263962,0.0140065551,0.0000000000,0.0155587010,0.0141082909,0.0735829920,0.0448414572,0.0001445717,0.0000000000,0.2126807123,0.1925904900,0.0000000000,0.0000000000,0.0000000000,0.1331962496,0.1616104394,0.1205230877,0.0835940987,0.0960765630,0.0000000000,0.2014436424,0.1870615929,0.0933924019,0.1819482446,-0.1360713840,-0.0202263463,0.1830606014,-0.1361215264,-0.0303215925
15:25:02:26.714,61,0.0000000000,0.0000000000,0.3218891919,0.0000000000,0.2833075523,0.4486422837,0.2484089881,0.0000000000,0.0000000000,0.0000000000,0.2278738320,0.2873013616,0.4502047598,0.2537928522,0.0350116305,0.0000000000,0.0000000000,0.1448068470,0.1405341178,0.2235644311,0.1604445875,0.0986678302,0.0000000000,0.0000000000,0.0000000000,0.0224943459,0.0936922505,0.0159201808,0.0058485223,0.0994672254,0.0733791888,0.0000000000,0.0348243080,0.0000000000,0.0000000000,0.0135010919,0.0113241393,0.2092230469,0.1637826115,0.0016218461,0.0000000000,0.2028616369,0.1844763309,0.0000000000,0.0000000000,0.0000000000,0.0392601304,0.1716871858,0.1295437962,0.0826223791,0.0951067731,0.0000000000,0.2022712082,0.1909794360,0.0927544236,0.1851720512,-0.1237675548,-0.0189707670,0.1862821877,-0.1238168553,-0.0281384662
15:25:02:27.715,61,0.0000000000,0.0000000000,0.3256168962,0.0000000000,0.2516603172,0.4369555712,0.2269417048,0.0000000000,0.0000000000,0.0000000000,0.2315872461,0.2552862763,0.4374484718,0.2292248905,0.0387213491,0.0000000000,0.0185905993,0.1497544050,0.1197217852,0.2571282983,0.1089196652,0.0465036705,0.0000000000,0.0000000000,0.0000000000,0.0000000000,0.0387493111,0.0157901570,0.0059860605,0.0990067050,0.0890300795,0.0000000000,0.0342998579,0.0000000000,0.0000000000,0.0097984336,0.0069638938,0.2660030425,0.2196493894,0.0126880202,0.0065381192,0.1973897517,0.1802431196,0.0000000000,0.0000000000,0.0000000000,0.0128903622,0.1788968742,0.1347260177,0.0817597583,0.0944664106,0.0000000000,0.2053690255,0.1914326698,0.0931820124,0.1876637638,-0.1100258455,-0.0173480287,0.1888088435,-0.1100742072,-0.0254904963
15:25:02:28.716,61,0.0000000000,0.0000000000,0.3264262676,0.0000000000,0.2264325172,0.4238050878,0.1958544850,0.0000000000,0.0000000000,0.0000000000,0.2325191796,0.2297308445,0.4238452613,0.1971955001,0.0403564051,0.0000000000,0.0282854214,0.1533676088,0.1001063734,0.3419267237,0.0826821849,0.0243396405,0.0000000000,0.0000000000,0.0000000000,0.0000000000,0.0157894418,0.0158096552,0.0062565161,0.0994919240,0.0963634774,0.0000000000,0.0329401009,0.0000000000,0.0000000000,0.0076793800,0.0042019365,0.3130733669,0.2601486742,0.0280430894,0.0202701073,0.1924810410,0.1775500625,0.0000000000,0.0000000000,0.0000000000,0.0000000000,0.1821590215,0.1376257241,0.0811010897,0.0942283720,0.0000000000,0.2076827586,0.1921066940,0.0932147056,0.1884051859,-0.0990311578,-0.0158690754,0.1895434707,-0.0990786776,-0.0231915135
15:25:02:29.718,61,0.0000000000,0.0000000000,0.3224869668,0.0000000000,0.2135550380,0.4174622893,0.1753943115,0.0000000000,0.0000000000,0.0000000000,0.2287713587,0.2166390866,0.4173251688,0.1766938120,0.0415894426,0.0000000000,0.0263532959,0.1662752926,0.0889385939,0.3676244915,0.0691471770,0.0168332718,0.0000000000,0.0044417037,0.0000000000,0.0000000000,0.0015169771,0.0160435643,0.0066990247,0.1022255644,0.0994483978,0.0000000000,0.0320429318,0.0000000000,0.0000000000,0.0059823832,0.0018354261,0.3468356431,0.2944788039,0.0360732153,0.0283212811,0.1781141609,0.1675201356,0.0045354906,0.0000000000,0.0000000000,0.0000000000,0.1840048432,0.1393743157,0.0801037177,0.0939456597,0.0000000000,0.2091169655,0.1920712888,0.0928394049,0.1862116456,-0.0933602378,-0.0148369158,0.1873787194,-0.0934072956,-0.0217439290
15:25:02:30.719,61,0.0000000000,0.0000000000,0.3183698654,0.0000000000,0.2062986791,0.4140514135,0.1630660444,0.0000000000,0.0000000000,0.0000000000,0.2249014229,0.2092431635,0.4138453901,0.1642554253,0.0429087281,0.0000000000,0.0264833681,0.1926188767,0.0823779404,0.3806188703,0.0620858520,0.0121203922,0.0000000000,0.0085032256,0.0000000000,0.0000000000,0.0000000000,0.0164441504,0.0073172231,0.1049066782,0.1008498371,0.0000000000,0.0313491970,0.0000000000,0.0000000000,0.0042507253,0.0000000000,0.3720246553,0.3253135085,0.0401611403,0.0332766883,0.1469939500,0.1392292827,0.0084150843,0.0000000000,0.0000000000,0.0000000000,0.1846167147,0.1401361674,0.0721845701,0.0922350362,0.0000000000,0.2094087452,0.1916274130,0.0928439945,0.1839041412,-0.0901435539,-0.0141571127,0.1850514561,-0.0901902467,-0.0208261535
15:25:02:31.721,61,0.0000000000,0.0000000000,0.3168203235,0.0000000000,0.2044458091,0.4095980525,0.1574669331,0.0000000000,0.0000000000,0.0000000000,0.2235748321,0.2073473632,0.4094225168,0.1586062908,0.0495533012,0.0000000000,0.0240835361,0.2467630059,0.0760117695,0.3741019666,0.0580976307,0.0106266448,0.0000000000,0.0139506999,0.0000000000,0.0000000000,0.0000000000,0.0183346979,0.0099214911,0.1087238491,0.1013195664,0.0000000000,0.0309444945,0.0000000000,0.0000000000,0.0028160692,0.0000000000,0.4318738878,0.3836590350,0.0450914167,0.0387220979,0.1181942746,0.1103752404,0.0106378058,0.0000000000,0.0000000000,0.0000000000,0.1795567125,0.1382562816,0.0613779426,0.0853789449,0.0000000000,0.2077351809,0.1933400482,0.0928039178,0.1831087768,-0.0893166587,-0.0139648439,0.1841667742,-0.0893632025,-0.0205647536
15:25:02:32.722,61,0.0000000000,0.0000000000,0.3170973063,0.0000000000,0.2055329233,0.4049765468,0.1550404131,0.0000000000,0.0000000000,0.0000000000,0.2239944041,0.2084486037,0.4048528969,0.1562112868,0.0604577661,0.0000000000,0.0109298993,0.2906010747,0.0714536682,0.3613429368,0.0549711026,0.0139543628,0.0000000000,0.0148003381,0.0000000000,0.0000000000,0.0000000000,0.0223907679,0.0134415673,0.1161596775,0.1013142094,0.0000000000,0.0308286157,0.0000000000,0.0000000000,0.0014475028,0.0000000000,0.4692569375,0.4139518738,0.0507251173,0.0434644297,0.0984193608,0.0902169943,0.0127634844,0.0000000000,0.0000000000,0.0000000000,0.1687380522,0.1316553503,0.0522216447,0.0758341551,0.0000000000,0.2065818310,0.1945106089,0.0924740508,0.1833574474,-0.0897940174,-0.0140548106,0.1843182296,-0.0898405313,-0.0206802823
15:25:02:33.724,61,0.0000000000,0.0000000000,0.3213333189,0.0000000000,0.2040321678,0.3960262239,0.1577158719,0.0000000000,0.0000000000,0.0000000000,0.2282846123,0.2069678754,0.3959665298,0.1593693644,0.0836769193,0.0000000000,0.0000000000,0.3192421198,0.0661020055,0.3585088551,0.0533616357,0.0162060577,0.0000000000,0.0000000000,0.0000000000,0.0000000000,0.0000000000,0.0241374951,0.0150144752,0.1430143416,0.1017943248,0.0000000000,0.0305471029,0.0000000000,0.0000000000,0.0005998411,0.0000000000,0.5382137895,0.4785882235,0.0738440901,0.0640581176,0.0889481157,0.0804722831,0.0139742550,0.0000000000,0.0000000000,0.0000000000,0.1566347480,0.1231543645,0.0487460308,0.0727601647,0.0000000000,0.2065974027,0.1950892806,0.0923663154,0.1859739125,-0.0891927108,-0.0142301731,0.1867952794,-0.0892390907,-0.0207942706
15:25:02:34.725,61,0.0000000000,0.0000000000,0.3236111999,0.0000000000,0.2030694187,0.3915660977,0.1630167514,0.0000000000,0.0000000000,0.0000000000,0.2304170728,0.2060168386,0.3915295303,0.1648492813,0.0946467817,0.0000000000,0.0000000000,0.3419072032,0.0633520856,0.3569191992,0.0521526709,0.0170787275,0.0000000000,0.0000000000,0.0000000000,0.0000000000,0.0000000000,0.0253261030,0.0161034334,0.1522867978,0.1054369658,0.0000000000,0.0301952008,0.0000000000,0.0000000000,0.0000000000,0.0000000000,0.5600773096,0.4993385673,0.0808219463,0.0718432441,0.0844021291,0.0759034976,0.0149196954,0.0000000000,0.0000000000,0.0000000000,0.1512328684,0.1193107963,0.0469132438,0.0712954327,0.0000000000,0.2081185281,0.1957796812,0.0914035067,0.1872757673,-0.0888013318,-0.0143032307,0.1881288290,-0.0888477564,-0.0208398551
15:25:02:35.727,61,0.0000000000,0.0000000000,0.3249910772,0.0000000000,0.2027870566,0.3892020881,0.1722839028,0.0000000000,0.0000000000,0.0000000000,0.2316716611,0.2057461441,0.3891732693,0.1740727425,0.1005359218,0.0000000000,0.0000000000,0.3511311710,0.0604217798,0.3557663858,0.0502364412,0.0174720660,0.0000000000,0.0000000000,0.0000000000,0.0000000000,0.0000000000,0.0261579957,0.0168646052,0.1569761634,0.1082214192,0.0000000000,0.0297427773,0.0000000000,0.0000000000,0.0000000000,0.0000000000,0.5716546774,0.5120713115,0.0847443119,0.0767299905,0.0825558677,0.0742837936,0.0154969031,0.0000000000,0.0000000000,0.0000000000,0.1482456326,0.1169413924,0.0460380577,0.0707363561,0.0000000000,0.2098041475,0.1953636855,0.0902941301,0.1880400181,-0.0886954516,-0.0143631874,0.1889339238,-0.0887419134,-0.0208949894
15:25:02:36.729,61,0.0000000000,0.0000000000,0.3252604008,0.0000000000,0.2021558136,0.3877010047,0.1784548759,0.0000000000,0.0000000000,0.0000000000,0.2318831682,0.2051101476,0.3876714110,0.1801568568,0.1034504548,0.0000000000,0.0000000000,0.3528345525,0.0558352806,0.3550494611,0.0477803610,0.0175118446,0.0000000000,0.0000000000,0.0000000000,0.0000000000,0.0000000000,0.0267501678,0.0174382199,0.1587901711,0.1093870923,0.0000000000,0.0292740278,0.0000000000,0.0000000000,0.0000000000,0.0000000000,0.5774934292,0.5185188055,0.0870862529,0.0798195899,0.0834310204,0.0758702457,0.0157564133,0.0000000000,0.0000000000,0.0000000000,0.1464809775,0.1154603958,0.0456801429,0.0706416368,0.0000000000,0.2116887122,0.1937691718,0.0896177143,0.1881723702,-0.0884234011,-0.0143375630,0.1890963018,-0.0884698704,-0.0208519828
15:25:02:37.731,61,0.0000000000,0.0000000000,0.3251683712,0.0000000000,0.2012475580,0.3862561882,0.1818442196,0.0000000000,0.0000000000,0.0000000000,0.2317938954,0.2041889280,0.3862058520,0.1834526807,0.1044091955,0.0000000000,0.0000000000,0.3238530457,0.0510054007,0.3503008187,0.0440689661,0.0171749126,0.0000000000,0.0000000000,0.0000000000,0.0000000000,0.0000000000,0.0272011701,0.0179548506,0.1437553167,0.1094235405,0.0000000000,0.0289308783,0.0000000000,0.0000000000,0.0000000000,0.0000000000,0.5706459284,0.5209431052,0.0879369676,0.0811334401,0.0866732895,0.0800739676,0.0159860086,0.0000000000,0.0000000000,0.0000000000,0.1449116170,0.1139868051,0.0452428609,0.0703593120,0.0000000000,0.2128788233,0.1917205602,0.0892537832,0.1881235242,-0.0880259573,-0.0142764356,0.1890509427,-0.0880724043,-0.0207618587
15:25:02:38.732,61,0.0000000000,0.0000000000,0.3249767423,0.0000000000,0.2012555152,0.3817121685,0.1833816618,0.0000000000,0.0000000000,0.0000000000,0.2316221893,0.2041948438,0.3816260993,0.1849391758,0.1001216173,0.0000000000,0.0007615108,0.3122779727,0.0488121659,0.3407773077,0.0411113761,0.0166773312,0.0000000000,0.0058339336,0.0027093412,0.0000000000,0.0000000000,0.0277477875,0.0185887329,0.1382234246,0.1090440378,0.0000000000,0.0286963601,0.0000000000,0.0000000000,0.0000000000,0.0000000000,0.5456979871,0.5045465827,0.0864138380,0.0811023489,0.0876825005,0.0814304277,0.0159985572,0.0000000000,0.0000000000,0.0000000000,0.1437873542,0.1129161492,0.0447645597,0.0699614212,0.0000000000,0.2134110183,0.1893405020,0.0891876295,0.1880190969,-0.0880270377,-0.0142664276,0.1889393926,-0.0880734697,-0.0207513757
15:25:02:39.733,61,0.0000000000,0.0000000000,0.3245998025,0.0000000000,0.2021427751,0.3760543466,0.1830718815,0.0000000000,0.0000000000,0.0000000000,0.2313249558,0.2050888240,0.3759668469,0.1844679564,0.0907893330,0.0000000000,0.0021159993,0.2673222721,0.0473305620,0.3286760151,0.0393929034,0.0158193111,0.0000000000,0.0237484165,0.0257563200,0.0000000000,0.0000000000,0.0282961000,0.0193064101,0.1304650754,0.1059561223,0.0000000000,0.0285539590,0.0000000000,0.0000000000,0.0000000000,0.0000000000,0.5031834841,0.4633117318,0.0814573392,0.0781218261,0.0882940069,0.0822561234,0.0159310196,0.0000000000,0.0000000000,0.0000000000,0.1428612918,0.1120318025,0.0442299172,0.0694980621,0.0000000000,0.2140111029,0.1878566742,0.0883711651,0.1878331006,-0.0884094462,-0.0143024437,0.1887121797,-0.0884558707,-0.0208119228
15:25:02:40.734,61,0.0000000000,0.0000000000,0.3233963549,0.0000000000,0.2016060203,0.3674975038,0.1771607399,0.0000000000,0.0000000000,0.0000000000,0.2302231640,0.2045317739,0.3674367368,0.1781248301,0.0804545954,0.0000000000,0.0033770450,0.2049651593,0.0412145220,0.3761042356,0.0382344238,0.0126127694,0.0000000000,0.0295638740,0.0341708772,0.0000000000,0.0000000000,0.0283415765,0.0196627304,0.1201277971,0.1000820622,0.0000000000,0.0282005053,0.0000000000,0.0000000000,0.0000000000,0.0000000000,0.4904718399,0.4519473910,0.0799845979,0.0773719475,0.0891792029,0.0834010988,0.0155795719,0.0000000000,0.0000000000,0.0000000000,0.1402229965,0.1105916873,0.0440324619,0.0694964975,0.0000000000,0.2137359977,0.1873350888,0.0880690813,0.1871666312,-0.0881602839,-0.0142022325,0.1880169958,-0.0882066563,-0.0206913594
15:25:02:41.737,61,0.0000000000,0.0000000000,0.3228561580,0.0000000000,0.1997768730,0.3595284224,0.1690777391,0.0000000000,0.0000000000,0.0000000000,0.2297291011,0.2026726305,0.3594922125,0.1697540134,0.0747128949,0.0000000000,0.0031451155,0.1780247539,0.0306814611,0.4488163590,0.0372290574,0.0112722376,0.0000000000,0.0323908143,0.0405851267,0.0000000000,0.0000000000,0.0280494560,0.0196866225,0.1162181124,0.0942274630,0.0000000000,0.0276258253,0.0000000000,0.0000000000,0.0000000000,0.0000000000,0.5157309175,0.4787500799,0.0829095393,0.0809159949,0.0984420776,0.0925734118,0.0135960365,0.0000000000,0.0000000000,0.0000000000,0.1348163635,0.1083164886,0.0444852822,0.0720459297,0.0000000000,0.2117619812,0.1880668700,0.0878899023,0.1868770719,-0.0873556882,-0.0140609397,0.1877190173,-0.0874020159,-0.0204901639
15:25:02:42.739,61,0.0000000000,0.0000000000,0.3235937953,0.0000000000,0.1981745660,0.3556820750,0.1658604443,0.0000000000,0.0000000000,0.0000000000,0.2305079550,0.2010554373,0.3556567430,0.1664532572,0.0720337480,0.0000000000,0.0000000000,0.1643404216,0.0207947064,0.5321218967,0.0358336307,0.0104747703,0.0000000000,0.0225170422,0.0426768810,0.0000000000,0.0000000000,0.0274848826,0.0194050428,0.1142999977,0.0905873999,0.0000000000,0.0264658369,0.0000000000,0.0000000000,0.0000000000,0.0000000000,0.5600968003,0.5177131891,0.1201660410,0.1151922867,0.1067928448,0.1003347039,0.0085028503,0.0000000000,0.0000000000,0.0000000000,0.1301648319,0.1063456312,0.0493835323,0.0815026462,0.0000000000,0.2084426582,0.1897434592,0.0880495608,0.1873599589,-0.0866658986,-0.0140103530,0.1881622970,-0.0867120996,-0.0203842502
15:25:02:43.740,61,0.0000000000,0.0000000000,0.3237221539,0.0000000000,0.1952776611,0.3534290791,0.1627320051,0.0000000000,0.0000000000,0.0000000000,0.2306335419,0.1981216371,0.3534077108,0.1633070111,0.0706497356,0.0000000000,0.0000000000,0.1564536989,0.0134197595,0.5592617989,0.0320811011,0.0100161377,0.0000000000,0.0173608493,0.0430551767,0.0000000000,0.0000000000,0.0267151259,0.0189647675,0.1133752987,0.0884525701,0.0000000000,0.0249677375,0.0000000000,0.0000000000,0.0000000000,0.0000000000,0.5788993239,0.5387837291,0.1320477724,0.1271650046,0.1185245588,0.1115432307,0.0044002612,0.0000000000,0.0000000000,0.0000000000,0.1278013140,0.1050785258,0.0534579642,0.0871663094,0.0000000000,0.2049944550,0.1914859265,0.0891002938,0.1874531806,-0.0854037404,-0.0138412500,0.1882622689,-0.0854498371,-0.0201224908
15:25:02:44.742,61,0.0000000000,0.0000000000,0.3248193860,0.0000000000,0.1938340962,0.3525983095,0.1616731733,0.0000000000,0.0000000000,0.0000000000,0.2317063361,0.1966694593,0.3525758684,0.1622441411,0.0703420639,0.0000000000,0.0000000000,0.1524147689,0.0080846529,0.5514498949,0.0261944663,0.0097725503,0.0000000000,0.0097448956,0.0384601839,0.0000000000,0.0000000000,0.0259728506,0.0184511654,0.1133419424,0.0872731358,0.0000000000,0.0232967027,0.0000000000,0.0000000000,0.0000000000,0.0000000000,0.6008172631,0.5619966984,0.1419049501,0.1373810172,0.1248043552,0.1175472811,0.0021979036,0.0000000000,0.0000000000,0.0000000000,0.1262927502,0.1040882394,0.0558885261,0.0899651572,0.0000000000,0.2022127807,0.1933596283,0.0892847776,0.1881138086,-0.0847872347,-0.0138164507,0.1889132112,-0.0848333091,-0.0200504903
15:25:02:45.743,61,0.0000000000,0.0000000000,0.3271044195,0.0000000000,0.1925760657,0.3541786373,0.1612770557,0.0000000000,0.0000000000,0.0000000000,0.2339574546,0.1954159588,0.3541470170,0.1618670523,0.0714853629,0.0034399119,0.0000000000,0.1504737288,0.0047786823,0.5210074782,0.0210029148,0.0097451899,0.0000000000,0.0068854345,0.0370227918,0.0000000000,0.0000000000,0.0253716335,0.0179982353,0.1181137785,0.0867453367,0.0000000000,0.0218064506,0.0000000000,0.0000000000,0.0000000000,0.0000000000,0.6117058396,0.5720177889,0.1473995447,0.1428881735,0.1290557235,0.1214181706,0.0008177683,0.0000000000,0.0000000000,0.0000000000,0.1256532818,0.1037070826,0.0587443486,0.0929479524,0.0000000000,0.2010060549,0.1948201507,0.0894874781,0.1894899309,-0.0842659175,-0.0138713149,0.1902537197,-0.0843119621,-0.0200619418
15:25:02:46.745,61,0.0000000000,0.0000000000,0.3286865354,0.0000000000,0.1911051571,0.3552750945,0.1609432846,0.0000000000,0.0000000000,0.0000000000,0.2354898006,0.1939405501,0.3552367687,0.1615577191,0.0726778433,0.0080355331,0.0000000000,0.1495928913,0.0028712533,0.5131099224,0.0179076698,0.0097718248,0.0000000000,0.0054827840,0.0363171436,0.0000000000,0.0000000000,0.0248660482,0.0176043585,0.1224412769,0.0866457745,0.0000000000,0.0206972603,0.0000000000,0.0000000000,0.0000044481,0.0000000000,0.6169676185,0.5770822763,0.1502496600,0.1457592398,0.1319735646,0.1240767464,0.0000000000,0.0000000000,0.0000000000,0.0000000000,0.1253772378,0.1035245806,0.0606789142,0.0949929729,0.0000000000,0.2007765323,0.1955012083,0.0895766318,0.1904302835,-0.0836430192,-0.0138695799,0.1911870986,-0.0836890340,-0.0200125147
15:25:02:47.746,61,0.0000000000,0.0000000000,0.3297853172,0.0000000000,0.1892048120,0.3555034101,0.1606254131,0.0000000000,0.0000000000,0.0000000000,0.2365505248,0.1920251846,0.3554612398,0.1612718254,0.0735318214,0.0106655471,0.0000000000,0.1493501216,0.0016226392,0.5091307163,0.0161901508,0.0097560408,0.0000000000,0.0061313803,0.0370447896,0.0000000000,0.0000000000,0.0244519524,0.0172978658,0.1242762953,0.0865604430,0.0000000000,0.0198693480,0.0000000000,0.0000000000,0.0005508295,0.0000000000,0.6196573377,0.5796806812,0.1517626345,0.1473174840,0.1333627254,0.1253445148,0.0000000000,0.0000000000,0.0000000000,0.0000000000,0.1251832843,0.1033454016,0.0617976598,0.0961390883,0.0000000000,0.2007285058,0.1959380060,0.0892676860,0.1910863817,-0.0828266665,-0.0138124675,0.1918429285,-0.0828726143,-0.0198944267
15:25:02:48.747,61,0.0000000000,0.0000000000,0.3289179206,0.0000000000,0.1889458895,0.3550542891,0.1629246473,0.0000000000,0.0000000000,0.0000000000,0.2357164025,0.1917544603,0.3550043106,0.1636783183,0.0745032728,0.0124256602,0.0000000000,0.1495521963,0.0007283255,0.5074260831,0.0150376102,0.0096381810,0.0000000000,0.0072412030,0.0395069569,0.0000000000,0.0000000000,0.0241125152,0.0170585401,0.1254260391,0.0864966959,0.0000000000,0.0192215610,0.0000000000,0.0000000000,0.0011239467,0.0000000000,0.6210664511,0.5811101198,0.1526098847,0.1482596248,0.1338357180,0.1257781982,0.0000000000,0.0000000000,0.0000000000,0.0000000000,0.1247736663,0.1030311957,0.0623697080,0.0966844410,0.0000000000,0.2002379447,0.1959759295,0.0887760073,0.1905805469,-0.0827032104,-0.0137480991,0.1913403273,-0.0827491507,-0.0198218618
15:25:02:49.750,61,0.0000000000,0.0000000000,0.3280613422,0.0000000000,0.1921632588,0.3547050059,0.1647590995,0.0000000000,0.0000000000,0.0000000000,0.2349809557,0.1950051337,0.3546504974,0.1655819267,0.0754246116,0.0133442646,0.0000000000,0.1499043852,0.0000567173,0.5203529596,0.0143781295,0.0094311330,0.0000000000,0.0077105737,0.0403474011,0.0000000000,0.0000000000,0.0237644222,0.0168126430,0.1261410415,0.0865847841,0.0000000000,0.0186888073,0.0000000000,0.0000000000,0.0018660153,0.0000000000,0.6213145256,0.5814381838,0.1533937752,0.1491193026,0.1317591816,0.1238206476,0.0000000000,0.0000000000,0.0000000000,0.0000000000,0.1245208979,0.1028136984,0.0627247244,0.0970487669,0.0000000000,0.1987514943,0.1959099174,0.0878289491,0.1901147366,-0.0840973780,-0.0139055401,0.1908141524,-0.0841433704,-0.0200770441
15:25:02:50.751,61,0.0000000000,0.0000000000,0.3258515894,0.0000000000,0.1946196258,0.3522389531,0.1657099426,0.0000000000,0.0000000000,0.0000000000,0.2329113334,0.1974716336,0.3521824181,0.1665600836,0.0757720843,0.0095762229,0.0000000000,0.1504691690,0.0000000000,0.5926264524,0.0143928640,0.0090905922,0.0000000000,0.0078785429,0.0407061912,0.0000000000,0.0000000000,0.0234384425,0.0166199300,0.1265499592,0.0869528130,0.0000000000,0.0183231663,0.0000000000,0.0000000000,0.0033430285,0.0000000000,0.6080564857,0.5721379519,0.1538549364,0.1496971399,0.1256795377,0.1181016639,0.0000000000,0.0000000000,0.0000000000,0.0000000000,0.1246198714,0.1028107256,0.0630645677,0.0974968895,0.0000000000,0.1967694759,0.1975299120,0.0863968283,0.1888419986,-0.0851426125,-0.0139355650,0.1895069927,-0.0851886123,-0.0201823935
15:25:02:51.752,61,0.0000000000,0.0000000000,0.3233115077,0.0000000000,0.1932648122,0.3355271816,0.1631768793,0.0000000000,0.0000000000,0.0000000000,0.2302111685,0.1961110681,0.3354743719,0.1639822423,0.0757144913,0.0000000000,0.0000000000,0.1537214667,0.0000000000,0.6118292212,0.0145133184,0.0085846772,0.0000000000,0.0160525851,0.0456302166,0.0000000000,0.0000000000,0.0232284032,0.0165632535,0.1268963069,0.0886479169,0.0000000000,0.0180505309,0.0000000000,0.0000000000,0.0041464739,0.0000000000,0.5941775441,0.5602588654,0.1538267583,0.1497635692,0.1080743000,0.1012558416,0.0000000000,0.0000000000,0.0000000000,0.0000000000,0.1250127852,0.1028886512,0.0631874576,0.0977746323,0.0000000000,0.1944645196,0.1990811527,0.0848114789,0.1872076988,-0.0845345855,-0.0136956340,0.1880407631,-0.0845667496,-0.0199122522
15:25:02:52.754,61,0.0000000000,0.0000000000,0.3208206594,0.0000000000,0.1904257238,0.3289237320,0.1566227376,0.0000000000,0.0000000000,0.0000000000,0.2277278602,0.1932122260,0.3288628161,0.1573237628,0.0756309256,0.0000000000,0.0000000000,0.1618408859,0.0003066454,0.5543969870,0.0146245407,0.0078816544,0.0000000000,0.0326659307,0.0548715219,0.0000000000,0.0000000000,0.0231790096,0.0166742317,0.1269868612,0.0904892534,0.0000000000,0.0178980920,0.0000000000,0.0000000000,0.0045454381,0.0000000000,0.5827109218,0.5499770045,0.1500249654,0.1466247290,0.1000385731,0.0935924798,0.0000000000,0.0000000000,0.0000000000,0.0000000000,0.1265073717,0.1031793877,0.0631494150,0.0978004038,0.0000000000,0.1930541843,0.2000852525,0.0836625099,0.1857135594,-0.0832666829,-0.0133788353,0.1866154820,-0.0832987428,-0.0195099078
15:25:02:53.756,61,0.0000000000,0.0000000000,0.3195468783,0.0000000000,0.1873762608,0.3256735206,0.1530466229,0.0000000000,0.0000000000,0.0000000000,0.2264074832,0.1901124269,0.3256069422,0.1536711454,0.0755943134,0.0000000000,0.0060427599,0.1697920561,0.0012247493,0.4875231087,0.0147072729,0.0066164713,0.0000000000,0.0539191142,0.0723713264,0.0000000000,0.0000000000,0.0233035274,0.0169810783,0.1263447553,0.0914305300,0.0000000000,0.0178647041,0.0000000000,0.0000000000,0.0045967149,0.0000000000,0.5674840212,0.5379100442,0.1353089064,0.1340357810,0.0962567180,0.0899930298,0.0000000000,0.0000000000,0.0000000000,0.0000000000,0.1306678355,0.1037582606,0.0628803298,0.0974842533,0.0000000000,0.1926794648,0.2005186677,0.0824282244,0.1849273145,-0.0819220319,-0.0131198615,0.1858996153,-0.0819540173,-0.0191588253
15:25:02:54.757,61,0.0000000000,0.0000000000,0.3179250360,0.0000000000,0.1826573163,0.3239875436,0.1467067003,0.0000000000,0.0000000000,0.0000000000,0.2246891111,0.1853196770,0.3239151835,0.1472116262,0.0753020421,0.0000000000,0.0175305214,0.1723297387,0.0021005610,0.4433408678,0.0147422915,0.0053439159,0.0000000000,0.0677984208,0.0826441497,0.0000000000,0.0000000000,0.0234959070,0.0173877049,0.1174000502,0.0916243792,0.0000000000,0.0178918894,0.0000000000,0.0000000000,0.0044369204,0.0000000000,0.5344702005,0.5083436966,0.1227455139,0.1218144000,0.0945815444,0.0884499401,0.0000000000,0.0000000000,0.0000000000,0.0000000000,0.1376078874,0.1060888991,0.0624885447,0.0969530046,0.0000000000,0.1930077672,0.1980603039,0.0816485807,0.1839074194,-0.0798460990,-0.0127415657,0.1849941462,-0.0798779726,-0.0186382290
15:25:02:55.759,61,0.0000000000,0.0000000000,0.3158929050,0.0000000000,0.1758475304,0.3229436278,0.1327471882,0.0000000000,0.0000000000,0.0000000000,0.2225361764,0.1784064472,0.3228662908,0.1331280619,0.0747547150,0.0000000000,0.0271609388,0.1732466072,0.0028821281,0.4164384604,0.0147290435,0.0044411835,0.0000000000,0.0775390863,0.0888345391,0.0000000000,0.0000000000,0.0237160251,0.0178446863,0.1083381101,0.0913012177,0.0000000000,0.0179311763,0.0000000000,0.0000000000,0.0041154046,0.0000000000,0.5189179778,0.4920551777,0.1163125709,0.1151411831,0.0939027891,0.0878883824,0.0002209689,0.0000000000,0.0000000000,0.0000000000,0.1437791139,0.1089101806,0.0620741099,0.0963164270,0.0000000000,0.1934936047,0.1953210533,0.0810295045,0.1826328039,-0.0768552423,-0.0122209303,0.1838648170,-0.0768869519,-0.0179098640
15:25:02:56.761,61,0.0000000000,0.0000000000,0.3134738207,0.0000000000,0.1677808762,0.3219910860,0.1203458160,0.0000000000,0.0000000000,0.0000000000,0.2200687230,0.1702168733,0.3219089806,0.1206418574,0.0736208409,0.0000000000,0.0336149186,0.1728396416,0.0035903750,0.3979065120,0.0147081977,0.0036756739,0.0000000000,0.0846086144,0.0931520984,0.0000000000,0.0000000000,0.0239399951,0.0183138642,0.1010776460,0.0900073722,0.0000000000,0.0179625191,0.0000000000,0.0000000000,0.0037220058,0.0000000000,0.5066916347,0.4791662991,0.1129668728,0.1115581766,0.0938298032,0.0879349783,0.0006973874,0.0000000000,0.0000000000,0.0000000000,0.1471263915,0.1107669696,0.0617466159,0.0957321748,0.0000000000,0.1935839504,0.1932283342,0.0803124905,0.1811709404,-0.0733143017,-0.0116185248,0.1825170666,-0.0733457878,-0.0170556288
15:25:02:57.762,61,0.0000000000,0.0000000000,0.3103958964,0.0000000000,0.1612922847,0.3216542304,0.1082477942,0.0000000000,0.0000000000,0.0000000000,0.2170291990,0.1636205018,0.3215680718,0.1084920317,0.0719961897,0.0000000000,0.0370292589,0.1680914313,0.0041322601,0.3680268526,0.0145747950,0.0030827988,0.0000000000,0.0916960761,0.0973000079,0.0000000000,0.0000000000,0.0241830647,0.0187990591,0.0950713605,0.0868219212,0.0000000000,0.0180044007,0.0000000000,0.0000000000,0.0033199829,0.0000000000,0.4960409403,0.4680073559,0.1108831465,0.1090609580,0.0939623863,0.0881909132,0.0010636994,0.0000000000,0.0000000000,0.0000000000,0.1494462937,0.1123383343,0.0614652634,0.0951405838,0.0000000000,0.1929121017,0.1916917264,0.0793940052,0.1793510616,-0.0704565123,-0.0110889245,0.1807709634,-0.0704877526,-0.0163213760
15:25:02:58.764,61,0.0000000000,0.0000000000,0.3050443530,0.0000000000,0.1475647390,0.3225170672,0.0858538449,0.0000000000,0.0000000000,0.0000000000,0.2117087692,0.1496793330,0.3224266469,0.0860405564,0.0679642111,0.0000000000,0.0396087393,0.1546646357,0.0046846699,0.3388048708,0.0145198405,0.0026536339,0.0000000000,0.1001209170,0.1024737656,0.0000000000,0.0000000000,0.0243190192,0.0191814061,0.0876509622,0.0806070343,0.0000000000,0.0180353168,0.0000000000,0.0000000000,0.0029007797,0.0000000000,0.4684474766,0.4391491711,0.1064911038,0.1038207039,0.0955237895,0.0902955085,0.0013235224,0.0000000000,0.0000000000,0.0000000000,0.1527526528,0.1145732850,0.0613850914,0.0946968719,0.0000000000,0.1919924915,0.1913157552,0.0782376751,0.1761707067,-0.0644285083,-0.0100549506,0.1777451783,-0.0644592792,-0.0148535026
15:25:02:59.765,61,0.0000000000,0.0000000000,0.3001094759,0.0000000000,0.1092778370,0.3215279579,0.0502944514,0.0000000000,0.0000000000,0.0000000000,0.2065869123,0.1108868867,0.3214300871,0.0504391901,0.0620116107,0.0000000000,0.0415365063,0.1374003142,0.0049928403,0.3204282224,0.0144657549,0.0023751634,0.0000000000,0.1085992157,0.1082850546,0.0000000000,0.0000000000,0.0242710561,0.0193973836,0.0784215778,0.0723135397,0.0000000000,0.0178924035,0.0000000000,0.0000000000,0.0024432805,0.0000000000,0.4554797709,0.4255658984,0.1046524867,0.1016616449,0.1016552374,0.0971840024,0.0016709418,0.0000000000,0.0000000000,0.0000000000,0.1548687965,0.1157670394,0.0614628568,0.0943641812,0.0000000000,0.1909869611,0.1913309544,0.0772529840,0.1731879413,-0.0477268733,-0.0077267364,0.1750847548,-0.0477563813,-0.0113028195
15:25:03:00.767,61,0.0003896273,0.0000000000,0.2870106399,0.0000000000,0.0387545265,0.3137001991,0.0000000000,0.0003888398,0.0000000000,0.0000000000,0.1933408082,0.0394553207,0.3135474622,0.0000000000,0.0535750091,0.0000000000,0.0429985486,0.1216763407,0.0052692206,0.2750246823,0.0144176297,0.0020751341,0.0000000000,0.1194374412,0.1163216680,0.0000000000,0.0000000000,0.0240622908,0.0194642618,0.0723495483,0.0673644990,0.0000000000,0.0175533500,0.0000000000,0.0000000000,0.0019056847,0.0000000000,0.4072379172,0.3797372282,0.1026879251,0.0992139354,0.1038885787,0.0999016836,0.0033726101,0.0000000000,0.0000000000,0.0000000000,0.1573466659,0.1167725474,0.0618139170,0.0942524523,0.0000000000,0.1900452673,0.1917108297,0.0769372657,0.1652615666,-0.0169996880,-0.0036464042,0.1676868349,-0.0170267317,-0.0049467781
15:25:03:01.768,61,0.1157432869,0.0297964420,0.2745896876,0.0000000000,0.0000000000,0.3081585467,0.0000000000,0.1154645532,0.0302152205,0.0000000000,0.1803784370,0.0000000000,0.3079104424,0.0000000000,0.0447228886,0.0000000000,0.0441075601,0.1026694104,0.0056201317,0.2489046603,0.0141819064,0.0019086599,0.0000000000,0.1498196721,0.1282571703,0.0000000000,0.0000000000,0.0237086583,0.0193629395,0.0673232302,0.0635733083,0.0000000000,0.0170858130,0.0000000000,0.0000000000,0.0015267982,0.0000000000,0.3652343154,0.3361603916,0.1006190851,0.0958042517,0.1089515090,0.1047773957,0.0104478849,0.0000000000,0.0000000000,0.0000000000,0.1806535125,0.1253782064,0.0694296956,0.0949908495,0.0000000000,0.1879304349,0.1916988343,0.0776637793,0.1573669910,0.0285309888,0.0015719320,0.1604646444,0.0285077449,0.0037046000
15:25:03:02.769,61,0.1940908134,0.0951030552,0.2552763820,0.0000000000,0.0000000000,0.3057324290,0.0000000000,0.1939208508,0.0961879417,0.0000000000,0.1610051394,0.0000000000,0.3054546118,0.0000000000,0.0392619967,0.0000000000,0.0450499877,0.0925759673,0.0061570471,0.2318181545,0.0139710596,0.0017728466,0.0000000000,0.1654466689,0.1403848082,0.0000000000,0.0000000000,0.0231863838,0.0190747716,0.0619034655,0.0601476133,0.0000000000,0.0165791251,0.0000000000,0.0000000000,0.0013684125,0.0000000000,0.3458349407,0.3172302842,0.0988821015,0.0930814967,0.1220036075,0.1178959981,0.0164920669,0.0000000000,0.0000000000,0.0000000000,0.1951404363,0.1408814937,0.0861740634,0.1038460881,0.0000000000,0.1840846539,0.1913442016,0.0783571973,0.1453810632,0.0690035149,0.0053242985,0.1489082873,0.0689839423,0.0105637647
15:25:03:03.772,61,0.3593420386,0.2075324208,0.2272509038,0.0000000000,0.0000000000,0.3118808270,0.0000000000,0.3543599248,0.2095216662,0.0000000000,0.1341452301,0.0000000000,0.3113507926,0.0000000000,0.0357548185,0.0000000000,0.0453333445,0.0834705755,0.0113103753,0.1961992681,0.0139396694,0.0015293675,0.0000000000,0.1720239073,0.1447508633,0.0000000000,0.0000000000,0.0219174512,0.0185263511,0.0515555181,0.0521181896,0.0000000000,0.0160575733,0.0000000000,0.0000000000,0.0014001410,0.0000000000,0.3074871898,0.2868643999,0.0942851976,0.0883533955,0.1445600986,0.1361060888,0.0196839608,0.0000000000,0.0000000000,0.0000000000,0.2050878555,0.1466544271,0.1121438593,0.1180847734,0.0000000000,0.1779916734,0.1898444146,0.0781515688,0.1284718215,0.1383766979,0.0100125493,0.1315385401,0.1383640915,0.0205610078
15:25:03:04.772,61,0.8021893501,0.2930240631,0.1822340488,0.0000000000,0.0000000000,0.3125871122,0.0000000000,0.7987235188,0.2951588631,0.0000000000,0.0927428529,0.0000000000,0.3120486736,0.0000000000,0.0337985978,0.0000000000,0.0389420986,0.0756988227,0.0134126665,0.1620979011,0.0142881246,0.0005468473,0.0000000000,0.1775821447,0.1675915867,0.0000000000,0.0000000000,0.0192949232,0.0176017266,0.0471432358,0.0480714254,0.0000000000,0.0150820492,0.0000000000,0.0000000000,0.0015694476,0.0000000000,0.2909864783,0.2763843834,0.0915319622,0.0862526521,0.1506666094,0.1413490921,0.0306784809,0.0000000000,0.0000000000,0.0000000000,0.2094739825,0.1591814011,0.1202578098,0.1228899509,0.0000000000,0.1710955650,0.1868004799,0.0779824033,0.1029329449,0.1905467361,0.0097000254,0.1043795645,0.1905399561,0.0240593404
15:25:03:05.775,61,0.9304298759,0.1793420017,0.1755765826,0.0000000000,0.0000000000,0.2668831646,0.0000000000,0.9276997447,0.1806249917,0.0000000000,0.0891150981,0.0000000000,0.2666402161,0.0000000000,0.0322378762,0.0000000000,0.0341206193,0.0691207573,0.0146566881,0.1408991218,0.0146138370,0.0000000000,0.0000000000,0.1875576377,0.1821693331,0.0000000000,0.0000000000,0.0169005711,0.0166986454,0.0436156392,0.0432316810,0.0000000000,0.0133212730,0.0000000000,0.0000000000,0.0015908235,0.0000000000,0.2775990963,0.2689637244,0.0900534615,0.0848804042,0.1463434845,0.1401587725,0.0500172079,0.0000000000,0.0000000000,0.0000000000,0.2120375931,0.1778393537,0.1247141287,0.1329098493,0.0000000000,0.1650527865,0.1832589507,0.0764319673,0.1013048589,0.1204608753,0.0055301683,0.1018462628,0.1204479858,0.0144451652
15:25:03:06.776,61,0.9421048164,0.1749032885,0.1781799644,0.0000000000,0.0000000000,0.2294361591,0.0000000000,0.9417397380,0.1761786044,0.0000000000,0.0913454592,0.0000000000,0.2294145226,0.0000000000,0.0308708940,0.0000000000,0.0308785215,0.0636283830,0.0156792905,0.1204386652,0.0146578671,0.0000000000,0.0000000000,0.2002567649,0.1966912746,0.0000000000,0.0000000000,0.0155964233,0.0159761719,0.0411739498,0.0393995419,0.0000000000,0.0122812269,0.0000000000,0.0000000000,0.0014941265,0.0000000000,0.2657691836,0.2605405748,0.0877253115,0.0824049935,0.1395485699,0.1354906261,0.0620632619,0.0000000000,0.0000000000,0.0000000000,0.2134824246,0.1840969771,0.1270363778,0.1366516799,0.0000000000,0.1585142612,0.1778888702,0.0742728710,0.1026755050,0.1177488267,0.0055298321,0.1033970714,0.1177355796,0.0142605631
15:25:03:07.783,61,0.9382141829,0.1832531989,0.1735765338,0.0000000000,0.0000000000,0.2152497768,0.0000000000,0.9379032254,0.1845508069,0.0000000000,0.0864547119,0.0000000000,0.2153363675,0.0000000000,0.0295331422,0.0000000000,0.0280814618,0.0553766266,0.0270579234,0.0915453434,0.0147316838,0.0000000000,0.0000000000,0.2211158872,0.2179675251,0.0000000000,0.0000000000,0.0147318868,0.0154086864,0.0388501324,0.0357550122,0.0000000000,0.0116191134,0.0000000000,0.0000000000,0.0014273622,0.0000000000,0.2192666829,0.2205632329,0.0721992776,0.0680088326,0.1320800334,0.1290878206,0.0721133724,0.0000000000,0.0000000000,0.0000000000,0.2177903950,0.1885075718,0.1285227686,0.1389247328,0.0000000000,0.1526629478,0.1729263514,0.0724109933,0.0996755213,0.1228527129,0.0054766852,0.1006504297,0.1228398234,0.0146203926
15:25:03:08.779,61,0.9304267764,0.1863039136,0.1658798307,0.0000000000,0.0000000000,0.2087533027,0.0000000000,0.9302378893,0.1875589639,0.0000000000,0.0789612830,0.0000000000,0.2088919431,0.0000000000,0.0283297561,0.0000000000,0.0255481862,0.0478252843,0.0406857468,0.0744503438,0.0147718797,0.0000000000,0.0000000000,0.2326248139,0.2290420085,0.0000000000,0.0000000000,0.0142230494,0.0150056928,0.0374403223,0.0327935629,0.0000000000,0.0112734912,0.0000000000,0.0000000000,0.0013955469,0.0000000000,0.1958386898,0.1966107041,0.0581415147,0.0546286777,0.1258041412,0.1230714694,0.0788307413,0.0000000000,0.0000000000,0.0000000000,0.2219874859,0.1908751726,0.1292825490,0.1400099546,0.0000000000,0.1456796527,0.1695493460,0.0689967275,0.0951171219,0.1246664748,0.0050485618,0.0961543918,0.1246537641,0.0143394386
15:25:03:09.780,61,0.9180532098,0.2049361020,0.1590742320,0.0000000000,0.0000000000,0.2099619210,0.0000000000,0.9178037643,0.2062486261,0.0000000000,0.0718803704,0.0000000000,0.2101769596,0.0000000000,0.0267416462,0.0000000000,0.0228162073,0.0386985689,0.0453148559,0.0658323765,0.0148479007,0.0000000000,0.0000000000,0.2377483994,0.2341200262,0.0000000000,0.0000000000,0.0138675943,0.0146510899,0.0363315865,0.0297910757,0.0000000000,0.0110276304,0.0000000000,0.0000000000,0.0014015342,0.0000000000,0.1734737456,0.1715800613,0.0505368523,0.0471896678,0.1200882420,0.1173088253,0.0816382393,0.0000000000,0.0000000000,0.0000000000,0.2230529189,0.1913578361,0.1291246861,0.1398555785,0.0000000000,0.1375615746,0.1671272665,0.0648684576,0.0907598659,0.1360713691,0.0050510094,0.0920399874,0.1360595971,0.0152360052
15:25:03:10.785,61,0.9069524407,0.2130544186,0.1593081802,0.0000000000,0.0000000000,0.2188023925,0.0000000000,0.9066554308,0.2144172788,0.0000000000,0.0720584989,0.0000000000,0.2190534770,0.0000000000,0.0257186834,0.0000000000,0.0206141192,0.0338284075,0.0477901213,0.0600906536,0.0147555796,0.0000000000,0.0000000000,0.2418466657,0.2416341901,0.0000000000,0.0000000000,0.0137044145,0.0144605841,0.0355188660,0.0281710606,0.0000000000,0.0108686499,0.0000000000,0.0000000000,0.0013517136,0.0000000000,0.1647576988,0.1623062342,0.0464008860,0.0434707254,0.1126829758,0.1096882448,0.0826167688,0.0000000000,0.0000000000,0.0000000000,0.2221816629,0.1895967871,0.1275824457,0.1392731220,0.0000000000,0.1295945942,0.1669971347,0.0591361523,0.0908396542,0.1410665959,0.0052826791,0.0920998454,0.1410552710,0.0158437472
15:25:03:11.784,61,0.8396183848,0.2605236769,0.1633519530,0.0000000000,0.0000000000,0.2389212847,0.0000000000,0.8388150930,0.2622188628,0.0000000000,0.0748141408,0.0000000000,0.2390909046,0.0000000000,0.0248892773,0.0000000000,0.0193182528,0.0302197859,0.0490251146,0.0530689172,0.0144388787,0.0000000000,0.0000000000,0.2592279911,0.2639176846,0.0000000000,0.0000000000,0.0138815455,0.0145504540,0.0348916426,0.0268647950,0.0000000000,0.0109177483,0.0000000000,0.0000000000,0.0013661747,0.0000000000,0.1598657221,0.1570364833,0.0429847352,0.0406731814,0.1084675416,0.1051213369,0.0821764544,0.0000000000,0.0000000000,0.0000000000,0.2206432521,0.1861285567,0.1267522275,0.1387470663,0.0000000000,0.1237634048,0.1670523882,0.0513741970,0.0923148096,0.1703059375,0.0068241605,0.0939313620,0.1702972353,0.0196676441
15:25:03:12.786,61,0.8203198910,0.2721580565,0.1556848586,0.0000000000,0.0000000000,0.2489849180,0.0000000000,0.8194177747,0.2738327980,0.0000000000,0.0671451092,0.0000000000,0.2491120994,0.0000000000,0.0241194721,0.0000000000,0.0181509256,0.0273099486,0.0495093390,0.0451898202,0.0143836075,0.0000000000,0.0000000000,0.2672222555,0.2722460628,0.0000000000,0.0000000000,0.0141963912,0.0147672007,0.0333042666,0.0236690007,0.0000000000,0.0111043071,0.0000000000,0.0000000000,0.0016327663,0.0000000000,0.1413454860,0.1370672584,0.0382174999,0.0366530903,0.1061871871,0.1026522219,0.0778591558,0.0000000000,0.0000000000,0.0000000000,0.2197580785,0.1846217066,0.1261576414,0.1383195519,0.0000000000,0.1177225932,0.1685647517,0.0417123623,0.0876426995,0.1773741394,0.0063628396,0.0893717557,0.1773660630,0.0197741240
15:25:03:13.786,61,0.8100501895,0.2890260518,0.1466170549,0.0000000000,0.0000000000,0.2613406777,0.0000000000,0.8090239763,0.2906823456,0.0000000000,0.0580748133,0.0000000000,0.2614298761,0.0000000000,0.0234126858,0.0000000000,0.0172271337,0.0252254177,0.0495031588,0.0404303968,0.0145903444,0.0000000000,0.0000000000,0.2758015990,0.2825652659,0.0000000000,0.0000000000,0.0146310702,0.0151164504,0.0304431971,0.0203585010,0.0000000000,0.0113452179,0.0000000000,0.0000000000,0.0027985177,0.0000000000,0.1327717751,0.1296321303,0.0353279822,0.0342577361,0.1050126180,0.1013473347,0.0736574829,0.0000000000,0.0000000000,0.0000000000,0.2197592854,0.1842252761,0.1263496876,0.1384481192,0.0000000000,0.1121129468,0.1699999869,0.0313427448,0.0821167454,0.1876381934,0.0057988833,0.0839480013,0.1876310706,0.0200279523
15:25:03:14.790,61,0.6269507408,0.3376662433,0.1496196836,0.0000000000,0.0000000000,0.2812408805,0.0000000000,0.6240291595,0.3396343589,0.0000000000,0.0588719919,0.0000000000,0.2812478542,0.0000000000,0.0228980966,0.0000000000,0.0164333787,0.0241491590,0.0494234338,0.0381874293,0.0148853231,0.0000000000,0.0000000000,0.2820142210,0.2895461321,0.0000000000,0.0000000000,0.0152636562,0.0156598650,0.0283911545,0.0181698930,0.0000000000,0.0118536009,0.0000000000,0.0000000000,0.0037452010,0.0000000000,0.1287529320,0.1256026924,0.0324262120,0.0319981799,0.1044567749,0.1007293761,0.0652363673,0.0000000000,0.0000000000,0.0000000000,0.2193085104,0.1838334799,0.1259108633,0.1379959732,0.0000000000,0.1053785384,0.1689822376,0.0221893527,0.0823902041,0.2175622284,0.0069409050,0.0850293189,0.2175576985,0.0236730948
15:25:03:15.790,61,0.5779181123,0.3451378942,0.1418676674,0.0000000000,0.0000000000,0.3011271954,0.0000000000,0.5746324062,0.3470256031,0.0000000000,0.0514781736,0.0000000000,0.3011698127,0.0000000000,0.0225191396,0.0000000000,0.0156167084,0.0234799832,0.0491955653,0.0368996970,0.0156971309,0.0000000000,0.0000000000,0.2882467806,0.2961226404,0.0000000000,0.0000000000,0.0166580584,0.0169361588,0.0267908033,0.0167699810,0.0000000000,0.0126997354,0.0000000000,0.0000000000,0.0052422639,0.0000559001,0.1258155853,0.1213160381,0.0296670180,0.0296718590,0.1043588817,0.1006422415,0.0574438497,0.0000000000,0.0000000000,0.0002408213,0.2166440040,0.1834853888,0.1228449717,0.1359407157,0.0000000000,0.0973792672,0.1683062613,0.0143070566,0.0779409781,0.2220485806,0.0061484389,0.0804919004,0.2220445275,0.0232236944
15:25:03:16.793,61,0.5092128515,0.3259339035,0.1380077153,0.0000000000,0.0000000000,0.3075889051,0.0000000000,0.5103950500,0.3276699185,0.0000000000,0.0478611663,0.0000000000,0.3076354861,0.0000000000,0.0222255345,0.0000000000,0.0148311909,0.0230156761,0.0488535240,0.0361080021,0.0170997120,0.0000000000,0.0000000000,0.3049941957,0.3162450194,0.0000000000,0.0000000000,0.0189101174,0.0188745130,0.0248370916,0.0150496224,0.0000000000,0.0140644945,0.0000000000,0.0000000000,0.0074813995,0.0030843534,0.1230127066,0.1178255156,0.0277545117,0.0281943325,0.1044979766,0.1008104458,0.0531696863,0.0000000000,0.0000000000,0.0014368490,0.2156086713,0.1836529821,0.1210147515,0.1346682161,0.0000000000,0.0883842856,0.1673616767,0.0054854034,0.0758517310,0.2102064341,0.0053446912,0.0785427988,0.2102011740,0.0215126984
15:25:03:17.793,61,0.4747719169,0.3136108518,0.1333470345,0.0000000000,0.0000000000,0.3032521605,0.0000000000,0.4740393460,0.3152213097,0.0000000000,0.0435271747,0.0000000000,0.3032945693,0.0000000000,0.0219083354,0.0000000000,0.0142316334,0.0224445965,0.0474621765,0.0354765058,0.0181539301,0.0000000000,0.0000000000,0.3224592209,0.3305608928,0.0000000000,0.0000000000,0.0219619591,0.0216663666,0.0207048692,0.0121269254,0.0000000000,0.0153031508,0.0000000000,0.0000000000,0.0107419519,0.0069709551,0.1187672615,0.1131684780,0.0265861806,0.0272114780,0.1050014570,0.1013523713,0.0507177413,0.0000000000,0.0000000000,0.0024802338,0.2150459439,0.1841323227,0.1201488227,0.1340555698,0.0000000000,0.0788264945,0.1676991433,-0.0034271106,0.0732965991,0.2025851160,0.0046195500,0.0760260671,0.2025791556,0.0201952644
15:25:03:18.796,61,0.3848351538,0.2993561029,0.1336463392,0.0000000000,0.0000000000,0.2695728242,0.0000000000,0.3841412365,0.3009051979,0.0000000000,0.0436291397,0.0000000000,0.2696073353,0.0000000000,0.0215052105,0.0000000000,0.0136856195,0.0218838323,0.0461318977,0.0351193249,0.0201254804,0.0000000000,0.0000000000,0.3296495974,0.3374994099,0.0000000000,0.0000000000,0.0245953202,0.0240459647,0.0171364583,0.0092125041,0.0005578095,0.0167685524,0.0000000000,0.0000000000,0.0123779466,0.0089724585,0.1161087826,0.1102740020,0.0256835707,0.0264213756,0.1048852876,0.1012999415,0.0495370366,0.0000000000,0.0000000000,0.0034697736,0.2123689651,0.1840924621,0.1193800718,0.1334482133,0.0000000000,0.0699695051,0.1704980582,-0.0128316516,0.0734013468,0.1938373446,0.0044024722,0.0763676912,0.1938304454,0.0193320177
15:25:03:19.798,61,0.3493323624,0.2787210345,0.1298679411,0.0000000000,0.0000000000,0.2340129167,0.0000000000,0.3488525152,0.2801268399,0.0000000000,0.0397453234,0.0000000000,0.2340396345,0.0000000000,0.0211301204,0.0000000000,0.0132052191,0.0214412380,0.0452045873,0.0348612033,0.0214704033,0.0000000000,0.0000000000,0.3333986700,0.3412969708,0.0000000000,0.0000000000,0.0282759983,0.0277364124,0.0147305168,0.0073597794,0.0019179495,0.0191896576,0.0000000000,0.0000000000,0.0134966951,0.0102644274,0.1145701781,0.1086405963,0.0247754268,0.0256422050,0.1044438928,0.1009413078,0.0490500778,0.0000000000,0.0000000000,0.0046799057,0.2056092024,0.1836390197,0.1166339889,0.1315198541,0.0000000000,0.0611104816,0.1749727428,-0.0222061463,0.0711232647,0.1811301857,0.0036651790,0.0744236708,0.1811219156,0.0176529642
15:25:03:20.798,61,0.3331751525,0.2642544210,0.1245267838,0.0000000000,0.0000000000,0.2221931815,0.0000000000,0.3327317238,0.2655304968,0.0000000000,0.0345312729,0.0000000000,0.2222160548,0.0000000000,0.0209736452,0.0000000000,0.0129025010,0.0213859044,0.0448244177,0.0347534344,0.0224254243,0.0000000000,0.0000000000,0.3357221782,0.3433494866,0.0000000000,0.0000000000,0.0306841414,0.0298624448,0.0134718055,0.0063384883,0.0039708680,0.0222474318,0.0000000000,0.0000000000,0.0143199377,0.0111583071,0.1139044464,0.1078857258,0.0237722844,0.0247504078,0.1043295190,0.1008918583,0.0490194224,0.0000000000,0.0000000000,0.0054686670,0.2038212568,0.1836282313,0.1146316826,0.1279572397,0.0000000000,0.0538133197,0.1789046228,-0.0311863683,0.0680159256,0.1721997857,0.0029370310,0.0714925677,0.1721905619,0.0162518695
15:25:03:21.799,61,0.3249994218,0.2555175722,0.1169111133,0.0000000000,0.0000000000,0.2161175311,0.0000000000,0.3245727122,0.2566669881,0.0000000000,0.0273634735,0.0000000000,0.2161384076,0.0000000000,0.0209108517,0.0000000000,0.0126642175,0.0215152241,0.0446821414,0.0347135551,0.0232193600,0.0000000000,0.0000000000,0.3371481001,0.3443725705,0.0000000000,0.0000000000,0.0324788541,0.0314398333,0.0125718908,0.0056173764,0.0062174737,0.0252365842,0.0000000000,0.0000000000,0.0149601744,0.0118236272,0.1135594323,0.1074846163,0.0227082670,0.0237873178,0.1041920781,0.1008213684,0.0492023975,0.0000000000,0.0000000000,0.0061421120,0.2029238790,0.1836033762,0.1112188101,0.1227238104,0.0000000000,0.0464400575,0.1822236478,-0.0380347893,0.0637092441,0.1667715013,0.0021403150,0.0671798140,0.1667617410,0.0150293596
15:25:03:22.802,61,0.3136421144,0.2408041954,0.1099774167,0.0000000000,0.0000000000,0.2119258344,0.0000000000,0.3133648932,0.2418180257,0.0000000000,0.0208417475,0.0000000000,0.2119501382,0.0000000000,0.0208923258,0.0000000000,0.0124151073,0.0218727216,0.0447815955,0.0347636193,0.0239519216,0.0000000000,0.0000000000,0.3377401829,0.3445086777,0.0000000000,0.0000000000,0.0342430770,0.0331307910,0.0119992336,0.0051867547,0.0082322648,0.0278113019,0.0000000000,0.0000000000,0.0154042700,0.0122858500,0.1132905185,0.1071554422,0.0215275586,0.0227025580,0.1036430225,0.1003548726,0.0492864586,0.0000000000,0.0000000000,0.0066665318,0.2020059973,0.1832178235,0.1062765121,0.1176621616,0.0000000000,0.0392278470,0.1865650117,-0.0447102115,0.0597917400,0.1576910019,0.0014039540,0.0633002073,0.1576804221,0.0135865174
15:25:03:23.802,61,0.3090977371,0.2368856072,0.1055391282,0.0000000000,0.0000000000,0.2096447945,0.0000000000,0.3088625669,0.2378368974,0.0000000000,0.0166926738,0.0000000000,0.2096708566,0.0000000000,0.0209476762,0.0000000000,0.0121721756,0.0224348363,0.0451374464,0.0348606631,0.0246060025,0.0000000000,0.0000000000,0.3379911184,0.3442694247,0.0000000000,0.0000000000,0.0356110185,0.0343813822,0.0115929162,0.0048676878,0.0101949498,0.0301879309,0.0000000000,0.0000000000,0.0157505237,0.0126489336,0.1132619083,0.1070487499,0.0204600506,0.0216880254,0.1032453552,0.1000366285,0.0494353473,0.0000000000,0.0000000000,0.0070673879,0.2013711780,0.1828756481,0.1030102298,0.1142932475,0.0000000000,0.0333663225,0.1910685748,-0.0504668169,0.0572884418,0.1552547216,0.0010063370,0.0607650466,0.1552439481,0.0129942475
15:25:03:24.804,61,0.3064850271,0.2342770100,0.1058225855,0.0000000000,0.0000000000,0.2082158178,0.0000000000,0.3062689900,0.2352222055,0.0000000000,0.0168671720,0.0000000000,0.2082422078,0.0000000000,0.0210690871,0.0000000000,0.0120086111,0.0230386611,0.0454674251,0.0349459723,0.0252159368,0.0000000000,0.0000000000,0.3377428651,0.3408016562,0.0000000000,0.0000000000,0.0373329036,0.0359882675,0.0112604946,0.0046388977,0.0118409926,0.0321357474,0.0000000000,0.0000000000,0.0161670707,0.0130615002,0.1132758483,0.1069490910,0.0193356741,0.0205725282,0.1029067263,0.0997690409,0.0496382825,0.0000000000,0.0000000000,0.0074964445,0.1996401995,0.1809286028,0.0971977040,0.1080270931,0.0000000000,0.0274968054,0.1953977942,-0.0552669838,0.0573962815,0.1536575705,0.0010054848,0.0609491728,0.1536465734,0.0128788389
15:25:03:25.807,61,0.3050684333,0.2332430333,0.1073290929,0.0000000000,0.0000000000,0.2076903433,0.0000000000,0.3048580289,0.2342002094,0.0000000000,0.0184100866,0.0000000000,0.2077157795,0.0000000000,0.0211290792,0.0000000000,0.0119436737,0.0234862044,0.0454900227,0.0349452533,0.0258693863,0.0000000000,0.0000000000,0.3348955810,0.3302347958,0.0000000000,0.0000000000,0.0389569625,0.0376366749,0.0108607020,0.0044302279,0.0132495733,0.0334068872,0.0000000000,0.0000000000,0.0168323144,0.0137167815,0.1129049435,0.1064287499,0.0183633789,0.0195745118,0.1027813032,0.0997122377,0.0498825982,0.0000000000,0.0000000000,0.0079917265,0.1965542734,0.1770725250,0.0939251557,0.1046406329,0.0000000000,0.0231557544,0.1984413415,-0.0597061627,0.0583300814,0.1530346721,0.0011335140,0.0618286766,0.1530236453,0.0129495515
15:25:03:26.807,61,0.3043028414,0.2288126051,0.1093529612,0.0000000000,0.0000000000,0.2100594938,0.0000000000,0.3040876389,0.2297738642,0.0000000000,0.0206319466,0.0000000000,0.2100773752,0.0000000000,0.0211211499,0.0000000000,0.0120061198,0.0237379838,0.0451827049,0.0348418988,0.0265216026,0.0000000000,0.0000000000,0.3337192237,0.3248272538,0.0000000000,0.0000000000,0.0408212580,0.0394701995,0.0103254234,0.0041908761,0.0142701454,0.0343655050,0.0000000000,0.0000000000,0.0184849333,0.0152522465,0.1115852296,0.1039545089,0.0175365880,0.0187298246,0.1029001102,0.0999004021,0.0497374013,0.0000000000,0.0000000000,0.0085857697,0.1950080395,0.1744488031,0.0922405124,0.1028736606,0.0000000000,0.0201351512,0.2004222721,-0.0641839132,0.0596782863,0.1503328383,0.0012933166,0.0630339980,0.1503216326,0.0128762992
15:25:03:27.809,61,0.3038668334,0.2272907197,0.1105948836,0.0000000000,0.0000000000,0.2114248723,0.0000000000,0.3036508560,0.2282584906,0.0000000000,0.0220437404,0.0000000000,0.2114378065,0.0000000000,0.0210944694,0.0000000000,0.0121471900,0.0239475928,0.0447825640,0.0346573181,0.0271680001,0.0000000000,0.0000000000,0.3324416578,0.3200517893,0.0000000000,0.0000000000,0.0430512093,0.0418584831,0.0097232936,0.0039874087,0.0152812824,0.0353440717,0.0000000000,0.0000000000,0.0197667647,0.0164998509,0.1103155687,0.1019063219,0.0167563036,0.0179304257,0.1025536358,0.0996368080,0.0493268557,0.0000000000,0.0000000000,0.0092156678,0.1900298148,0.1676491499,0.0909133106,0.1015152037,0.0000000000,0.0173303857,0.2012113035,-0.0686479732,0.0605339594,0.1494086534,0.0014016457,0.0637645274,0.1493973881,0.0128942356
15:25:03:28.811,61,0.3077290058,0.2315643430,0.1121243164,0.0000000000,0.0000000000,0.2134499401,0.0000000000,0.3074680567,0.2325643599,0.0000000000,0.0235039126,0.0000000000,0.2134581506,0.0000000000,0.0211639125,0.0000000000,0.0122386124,0.0242441799,0.0444805212,0.0343510062,0.0276129991,0.0000000000,0.0000000000,0.3314794004,0.3178016245,0.0000000000,0.0000000000,0.0449189581,0.0438931547,0.0093427477,0.0039425581,0.0163808763,0.0363768600,0.0000000000,0.0000000000,0.0205892343,0.0173101667,0.1094917655,0.1007603109,0.0160259549,0.0171864443,0.1010265201,0.0983978882,0.0490280911,0.0000000000,0.0000000000,0.0096038906,0.1847916096,0.1611001492,0.0878331587,0.0985610262,0.0000000000,0.0158329550,0.2022799253,-0.0741775706,0.0614119694,0.1520409286,0.0015630323,0.0646161735,0.1520299017,0.0132571980
15:25:03:29.812,61,0.3086195886,0.2323726267,0.1136487424,0.0000000000,0.0000000000,0.2130204290,0.0000000000,0.3083435297,0.2333914787,0.0000000000,0.0250594281,0.0000000000,0.2130253166,0.0000000000,0.0211349688,0.0000000000,0.0122796874,0.0242866706,0.0438575260,0.0338709094,0.0279283244,0.0000000000,0.0000000000,0.3307417631,0.3163999915,0.0000000000,0.0000000000,0.0473786294,0.0463913009,0.0088510262,0.0037819603,0.0172022525,0.0371270068,0.0000000000,0.0000000000,0.0212356355,0.0179392491,0.1073719114,0.0983667150,0.0153699638,0.0165085476,0.0965365469,0.0942979902,0.0487379283,0.0000000000,0.0000000000,0.0099136010,0.1753492206,0.1511159539,0.0854534954,0.0963013247,0.0000000000,0.0161148068,0.2035323083,-0.0809224620,0.0623515062,0.1525481790,0.0017052564,0.0654917210,0.1525372714,0.0134293567
15:25:03:30.815,61,0.3040586710,0.2312449366,0.1149502769,0.0000000000,0.0000000000,0.2045464516,0.0000000000,0.3038231432,0.2322725654,0.0000000000,0.0264438353,0.0000000000,0.2045470029,0.0000000000,0.0209971052,0.0000000000,0.0123196095,0.0242553912,0.0431896262,0.0334199741,0.0282240380,0.0000000000,0.0000000000,0.3303198218,0.3156085908,0.0000000000,0.0000000000,0.0496010110,0.0485459417,0.0082817236,0.0035199248,0.0178708527,0.0377777331,0.0000000000,0.0000000000,0.0217136350,0.0184036847,0.1056241691,0.0964706689,0.0147871794,0.0158977266,0.0920690820,0.0901140496,0.0482124276,0.0000000000,0.0000000000,0.0101703806,0.1690509915,0.1448116899,0.0841438994,0.0950871706,0.0000000000,0.0159547813,0.2056542486,-0.0875854120,0.0631901771,0.1518664807,0.0018145171,0.0662538558,0.1518555135,0.0134739168
15:25:03:31.815,61,0.2900597453,0.2268263251,0.1163025647,0.0000000000,0.0000000000,0.2000282705,0.0000000000,0.2899138331,0.2278496325,0.0000000000,0.0278913621,0.0000000000,0.2000269741,0.0000000000,0.0208381861,0.0000000000,0.0123228347,0.0242117066,0.0425323397,0.0329968072,0.0284720473,0.0000000000,0.0000000000,0.3299723268,0.3150866926,0.0000000000,0.0000000000,0.0511854105,0.0501271896,0.0077178967,0.0032232383,0.0184360780,0.0384221189,0.0000000000,0.0000000000,0.0220916700,0.0187779125,0.1042482853,0.0948766693,0.0142061580,0.0152904391,0.0890758559,0.0872768983,0.0477814786,0.0000000000,0.0000000000,0.0104266470,0.1653484255,0.1410480440,0.0820763037,0.0937426686,0.0000000000,0.0156334657,0.2084935457,-0.0930406898,0.0640719831,0.1491663307,0.0018940096,0.0670719296,0.1491551399,0.0133332675
15:25:03:32.817,61,0.2852919698,0.2238869518,0.1178754643,0.0000000000,0.0000000000,0.1955131143,0.0000000000,0.2851774395,0.2249140143,0.0000000000,0.0294471271,0.0000000000,0.1955110133,0.0000000000,0.0206888411,0.0000000000,0.0123482933,0.0241584964,0.0419751853,0.0327611044,0.0287494455,0.0000000000,0.0000000000,0.3294288516,0.3144074082,0.0000000000,0.0000000000,0.0521374531,0.0510436147,0.0073138666,0.0030164914,0.0189103764,0.0390030406,0.0000000000,0.0000000000,0.0224180873,0.0191181153,0.1033371687,0.0938536823,0.0136608453,0.0147132510,0.0870432630,0.0853421316,0.0475838184,0.0000000000,0.0000000000,0.0107500274,0.1633737534,0.1389889866,0.0805744603,0.0927259848,0.0000000000,0.0153358020,0.2116313130,-0.0985577032,0.0650175959,0.1473750770,0.0019939463,0.0680059344,0.1473637521,0.0132914390
15:25:03:33.819,61,0.2823639512,0.2209262550,0.1185055450,0.0000000000,0.0000000000,0.1906658709,0.0000000000,0.2822756469,0.2219472677,0.0000000000,0.0300779305,0.0000000000,0.1906644851,0.0000000000,0.0205800515,0.0000000000,0.0122964028,0.0240831431,0.0414448269,0.0326462872,0.0289500467,0.0000000000,0.0000000000,0.3289650977,0.3139153123,0.0000000000,0.0000000000,0.0529702529,0.0517981499,0.0070473715,0.0028196564,0.0193206407,0.0395673662,0.0000000000,0.0000000000,0.0226973556,0.0194306336,0.1026473865,0.0930401012,0.0131413750,0.0141627062,0.0827590525,0.0811153203,0.0474665575,0.0000000000,0.0000000000,0.0111083165,0.1621404588,0.1377207488,0.0787511617,0.0916576385,0.0000000000,0.0138142034,0.2150417119,-0.1036607102,0.0654038340,0.1455634683,0.0020137473,0.0683942288,0.1455519646,0.0131702228
15:25:03:34.821,61,0.2794069946,0.2172162384,0.1194986999,0.0000000000,0.0000000000,0.1850413680,0.0000000000,0.2793330550,0.2182315290,0.0000000000,0.0310410149,0.0000000000,0.1850409657,0.0000000000,0.0204446688,0.0000000000,0.0122257499,0.0239853896,0.0409617200,0.0326928124,0.0292134937,0.0000000000,0.0000000000,0.3270350099,0.3126363456,0.0000000000,0.0000000000,0.0535900258,0.0523339286,0.0067883600,0.0025849652,0.0196328219,0.0400882103,0.0000000000,0.0000000000,0.0229757242,0.0197535399,0.1020279750,0.0923171863,0.0126310866,0.0136306947,0.0787144676,0.0770941600,0.0473578945,0.0000000000,0.0000000000,0.0115771079,0.1610743701,0.1366839856,0.0767708644,0.0906138644,0.0000000000,0.0110557247,0.2178852111,-0.1085403562,0.0659925118,0.1432947069,0.0020506370,0.0689985752,0.1432829499,0.0130322808
15:25:03:35.821,61,0.2734518945,0.2113883346,0.1215065122,0.0000000000,0.0000000000,0.1789771765,0.0000000000,0.2733571231,0.2123982310,0.0000000000,0.0329326540,0.0000000000,0.1789768785,0.0000000000,0.0203499235,0.0000000000,0.0121221785,0.0239565559,0.0405747257,0.0328198038,0.0294996426,0.0000000000,0.0000000000,0.3242654800,0.3106259108,0.0000000000,0.0000000000,0.0542052016,0.0528620668,0.0065554930,0.0023454330,0.0199753121,0.0406782925,0.0000000000,0.0000000000,0.0232276898,0.0200448204,0.1015412137,0.0917156637,0.0121074468,0.0130906589,0.0724291503,0.0708459243,0.0474079400,0.0000000000,0.0000000000,0.0121261654,0.1594030261,0.1352332830,0.0737222210,0.0883747041,0.0000000000,0.0086483862,0.2200389504,-0.1135023311,0.0671471953,0.1397336125,0.0021332081,0.0702071190,0.1397215277,0.0128441788
15:25:03:36.823,61,0.2634862065,0.2027010173,0.1234624833,0.0000000000,0.0000000000,0.1757568121,0.0000000000,0.2633891702,0.2036913782,0.0000000000,0.0347911455,0.0000000000,0.1757564694,0.0000000000,0.0203507226,0.0000000000,0.0119510824,0.0241250172,0.0404351391,0.0330648758,0.0298304297,0.0000000000,0.0000000000,0.3223758638,0.3094806373,0.0000000000,0.0000000000,0.0548616834,0.0534405150,0.0064940937,0.0022339434,0.0204092897,0.0414957739,0.0000000000,0.0000000000,0.0233830996,0.0202613436,0.1011771709,0.0912194252,0.0115680955,0.0125436056,0.0626121908,0.0611628555,0.0475251302,0.0000000000,0.0000000000,0.0127106840,0.1584343910,0.1343136281,0.0696735755,0.0851077586,0.0000000000,0.0065542208,0.2213392705,-0.1175706536,0.0682872683,0.1344167888,0.0021680163,0.0714069009,0.1344041079,0.0124724414
15:25:03:37.826,61,0.2593717575,0.1983147115,0.1241187677,0.0000000000,0.0000000000,0.1734881997,0.0000000000,0.2592733800,0.1992916167,0.0000000000,0.0354156531,0.0000000000,0.1734875590,0.0000000000,0.0204214547,0.0000000000,0.0117794722,0.0244839024,0.0405524820,0.0334222019,0.0302174464,0.0000000000,0.0000000000,0.3212390542,0.3087309897,0.0000000000,0.0000000000,0.0554995872,0.0540330485,0.0065109697,0.0022145878,0.0209153984,0.0426788032,0.0000000000,0.0000000000,0.0234448742,0.0203802288,0.1010027975,0.0909416080,0.0110426368,0.0120179690,0.0555278063,0.0541186295,0.0478431433,0.0000000000,0.0000000000,0.0132292025,0.1577851772,0.1336567402,0.0666373596,0.0824540406,0.0000000000,0.0052165524,0.2227995694,-0.1211884469,0.0686729476,0.1317295283,0.0021576690,0.0718200207,0.1317165792,0.0122563811
15:25:03:38.826,61,0.2571389377,0.1943773180,0.1221314520,0.0000000000,0.0000000000,0.1720193028,0.0000000000,0.2570391893,0.1953192353,0.0000000000,0.0335255712,0.0000000000,0.1720184386,0.0000000000,0.0204724409,0.0000000000,0.0116170188,0.0248570852,0.0407536998,0.0339434594,0.0307763685,0.0000000000,0.0000000000,0.3204368651,0.3082692325,0.0000000000,0.0000000000,0.0560467206,0.0545376875,0.0064871386,0.0021432887,0.0213879179,0.0436345898,0.0000000000,0.0000000000,0.0235871095,0.0205749534,0.1008821353,0.0907410309,0.0105500519,0.0115296682,0.0516404659,0.0502420850,0.0483448505,0.0000000000,0.0000000000,0.0138711212,0.1576266289,0.1334646344,0.0650027469,0.0810107291,0.0000000000,0.0048723249,0.2242655605,-0.1243135259,0.0675328821,0.1292994916,0.0019680534,0.0706952661,0.1292863637,0.0118805030
15:25:03:39.828,61,0.2560356557,0.1958305687,0.1214962825,0.0000000000,0.0000000000,0.1704392135,0.0000000000,0.2559376359,0.1967734396,0.0000000000,0.0328388847,0.0000000000,0.1704375148,0.0000000000,0.0204710905,0.0000000000,0.0115540102,0.0251402277,0.0409425646,0.0344538912,0.0312751755,0.0000000000,0.0000000000,0.3201068938,0.3081513345,0.0000000000,0.0000000000,0.0563527457,0.0547757484,0.0063627376,0.0019520919,0.0217558686,0.0443355665,0.0000000000,0.0000000000,0.0236585084,0.0206966177,0.1008958519,0.0906712562,0.0101349251,0.0111101195,0.0502292551,0.0488377512,0.0488871709,0.0000000000,0.0000000000,0.0144351609,0.1579475254,0.1336859614,0.0640528277,0.0801715404,0.0000000000,0.0043260120,0.2261103839,-0.1262399554,0.0671142638,0.1301869750,0.0019357974,0.0703163594,0.1301739067,0.0119222151
15:25:03:40.831,61,0.2557754219,0.1987722516,0.1214573905,0.0000000000,0.0000000000,0.1672651023,0.0000000000,0.2556809783,0.1997275352,0.0000000000,0.0327924304,0.0000000000,0.1672629565,0.0000000000,0.0203734264,0.0000000000,0.0114914179,0.0253236480,0.0411122702,0.0349421836,0.0317550972,0.0000000000,0.0000000000,0.3197999597,0.3080502152,0.0000000000,0.0000000000,0.0563851148,0.0547435805,0.0061699743,0.0016768157,0.0219862666,0.0448126122,0.0000000000,0.0000000000,0.0236005839,0.0206805691,0.1009052694,0.0906178281,0.0097868722,0.0107572796,0.0497270562,0.0483414643,0.0494279005,0.0000000000,0.0000000000,0.0148617839,0.1581451148,0.1338393688,0.0634725094,0.0797113329,0.0000000000,0.0032262274,0.2294934094,-0.1278418303,0.0670817271,0.1319918185,0.0019682813,0.0702726841,0.1319789141,0.0120936986
15:25:03:41.832,61,0.2587268949,0.2002115548,0.1205102354,0.0000000000,0.0000000000,0.1644495428,0.0000000000,0.2586729228,0.2011646777,0.0000000000,0.0318075866,0.0000000000,0.1644467860,0.0000000000,0.0201983862,0.0000000000,0.0115059847,0.0253883433,0.0411756709,0.0353141949,0.0321449265,0.0000000000,0.0000000000,0.3193622530,0.3077502847,0.0000000000,0.0000000000,0.0562629886,0.0545698106,0.0058082785,0.0012892361,0.0220960006,0.0451472513,0.0000000000,0.0000000000,0.0234807357,0.0205845814,0.1008425429,0.0905193985,0.0094714072,0.0104370257,0.0498221256,0.0484452210,0.0497933626,0.0000000000,0.0000000000,0.0151829403,0.1579629630,0.1336220652,0.0630424693,0.0793774053,0.0000000000,0.0024391976,0.2326709330,-0.1291885376,0.0664825141,0.1328684539,0.0019119676,0.0697128326,0.1328556538,0.0121107595
15:25:03:42.834,61,0.2597894669,0.2009552568,0.1203127503,0.0000000000,0.0000000000,0.1612489223,0.0000000000,0.2597468197,0.2019098103,0.0000000000,0.0316147916,0.0000000000,0.1612436771,0.0000000000,0.0199346151,0.0000000000,0.0116160344,0.0253799576,0.0411833674,0.0356382467,0.0325699262,0.0000000000,0.0000000000,0.3189372718,0.3073344529,0.0000000000,0.0000000000,0.0560278073,0.0542820469,0.0053408584,0.0008596743,0.0221449118,0.0453537293,0.0000000000,0.0000000000,0.0233790018,0.0204996113,0.1006565168,0.0903230980,0.0092154900,0.0101729203,0.0501561724,0.0487880297,0.0501216874,0.0000000000,0.0000000000,0.0154524790,0.1577818096,0.1333464235,0.0628720149,0.0792740062,0.0000000000,0.0017674229,0.2357856929,-0.1300700754,0.0663645566,0.1333234459,0.0019062519,0.0695928782,0.1333106458,0.0121402787
15:25:03:43.834,61,0.2603451014,0.2010311633,0.1212096363,0.0000000000,0.0000000000,0.1592018902,0.0000000000,0.2603090703,0.2019941211,0.0000000000,0.0324929468,0.0000000000,0.1591921002,0.0000000000,0.0196414478,0.0000000000,0.0118627362,0.0252532922,0.0410352349,0.0357802399,0.0328807607,0.0000000000,0.0000000000,0.3186326921,0.3068890870,0.0000000000,0.0000000000,0.0557610095,0.0539904162,0.0047645755,0.0004321508,0.0221210346,0.0454602838,0.0000000000,0.0000000000,0.0232731327,0.0203924943,0.1003175899,0.0900162980,0.0089952806,0.0099416170,0.0508599170,0.0495208092,0.0502562337,0.0000000000,0.0000000000,0.0156155368,0.1575403661,0.1329025775,0.0628885850,0.0793158934,0.0000000000,0.0013374732,0.2385700345,-0.1311814338,0.0668967813,0.1333762407,0.0019732865,0.0701125562,0.1333634406,0.0122095523
15:25:03:44.837,61,0.2622044981,0.2037586421,0.1217592731,0.0000000000,0.0000000000,0.1584431082,0.0000000000,0.2621815205,0.2047381997,0.0000000000,0.0330874138,0.0000000000,0.1584303230,0.0000000000,0.0194300599,0.0000000000,0.0122305341,0.0251746997,0.0408841260,0.0357684866,0.0329959430,0.0000000000,0.0000000000,0.3188880384,0.3069339991,0.0000000000,0.0000000000,0.0556682311,0.0539107360,0.0042083319,0.0001272618,0.0221793335,0.0456200130,0.0000000000,0.0000000000,0.0231931228,0.0202982929,0.0999914706,0.0897629261,0.0088113919,0.0097479708,0.0538411401,0.0525165088,0.0502646826,0.0000000000,0.0000000000,0.0155529203,0.1576712281,0.1326785386,0.0631083772,0.0795274302,0.0000000000,0.0017391926,0.2406717539,-0.1323748678,0.0672529563,0.1350537091,0.0020516228,0.0704112649,0.1350411326,0.0124110440
15:25:03:45.839,61,0.2640902102,0.2072434872,0.1214009076,0.0000000000,0.0000000000,0.1581894159,0.0000000000,0.2640765607,0.2082343549,0.0000000000,0.0328920633,0.0000000000,0.1581743360,0.0000000000,0.0192492120,0.0000000000,0.0126616145,0.0250959173,0.0407117978,0.0356183834,0.0329918861,0.0000000000,0.0000000000,0.3265147507,0.3104599118,0.0000000000,0.0000000000,0.0557500944,0.0539963581,0.0037034268,0.0000000000,0.0222638771,0.0457562357,0.0000000000,0.0000000000,0.0230717659,0.0201462582,0.0997214466,0.0895880684,0.0087122452,0.0096297758,0.0595566742,0.0581972264,0.0502169207,0.0000000000,0.0000000000,0.0152279912,0.1586938500,0.1328386813,0.0638387129,0.0800886378,0.0000000000,0.0025554420,0.2429733127,-0.1333092153,0.0671291649,0.1371894926,0.0020793071,0.0701774210,0.1371771693,0.0125909867
15:25:03:46.840,61,0.2649739981,0.2098526657,0.1210794970,0.0000000000,0.0000000000,0.1577242166,0.0000000000,0.2649642527,0.2108511478,0.0000000000,0.0327833667,0.0000000000,0.1577082276,0.0000000000,0.0189726762,0.0000000000,0.0130293490,0.0248737708,0.0403594226,0.0354037285,0.0330192447,0.0000000000,0.0000000000,0.3334650397,0.3156858683,0.0000000000,0.0000000000,0.0559254400,0.0541925356,0.0032540474,0.0000000000,0.0221816190,0.0457369573,0.0000000000,0.0000000000,0.0229260344,0.0199668407,0.0992059633,0.0891885459,0.0086850822,0.0095752832,0.0617612191,0.0603949986,0.0500151031,0.0000000000,0.0000000000,0.0147975450,0.1592273265,0.1328593940,0.0645704791,0.0807601064,0.0000000000,0.0034369805,0.2454837263,-0.1343436837,0.0670592114,0.1387881637,0.0021026344,0.0699713528,0.1387759894,0.0127210887
15:25:03:47.841,61,0.2656492889,0.2134000510,0.1196409836,0.0000000000,0.0000000000,0.1564883143,0.0000000000,0.2656409144,0.2143991888,0.0000000000,0.0316493772,0.0000000000,0.1564714909,0.0000000000,0.0186826102,0.0000000000,0.0133790122,0.0246338900,0.0399862193,0.0351409093,0.0329915695,0.0000000000,0.0000000000,0.3433567286,0.3235475719,0.0000000000,0.0000000000,0.0563297570,0.0546083190,0.0029388079,0.0000000000,0.0220797639,0.0456975363,0.0000000000,0.0000000000,0.0227648616,0.0197511073,0.0987360254,0.0888298526,0.0087170079,0.0095694009,0.0630512610,0.0616778359,0.0498222411,0.0000000000,0.0000000000,0.0142953293,0.1597522944,0.1328720003,0.0654284805,0.0814966112,0.0000000000,0.0045969267,0.2490058839,-0.1357368529,0.0663668066,0.1409541667,0.0020551791,0.0691105276,0.1409423202,0.0128201619
15:25:03:48.842,61,0.2660965025,0.2157553881,0.1177583858,0.0000000000,0.0000000000,0.1523857415,0.0000000000,0.2660858333,0.2167456746,0.0000000000,0.0300424173,0.0000000000,0.1523696035,0.0000000000,0.0183215104,0.0000000000,0.0136853829,0.0242198035,0.0394169390,0.0349028297,0.0330939256,0.0000000000,0.0000000000,0.3503173292,0.3281814754,0.0000000000,0.0000000000,0.0567427017,0.0550136082,0.0026100047,0.0000000000,0.0219167676,0.0455058143,0.0000000000,0.0000000000,0.0227677822,0.0196833089,0.0980679020,0.0882702768,0.0088575101,0.0096498840,0.0635276884,0.0621428676,0.0496079363,0.0000000000,0.0000000000,0.0138514237,0.1604058444,0.1330287457,0.0688745379,0.0843394697,0.0000000000,0.0050856601,0.2531647384,-0.1370564401,0.0653901324,0.1423854083,0.0019530180,0.0680016428,0.1423737854,0.0128120277
15:25:03:49.844,61,0.2664707899,0.2181348503,0.1160940602,0.0000000000,0.0000000000,0.1476193070,0.0000000000,0.2664560974,0.2191182822,0.0000000000,0.0286141634,0.0000000000,0.1476075649,0.0000000000,0.0178631656,0.0000000000,0.0139060570,0.0236967038,0.0387694836,0.0347088091,0.0332881398,0.0000000000,0.0000000000,0.3542508483,0.3307265043,0.0000000000,0.0000000000,0.0570082664,0.0552701354,0.0023706614,0.0000000000,0.0216064136,0.0450920202,0.0000000000,0.0000000000,0.0227795448,0.0196235888,0.0959118530,0.0867393911,0.0091121914,0.0098297065,0.0624444969,0.0610374212,0.0491618328,0.0000000000,0.0000000000,0.0134195276,0.1610347778,0.1332914233,0.0737606511,0.0893665850,0.0000000000,0.0045069191,0.2568765581,-0.1390350461,0.0645219311,0.1438329369,0.0018629142,0.0670192242,0.1438214779,0.0128192045
