Timecode,BlendshapeCount,EyeBlinkLeft,EyeLookDownLeft,EyeLookInLeft,EyeLookOutLeft,EyeLookUpLeft,EyeSquintLeft,EyeWideLeft,EyeBlinkRight,EyeLookDownRight,EyeLookInRight,EyeLookOutRight,EyeLookUpRight,EyeSquintRight,EyeWideRight,JawForward,JawRight,JawLeft,JawOpen,MouthClose,MouthFunnel,MouthPucker,MouthRight,MouthLeft,MouthSmileLeft,MouthSmileRight,MouthFrownLeft,MouthFrownRight,MouthDimpleLeft,MouthDimpleRight,MouthStretchLeft,MouthStretchRight,MouthRollLower,MouthRollUpper,MouthShrugLower,MouthShrugUpper,MouthPressLeft,MouthPressRight,MouthLowerDownLeft,MouthLowerDownRight,MouthUpperUpLeft,MouthUpperUpRight,BrowDownLeft,BrowDownRight,BrowInnerUp,BrowOuterUpLeft,BrowOuterUpRight,CheekPuff,CheekSquintLeft,CheekSquintRight,NoseSneerLeft,NoseSneerRight,TongueOut,HeadYaw,HeadPitch,HeadRoll,LeftEyeYaw,LeftEyePitch,LeftEyeRoll,RightEyeYaw,RightEyePitch,RightEyeRoll
15:24:53:55.906,61,0.1901128441,0.1700791419,0.0773102269,0.0000000000,0.0000000000,0.1140419394,0.0000000000,0.1900394708,0.1702705473,0.0491590984,0.0000000000,0.0000000000,0.1140787229,0.0000000000,0.0456790142,0.0053228033,0.0000000000,0.1721630841,0.1867493987,0.1458816081,0.1399959177,0.0406346507,0.0000000000,0.1427287310,0.1448539793,0.0000000000,0.0000000000,0.0665696934,0.0620498583,0.1668598950,0.1424536854,0.0411689542,0.0730920807,0.0382292978,0.0171260983,0.0381019711,0.0374324284,0.2157228887,0.1888301671,0.0212860703,0.0188241489,0.0000000000,0.0000000000,0.1371012330,0.0242912807,0.0248363242,0.0209152997,0.1053428650,0.0978869423,0.1030113176,0.1039693132,0.0000004586,-0.0292722937,0.0884732977,-0.0785359815,-0.0298672467,0.1040589362,-0.0031187469,0.0469712876,0.1040105820,0.0049013630
15:24:53:56.908,61,0.1896777302,0.1704309881,0.0791735202,0.0000000000,0.0000000000,0.1150943115,0.0000000000,0.1896040142,0.1706373096,0.0473799221,0.0000000000,0.0000000000,0.1151323244,0.0000000000,0.0456139147,0.0055434927,0.0000000000,0.1776542068,0.1896738112,0.1657382548,0.1489187628,0.0400825441,0.0000000000,0.1337772161,0.1372253001,0.0000000000,0.0000000000,0.0649556965,0.0613282807,0.1688256711,0.1443311572,0.0388562158,0.0717456266,0.0377196260,0.0169710591,0.0375580192,0.0368966199,0.2154257894,0.1889254004,0.0215288159,0.0191673227,0.0000000000,0.0000000000,0.1358393431,0.0232057665,0.0237160791,0.0206789672,0.1048453748,0.0975773111,0.1030862033,0.1043120027,0.0000002288,-0.0314962305,0.0940527990,-0.0801950321,-0.0287856124,0.1042797565,-0.0030122600,0.0481022857,0.1042313725,0.0050300201
15:24:53:57.908,61,0.1890819520,0.1697389036,0.0811804160,0.0000000000,0.0000000000,0.1155942827,0.0000000000,0.1890067458,0.1699606180,0.0454413295,0.0000000000,0.0000000000,0.1156324819,0.0000000000,0.0457234830,0.0056217993,0.0000000000,0.1894404739,0.1917233318,0.1731923968,0.1529113948,0.0395733491,0.0000000000,0.1269040257,0.1304547489,0.0000000000,0.0000000000,0.0638924912,0.0606527850,0.1711792052,0.1471539438,0.0372366272,0.0708144978,0.0372222625,0.0168448146,0.0370123573,0.0363508686,0.2173371017,0.1907530129,0.0218969043,0.0196200572,0.0000000000,0.0000000000,0.1354957521,0.0231519528,0.0236615427,0.0204300452,0.1043534204,0.0971987993,0.1031038761,0.1045627445,0.0000001403,-0.0332756341,0.0978363082,-0.0811528713,-0.0276090186,0.1038627625,-0.0028775318,0.0493237451,0.1038143188,0.0051368568
15:24:53:58.909,61,0.1883549392,0.1691290587,0.0827699900,0.0000000000,0.0000000000,0.1156085134,0.0000000000,0.1882817596,0.1693628281,0.0439121835,0.0000000000,0.0000000000,0.1156466827,0.0000000000,0.0458213240,0.0056517799,0.0000000000,0.1938022375,0.1929393262,0.1777501702,0.1564036906,0.0390855111,0.0000000000,0.1161396801,0.1203313991,0.0000000000,0.0000000000,0.0624701716,0.0597935542,0.1724679768,0.1486857384,0.0359886885,0.0693952888,0.0368037634,0.0167672299,0.0365126282,0.0358422138,0.2181865275,0.1916207075,0.0223106910,0.0201051757,0.0000000000,0.0000000000,0.1353209168,0.0233254284,0.0238494575,0.0202145390,0.1037348881,0.0966619402,0.1031435058,0.1048327312,0.0000000951,-0.0353399590,0.1010945365,-0.0826058239,-0.0266809668,0.1034948528,-0.0027709084,0.0502914786,0.1034463421,0.0052188584
15:24:53:59.911,61,0.1879504323,0.1683761925,0.0827139169,0.0000000000,0.0000000000,0.1158249080,0.0000000000,0.1878785938,0.1686089188,0.0439702645,0.0000000000,0.0000000000,0.1158626378,0.0000000000,0.0461093411,0.0055932840,0.0000000000,0.2023170590,0.1939366162,0.1804638803,0.1578700840,0.0387182795,0.0000000000,0.1122967228,0.1166053414,0.0000000000,0.0000000000,0.0615796186,0.0591166504,0.1746277213,0.1509138942,0.0350784212,0.0684823766,0.0364218503,0.0167116821,0.0360215157,0.0353432633,0.2221134901,0.1943231374,0.0227824356,0.0206319001,0.0000000000,0.0000000000,0.1352997571,0.0236836821,0.0242288169,0.0199588686,0.1032799184,0.0962330922,0.1030863971,0.1049687490,0.0000000185,-0.0368744396,0.1038722694,-0.0837245286,-0.0267175306,0.1030342430,-0.0027622676,0.0502597988,0.1029856950,0.0051921839
15:24:54:00.913,61,0.1879725456,0.1686684638,0.0816283002,0.0000000000,0.0000000000,0.1159638241,0.0000000000,0.1879034489,0.1688927710,0.0450755730,0.0000000000,0.0000000000,0.1160011366,0.0000000000,0.0465379022,0.0051882197,0.0000000000,0.2119735777,0.1942816526,0.1874952167,0.1584085226,0.0383497179,0.0000000000,0.1053868830,0.1082055867,0.0000000000,0.0000000000,0.0607563704,0.0584035739,0.1758247316,0.1527310312,0.0342834517,0.0674845427,0.0359937511,0.0166651160,0.0355376527,0.0348357074,0.2342706919,0.2066002488,0.0233921800,0.0212810375,0.0000000000,0.0000000000,0.1356983036,0.0248855576,0.0254797880,0.0196648128,0.1026446894,0.0956356898,0.1028770879,0.1048922464,0.0000000132,-0.0384918563,0.1048384532,-0.0842150375,-0.0273886509,0.1032095701,-0.0028364891,0.0495992377,0.1031610295,0.0051327869
15:24:54:01.915,61,0.1884309500,0.1696332693,0.0779018402,0.0000000000,0.0000000000,0.1160013676,0.0000000000,0.1883657128,0.1698286831,0.0487548858,0.0000000000,0.0000000000,0.1160380095,0.0000000000,0.0470569097,0.0044168057,0.0000000000,0.2174381614,0.1746712476,0.2059621960,0.1478185803,0.0378444903,0.0000000000,0.0985438228,0.1031945571,0.0000000000,0.0000000000,0.0600304306,0.0577489659,0.1767178178,0.1544254124,0.0333687961,0.0649551228,0.0354415178,0.0166286286,0.0350755416,0.0343284979,0.2543178201,0.2289336622,0.0261213463,0.0241406634,0.0000000000,0.0000000000,0.1359089166,0.0250991005,0.0257077087,0.0193046592,0.0999625102,0.0939629078,0.1021965593,0.1044278368,0.0000000105,-0.0400806032,0.1046914756,-0.0844837353,-0.0296224933,0.1037881523,-0.0030850903,0.0473320708,0.1037396789,0.0049260249
15:24:54:02.917,61,0.1888475120,0.1696953624,0.0743650422,0.0000000000,0.0000000000,0.1160392016,0.0000000000,0.1887862682,0.1698628217,0.0522185229,0.0000000000,0.0000000000,0.1160746515,0.0000000000,0.0477964170,0.0033877436,0.0000000000,0.2212066948,0.1691618115,0.2132940590,0.1396355331,0.0372971073,0.0000000000,0.0952684432,0.1007192582,0.0000000000,0.0000000000,0.0594500303,0.0572072193,0.1789862514,0.1585184038,0.0326038823,0.0635438189,0.0348479487,0.0165821575,0.0346483216,0.0338518471,0.2628182173,0.2374807596,0.0283648446,0.0264377352,0.0000000000,0.0000000000,0.1361409277,0.0251404271,0.0257529244,0.0189350322,0.0988294482,0.0931285322,0.1016724780,0.1040209308,0.0000000036,-0.0412640944,0.1034621596,-0.0834860653,-0.0317268558,0.1038157344,-0.0033050650,0.0451830029,0.1037672833,0.0047037830
15:24:54:03.918,61,0.1893191636,0.1699625701,0.0718837380,0.0000000000,0.0000000000,0.1159883514,0.0000000000,0.1892613471,0.1701106429,0.0545843057,0.0000000000,0.0000000000,0.1160226837,0.0000000000,0.0481515415,0.0024456750,0.0000000000,0.2227721810,0.1661201268,0.2168105543,0.1365420371,0.0367242210,0.0000000000,0.0914123803,0.0984562784,0.0000000000,0.0000000000,0.0587899312,0.0565850064,0.1797545403,0.1599568725,0.0318854488,0.0620735288,0.0343124270,0.0165614337,0.0342753008,0.0334280655,0.2650235891,0.2400565743,0.0296239536,0.0277442746,0.0000000000,0.0000000000,0.1362236738,0.0247917213,0.0253986232,0.0186015442,0.0978811160,0.0924022645,0.1011549234,0.1036545038,0.0000000029,-0.0411412939,0.1037262678,-0.0820292160,-0.0331637226,0.1039720550,-0.0034599320,0.0436746664,0.1039236784,0.0045537641
15:24:54:04.920,61,0.1894381493,0.1697986722,0.0714378208,0.0000000000,0.0000000000,0.1153401956,0.0000000000,0.1893823743,0.1699433923,0.0549563058,0.0000000000,0.0000000000,0.1153721735,0.0000000000,0.0483052395,0.0016715971,0.0000000000,0.2200703472,0.1644050032,0.2176334858,0.1349088997,0.0362954102,0.0000000000,0.0897514448,0.0972561240,0.0000000000,0.0000000000,0.0581973419,0.0560049303,0.1800644547,0.1605876684,0.0312687606,0.0611400865,0.0338399336,0.0165351406,0.0339950025,0.0331013463,0.2616234124,0.2360745668,0.0304352622,0.0285943653,0.0000000000,0.0000000000,0.1365286559,0.0250284765,0.0256275050,0.0183751378,0.0970349237,0.0917135850,0.1007678509,0.1034451127,0.0000000030,-0.0394613482,0.1064088494,-0.0812435076,-0.0333900936,0.1038706079,-0.0034801166,0.0434042029,0.1038222462,0.0045211329
15:24:54:05.921,61,0.1900041103,0.1700000465,0.0728200004,0.0000000000,0.0000000000,0.1142308339,0.0000000000,0.1899497658,0.1701558381,0.0535721891,0.0000000000,0.0000000000,0.1142602041,0.0000000000,0.0483105108,0.0009444735,0.0000000000,0.2120266259,0.1633937210,0.2180741578,0.1344957799,0.0360303931,0.0000000000,0.0885256976,0.0948662683,0.0000000000,0.0000000000,0.0575832613,0.0553805269,0.1800992638,0.1607791036,0.0307319555,0.0603014752,0.0335183293,0.0165617205,0.0338563062,0.0329118483,0.2535926402,0.2281638235,0.0310408454,0.0292104799,0.0000000000,0.0000000000,0.1367986947,0.0250420198,0.0256357267,0.0182705447,0.0963161588,0.0910546780,0.1006154791,0.1034588665,0.0000000028,-0.0377222933,0.1114679947,-0.0808446258,-0.0325486995,0.1039975807,-0.0033966298,0.0442434102,0.1039492264,0.0046141669
15:24:54:06.925,61,0.1902608573,0.1706933826,0.0751237869,0.0000000000,0.0000000000,0.1119712368,0.0000000000,0.1902078390,0.1708679348,0.0512322634,0.0000000000,0.0000000000,0.1120009646,0.0000000000,0.0481624566,0.0005359722,0.0000000000,0.1953437775,0.1626331508,0.2172798067,0.1346026659,0.0359554328,0.0000000000,0.0876988247,0.0934548452,0.0000000000,0.0000000000,0.0570123121,0.0548183583,0.1801447868,0.1608324498,0.0303375926,0.0594052672,0.0334616005,0.0166977718,0.0338533521,0.0328620411,0.2443698645,0.2181616426,0.0315175317,0.0296703689,0.0000000000,0.0000000000,0.1392878145,0.0326632559,0.0332843997,0.0182913691,0.0958146080,0.0906173363,0.1007897705,0.1037815735,0.0000000028,-0.0360942073,0.1166844219,-0.0808163881,-0.0311256293,0.1044280529,-0.0032617180,0.0456410944,0.1043797657,0.0047796876
15:24:54:07.924,61,0.1945277601,0.1729208082,0.0766096860,0.0000000000,0.0000000000,0.1110380366,0.0000000000,0.1945050806,0.1731085032,0.0497201011,0.0000000000,0.0000000000,0.1110683456,0.0000000000,0.0480206944,0.0000000000,0.0000814528,0.1873343587,0.1561700255,0.2167403698,0.1340626776,0.0358095765,0.0000000000,0.0874769092,0.0928243250,0.0000000000,0.0000000000,0.0565509610,0.0543700270,0.1803127825,0.1610638648,0.0300026406,0.0580151826,0.0334288590,0.0168740600,0.0339247696,0.0328788161,0.2415636033,0.2152305841,0.0321930200,0.0303186662,0.0000000000,0.0000000000,0.1404050440,0.0349479094,0.0355683938,0.0183220729,0.0955849290,0.0904736072,0.1011929289,0.1043462083,0.0000000022,-0.0361241698,0.1196957454,-0.0805591419,-0.0302025732,0.1057944000,-0.0032067394,0.0465371609,0.1057462394,0.0049377321
15:24:54:08.926,61,0.1960825324,0.1738534719,0.0766937211,0.0000000000,0.0000000000,0.1102110818,0.0000000000,0.1960684061,0.1740422696,0.0496572107,0.0000000000,0.0000000000,0.1102416590,0.0000000000,0.0478826836,0.0000000000,0.0008860601,0.1828554273,0.1484704316,0.2161793411,0.1311436743,0.0355988517,0.0000000000,0.0875241235,0.0924661681,0.0000000000,0.0000000000,0.0561808683,0.0540173464,0.1805466115,0.1614748985,0.0296874791,0.0564264469,0.0334170349,0.0170762856,0.0340090506,0.0328974687,0.2406457961,0.2152314335,0.0333312824,0.0312693417,0.0000000000,0.0000000000,0.1412580609,0.0363841876,0.0369973332,0.0183425359,0.0953755751,0.0903522372,0.1016199961,0.1048881337,0.0000000022,-0.0372489914,0.1205000132,-0.0800351426,-0.0301625393,0.1063649431,-0.0032198913,0.0465853848,0.1063168198,0.0049697175
15:24:54:09.927,61,0.1972084343,0.1745676547,0.0767830610,0.0000000000,0.0000000000,0.1096736118,0.0000000000,0.1971987784,0.1747575700,0.0495598651,0.0000000000,0.0000000000,0.1097044572,0.0000000000,0.0477068238,0.0000000000,0.0016573053,0.1794435382,0.1445349753,0.2150068581,0.1284865439,0.0354156867,0.0000000000,0.0878936425,0.0923825055,0.0000000000,0.0000000000,0.0558594428,0.0537093207,0.1807982624,0.1619084924,0.0294221155,0.0551303066,0.0334592983,0.0172966607,0.0340933651,0.0329197831,0.2402642667,0.2151483595,0.0341765881,0.0320355184,0.0000000000,0.0000000000,0.1418725699,0.0371944308,0.0377980694,0.0183610283,0.0952868834,0.0903373286,0.1020715535,0.1054190695,0.0000000022,-0.0388497449,0.1193110719,-0.0790728033,-0.0301020034,0.1068018973,-0.0032267326,0.0466374792,0.1067538410,0.0049958769
15:24:54:10.929,61,0.1981201917,0.1749174297,0.0773756802,0.0000000000,0.0000000000,0.1094112992,0.0000000000,0.1981129944,0.1751125157,0.0489221700,0.0000000000,0.0000000000,0.1094424203,0.0000000000,0.0474469438,0.0000000000,0.0024266078,0.1759094149,0.1407129169,0.2139371336,0.1264115125,0.0353371575,0.0000000000,0.0907266885,0.0926490948,0.0000000000,0.0000000000,0.0555401407,0.0533941649,0.1809306592,0.1622371674,0.0291357003,0.0537638366,0.0335190780,0.0175250079,0.0341696702,0.0329376236,0.2400506288,0.2151033133,0.0349844992,0.0327623151,0.0000000000,0.0000000000,0.1419083625,0.0362727046,0.0368336178,0.0183624327,0.0952645615,0.0903486088,0.1025041789,0.1058861986,0.0000000029,-0.0408037789,0.1173040345,-0.0778823420,-0.0297139864,0.1070175618,-0.0031916336,0.0469963513,0.1069695279,0.0050445404
15:24:54:11.931,61,0.1984981596,0.1739886403,0.0782422572,0.0000000000,0.0000000000,0.1091601923,0.0000000000,0.1984913945,0.1741902828,0.0480457284,0.0000000000,0.0000000000,0.1091914028,0.0000000000,0.0471686721,0.0000000000,0.0031336616,0.1739893705,0.1388422847,0.2125506401,0.1251774132,0.0353865102,0.0000000000,0.0984372497,0.0938692018,0.0000000000,0.0000000000,0.0552859344,0.0531211011,0.1808924824,0.1623609513,0.0288672484,0.0528318733,0.0336040482,0.0177458003,0.0342409275,0.0329542235,0.2397657931,0.2148927152,0.0356831253,0.0333758108,0.0000000000,0.0000000000,0.1414572299,0.0326089114,0.0331012420,0.0183542520,0.0953458101,0.0904068500,0.1028764397,0.1062474027,0.0000000048,-0.0417529717,0.1155448258,-0.0770224109,-0.0291834250,0.1064522937,-0.0031179779,0.0475255772,0.1064042300,0.0050741397
15:24:54:12.932,61,0.1985338628,0.1728944033,0.0789355859,0.0000000000,0.0000000000,0.1088420302,0.0000000000,0.1985257119,0.1731010079,0.0473487712,0.0000000000,0.0000000000,0.1088731587,0.0000000000,0.0468495451,0.0000000000,0.0037178192,0.1723262370,0.1376149654,0.2112479508,0.1243238077,0.0355357379,0.0000000000,0.1037899032,0.0956127346,0.0000000000,0.0000000000,0.0550570711,0.0528590046,0.1806929708,0.1622841209,0.0286090188,0.0520524792,0.0337130241,0.0179605801,0.0343136787,0.0329790115,0.2392925471,0.2144379020,0.0362905934,0.0338930413,0.0000000000,0.0000000000,0.1407857388,0.0293040648,0.0297387894,0.0183535144,0.0954552069,0.0904695541,0.1032242328,0.1065414175,0.0000000057,-0.0422275364,0.1144173667,-0.0760354400,-0.0287621245,0.1057853103,-0.0030535802,0.0479501262,0.1057371870,0.0050870972
15:24:54:13.934,61,0.1984918863,0.1718638092,0.0792544037,0.0000000000,0.0000000000,0.1084849387,0.0000000000,0.1984821409,0.1720723510,0.0470190383,0.0000000000,0.0000000000,0.1085160300,0.0000000000,0.0464746729,0.0000000000,0.0042073177,0.1696907282,0.1366480589,0.2087395191,0.1236277744,0.0357516594,0.0000000000,0.1062634811,0.0965816155,0.0000000000,0.0000000000,0.0548262410,0.0525926240,0.1804297119,0.1621210575,0.0283770319,0.0513321795,0.0338480622,0.0181747843,0.0343860760,0.0330076255,0.2377286106,0.2129146457,0.0368169434,0.0343303271,0.0000000000,0.0000000000,0.1394381672,0.0258641075,0.0262227543,0.0183519907,0.0954893753,0.0904617831,0.1035727784,0.1068345904,0.0000000066,-0.0426908135,0.1139179692,-0.0753048658,-0.0285637286,0.1051560864,-0.0030143515,0.0481470004,0.1051078886,0.0050773425
15:24:54:14.936,61,0.1987162530,0.1719861478,0.0794987455,0.0000000000,0.0000000000,0.1082108021,0.0000000000,0.1987061948,0.1721967757,0.0467716157,0.0000000000,0.0000000000,0.1082417294,0.0000000000,0.0460366271,0.0000000000,0.0046786894,0.1651953161,0.1357839108,0.2023288757,0.1229155958,0.0358892195,0.0000000000,0.1075398251,0.0971359685,0.0000000000,0.0000000000,0.0545757413,0.0523217134,0.1801787317,0.1620268375,0.0282164197,0.0506116003,0.0340604186,0.0184141155,0.0344748013,0.0330520831,0.2324838340,0.2085152715,0.0372652747,0.0346995480,0.0000000000,0.0000000000,0.1378708333,0.0230118670,0.0233118646,0.0183523484,0.0954736248,0.0904065073,0.1039771140,0.1072031334,0.0000000078,-0.0428505018,0.1138569340,-0.0750049055,-0.0284131896,0.1052316651,-0.0030006403,0.0482950509,0.1051834598,0.0050966325
15:24:54:15.936,61,0.1988908052,0.1715812385,0.0787751973,0.0000000000,0.0000000000,0.1079215631,0.0000000000,0.1988808960,0.1717858166,0.0474752337,0.0000000000,0.0000000000,0.1079521775,0.0000000000,0.0456155911,0.0000000000,0.0052204863,0.1608787626,0.1340998709,0.1963681579,0.1212151498,0.0358974673,0.0000000000,0.1081769839,0.0975122079,0.0000000000,0.0000000000,0.0543526262,0.0520999581,0.1800357252,0.1621510983,0.0281220190,0.0498808846,0.0343474932,0.0187023338,0.0345698260,0.0331017785,0.2299634963,0.2067297995,0.0377819166,0.0351533890,0.0000000000,0.0000000000,0.1370344609,0.0215129536,0.0217932984,0.0183339939,0.0955185816,0.0904505700,0.1045478731,0.1077376530,0.0000000081,-0.0429731347,0.1134857312,-0.0746110603,-0.0288413931,0.1049818024,-0.0030385638,0.0478567481,0.1049335971,0.0050383280
15:24:54:16.939,61,0.1988909841,0.1707176715,0.0772003680,0.0000000000,0.0000000000,0.1076114699,0.0000000000,0.1988810599,0.1709091216,0.0490401462,0.0000000000,0.0000000000,0.1076418236,0.0000000000,0.0451696850,0.0000000000,0.0056691221,0.1558441073,0.1326188594,0.1929584444,0.1202540919,0.0358046219,0.0000000000,0.1083942354,0.0978684649,0.0000000000,0.0000000000,0.0541319735,0.0518919304,0.1796699315,0.1620327830,0.0280747712,0.0492132530,0.0346732810,0.0190071557,0.0347383693,0.0332262516,0.2264316678,0.2045575380,0.0382334590,0.0355723426,0.0000000000,0.0000000000,0.1366757005,0.0208092835,0.0210867394,0.0183671322,0.0956664458,0.0906360745,0.1051638722,0.1083407924,0.0000000083,-0.0436284989,0.1125680357,-0.0742728561,-0.0297937635,0.1044489741,-0.0031228221,0.0469026268,0.1044007242,0.0049126954
15:24:54:17.939,61,0.1987929046,0.1652957052,0.0736126378,0.0000000000,0.0000000000,0.1102594435,0.0000000000,0.1987826526,0.1654565781,0.0525478199,0.0000000000,0.0000000000,0.1102928072,0.0000000000,0.0447960086,0.0000000000,0.0061393287,0.1536672413,0.1305980831,0.1915451884,0.1176320463,0.0357311778,0.0000000000,0.1084322333,0.0981209055,0.0000000000,0.0000000000,0.0539387614,0.0517099611,0.1795008481,0.1620999724,0.0280417409,0.0485636629,0.0349729769,0.0193175822,0.0349067636,0.0333535969,0.2239622623,0.2029811293,0.0387400351,0.0360351615,0.0000000000,0.0000000000,0.1362150908,0.0192474499,0.0194941200,0.0183974188,0.0965383127,0.0917180479,0.1055973992,0.1087540388,0.0000000077,-0.0439779945,0.1112312526,-0.0737213418,-0.0319357663,0.1011234149,-0.0032399450,0.0447382182,0.1010748893,0.0045358273
15:24:54:18.942,61,0.1984881014,0.1555019170,0.0685931668,0.0000000000,0.0000000000,0.1298651844,0.0000000000,0.1984781325,0.1556228995,0.0573758520,0.0000000000,0.0000000000,0.1299328059,0.0000000000,0.0446067862,0.0000000000,0.0065756496,0.1525769681,0.1296798885,0.1910985261,0.1145009175,0.0355964005,0.0000000000,0.1083208472,0.0983013213,0.0000000000,0.0000000000,0.0538108498,0.0516058095,0.1798285097,0.1627786905,0.0280639678,0.0480767377,0.0352016985,0.0195723176,0.0350576602,0.0334769152,0.2227644175,0.2021038383,0.0391402878,0.0364071876,0.0000000000,0.0000000000,0.1348576546,0.0164019894,0.0165886842,0.0184248723,0.1004379913,0.0959568471,0.1058565974,0.1090295687,0.0000000065,-0.0445728078,0.1084264219,-0.0729347616,-0.0348905921,0.0951226875,-0.0033282461,0.0417121761,0.0950736627,0.0039765476
15:24:54:19.943,61,0.1964817345,0.1432545781,0.0661996976,0.0000000000,0.0000000000,0.1432402283,0.0000000000,0.1964729130,0.1433578581,0.0596155189,0.0000000000,0.0000000000,0.1433113664,0.0000000000,0.0445260443,0.0000000000,0.0070051588,0.1521994919,0.1291360110,0.1918281168,0.1129609197,0.0354263000,0.0000000000,0.1080371439,0.0983680636,0.0000000000,0.0000000000,0.0536975712,0.0515187159,0.1803610027,0.1639220417,0.0280790906,0.0476930328,0.0353590138,0.0197824072,0.0351910368,0.0335879475,0.2222159952,0.2016686201,0.0394969508,0.0367445238,0.0000000000,0.0000000000,0.1332760751,0.0138960183,0.0140434057,0.0184837617,0.1035726815,0.0990452617,0.1060310379,0.1092279255,0.0000000056,-0.0451517031,0.1056116745,-0.0726184174,-0.0362774432,0.0876301527,-0.0031864501,0.0402842760,0.0875805020,0.0035361934
15:24:54:20.946,61,0.1963605285,0.1475575268,0.0701571479,0.0000000000,0.0000000000,0.1589882821,0.0000000000,0.1963523924,0.1476883739,0.0556531586,0.0000000000,0.0000000000,0.1590594202,0.0000000000,0.0445996411,0.0000000000,0.0075520109,0.1533065736,0.1288380772,0.1976468712,0.1117991656,0.0351923704,0.0000000000,0.1080414876,0.0986836553,0.0000000000,0.0000000000,0.0536571480,0.0514978990,0.1818966717,0.1665671617,0.0280744229,0.0473979451,0.0354183689,0.0199448001,0.0353057459,0.0336872451,0.2248204499,0.2034193277,0.0399611853,0.0371884964,0.0000000000,0.0000000000,0.1323413402,0.0117781330,0.0119025810,0.0185199175,0.1079476178,0.1029559448,0.1061714813,0.1093859151,0.0000000050,-0.0453912243,0.1038684994,-0.0720115975,-0.0338582732,0.0902695805,-0.0030641058,0.0426824801,0.0902201608,0.0038601111
15:24:54:21.947,61,0.2733427286,0.1724468023,0.0738726035,0.0000000000,0.0000000000,0.1734123081,0.0000000000,0.2732916176,0.1726139486,0.0517804176,0.0000000000,0.0000000000,0.1734570116,0.0000000000,0.0449266396,0.0000000000,0.0084192576,0.1590113044,0.1285259128,0.2009938657,0.1094868109,0.0348359831,0.0000000000,0.1082160547,0.0991232693,0.0000000000,0.0000000000,0.0537760220,0.0516294539,0.1855643392,0.1715169102,0.0280816928,0.0471613854,0.0353794619,0.0200652480,0.0353916734,0.0337454155,0.2429956645,0.2235649973,0.0406123064,0.0378093421,0.0000000000,0.0000000000,0.1321294308,0.0108872512,0.0110104810,0.0184400547,0.1113686413,0.1052571982,0.1064105108,0.1095181704,0.0000000042,-0.0452418663,0.1028616950,-0.0716268197,-0.0314551182,0.1054962575,-0.0033302018,0.0448758900,0.1054483205,0.0047480753
15:24:54:22.947,61,0.4314029515,0.3171209097,0.0804751143,0.0000000000,0.0000000000,0.1792041957,0.0000000000,0.4313110411,0.3174417019,0.0451233312,0.0000000000,0.0000000000,0.1792426258,0.0000000000,0.0455920920,0.0000000000,0.0093928026,0.1620186716,0.1280098855,0.2024358362,0.1080778763,0.0343853123,0.0000000000,0.1086130291,0.1020957455,0.0000000000,0.0000000000,0.0538412221,0.0517126992,0.1866837889,0.1730223596,0.0279674120,0.0469633602,0.0351483449,0.0200687665,0.0354544856,0.0337640084,0.2672369480,0.2518032491,0.0420557857,0.0392540321,0.0000000000,0.0000000000,0.1322723776,0.0120714903,0.0122740753,0.0182820018,0.1125057638,0.1060779393,0.1066956893,0.1095944643,0.0000000033,-0.0453028642,0.1016320065,-0.0705505684,-0.0270475242,0.1939859688,-0.0053129629,0.0482392125,0.1939466298,0.0094709750
15:24:54:23.950,61,0.8680896759,0.1987049878,0.0829183832,0.0000000000,0.0000000000,0.1562116444,0.0000000000,0.8680615425,0.1989748031,0.0392817259,0.0000000000,0.0000000000,0.1562489718,0.0000000000,0.0461977161,0.0000000000,0.0102139534,0.1630045027,0.1135345623,0.1995364428,0.1072019115,0.0325530395,0.0000000000,0.1120272577,0.1127719432,0.0000000000,0.0000000000,0.0538366660,0.0517329648,0.1827750802,0.1674682945,0.0277326237,0.0459611788,0.0348848552,0.0200304240,0.0356836505,0.0338974074,0.2749721110,0.2612952292,0.0521571599,0.0486152954,0.0000000000,0.0000000000,0.1405543834,0.0259432886,0.0261588804,0.0183336325,0.1150786877,0.1116512343,0.1181097552,0.1196516305,0.0000000025,-0.0446504541,0.1008563414,-0.0692578331,-0.0238187704,0.1215814501,-0.0029099921,0.0502789691,0.1215363368,0.0061383224
15:24:54:24.953,61,0.9388962984,0.1617814600,0.0861924887,0.0000000000,0.0000000000,0.1285784096,0.0000000000,0.9388913512,0.1620448083,0.0346814059,0.0000000000,0.0000000000,0.1286109984,0.0000000000,0.0508928038,0.0000000000,0.0116173821,0.1711624116,0.1060111150,0.1994273961,0.1059563011,0.0303424578,0.0000000000,0.1165716201,0.1217573285,0.0000000000,0.0000000000,0.0540453903,0.0519911870,0.1815125197,0.1657617390,0.0274146106,0.0452293940,0.0344853401,0.0199429579,0.0359928831,0.0341009796,0.3268492818,0.3163098097,0.0654473156,0.0615915619,0.0000000000,0.0000000000,0.1594471335,0.0693800226,0.0696012080,0.0183987934,0.1163484231,0.1151757836,0.1251745224,0.1280729622,0.0000000021,-0.0437487252,0.0941166356,-0.0663605183,-0.0210819412,0.0990096182,-0.0020940041,0.0523948595,0.0989629254,0.0051997160
15:24:54:25.953,61,0.8711571097,0.2383350432,0.0810785070,0.0000000000,0.0000000000,0.1270959675,0.0000000000,0.8711517453,0.2386190742,0.0412371941,0.0000000000,0.0000000000,0.1271214783,0.0000000000,0.0847364217,0.0000000000,0.0127624087,0.2517416775,0.1030830070,0.2383396477,0.0990904793,0.0273503046,0.0000000000,0.1182270646,0.1285934895,0.0000000000,0.0000000000,0.0544725731,0.0527276322,0.1857561469,0.1688184589,0.0270212386,0.0448871963,0.0337031446,0.0197651666,0.0360898226,0.0341127254,0.4155091047,0.4045230746,0.0716583431,0.0685919747,0.0000000000,0.0000000000,0.1941988915,0.1500765681,0.1503310949,0.0183091722,0.1171110570,0.1169019341,0.1276706755,0.1308854371,0.0000000019,-0.0431580544,0.0883020312,-0.0647160411,-0.0249231718,0.1458096951,-0.0036596202,0.0490036309,0.1457668245,0.0071911267
15:24:54:26.955,61,0.4375915825,0.2900027335,0.0715908855,0.0000000000,0.0000000000,0.1300634742,0.0000000000,0.4375928640,0.2901929617,0.0528208911,0.0000000000,0.0000000000,0.1301284581,0.0000000000,0.1671334505,0.0000000000,0.0133646894,0.3485198915,0.1122289598,0.2490713447,0.0850083455,0.0262801871,0.0000000000,0.1193497479,0.1344461441,0.0000000000,0.0000000000,0.0669007301,0.0692155734,0.2779273689,0.2519418001,0.0270114504,0.0502510667,0.0330800414,0.0196455996,0.0362171270,0.0342160352,0.5646600723,0.5404594541,0.0744554102,0.0715820342,0.0000000000,0.0000000000,0.3087625206,0.3027362823,0.3029988706,0.0180294421,0.1175271720,0.1179487556,0.1286539882,0.1319492906,0.0000000014,-0.0430996902,0.0848869756,-0.0639556050,-0.0317606293,0.1773592234,-0.0056918398,0.0430475287,0.1773186028,0.0077116117
15:24:54:27.955,61,0.2379046082,0.2327436358,0.0703395009,0.0000000000,0.0000000000,0.1300167143,0.0000000000,0.2379098833,0.2329023033,0.0540803894,0.0000000000,0.0000000000,0.1300971359,0.0000000000,0.2373250723,0.0000000000,0.0110533182,0.4365636706,0.1163566932,0.2541885376,0.0763604715,0.0258821007,0.0000000000,0.1371628940,0.1564477682,0.0000000000,0.0000000000,0.0834171921,0.0856707469,0.3888227344,0.3518504500,0.0272198934,0.0558483079,0.0325475074,0.0195536390,0.0364732668,0.0344158523,0.6793442965,0.6486097574,0.0757949203,0.0729520246,0.0000000000,0.0000000000,0.4733724296,0.4651953280,0.4654111564,0.0175974723,0.1178534925,0.1195150390,0.1291609854,0.1324627995,0.0000000008,-0.0426781736,0.0844109803,-0.0654894114,-0.0327019356,0.1423485577,-0.0046859025,0.0425341539,0.1423045695,0.0060920841
15:24:54:28.957,61,0.1429488659,0.1686579436,0.0606001541,0.0000000000,0.0000000000,0.1270517707,0.0000000000,0.1429615319,0.1687240303,0.0636314228,0.0000000000,0.0000000000,0.1271982640,0.0000000000,0.2677634656,0.0000000000,0.0053635910,0.4899833798,0.1183601320,0.2489377260,0.0702048838,0.0260046963,0.0000000000,0.1858808845,0.1992480755,0.0000000000,0.0000000000,0.0971242636,0.1016985774,0.4372486174,0.3978782296,0.0275217164,0.0623611808,0.0319646560,0.0193815995,0.0367246456,0.0346219540,0.7298470140,0.6981569529,0.0760319829,0.0729133114,0.0000000000,0.0000000000,0.6154655218,0.5915871263,0.5917377472,0.0170889683,0.1179781333,0.1216519922,0.1287103295,0.1322962791,0.0000000003,-0.0431799032,0.0867189467,-0.0673233345,-0.0386638530,0.1031450108,-0.0040011681,0.0368221514,0.1030974016,0.0038088965
15:24:54:29.959,61,0.0641603544,0.1349460930,0.0558402427,0.0000000000,0.0000000000,0.1169793904,0.0000000000,0.0641116276,0.1349884421,0.0682223514,0.0000000000,0.0000000000,0.1171605214,0.0000000000,0.2912848294,0.0000000000,0.0027898503,0.5244150162,0.1191334426,0.2134059072,0.0653756782,0.0262513570,0.0000000000,0.2187514454,0.2370116413,0.0000000000,0.0000000000,0.1084424108,0.1154792681,0.4654300213,0.4298515618,0.0279200096,0.0728397220,0.0312847160,0.0190950297,0.0368465260,0.0347169638,0.7710657716,0.7463722229,0.0732657462,0.0702303797,0.0000000000,0.0000000000,0.7200897932,0.6781685948,0.6782753468,0.0165242869,0.1178616881,0.1227625608,0.1267578453,0.1313708872,0.0000000001,-0.0455203094,0.0886437893,-0.0674937218,-0.0415329821,0.0825310946,-0.0034345649,0.0339949876,0.0824816525,0.0028097902
15:24:54:30.961,61,0.0237155147,0.1182634085,0.0455518588,0.0000000000,0.0000000000,0.1060807705,0.0000000000,0.0236392356,0.1182556897,0.0785636753,0.0000000000,0.0000000000,0.1062753201,0.0000000000,0.3087548614,0.0000000000,0.0008319365,0.5483641028,0.1148040220,0.1945162714,0.0603344291,0.0265982673,0.0000000000,0.2682900131,0.2804401219,0.0000000000,0.0000000000,0.1185854152,0.1285055727,0.4842888415,0.4510817230,0.0282891914,0.0775860474,0.0305216629,0.0187515542,0.0368902907,0.0347426869,0.7928877473,0.7698730230,0.0705367029,0.0676431060,0.0000000000,0.0000000000,0.7862788439,0.7212488055,0.7213334441,0.0159354936,0.1177345663,0.1242535934,0.1238375753,0.1293699443,0.0000000001,-0.0483616069,0.0915631056,-0.0665044412,-0.0478665605,0.0723212659,-0.0034664806,0.0277534500,0.0722708851,0.0020090053
15:24:54:31.962,61,0.0046209446,0.1088373736,0.0310166702,0.0000000000,0.0000000000,0.0991389826,0.0009837844,0.0045379223,0.1087652668,0.0928878486,0.0000000000,0.0000000000,0.0993606374,0.0011129081,0.3163256347,0.0012515411,0.0000000000,0.5617800355,0.1091009527,0.1772213876,0.0564814731,0.0271262247,0.0000000000,0.2977149487,0.3077638149,0.0000000000,0.0000000000,0.1271848232,0.1386873722,0.4928355813,0.4604411423,0.0286232419,0.0802363008,0.0296700187,0.0183687862,0.0369048119,0.0347500406,0.8041288853,0.7817536592,0.0678620264,0.0648581833,0.0000000000,0.0000000000,0.8152350187,0.7439213991,0.7439910769,0.0153501397,0.1176717728,0.1275251806,0.1215377003,0.1271601915,0.0000000003,-0.0537521280,0.0926055461,-0.0621883124,-0.0566166304,0.0665477142,-0.0037712457,0.0189051423,0.0664968714,0.0012589133
15:24:54:32.964,61,0.0000000000,0.1091555282,0.0199566931,0.0000000000,0.0000000000,0.0940785259,0.0256570093,0.0000000000,0.1090284586,0.1036226228,0.0000000000,0.0000000000,0.0943259597,0.0258288179,0.3177381754,0.0022199242,0.0000000000,0.5678617954,0.1031350121,0.1685296595,0.0537285358,0.0277300123,0.0000000000,0.3272408545,0.3311548531,0.0000000000,0.0000000000,0.1307709068,0.1429389566,0.4903363883,0.4626179636,0.0288253464,0.0813286677,0.0288881324,0.0179896448,0.0368134156,0.0346824042,0.8094969988,0.7875116467,0.0664477721,0.0633074865,0.0000000000,0.0000000000,0.8302670121,0.7555591464,0.7556202412,0.0147841321,0.1175818741,0.1301121265,0.1182484105,0.1227235124,0.0000000011,-0.0603238717,0.0931606218,-0.0568479486,-0.0631589368,0.0667349696,-0.0042183469,0.0121637592,0.0666842535,0.0008123155
15:24:54:33.965,61,0.0000000000,0.1155208573,0.0096572926,0.0000000000,0.0000000000,0.0894021764,0.0422051437,0.0000000000,0.1153268442,0.1138199940,0.0000000000,0.0000000000,0.0896564573,0.0424224436,0.3013593853,0.0022180593,0.0000000000,0.5477903485,0.0998702645,0.1649361849,0.0521635227,0.0301630758,0.0000000000,0.3439984024,0.3405401409,0.0000000000,0.0000000000,0.1325898767,0.1449833363,0.4580702186,0.4383020699,0.0289014727,0.0814093798,0.0281834416,0.0176549591,0.0366739556,0.0345969200,0.8071418405,0.7836875916,0.0656102374,0.0622994304,0.0000000000,0.0000000000,0.8395695090,0.7618022561,0.7618578076,0.0142775392,0.1177377552,0.1327346414,0.1132453978,0.1148496717,0.0000000015,-0.0666319504,0.0918900073,-0.0509066768,-0.0693559423,0.0706192330,-0.0049020499,0.0058846227,0.0705688968,0.0004159597
15:24:54:34.967,61,0.0000000000,0.1214070320,0.0035803011,0.0000000000,0.0000000000,0.0843550861,0.0590113699,0.0000000000,0.1211656928,0.1196813211,0.0000000000,0.0000000000,0.0845852122,0.0592559464,0.2692162395,0.0015313900,0.0000000000,0.4835554659,0.0921436846,0.1644427180,0.0507149622,0.0323948376,0.0000000000,0.3513316512,0.3449336886,0.0000000000,0.0000000000,0.1330892295,0.1439510733,0.4420386255,0.4221544266,0.0287861936,0.0752789453,0.0275529400,0.0173909813,0.0365121998,0.0344995409,0.7919815183,0.7654335499,0.0653825626,0.0618091971,0.0000000000,0.0000000000,0.8490071297,0.7655473351,0.7655965686,0.0138320848,0.1176599264,0.1337962300,0.1060831174,0.1057026535,0.0000000019,-0.0724137202,0.0900909826,-0.0443436243,-0.0729086325,0.0742134377,-0.0054159020,0.0021810695,0.0741635114,0.0001620529
15:24:54:35.969,61,0.0000000000,0.1307273656,0.0000000000,0.0058883624,0.0000000000,0.0790649205,0.0656584203,0.0000000000,0.1304049790,0.1289720684,0.0000000000,0.0000000000,0.0792485178,0.0658956096,0.2343212813,0.0000000000,0.0028118063,0.4273842275,0.0856133923,0.1642984152,0.0496759228,0.0336049274,0.0000000000,0.3550403416,0.3428681195,0.0000000000,0.0000000000,0.1292606592,0.1336315423,0.3864116967,0.3717065454,0.0285638757,0.0700075403,0.0269603916,0.0171602461,0.0363447405,0.0343674496,0.7715027332,0.7470927835,0.0656767860,0.0617369078,0.0000000000,0.0000000000,0.8531352282,0.7674689889,0.7675146461,0.0134544820,0.1172989607,0.1339012980,0.1014324725,0.0992967486,0.0000000018,-0.0761232600,0.0888256505,-0.0377265066,-0.0785342082,0.0799066946,-0.0062822541,-0.0035855335,0.0798573196,-0.0002869407
15:24:54:36.970,61,0.0000000000,0.1320400536,0.0000000000,0.0102511039,0.0000000000,0.0749335140,0.0701873600,0.0000000000,0.1316885054,0.1331134588,0.0000000000,0.0000000000,0.0750782862,0.0704278499,0.2009291500,0.0000000000,0.0070710923,0.3666592836,0.0791576207,0.1766035259,0.0488343537,0.0345422141,0.0000000000,0.3196416497,0.2888641655,0.0000000000,0.0000000000,0.1174972057,0.1183903366,0.3677081466,0.3545117080,0.0281969178,0.0642279014,0.0264149252,0.0169832073,0.0361686721,0.0342046060,0.7359009385,0.7061511874,0.0683427006,0.0620569885,0.0000000000,0.0000000000,0.8569989800,0.7686782479,0.7687212229,0.0131874559,0.1147690937,0.1285647601,0.0963421017,0.0927451402,0.0000000013,-0.0787963346,0.0893663019,-0.0302676763,-0.0810508505,0.0807094574,-0.0065485425,-0.0062416848,0.0806602761,-0.0005045474
15:24:54:37.971,61,0.0000000000,0.1346563399,0.0000000000,0.0141328406,0.0000000000,0.0711698383,0.0725403130,0.0000000000,0.1342726946,0.1369249523,0.0000000000,0.0000000000,0.0712777972,0.0727723613,0.1482103318,0.0000000000,0.0137116816,0.3003396094,0.0764504299,0.2349181622,0.0483135022,0.0350047462,0.0000000000,0.2479551882,0.2208345383,0.0000000000,0.0000000000,0.0991895646,0.0980707929,0.3404906094,0.3327199817,0.0277314913,0.0569800548,0.0259819310,0.0169150829,0.0358482599,0.0339010842,0.6528612971,0.6245985031,0.0765452459,0.0655779913,0.0000000000,0.0000000000,0.8597008586,0.7693311572,0.7693715096,0.0130189685,0.1115423366,0.1220746934,0.0940998495,0.0899265632,0.0000000579,-0.0809882507,0.0909953117,-0.0226150379,-0.0833608508,0.0823089853,-0.0068688132,-0.0086040702,0.0822599307,-0.0007093621
15:24:54:38.974,61,0.0000000000,0.1383887678,0.0000000000,0.0161921047,0.0000000000,0.0680672154,0.0731843188,0.0000000000,0.1379791647,0.1389693469,0.0000000000,0.0000000000,0.0681464374,0.0734116212,0.1261657476,0.0000000000,0.0176103413,0.2322792113,0.0747545883,0.2845131457,0.0483106561,0.0349481106,0.0000000000,0.1967958063,0.1849593222,0.0000000000,0.0000000000,0.0850275978,0.0843696594,0.2966687679,0.2898578346,0.0272001997,0.0515789501,0.0257099681,0.0169774294,0.0354248770,0.0335053056,0.5657708645,0.5393236876,0.0833997130,0.0712472349,0.0000000000,0.0000000000,0.8617417216,0.7695367336,0.7695747018,0.0129490420,0.1079702973,0.1168029532,0.0926961899,0.0882821977,0.0000005483,-0.0832099319,0.0922154561,-0.0159350727,-0.0845894665,0.0845898688,-0.0071638548,-0.0098558702,0.0845410153,-0.0008352024
15:24:54:39.975,61,0.0000000000,0.1455425918,0.0000000000,0.0107562467,0.0000000000,0.0638647527,0.0732645765,0.0000000000,0.1451427937,0.1336206049,0.0000000000,0.0000000000,0.0639199615,0.0734844804,0.1093102768,0.0000000000,0.0198253151,0.2075914294,0.0740947872,0.3049985468,0.0515786521,0.0346040390,0.0000000000,0.1761705577,0.1660941243,0.0000000000,0.0000000000,0.0771269351,0.0768471286,0.2822756171,0.2763092816,0.0267207157,0.0487082377,0.0256654546,0.0171402264,0.0349713191,0.0330734141,0.4841391742,0.4601752162,0.0858412981,0.0731719285,0.0000000000,0.0000000000,0.8636183143,0.7696512938,0.7696868777,0.0130118504,0.1038753912,0.1119497120,0.0916680917,0.0872543901,0.0000006038,-0.0844975784,0.0931269452,-0.0097460896,-0.0813028738,0.0889573246,-0.0072435108,-0.0065446654,0.0889088288,-0.0005834124
15:24:54:40.977,61,0.0000000000,0.1539938897,0.0000000000,0.0082949037,0.0000000000,0.0604029149,0.0728040412,0.0000000000,0.1535822004,0.1312830001,0.0000000000,0.0000000000,0.0604443848,0.0730176792,0.1001294181,0.0000000000,0.0208464749,0.1921518743,0.0787483677,0.3147650957,0.0689525232,0.0342752039,0.0000000000,0.1618511379,0.1535235345,0.0000000000,0.0000000000,0.0717923418,0.0719441175,0.2741339505,0.2672608495,0.0263697878,0.0472368076,0.0258656442,0.0173339043,0.0346797071,0.0328044072,0.4462289512,0.4218669236,0.0832334831,0.0726414397,0.0000000000,0.0000000000,0.8659835458,0.7696021795,0.7696360946,0.0133386925,0.1020064652,0.1096932814,0.0908397809,0.0865096748,0.0000006638,-0.0818681121,0.0967267752,-0.0035668369,-0.0798427910,0.0941187590,-0.0075288247,-0.0050446652,0.0940707177,-0.0004759580
15:24:54:41.978,61,0.0000000000,0.1611595899,0.0000000000,0.0032619007,0.0000000000,0.0569326133,0.0714541003,0.0000000000,0.1607607156,0.1263858825,0.0000000000,0.0000000000,0.0569664016,0.0716610327,0.0948238969,0.0000000000,0.0213221833,0.1846414059,0.0794386119,0.3400244713,0.0738999546,0.0338478051,0.0000000000,0.1553293914,0.1479028910,0.0000000000,0.0000000000,0.0686306804,0.0693514720,0.2697924376,0.2628819346,0.0258828513,0.0453232303,0.0261955522,0.0177012254,0.0344082899,0.0325418375,0.4307105243,0.4064443111,0.0835525095,0.0732309222,0.0000000000,0.0000000000,0.8692793250,0.7694455385,0.7694790959,0.0136127705,0.1002663374,0.1081694067,0.0900929421,0.0859326571,0.0000010383,-0.0784651265,0.1034432128,0.0028649603,-0.0768320337,0.0984946415,-0.0075844978,-0.0019829341,0.0984469950,-0.0001958469
15:24:54:42.979,61,0.0000000000,0.1697748899,0.0010384531,0.0000000000,0.0000000000,0.0545226261,0.0706498101,0.0000000000,0.1693821549,0.1222646609,0.0000000000,0.0000000000,0.0545539185,0.0708531663,0.0925712362,0.0000000000,0.0216068830,0.1809776425,0.0771861970,0.3964995146,0.0782761574,0.0332537554,0.0000000000,0.1516461819,0.1450055838,0.0000000000,0.0000000000,0.0655155256,0.0673314556,0.2674933672,0.2607630491,0.0252877753,0.0431712009,0.0266598556,0.0182572361,0.0342658013,0.0323897041,0.4721201062,0.4495949149,0.1007855013,0.0877819136,0.0000000000,0.0000000000,0.8724963069,0.7689988613,0.7690337300,0.0139031643,0.0991142690,0.1071472615,0.0894959942,0.0856185779,0.0000033507,-0.0761869997,0.1083048880,0.0067307553,-0.0742870569,0.1037568673,-0.0077283042,0.0006309465,0.1037096009,0.0000656708
15:24:54:43.981,61,0.0000000000,0.1653765589,0.0029553105,0.0000000000,0.0000000000,0.0533035658,0.0585879013,0.0000000000,0.1650109589,0.1203125194,0.0000000000,0.0000000000,0.0533342250,0.0588186458,0.0911676437,0.0000000000,0.0217852537,0.1788471788,0.0727908537,0.4136891663,0.0809383318,0.0327341072,0.0000000000,0.1502270103,0.1439605057,0.0000000000,0.0000000000,0.0631711483,0.0657791197,0.2635495961,0.2591383159,0.0246172789,0.0410752185,0.0271603223,0.0188905913,0.0342074297,0.0323050879,0.4790409803,0.4565302432,0.1114226729,0.0967859700,0.0000000000,0.0000000000,0.8734987378,0.7611646652,0.7612369657,0.0142157674,0.0986054093,0.1067745611,0.0891372338,0.0855504796,0.0000128541,-0.0737255141,0.1141869500,0.0090349512,-0.0731210113,0.1010704711,-0.0074089011,0.0017960923,0.1010229588,0.0001820663
15:24:54:44.984,61,0.0000000000,0.1639772952,0.0091908956,0.0000000000,0.0000000000,0.0525430106,0.0536708646,0.0000000000,0.1636613905,0.1142038181,0.0000000000,0.0000000000,0.0525741838,0.0539040118,0.0901197046,0.0000000000,0.0219233353,0.1772484630,0.0711463094,0.4223347604,0.0852472186,0.0321095660,0.0000000000,0.1492677182,0.1433242112,0.0000000000,0.0000000000,0.0611837059,0.0642690733,0.2608480155,0.2580505311,0.0239868518,0.0397931971,0.0277757775,0.0195745770,0.0341916084,0.0322491117,0.4357905388,0.4152742922,0.1153493300,0.1002472118,0.0000000000,0.0000000000,0.8737124801,0.7544144392,0.7545034885,0.0145962229,0.0984157994,0.1067121103,0.0889456198,0.0856861621,0.0000150188,-0.0725985914,0.1180873066,0.0101349112,-0.0694142208,0.1002172083,-0.0069741667,0.0055862553,0.1001696140,0.0005614492
15:24:54:45.984,61,0.0000000000,0.1634914428,0.0145948082,0.0000000000,0.0000000000,0.0520756617,0.0518808216,0.0000000000,0.1632156521,0.1090472415,0.0000000000,0.0000000000,0.0521076620,0.0521078892,0.0887070224,0.0000000000,0.0219632238,0.1710819155,0.0706461444,0.4269576073,0.1135214344,0.0314217173,0.0000000000,0.1442610323,0.1417941749,0.0000000000,0.0000000000,0.0580823533,0.0611703582,0.2572820485,0.2562420964,0.0233845431,0.0388495810,0.0293618608,0.0204959828,0.0342813842,0.0323023722,0.4128471613,0.3934060335,0.1146868020,0.1011445001,0.0000000000,0.0000000000,0.8737935424,0.7494217753,0.7495200038,0.0151754310,0.0985640287,0.1069101989,0.0890153870,0.0860892385,0.0000150192,-0.0694730729,0.1210856065,0.0106397364,-0.0662818700,0.0999229178,-0.0066402475,0.0088710338,0.0998751894,0.0008889422
15:24:54:46.986,61,0.0000000000,0.1628693491,0.0190627426,0.0000000000,0.0000000000,0.0516071059,0.0552165955,0.0000000000,0.1626275033,0.1047090739,0.0000000000,0.0000000000,0.0516394600,0.0553942770,0.0870929286,0.0000000000,0.0223114863,0.1659642756,0.0706810877,0.4410965443,0.1531988084,0.0288044252,0.0000000000,0.1330349594,0.1360464692,0.0000000000,0.0000000000,0.0555321090,0.0584582835,0.2559665143,0.2558515668,0.0227718186,0.0379731841,0.0319949538,0.0220407303,0.0344703756,0.0324682072,0.3992210925,0.3791119158,0.1138736606,0.1014089212,0.0000000000,0.0000000000,0.8736802340,0.7442248464,0.7443085909,0.0160346217,0.0985739306,0.1069306135,0.0892520621,0.0866905227,0.0000124296,-0.0661720112,0.1246951222,0.0116251474,-0.0636473447,0.0995457321,-0.0063524558,0.0115871793,0.0994979292,0.0011566934
15:24:54:47.987,61,0.0000000000,0.1620207131,0.0204846766,0.0000000000,0.0000000000,0.0511201434,0.0690035895,0.0000000000,0.1617912799,0.1032649055,0.0000000000,0.0000000000,0.0511527508,0.0691205263,0.0835568309,0.0000000000,0.0223825295,0.1604386568,0.0747292489,0.4456272423,0.1863852590,0.0270780474,0.0000000000,0.1113069355,0.1204139963,0.0000000000,0.0000000000,0.0531814396,0.0558870398,0.2552799284,0.2557058036,0.0221950170,0.0372195877,0.0343859084,0.0229978152,0.0346368253,0.0326447189,0.3624058962,0.3354476094,0.1025727913,0.0942659378,0.0000000000,0.0000000000,0.8736360073,0.7400969267,0.7401685119,0.0178348683,0.0983336791,0.1066678166,0.0894400105,0.0872067958,0.0000030602,-0.0629596412,0.1288241297,0.0127856601,-0.0627726987,0.0990283489,-0.0062325019,0.0124521349,0.0989805162,0.0012365271
15:24:54:48.989,61,0.0000000000,0.1573472321,0.0207021199,0.0000000000,0.0000000000,0.0508454554,0.0829132870,0.0000000000,0.1571293175,0.1029083654,0.0000000000,0.0000000000,0.0508786105,0.0830133036,0.0806487501,0.0000000000,0.0221141540,0.1583311260,0.0827381611,0.4482334852,0.2037966847,0.0259645041,0.0000000000,0.0988915637,0.1101990938,0.0000000000,0.0000000000,0.0516602434,0.0542329252,0.2549166083,0.2555335760,0.0216706116,0.0366470106,0.0356998295,0.0237178411,0.0347567461,0.0328077823,0.3508382142,0.3221997917,0.0932568163,0.0862275064,0.0000000000,0.0000000000,0.8736122251,0.7366212606,0.7366871834,0.0195165556,0.0981180593,0.1064424068,0.0895417556,0.0876125172,0.0000010969,-0.0617101006,0.1325268596,0.0129229166,-0.0625734031,0.0961736441,-0.0060325237,0.0125878323,0.0961256102,0.0012137213
15:24:54:49.990,61,0.0000000000,0.1522943527,0.0217594281,0.0000000000,0.0000000000,0.0506999493,0.0896494389,0.0000000000,0.1520939618,0.1017953902,0.0000000000,0.0000000000,0.0507341512,0.0897429138,0.0782308206,0.0000000000,0.0205261987,0.1575408727,0.0948402733,0.4586788714,0.2431601733,0.0252499338,0.0000000000,0.0839294717,0.0964258462,0.0000000000,0.0000000000,0.0505513549,0.0530145466,0.2549496293,0.2554375529,0.0211996790,0.0362558924,0.0366806053,0.0242499560,0.0348769464,0.0329955705,0.3445071280,0.3147256076,0.0861191601,0.0793734267,0.0000000000,0.0000000000,0.8733803034,0.7324641943,0.7325295806,0.0210933797,0.0979622677,0.1062910408,0.0897399485,0.0880853906,0.0000008287,-0.0619088039,0.1351845115,0.0118430704,-0.0619147271,0.0930877924,-0.0057764547,0.0132345967,0.0930395052,0.0012348690
15:24:54:50.993,61,0.0000000000,0.1489573270,0.0210562572,0.0000000000,0.0000000000,0.0504229441,0.0938175917,0.0000000000,0.1487645507,0.1024694890,0.0000000000,0.0000000000,0.0504584052,0.0939036161,0.0767631233,0.0000000000,0.0170409307,0.1655565649,0.1132450700,0.4699914753,0.2707141042,0.0245714765,0.0000000000,0.0543638840,0.0766175762,0.0000000000,0.0000000000,0.0496919937,0.0521255694,0.2564006746,0.2556909323,0.0208228696,0.0360999331,0.0374258421,0.0245941319,0.0349816084,0.0331866890,0.3413032293,0.3109449148,0.0778262615,0.0722762793,0.0000000000,0.0000000000,0.8730763197,0.7304100394,0.7304757833,0.0221740119,0.0975127667,0.1058942005,0.0898491517,0.0884859338,0.0000009074,-0.0625489727,0.1369707137,0.0100857578,-0.0623364300,0.0910524353,-0.0056878743,0.0128093204,0.0910003409,0.0011688484
15:24:54:51.994,61,0.0000000000,0.1453569829,0.0186632946,0.0000000000,0.0000000000,0.0499572866,0.0958048999,0.0000000000,0.1451545954,0.1049941927,0.0000000000,0.0000000000,0.0499942154,0.0958861932,0.0758714005,0.0000000000,0.0118670398,0.2176087052,0.1651083082,0.4980359077,0.3420291841,0.0238228496,0.0000000000,0.0132284239,0.0496740714,0.0000000000,0.0000000000,0.0490990020,0.0515601821,0.2853105366,0.2680860460,0.0206252057,0.0363736078,0.0381165333,0.0247892793,0.0351177901,0.0334494039,0.3405317366,0.3094817698,0.0681040734,0.0645542070,0.0000000000,0.0000000000,0.8725247383,0.7290136814,0.7290782928,0.0230618231,0.0963402241,0.1053140536,0.0900169834,0.0889930129,0.0000014271,-0.0636810660,0.1369952559,0.0083510680,-0.0638849959,0.0888516307,-0.0056873392,0.0113558425,0.0887992606,0.0010110271
15:24:54:52.996,61,0.0000000000,0.1412519217,0.0164371487,0.0000000000,0.0000000000,0.0494712591,0.0966752917,0.0000000000,0.1410432160,0.1072905809,0.0000000000,0.0000000000,0.0495101810,0.0967583433,0.0741349831,0.0000000000,0.0085383859,0.2935877442,0.2874806821,0.5065392852,0.5196792483,0.0234975908,0.0000000000,0.0000000000,0.0000000000,0.0598567948,0.0061216177,0.0484492481,0.0509192087,0.2967406809,0.2770170569,0.0208456963,0.0418175012,0.0388031676,0.0246715881,0.0351621173,0.0336418264,0.3084490001,0.2836689353,0.0463719852,0.0449332483,0.0000000000,0.0000000000,0.8708926439,0.7268825173,0.7269677520,0.0258475840,0.0956986025,0.1049737036,0.0933964849,0.0948359147,0.0000013618,-0.0648230612,0.1368093938,0.0072128507,-0.0652966350,0.0863428637,-0.0056478749,0.0100035267,0.0862902254,0.0008653408
15:24:54:53.997,61,0.0000000000,0.1302902550,0.0098827071,0.0000000000,0.0000000000,0.0491734594,0.0974703059,0.0000000000,0.1300661415,0.1138089225,0.0000000000,0.0000000000,0.0492160432,0.0975612998,0.0732634589,0.0000000000,0.0061217509,0.3978785574,0.3736737370,0.5231623054,0.5678135753,0.0240190476,0.0000000000,0.0000000000,0.0000000000,0.0854710937,0.0482900217,0.0479037911,0.0503821932,0.3087897003,0.2881760299,0.0213756338,0.0513886698,0.0391916856,0.0243265461,0.0349773765,0.0335764959,0.3086705506,0.2828526497,0.0387778170,0.0375220999,0.0000000000,0.0000000000,0.8699583411,0.7249463201,0.7250611782,0.0270528253,0.0952333584,0.1048663259,0.0946431458,0.0966901258,0.0000013147,-0.0659817755,0.1361706257,0.0073577845,-0.0693022311,0.0796444789,-0.0055267578,0.0060178917,0.0795912445,0.0004799825
15:24:54:54.999,61,0.0000000000,0.1195402518,0.0039918311,0.0000000000,0.0000000000,0.0492744930,0.0976512134,0.0000000000,0.1193107441,0.1195937246,0.0000000000,0.0000000000,0.0493230410,0.0977514014,0.0731397346,0.0000000000,0.0040716385,0.4483112097,0.4060324132,0.5292850733,0.4808619320,0.0245092567,0.0000000000,0.0000000000,0.0000000000,0.0973469466,0.0631293505,0.0477967970,0.0503300093,0.3182036877,0.2970965207,0.0226892103,0.0719075352,0.0391287394,0.0237541180,0.0346240811,0.0333238132,0.3648080230,0.3418136537,0.0341268145,0.0329649970,0.0000000000,0.0000000000,0.8695177436,0.7240236998,0.7241500616,0.0277188607,0.0951127931,0.1051835269,0.0951212421,0.0974133760,0.0000010814,-0.0676536337,0.1319847405,0.0090346187,-0.0728613511,0.0730770230,-0.0053292210,0.0024319727,0.0730232149,0.0001779066
15:24:54:56.000,61,0.0000000000,0.1105647236,0.0000097202,0.0000000000,0.0000000000,0.0495946258,0.0978707969,0.0000000000,0.1103395969,0.1235435233,0.0000000000,0.0000000000,0.0496496260,0.0979795307,0.0733576939,0.0000000000,0.0026304871,0.4702174664,0.4195424020,0.5391647816,0.4413189888,0.0247835480,0.0000000000,0.0000000000,0.0000000000,0.1031952947,0.0707205236,0.0477693751,0.0503344834,0.3225523531,0.3021037281,0.0235407203,0.0783001855,0.0388390571,0.0231197514,0.0341411605,0.0329261683,0.3786291182,0.3564668596,0.0315721408,0.0304926708,0.0000000000,0.0000000000,0.8691674471,0.7233746648,0.7235072255,0.0279789791,0.0950405896,0.1055105478,0.0951966122,0.0975485817,0.0000003975,-0.0688516051,0.1258001626,0.0108878240,-0.0752967522,0.0675944537,-0.0050925496,0.0000059242,0.0675401539,0.0000004007
15:24:54:57.002,61,0.0000000000,0.1054200232,0.0000000000,0.0032512110,0.0000000000,0.0500425957,0.0981500447,0.0000000000,0.1051939651,0.1268286109,0.0000000000,0.0000000000,0.0501033366,0.0982647017,0.0737299100,0.0000000000,0.0016223397,0.4818652868,0.3774926364,0.5481064916,0.3687412739,0.0248492248,0.0000000000,0.0000000000,0.0000000000,0.1064898446,0.0753060952,0.0478709973,0.0504484475,0.3295908868,0.3113642931,0.0242091510,0.0811769292,0.0384191461,0.0225275066,0.0335369371,0.0323893800,0.3847533464,0.3633147776,0.0301799774,0.0291281343,0.0000000000,0.0000000000,0.8686367273,0.7226452231,0.7227797508,0.0278865341,0.0949020088,0.1057506800,0.0949543640,0.0972560644,0.0000002071,-0.0690461621,0.1197848544,0.0121401912,-0.0773149803,0.0644521341,-0.0049850158,-0.0019819352,0.0643975660,-0.0001278084
15:24:54:58.004,61,0.0000000000,0.1022956446,0.0000000000,0.0041056029,0.0000000000,0.0504894219,0.0988439620,0.0000000000,0.1020749062,0.1277408153,0.0000000000,0.0000000000,0.0505562127,0.0989626423,0.0743129104,0.0000000000,0.0007131733,0.4884148538,0.3268228173,0.5594396591,0.2994747758,0.0248858687,0.0000000000,0.0000000000,0.0000000000,0.1153460592,0.0839288756,0.0479567237,0.0505043678,0.3483923972,0.3240356445,0.0245900415,0.0755529404,0.0379146412,0.0220302437,0.0326712914,0.0316924080,0.3880172074,0.3666880727,0.0296881273,0.0286088493,0.0000000000,0.0000000000,0.8646934032,0.7197300196,0.7198556066,0.0274729803,0.0943401754,0.1055559888,0.0940360725,0.0956864432,0.0000000907,-0.0693408325,0.1152478009,0.0122634331,-0.0778804645,0.0625438467,-0.0048723379,-0.0025030752,0.0624890588,-0.0001566186
15:24:54:59.006,61,0.0000000000,0.1001072600,0.0000000000,0.0049771140,0.0000000000,0.0508696102,0.0993220955,0.0000000000,0.0998891741,0.1286456883,0.0000000000,0.0000000000,0.0509421192,0.0994407907,0.0755341202,0.0001930352,0.0000000000,0.4912644625,0.2578056753,0.5628134012,0.2345787585,0.0247618333,0.0000000000,0.0000000000,0.0000000000,0.1178415939,0.0864841342,0.0481105968,0.0506155789,0.3574150503,0.3311875165,0.0246996135,0.0646133274,0.0373263098,0.0216509569,0.0315466523,0.0307412464,0.3897172511,0.3676979244,0.0305656809,0.0290073827,0.0000000000,0.0000000000,0.8556668162,0.7126495838,0.7127487659,0.0265243221,0.0905738994,0.1038708836,0.0907023847,0.0917555243,0.0000000320,-0.0691150129,0.1141697690,0.0113402605,-0.0784386173,0.0612072572,-0.0048020529,-0.0030346632,0.0611523278,-0.0001858081
15:24:55:00.007,61,0.0000000000,0.1013163105,0.0000000000,0.0023725841,0.0000000000,0.0511990450,0.0992500260,0.0000000000,0.1011065766,0.1260393411,0.0000000000,0.0000000000,0.0512753837,0.0993674323,0.0786010548,0.0006220825,0.0000000000,0.4745485485,0.2174834311,0.5340694785,0.2018155456,0.0244558211,0.0000000000,0.0000000000,0.0000000000,0.1025131792,0.0729610696,0.0485254154,0.0509920530,0.3609511852,0.3341333568,0.0245804992,0.0591739081,0.0362993628,0.0212921109,0.0307115149,0.0299667679,0.3986547887,0.3706845641,0.0343821160,0.0320858583,0.0000000000,0.0000000000,0.8461897373,0.7028007507,0.7028799057,0.0255753845,0.0879825130,0.1015719771,0.0867965519,0.0878317207,0.0000000156,-0.0692039877,0.1153672785,0.0097558359,-0.0768459663,0.0619455464,-0.0047616377,-0.0014465544,0.0618906878,-0.0000896427
15:24:55:01.008,61,0.0000000000,0.1044933870,0.0000000000,0.0005686632,0.0000000000,0.0513582826,0.0987244621,0.0000000000,0.1042823717,0.1243146434,0.0000000000,0.0000000000,0.0514361523,0.0988400951,0.0823910236,0.0006867209,0.0000000000,0.4425332546,0.1871851832,0.4940657914,0.1743724346,0.0239894968,0.0000000000,0.0000000000,0.0000000000,0.0667470023,0.0379728302,0.0492375307,0.0517157502,0.3530075550,0.3326316178,0.0243446883,0.0561239012,0.0349683650,0.0209457371,0.0299994312,0.0292751212,0.4169791341,0.3889392912,0.0394239239,0.0365726948,0.0000000000,0.0000000000,0.8398455381,0.6962720156,0.6963442564,0.0247879755,0.0862932801,0.0994637609,0.0840152204,0.0849724188,0.0000000114,-0.0689844936,0.1167205647,0.0087124715,-0.0757851675,0.0638860986,-0.0048435396,-0.0003466691,0.0638313815,-0.0000221585
15:24:55:02.010,61,0.0000000000,0.1068948209,0.0014519728,0.0000000000,0.0000000000,0.0515686385,0.0912514478,0.0000000000,0.1066862047,0.1224070266,0.0000000000,0.0000000000,0.0516467355,0.0913336053,0.0846748799,0.0005359328,0.0000000000,0.3689737916,0.1434846520,0.4637100101,0.1407800317,0.0233935416,0.0000000000,0.0000000000,0.0296620652,0.0054089804,0.0000000000,0.0501251966,0.0527368635,0.3234652579,0.3055748045,0.0239417944,0.0541031286,0.0333226100,0.0205979273,0.0294275377,0.0287078805,0.4450793862,0.4172566831,0.0475269817,0.0442392938,0.0000000000,0.0000000000,0.8331908584,0.6901177764,0.6901814938,0.0240999367,0.0854744166,0.0985636488,0.0825727582,0.0835312158,0.0000000103,-0.0688813776,0.1175414026,0.0081734415,-0.0746151730,0.0653530061,-0.0048787110,0.0008850695,0.0652983487,0.0000578759
15:24:55:03.012,61,0.0000000000,0.1101683676,0.0035426931,0.0000000000,0.0000000000,0.0518587604,0.0816150084,0.0000000000,0.1099606603,0.1203955486,0.0000000000,0.0000000000,0.0519360863,0.0816681609,0.0854595751,0.0001380215,0.0000000000,0.3000719547,0.1265999675,0.4527659118,0.1289338171,0.0226770826,0.0000000000,0.0317351446,0.0518286861,0.0000000000,0.0000000000,0.0506869890,0.0533325672,0.2891633213,0.2747852504,0.0234466288,0.0523064397,0.0323213898,0.0203443319,0.0290577840,0.0283320844,0.4534567893,0.4255602360,0.0562071428,0.0525077507,0.0000000000,0.0000000000,0.8283069730,0.6857749224,0.6858302355,0.0235629492,0.0853681788,0.0984030366,0.0818563029,0.0828388184,0.0000000096,-0.0690939724,0.1161555722,0.0084153814,-0.0733793005,0.0673526749,-0.0049452982,0.0021592092,0.0672981963,0.0001455305
15:24:55:04.013,61,0.0000000000,0.1172893792,0.0066334326,0.0000000000,0.0000000000,0.0522727072,0.0676727369,0.0000000000,0.1170779467,0.1174680442,0.0000000000,0.0000000000,0.0523492135,0.0677208751,0.0850385502,0.0000000000,0.0002869181,0.2520646453,0.1080953404,0.4472551942,0.1220201179,0.0221945662,0.0000000000,0.0922493264,0.1029275283,0.0000000000,0.0000000000,0.0510365665,0.0537190102,0.2729852796,0.2573502958,0.0228848811,0.0495923124,0.0316070504,0.0202376377,0.0288292002,0.0280934069,0.4541144967,0.4259380400,0.0696383789,0.0641546473,0.0000000000,0.0000000000,0.8228491545,0.6799853444,0.6800423861,0.0231158827,0.0872055367,0.1005340964,0.0818533599,0.0828699470,0.0000000045,-0.0693035573,0.1135251820,0.0088649327,-0.0715733916,0.0717027411,-0.0051363888,0.0040417374,0.0716485903,0.0002900806
15:24:55:05.015,61,0.0000000000,0.1252670437,0.0084202085,0.0000000000,0.0000000000,0.0526211672,0.0571402982,0.0000000000,0.1250444353,0.1157941967,0.0000000000,0.0000000000,0.0526964366,0.0571918562,0.0808580145,0.0000000000,0.0007454325,0.2179566324,0.0987964720,0.4428621829,0.1165525690,0.0218852088,0.0000000000,0.1183985621,0.1277461499,0.0000000000,0.0000000000,0.0512803681,0.0539882146,0.2649398446,0.2492474467,0.0223253053,0.0467192531,0.0311797149,0.0202728920,0.0286970101,0.0279457029,0.4220223725,0.3983913660,0.0758762881,0.0697224885,0.0000000000,0.0000000000,0.8176659346,0.6750684381,0.6751268506,0.0227466449,0.0915074423,0.1054166257,0.0828895420,0.0841482505,0.0000000028,-0.0701348931,0.1114258468,0.0092279138,-0.0705280602,0.0765760466,-0.0054068035,0.0051285615,0.0765223056,0.0003932155
15:24:55:06.016,61,0.0000000000,0.1282508224,0.0084324814,0.0000000000,0.0000000000,0.0531603359,0.0462539718,0.0000000000,0.1280211210,0.1156890392,0.0000000000,0.0000000000,0.0532345250,0.0463107601,0.0763904303,0.0000000000,0.0012465529,0.1965413988,0.0938595831,0.3934456408,0.1081025675,0.0215767100,0.0000000000,0.1388400197,0.1475514621,0.0000000000,0.0000000000,0.0515327193,0.0542380325,0.2605592310,0.2448408157,0.0218143743,0.0451013930,0.0308770239,0.0203111563,0.0285924356,0.0278250258,0.4069059193,0.3844212890,0.0786651894,0.0722655803,0.0000000000,0.0000000000,0.8139554262,0.6710084081,0.6710640788,0.0224256534,0.0942100286,0.1078392416,0.0835062638,0.0848451853,0.0000000036,-0.0710880011,0.1108328626,0.0095233275,-0.0704540610,0.0783985630,-0.0055302070,0.0051353099,0.0783450156,0.0004031493
15:24:55:07.018,61,0.0000000000,0.1311417818,0.0083129946,0.0000000000,0.0000000000,0.0538277291,0.0360230170,0.0000000000,0.1309046149,0.1156817675,0.0000000000,0.0000000000,0.0539009571,0.0360791422,0.0725991353,0.0000000000,0.0016604702,0.1822194010,0.0911105797,0.3626211882,0.1023431346,0.0212255921,0.0000000000,0.1484144777,0.1591466814,0.0000000000,0.0000000000,0.0517783053,0.0544687472,0.2580070794,0.2422042489,0.0213797987,0.0439751856,0.0306840818,0.0203581359,0.0284937397,0.0277109332,0.3871556222,0.3674117625,0.0799010172,0.0734651089,0.0000000000,0.0000000000,0.8023424745,0.6634085178,0.6634517312,0.0221200529,0.0956374481,0.1092065945,0.0841041282,0.0854853243,0.0000000043,-0.0721236840,0.1119480878,0.0095756678,-0.0704397932,0.0801643133,-0.0056541460,0.0050618332,0.0801109895,0.0004063765
15:24:55:08.020,61,0.0000000000,0.1334767491,0.0068105031,0.0000000000,0.0000000000,0.0544679724,0.0299163666,0.0000000000,0.1332250684,0.1170553118,0.0000000000,0.0000000000,0.0545402989,0.0299698245,0.0695684552,0.0000000000,0.0019688474,0.1704189926,0.0893704966,0.3408311605,0.0996504128,0.0208822247,0.0000000000,0.1528489441,0.1655355394,0.0000000000,0.0000000000,0.0519574843,0.0546370372,0.2558465004,0.2395070642,0.0210012924,0.0430514850,0.0306372326,0.0204811003,0.0284533501,0.0276568811,0.3733488917,0.3542406559,0.0804657042,0.0741018206,0.0000000000,0.0000000000,0.7833305597,0.6483603716,0.6483873725,0.0218510311,0.0964405313,0.1099766120,0.0848238617,0.0862173662,0.0000000064,-0.0734451413,0.1158019975,0.0094307577,-0.0712679625,0.0815901607,-0.0058227042,0.0041464786,0.0815370232,0.0003388418
15:24:55:09.022,61,0.0000000000,0.1359874606,0.0068674763,0.0000000000,0.0000000000,0.0550968498,0.0253622960,0.0000000000,0.1357299685,0.1169225723,0.0000000000,0.0000000000,0.0551681630,0.0254158359,0.0680029318,0.0000000000,0.0022327455,0.1640746295,0.0879417658,0.3246822059,0.0972058922,0.0206682980,0.0000000000,0.1559796631,0.1694682091,0.0000000000,0.0000000000,0.0521755405,0.0548367314,0.2542007864,0.2373108715,0.0206840467,0.0422712862,0.0306693837,0.0206641220,0.0284525193,0.0276375171,0.3672839701,0.3481035531,0.0808789954,0.0745950341,0.0000000000,0.0000000000,0.7633673549,0.6307810545,0.6308072805,0.0215941910,0.0969723687,0.1104871631,0.0859903172,0.0872754231,0.0000000086,-0.0750971809,0.1204857677,0.0089705549,-0.0711781606,0.0831236914,-0.0059251799,0.0041806358,0.0830707550,0.0003480887
15:24:55:10.023,61,0.0000000000,0.1372988671,0.0073885117,0.0000000000,0.0000000000,0.0558396280,0.0226405319,0.0000000000,0.1370415539,0.1163523495,0.0000000000,0.0000000000,0.0559086576,0.0226935595,0.0671054050,0.0000000000,0.0025069006,0.1611542702,0.0868868232,0.3141600490,0.0948551744,0.0204794426,0.0000000000,0.1596938223,0.1732740253,0.0000000000,0.0000000000,0.0524963215,0.0551425442,0.2532325685,0.2361467928,0.0204127990,0.0416473486,0.0307016075,0.0208446495,0.0284411851,0.0276083685,0.3642328680,0.3450760841,0.0811741278,0.0749865249,0.0000000000,0.0000000000,0.7537634373,0.6193555593,0.6193791032,0.0213280469,0.0973904654,0.1108853072,0.0867799073,0.0880351812,0.0000000110,-0.0758954436,0.1245911792,0.0085444953,-0.0708262846,0.0839248374,-0.0059530288,0.0044975202,0.0838719532,0.0003781015
15:24:55:11.024,61,0.0000000000,0.1376070827,0.0072304020,0.0000000000,0.0000000000,0.0568272360,0.0210500248,0.0000000000,0.1373483837,0.1164306402,0.0000000000,0.0000000000,0.0568938069,0.0211020969,0.0666487217,0.0000000000,0.0027016604,0.1606517881,0.0863502026,0.3089355826,0.0936199874,0.0201371461,0.0000000000,0.1609261632,0.1753838658,0.0000000000,0.0000000000,0.0529022813,0.0555376299,0.2526072562,0.2353759110,0.0201886147,0.0412762910,0.0306511354,0.0209292863,0.0284180436,0.0275738258,0.3629921377,0.3438471854,0.0810008943,0.0749853998,0.0000000000,0.0000000000,0.7492413521,0.6144408584,0.6144629121,0.0210918970,0.0976551846,0.1111539230,0.0872863159,0.0885467008,0.0000000143,-0.0763124228,0.1289039403,0.0083769923,-0.0708728284,0.0841130242,-0.0059703542,0.0044012065,0.0840602145,0.0003708390
15:24:55:12.026,61,0.0000000000,0.1377219409,0.0076918802,0.0000000000,0.0000000000,0.0575848930,0.0201528072,0.0000000000,0.1374660730,0.1159346327,0.0000000000,0.0000000000,0.0576500781,0.0202041268,0.0665725172,0.0000000000,0.0030519015,0.1776128113,0.0856932327,0.3351186514,0.0927392989,0.0196718983,0.0000000000,0.1610045582,0.1764631718,0.0000000000,0.0000000000,0.0533050522,0.0559475534,0.2524216175,0.2351684570,0.0199067257,0.0408597812,0.0305138826,0.0210162289,0.0283644069,0.0275068209,0.3785930872,0.3598069847,0.0813566148,0.0755067095,0.0000000000,0.0000000000,0.7472079992,0.6118831038,0.6119043231,0.0208118092,0.0979232267,0.1115002260,0.0876814649,0.0889994204,0.0000000324,-0.0763415843,0.1316113919,0.0085260188,-0.0705704838,0.0841832757,-0.0059499168,0.0046820845,0.0841304809,0.0003948366
15:24:55:13.027,61,0.0000000000,0.1382246017,0.0083777783,0.0000000000,0.0000000000,0.0582280010,0.0195628032,0.0000000000,0.1379718184,0.1152388304,0.0000000000,0.0000000000,0.0582922958,0.0196140278,0.0672388226,0.0000000000,0.0033883227,0.2020238787,0.0849921033,0.3510273099,0.0919914469,0.0192586873,0.0000000000,0.1603976786,0.1769866049,0.0000000000,0.0000000000,0.0537538119,0.0564335398,0.2527545691,0.2354317755,0.0196134616,0.0404760912,0.0302845743,0.0210748650,0.0282845292,0.0274198800,0.4282873273,0.4064829946,0.0839631185,0.0790010244,0.0000000000,0.0000000000,0.7481434345,0.6111949682,0.6112179756,0.0204796065,0.0981735885,0.1118761823,0.0879910067,0.0894040018,0.0000000374,-0.0754239187,0.1328873038,0.0084666181,-0.0701451153,0.0844904631,-0.0059357965,0.0050994605,0.0844376981,0.0004316111
15:24:55:14.029,61,0.0000000000,0.1387409568,0.0089632282,0.0000000000,0.0000000000,0.0587258600,0.0187995750,0.0000000000,0.1384907514,0.1146244928,0.0000000000,0.0000000000,0.0587891266,0.0188509021,0.0725691840,0.0000000000,0.0037027919,0.2384092659,0.0844158828,0.3566117883,0.0912963077,0.0188890304,0.0000000000,0.1579517573,0.1770463437,0.0000000000,0.0000000000,0.0543159433,0.0570521206,0.2581669986,0.2400639206,0.0193448160,0.0401083864,0.0300146751,0.0211242996,0.0281872582,0.0273203161,0.4489578307,0.4252440929,0.0880495980,0.0837211534,0.0000000000,0.0000000000,0.7510737777,0.6141743064,0.6141994596,0.0200784504,0.0983419046,0.1121922433,0.0882672742,0.0898010656,0.0000000414,-0.0745994672,0.1330468208,0.0083881309,-0.0697692856,0.0848060101,-0.0059262011,0.0054556723,0.0847532898,0.0004634941
15:24:55:15.030,61,0.0000000000,0.1384581625,0.0100034894,0.0000000000,0.0000000000,0.0591732711,0.0180084258,0.0000000000,0.1382154077,0.1135583967,0.0000000000,0.0000000000,0.0592355505,0.0180607215,0.0776307732,0.0000000000,0.0040440047,0.2571721971,0.0840475038,0.3584777713,0.0906834751,0.0184909254,0.0000000000,0.1518227905,0.1764133424,0.0000000000,0.0000000000,0.0549502224,0.0577507317,0.2621102631,0.2440385669,0.0191036258,0.0398030765,0.0297013540,0.0211403146,0.0280706193,0.0271987524,0.4614171088,0.4374810457,0.0899830237,0.0861291438,0.0000000000,0.0000000000,0.7530211210,0.6179888844,0.6180174947,0.0196435656,0.0984098241,0.1124006063,0.0884244516,0.0900881588,0.0000000683,-0.0738241747,0.1314231753,0.0078970511,-0.0691213831,0.0846335664,-0.0058592614,0.0060889400,0.0845808610,0.0005162362
15:24:55:16.032,61,0.0000000000,0.1382461935,0.0108707864,0.0000000000,0.0000000000,0.0593788289,0.0175538454,0.0000000000,0.1380094141,0.1126976982,0.0000000000,0.0000000000,0.0594400279,0.0176058393,0.0864014700,0.0000000000,0.0043443218,0.2821949422,0.0836484060,0.3296570480,0.0884510055,0.0180487968,0.0000000000,0.1416419894,0.1735354364,0.0000000000,0.0000000000,0.0556136817,0.0584988855,0.2736273408,0.2536967695,0.0188919380,0.0394793041,0.0293109920,0.0210892521,0.0279284343,0.0270477533,0.4864248931,0.4635567665,0.0910331085,0.0874200314,0.0000000000,0.0000000000,0.7550641894,0.6250802279,0.6251108050,0.0191955995,0.0976545587,0.1119373739,0.0881947652,0.0899824649,0.0000000538,-0.0728178918,0.1288055480,0.0065966174,-0.0685982257,0.0845043734,-0.0058060666,0.0066169212,0.0844516531,0.0005601380
15:24:55:17.034,61,0.0000000000,0.1377830803,0.0115245050,0.0000000000,0.0000000000,0.0594275631,0.0171109941,0.0000000000,0.1375514716,0.1120597944,0.0000000000,0.0000000000,0.0594877638,0.0171619449,0.0937938243,0.0000000000,0.0046434919,0.3049489558,0.0833774433,0.3196111321,0.0862821490,0.0175550915,0.0000000000,0.1342002600,0.1708295941,0.0000000000,0.0000000000,0.0563229956,0.0594700128,0.2812121809,0.2603329420,0.0187161919,0.0392155610,0.0288616307,0.0209661014,0.0277804621,0.0268811453,0.5075948238,0.4875136018,0.0913601220,0.0879538283,0.0000000000,0.0000000000,0.7567350864,0.6307439804,0.6307750344,0.0187478419,0.0946941674,0.1090476885,0.0876630545,0.0895533636,0.0000000458,-0.0720129684,0.1261409968,0.0055789375,-0.0682115480,0.0842217579,-0.0057539907,0.0070149992,0.0841689780,0.0005918386
15:24:55:18.036,61,0.0000000000,0.1357976198,0.0127324993,0.0000000000,0.0000000000,0.0593769103,0.0167881995,0.0000000000,0.1355780661,0.1108874753,0.0000000000,0.0000000000,0.0594359115,0.0168377683,0.1007679328,0.0000000000,0.0050304551,0.3221370578,0.0831681266,0.3066356778,0.0835358426,0.0171290226,0.0000000000,0.1093098149,0.1489057392,0.0000000000,0.0000000000,0.0569174066,0.0601573177,0.2934605777,0.2717452049,0.0186104383,0.0389092602,0.0284164362,0.0208264384,0.0276290383,0.0267003626,0.5194527507,0.4991444051,0.0912700742,0.0880287290,0.0000000000,0.0000000000,0.7573657036,0.6341139674,0.6341456175,0.0182983037,0.0887688920,0.1020570844,0.0866175443,0.0887224525,0.0000000386,-0.0713559538,0.1227200329,0.0046377024,-0.0675047860,0.0830094218,-0.0056121154,0.0077510951,0.0829565451,0.0006444766
15:24:55:19.037,61,0.0000000000,0.1310397983,0.0127423182,0.0000000000,0.0000000000,0.0592836104,0.0169788171,0.0000000000,0.1308313012,0.1108924896,0.0000000000,0.0000000000,0.0593416989,0.0170270838,0.1100370139,0.0000000000,0.0053454218,0.3375232518,0.0827110037,0.2990854681,0.0796132088,0.0169816725,0.0000000000,0.0905178264,0.1310123652,0.0000000000,0.0000000000,0.0572710484,0.0605479702,0.3114608824,0.2840395272,0.0185421985,0.0384333059,0.0279827081,0.0207094140,0.0274957214,0.0265328325,0.5510857701,0.5252935290,0.0913460851,0.0881667584,0.0000000000,0.0000000000,0.7560884356,0.6357375979,0.6357697845,0.0178392436,0.0831310824,0.0959173888,0.0858129039,0.0879098698,0.0000000709,-0.0697966814,0.1199819222,0.0043485975,-0.0675238222,0.0801032335,-0.0054163039,0.0077589145,0.0800500885,0.0006224254
15:24:55:20.038,61,0.0000000000,0.1247345731,0.0118181696,0.0000000000,0.0000000000,0.0592707880,0.0188037883,0.0000000000,0.1245356128,0.1117891967,0.0000000000,0.0000000000,0.0593286455,0.0188481659,0.1142521054,0.0000000000,0.0053702863,0.3436340392,0.0823747739,0.2957427204,0.0774511844,0.0169936791,0.0000000000,0.0750659108,0.1183435544,0.0000000000,0.0000000000,0.0575249307,0.0608261786,0.3214992583,0.2915568352,0.0185235944,0.0379585475,0.0275854357,0.0206068121,0.0273437705,0.0263570789,0.5603029728,0.5331844091,0.0912858918,0.0881320611,0.0000000000,0.0000000000,0.7527289987,0.6363843083,0.6364169121,0.0174029022,0.0799658969,0.0928532854,0.0850544423,0.0871650428,0.0000005386,-0.0687267631,0.1163232103,0.0055483743,-0.0680903271,0.0762515143,-0.0051980112,0.0071983621,0.0761979967,0.0005495600
15:24:55:21.040,61,0.0000000000,0.1193238571,0.0115055526,0.0000000000,0.0000000000,0.0593058094,0.0220510717,0.0000000000,0.1191361025,0.1120782346,0.0000000000,0.0000000000,0.0593641549,0.0220902506,0.1165496260,0.0000000000,0.0050777951,0.3465312123,0.0821856260,0.2943577766,0.0762089118,0.0170965437,0.0000000000,0.0655826405,0.1117767766,0.0000000000,0.0000000000,0.0577081703,0.0610459484,0.3261013329,0.2949235737,0.0185147449,0.0375766009,0.0272022337,0.0204897430,0.0271790735,0.0261771400,0.5620421171,0.5347626805,0.0910607055,0.0879263356,0.0000000000,0.0000000000,0.7476707697,0.6363860369,0.6364193559,0.0170123465,0.0779839754,0.0910259783,0.0843435153,0.0864738598,0.0000012359,-0.0684869662,0.1134859398,0.0062810262,-0.0682832077,0.0729464144,-0.0049859504,0.0070096785,0.0728925914,0.0005118563
15:24:55:22.042,61,0.0000000000,0.1150954142,0.0117185200,0.0000000000,0.0000000000,0.0594660938,0.0259347614,0.0000000000,0.1149188131,0.1118746251,0.0000000000,0.0000000000,0.0595257953,0.0259711295,0.1178204343,0.0000000000,0.0045406767,0.3464217484,0.0820826665,0.2938714921,0.0753264949,0.0172537640,0.0000000000,0.0607328862,0.1084100157,0.0000000000,0.0000000000,0.0578540675,0.0612388514,0.3295355737,0.2969724536,0.0184952393,0.0372720063,0.0268227011,0.0203545131,0.0269996207,0.0259911697,0.5582036972,0.5299508572,0.0906974897,0.0875789747,0.0000000000,0.0000000000,0.7419783473,0.6360089183,0.6360430717,0.0166636109,0.0766991302,0.0898362771,0.0837254673,0.0859039798,0.0000078049,-0.0683845431,0.1124229282,0.0063611930,-0.0681717321,0.0703636184,-0.0048009842,0.0071407510,0.0703096017,0.0005028880
15:24:55:23.043,61,0.0000000000,0.1116592884,0.0122010186,0.0000000000,0.0000000000,0.0596876331,0.0288328752,0.0000000000,0.1114935353,0.1113412976,0.0000000000,0.0000000000,0.0597489849,0.0288665220,0.1183576360,0.0000000000,0.0039021610,0.3329068422,0.0819510967,0.2939152420,0.0746276602,0.0174620487,0.0000000000,0.0578893237,0.1064293608,0.0000000000,0.0000000000,0.0579598881,0.0613853149,0.3312099576,0.2979657948,0.0184688158,0.0370492749,0.0264603477,0.0202120934,0.0268362518,0.0258262455,0.5504586697,0.5203009248,0.0902753323,0.0871558636,0.0000000000,0.0000000000,0.7371118069,0.6353868842,0.6354222298,0.0163759887,0.0757826939,0.0889987499,0.0831653401,0.0854036883,0.0000128368,-0.0688469633,0.1123344451,0.0061058882,-0.0678566098,0.0682648793,-0.0046358393,0.0074358475,0.0682106614,0.0005079875
15:24:55:24.045,61,0.0000000000,0.1096927226,0.0131005105,0.0000000000,0.0000000000,0.0598878376,0.0308703408,0.0000000000,0.1095362380,0.1104101911,0.0000000000,0.0000000000,0.0599508099,0.0309038740,0.1184408441,0.0000000000,0.0032671136,0.3167205155,0.0818056613,0.2959043682,0.0741096884,0.0177791398,0.0000000000,0.0560305007,0.1048465371,0.0000000000,0.0000000000,0.0580139607,0.0614637956,0.3319267631,0.2982492745,0.0184331350,0.0368840322,0.0261379983,0.0200825464,0.0266885478,0.0256834235,0.5426675081,0.5111562014,0.0898551643,0.0867007151,0.0000000000,0.0000000000,0.7345793247,0.6342148185,0.6342555881,0.0161395296,0.0751336366,0.0883861482,0.0826683715,0.0849543586,0.0000126829,-0.0689614490,0.1138700619,0.0051275142,-0.0672945976,0.0670639202,-0.0045163762,0.0079846885,0.0670096278,0.0005358475
15:24:55:25.046,61,0.0000000000,0.1093692258,0.0145028243,0.0000000000,0.0000000000,0.0600481927,0.0318359807,0.0000000000,0.1092205122,0.1090154052,0.0000000000,0.0000000000,0.0601121970,0.0318708941,0.1160686240,0.0000000000,0.0028317343,0.2944265604,0.0815861002,0.2972947359,0.0736664459,0.0181363858,0.0000000000,0.0551512204,0.1037747785,0.0000000000,0.0000000000,0.0580650270,0.0615120567,0.3274672329,0.2952599227,0.0183964558,0.0367581025,0.0258601606,0.0199671928,0.0265456811,0.0255406983,0.5215646625,0.4902737141,0.0894269794,0.0862018988,0.0000000000,0.0000000000,0.7329410911,0.6318060160,0.6318571568,0.0159376040,0.0747418478,0.0879538134,0.0822034404,0.0844896957,0.0000128700,-0.0681852251,0.1162473559,0.0042447918,-0.0664453506,0.0668667927,-0.0044463179,0.0088395057,0.0668124706,0.0005914618
15:24:55:26.048,61,0.0000000000,0.1110090166,0.0150788035,0.0000000000,0.0000000000,0.0601547435,0.0316315033,0.0000000000,0.1108594388,0.1084668189,0.0000000000,0.0000000000,0.0602195635,0.0316788144,0.1107851341,0.0000000000,0.0024048439,0.2862610221,0.0813024044,0.2976815701,0.0731637776,0.0185990762,0.0000000000,0.0609778613,0.1036110818,0.0000000000,0.0000000000,0.0582799762,0.0617193058,0.3225663304,0.2921772301,0.0183727518,0.0366636887,0.0256364662,0.0198797621,0.0264076106,0.0254000667,0.5043826699,0.4717147946,0.0889865831,0.0856421068,0.0000000000,0.0000000000,0.7320207357,0.6293301582,0.6293947697,0.0157276243,0.0746353641,0.0877975225,0.0817543864,0.0840001628,0.0000088246,-0.0669841692,0.1178025231,0.0039547877,-0.0661065206,0.0678686574,-0.0044901595,0.0091899466,0.0678144172,0.0006241591
15:24:55:27.050,61,0.0000000000,0.1121113971,0.0166362748,0.0000000000,0.0000000000,0.0602747202,0.0298514050,0.0000000000,0.1119671836,0.1069639027,0.0000000000,0.0000000000,0.0603399277,0.0299245343,0.1002699211,0.0000000000,0.0020984425,0.2792850137,0.0815128312,0.2982256413,0.0730251223,0.0189328026,0.0000000000,0.0694230571,0.1041116342,0.0000000000,0.0000000000,0.0585920922,0.0620242395,0.3057411909,0.2826884091,0.0183941033,0.0367437750,0.0255048368,0.0198174808,0.0262502655,0.0252384283,0.4458124936,0.4158146679,0.0874839947,0.0836988688,0.0000000000,0.0000000000,0.7315896153,0.6271772981,0.6272542477,0.0155475447,0.0749701560,0.0880678296,0.0814327672,0.0836213604,0.0000037416,-0.0659660473,0.1182715595,0.0039362959,-0.0651875436,0.0685426667,-0.0044719395,0.0101386989,0.0684884861,0.0006954600
15:24:55:28.051,61,0.0000000000,0.1136109158,0.0181378517,0.0000000000,0.0000000000,0.0604569912,0.0284371246,0.0000000000,0.1134710461,0.1055345982,0.0000000000,0.0000000000,0.0605226904,0.0285281036,0.0896206126,0.0000000000,0.0017926183,0.2707762718,0.0828075632,0.3138682842,0.0733728558,0.0192687344,0.0000000000,0.0723620206,0.1044041812,0.0000000000,0.0000000000,0.0588255487,0.0622395203,0.2918549478,0.2707454264,0.0184226185,0.0368731953,0.0254401006,0.0197702646,0.0260804761,0.0250667948,0.4174949229,0.3879214823,0.0848891735,0.0805463791,0.0000000000,0.0000000000,0.7314292789,0.6258305907,0.6259150505,0.0154299792,0.0761583820,0.0890037119,0.0812316388,0.0833376497,0.0000034756,-0.0649157315,0.1186164543,0.0038186410,-0.0643123984,0.0694593489,-0.0044711819,0.0110531105,0.0694052279,0.0007683620
15:24:55:29.052,61,0.0000000000,0.1148709059,0.0193389263,0.0000000000,0.0000000000,0.0605525970,0.0276108570,0.0000000000,0.1147344559,0.1044151559,0.0000000000,0.0000000000,0.0606182478,0.0277096406,0.0834412426,0.0000000000,0.0016703251,0.2650335133,0.0840941072,0.3346378505,0.0748593584,0.0195250493,0.0000000000,0.0738761872,0.1044382602,0.0000000000,0.0000000000,0.0589699149,0.0623490363,0.2839905620,0.2646653950,0.0184401646,0.0369658917,0.0254386868,0.0197690167,0.0259519555,0.0249286927,0.4037683010,0.3748742044,0.0836114958,0.0789729729,0.0000000000,0.0000000000,0.7312830687,0.6245753169,0.6246624589,0.0153727522,0.0779353157,0.0906035677,0.0812098458,0.0832156017,0.0000026171,-0.0644229800,0.1182436347,0.0036238588,-0.0636267886,0.0702296421,-0.0044727987,0.0117844027,0.0701755211,0.0008283176
15:24:55:30.054,61,0.0000000000,0.1172733232,0.0212636031,0.0000000000,0.0000000000,0.0605789460,0.0268896520,0.0000000000,0.1171419173,0.1026084870,0.0000000000,0.0000000000,0.0606443770,0.0269923266,0.0804410055,0.0000000000,0.0015455503,0.2624660730,0.0871440843,0.3414431512,0.0770102441,0.0197192617,0.0000000000,0.0749285519,0.1046991497,0.0000000000,0.0000000000,0.0591718554,0.0625169203,0.2803516686,0.2617194057,0.0184752177,0.0371387899,0.0254615080,0.0197635032,0.0258459952,0.0248137526,0.3967491388,0.3681285977,0.0819314718,0.0772607103,0.0000000000,0.0000000000,0.7308874130,0.6228622794,0.6229496002,0.0153436242,0.0797262937,0.0923542306,0.0813327283,0.0832525268,0.0000001077,-0.0644229800,0.1182436347,0.0036238588,-0.0625193343,0.0716982409,-0.0044872691,0.0129558779,0.0716442391,0.0009297792
15:24:55:31.056,61,0.0000000000,0.1191330627,0.0227896888,0.0000000000,0.0000000000,0.0604689233,0.0264649019,0.0000000000,0.1190061420,0.1011459604,0.0000000000,0.0000000000,0.0605339371,0.0265689436,0.0786175951,0.0000000000,0.0013894999,0.2609788775,0.0903475806,0.3449737430,0.0794850364,0.0198525023,0.0000000000,0.0755484551,0.1049296930,0.0000000000,0.0000000000,0.0593828373,0.0626949742,0.2783347964,0.2600162923,0.0185161047,0.0373673253,0.0254898313,0.0197418071,0.0257627070,0.0247211885,0.3929157853,0.3644553423,0.0797218755,0.0752542242,0.0000000000,0.0000000000,0.7305318117,0.6218094230,0.6218963265,0.0153548457,0.0807327107,0.0933389440,0.0814467147,0.0833012387,0.0000001079,-0.0643361807,0.1182365119,0.0016112135,-0.0616231523,0.0728352144,-0.0044934140,0.0138845788,0.0727812871,0.0010122927
15:24:55:32.058,61,0.0000000000,0.1208281964,0.0244764667,0.0000000000,0.0000000000,0.0603563115,0.0261935387,0.0000000000,0.1207071766,0.0995379016,0.0000000000,0.0000000000,0.0604207367,0.0262977406,0.0774190277,0.0000000000,0.0012655765,0.2600975335,0.0950400531,0.3470845222,0.0832199752,0.0198427569,0.0000000000,0.0760622025,0.1052420735,0.0000000000,0.0000000000,0.0596046224,0.0628802702,0.2772546709,0.2591045499,0.0185665917,0.0376610309,0.0255409982,0.0197085645,0.0256983619,0.0246475525,0.3897346258,0.3619481325,0.0770353153,0.0729653835,0.0000000000,0.0000000000,0.7303450108,0.6209015846,0.6209880114,0.0154032791,0.0816299021,0.0942353755,0.0815880746,0.0833940357,0.0000000673,-0.0642911792,0.1191120446,0.0001873204,-0.0606388263,0.0738718435,-0.0044848882,0.0149111096,0.0738179609,0.0011026703
15:24:55:33.059,61,0.0000000000,0.1225676462,0.0261237174,0.0000000000,0.0000000000,0.0601971112,0.0257647913,0.0000000000,0.1224524155,0.0979844108,0.0000000000,0.0000000000,0.0602606237,0.0258684959,0.0764655694,0.0000000000,0.0011858316,0.2593846321,0.0994675606,0.3481217921,0.0874476731,0.0196488444,0.0000000000,0.0763838813,0.1055265814,0.0000000000,0.0000000000,0.0597849526,0.0630295351,0.2763582766,0.2583532333,0.0186286923,0.0379964635,0.0256064255,0.0196641088,0.0256582890,0.0245933533,0.3841248155,0.3583800793,0.0742155313,0.0706970021,0.0000000000,0.0000000000,0.7299168706,0.6196854711,0.6197735071,0.0154808862,0.0824171603,0.0950135067,0.0817845389,0.0835507065,0.0000000516,-0.0640621707,0.1207825691,-0.0012419921,-0.0596877001,0.0749356300,-0.0044784364,0.0159133598,0.0748818293,0.0011938027
15:24:55:34.061,61,0.0000000000,0.1239630058,0.0274422280,0.0000000000,0.0000000000,0.0600393265,0.0252522770,0.0000000000,0.1238527223,0.0967226326,0.0000000000,0.0000000000,0.0601018518,0.0253552794,0.0756728426,0.0000000000,0.0011040008,0.2588312626,0.1053355411,0.3485926390,0.0915540010,0.0193935111,0.0000000000,0.0765597299,0.1056989059,0.0000000000,0.0000000000,0.0599357337,0.0631514192,0.2756441534,0.2577504516,0.0187216438,0.0384077244,0.0256814398,0.0195965338,0.0256303381,0.0245529637,0.3787544966,0.3542404473,0.0712283179,0.0681366175,0.0000000000,0.0000000000,0.7299253941,0.6191325188,0.6192213893,0.0155845368,0.0832469016,0.0957981274,0.0820099711,0.0837499946,0.0000000510,-0.0635960549,0.1225225031,-0.0021163989,-0.0589152761,0.0757890716,-0.0044710864,0.0167154614,0.0757353082,0.0012683168
15:24:55:35.062,61,0.0000000000,0.1249485463,0.0281266533,0.0000000000,0.0000000000,0.0598958842,0.0243595727,0.0000000000,0.1248404086,0.0960710272,0.0000000000,0.0000000000,0.0599577501,0.0244600531,0.0749643072,0.0000000000,0.0010416077,0.2584116161,0.1093549579,0.3490479887,0.0949642211,0.0191388726,0.0000000000,0.0765736103,0.1057108790,0.0000000000,0.0000000000,0.0600300618,0.0632173941,0.2750032544,0.2572203279,0.0188146513,0.0388088524,0.0257615168,0.0195292458,0.0256087668,0.0245196801,0.3754681051,0.3515040874,0.0694273561,0.0665107816,0.0000000000,0.0000000000,0.7300761342,0.6189520955,0.6190413237,0.0156888478,0.0841645226,0.0966909304,0.0823120847,0.0840328038,0.0000000528,-0.0630294085,0.1241485700,-0.0025665066,-0.0585156903,0.0763916746,-0.0044762422,0.0171315689,0.0763379559,0.0013102704
15:24:55:36.066,61,0.0000000000,0.1257037967,0.0289200470,0.0000000000,0.0000000000,0.0596912093,0.0236604605,0.0000000000,0.1255988777,0.0953131318,0.0000000000,0.0000000000,0.0597524308,0.0237591881,0.0743560717,0.0000000000,0.0010694712,0.2582781017,0.1121222526,0.3498279154,0.0980300605,0.0188478921,0.0000000000,0.0763176382,0.1054852679,0.0000000000,0.0000000000,0.0600644872,0.0632178038,0.2744537890,0.2568080425,0.0188956987,0.0391688868,0.0258423518,0.0194726456,0.0255887192,0.0244865287,0.3737118244,0.3500304818,0.0682757497,0.0654509813,0.0000000000,0.0000000000,0.7304689884,0.6192321181,0.6193212271,0.0157742612,0.0849378631,0.0974607915,0.0826674849,0.0843813643,0.0000000514,-0.0626439676,0.1251934171,-0.0029624391,-0.0580519997,0.0768536925,-0.0044677760,0.0176141895,0.0768000260,0.0013553654
15:24:55:37.064,61,0.0000000000,0.1262893230,0.0299645960,0.0000000000,0.0000000000,0.0594408810,0.0230262689,0.0000000000,0.1261894107,0.0943047032,0.0000000000,0.0000000000,0.0595014393,0.0231227260,0.0738819093,0.0000000000,0.0010520776,0.2586992085,0.1161796749,0.3527366221,0.1022682264,0.0185498856,0.0000000000,0.0757146403,0.1050310731,0.0000000000,0.0000000000,0.0600892119,0.0632151365,0.2739935517,0.2564179301,0.0189817809,0.0395757817,0.0259122699,0.0194067527,0.0255780555,0.0244673993,0.3727707565,0.3491854668,0.0673314035,0.0645699799,0.0000000000,0.0000000000,0.7310209870,0.6198375225,0.6199244857,0.0158546232,0.0856094509,0.0981403217,0.0830083191,0.0847350731,0.0000000537,-0.0620289929,0.1256793737,-0.0030423757,-0.0574362092,0.0772123113,-0.0044411439,0.0182498824,0.0771586373,0.0014108580
15:24:55:38.066,61,0.0000000000,0.1269286573,0.0308697820,0.0000000000,0.0000000000,0.0591196157,0.0224893503,0.0000000000,0.1268328875,0.0934449285,0.0000000000,0.0000000000,0.0591794588,0.0225825682,0.0735820085,0.0000000000,0.0009798049,0.2713829577,0.1274013668,0.3604467213,0.1132895425,0.0181665011,0.0000000000,0.0694032237,0.1018943116,0.0000000000,0.0000000000,0.0600998662,0.0632008165,0.2737024128,0.2561364770,0.0190874841,0.0400959700,0.0259838365,0.0193300731,0.0255778320,0.0244668815,0.3722485602,0.3486771882,0.0661706254,0.0637195930,0.0000000000,0.0000000000,0.7317451835,0.6204947829,0.6205803156,0.0159416776,0.0861735865,0.0987389460,0.0833724365,0.0851341188,0.0000000649,-0.0617444217,0.1260536015,-0.0033290954,-0.0569108389,0.0776036978,-0.0044229613,0.0188006163,0.0775500461,0.0014608314
15:24:55:39.068,61,0.0000000000,0.1270932257,0.0314713009,0.0000000000,0.0000000000,0.0587151833,0.0221409705,0.0000000000,0.1270007044,0.0928535089,0.0000000000,0.0000000000,0.0587748103,0.0222301055,0.0734892040,0.0000000000,0.0006804204,0.2947511375,0.1366088241,0.3971655071,0.1309858859,0.0178510118,0.0000000000,0.0584942028,0.0954650789,0.0000000000,0.0000000000,0.0600936115,0.0631827712,0.2738847136,0.2561042011,0.0191543531,0.0407100767,0.0260439478,0.0192558821,0.0256205183,0.0245221239,0.3755351603,0.3494091928,0.0653173327,0.0629899278,0.0000000000,0.0000000000,0.7325928211,0.6218567491,0.6219351888,0.0160690378,0.0865934491,0.0992711261,0.0838194117,0.0856646225,0.0000000691,-0.0615026690,0.1266422570,-0.0041234563,-0.0565501973,0.0777047724,-0.0044007110,0.0191668086,0.0776511356,0.0014912304
15:24:55:40.069,61,0.0000000000,0.1262994856,0.0321254060,0.0000000000,0.0000000000,0.0582216233,0.0224614330,0.0000000000,0.1262120306,0.0921804160,0.0000000000,0.0000000000,0.0582814962,0.0225464702,0.0737359375,0.0000000000,0.0002015745,0.3242692053,0.1407153904,0.4199400842,0.1390823126,0.0176431146,0.0000000000,0.0399554893,0.0811745450,0.0000000000,0.0000000000,0.0600276254,0.0631292015,0.2775582969,0.2568918467,0.0191834774,0.0412348062,0.0260931030,0.0192173887,0.0256624557,0.0245849062,0.3933056593,0.3592386544,0.0647754893,0.0625287443,0.0000000000,0.0000000000,0.7345385551,0.6265390515,0.6266098619,0.0161865856,0.0866968110,0.0995189697,0.0841867253,0.0861550793,0.0000000595,-0.0610106476,0.1277185529,-0.0050068377,-0.0561423711,0.0772204548,-0.0043416680,0.0195659082,0.0771667734,0.0015127445
15:24:55:41.072,61,0.0000000000,0.1240587756,0.0324257165,0.0000000000,0.0000000000,0.0576834306,0.0259177815,0.0000000000,0.1239764020,0.0918587595,0.0000000000,0.0000000000,0.0577438399,0.0259809755,0.0747579262,0.0001108549,0.0000000000,0.3923074305,0.1499772519,0.4740869999,0.1494415104,0.0173468050,0.0000000000,0.0182656981,0.0617282279,0.0000000000,0.0000000000,0.0598740578,0.0630069450,0.3019271493,0.2790904343,0.0192239471,0.0415698625,0.0261774249,0.0192380063,0.0256730020,0.0246050060,0.4104070663,0.3786066771,0.0644456744,0.0622599609,0.0000000000,0.0000000000,0.7402941585,0.6356377006,0.6356996894,0.0162115805,0.0865551308,0.0995215848,0.0843975097,0.0865393281,0.0000000506,-0.0603542030,0.1284396499,-0.0061630169,-0.0559523217,0.0758518130,-0.0042499993,0.0197508838,0.0757980049,0.0014998526
15:24:55:42.072,61,0.0000000000,0.1208963618,0.0322659165,0.0000000000,0.0000000000,0.0571655855,0.0301188547,0.0000000000,0.1208176836,0.0920269340,0.0000000000,0.0000000000,0.0572270155,0.0301648900,0.0815155283,0.0002665701,0.0000000000,0.4388797879,0.1793727130,0.4980328381,0.1703906357,0.0169092584,0.0000000000,0.0000000000,0.0257698689,0.0069583356,0.0000000000,0.0596140623,0.0627941191,0.3191641867,0.2987776101,0.0193467531,0.0418753736,0.0263456553,0.0193133242,0.0256833415,0.0246080756,0.4235136211,0.3948048055,0.0641077757,0.0620055199,0.0000000000,0.0000000000,0.7440664768,0.6433742046,0.6434384584,0.0161974467,0.0863222033,0.0994439423,0.0847114027,0.0870498493,0.0000000344,-0.0591720268,0.1287606657,-0.0072822534,-0.0560628548,0.0739196688,-0.0041495147,0.0196563955,0.0738656893,0.0014544849
15:24:55:43.074,61,0.0000000000,0.1151501238,0.0313193984,0.0000000000,0.0000000000,0.0567252897,0.0332320184,0.0000000000,0.1150747836,0.0929756984,0.0000000000,0.0000000000,0.0567882508,0.0332708247,0.0911545977,0.0003483040,0.0000000000,0.4850764871,0.2341149896,0.5575004220,0.2256747782,0.0165588763,0.0000000000,0.0000000000,0.0047090789,0.0539394468,0.0000000000,0.0592335314,0.0624467768,0.3332370818,0.3118745685,0.0196649395,0.0424825735,0.0266632996,0.0194207020,0.0257386900,0.0246519614,0.4349883497,0.4066100717,0.0634937063,0.0614884272,0.0000000000,0.0000000000,0.7477301955,0.6487745047,0.6488487124,0.0162373092,0.0860347301,0.0993296355,0.0852839723,0.0883456022,0.0000000208,-0.0574712716,0.1279540807,-0.0079193376,-0.0566552095,0.0704083517,-0.0039934460,0.0190846138,0.0703540444,0.0013448171
15:24:55:44.076,61,0.0000000000,0.1070846021,0.0295979362,0.0000000000,0.0000000000,0.0564109012,0.0348018594,0.0000000000,0.1070125997,0.0947965011,0.0000000000,0.0000000000,0.0564764962,0.0348388739,0.0948223919,0.0005051086,0.0000000000,0.5269958377,0.2903398275,0.6153641343,0.2968547940,0.0166898016,0.0000000000,0.0000000000,0.0000000000,0.1009379476,0.0563081950,0.0585710220,0.0618368126,0.3433400393,0.3204075098,0.0202068910,0.0449493863,0.0271550212,0.0195535235,0.0258223303,0.0247215107,0.4396619499,0.4115880728,0.0612424985,0.0596499629,0.0000000000,0.0000000000,0.7500165701,0.6513211131,0.6514002085,0.0164082795,0.0856929496,0.0992273241,0.0874058679,0.0914006531,0.0000000322,-0.0560771450,0.1262746006,-0.0080417637,-0.0577840731,0.0654797330,-0.0037869760,0.0180416759,0.0654249266,0.0011819979
15:24:55:45.078,61,0.0000000000,0.1026641130,0.0287916027,0.0000000000,0.0000000000,0.0562912449,0.0353239737,0.0000000000,0.1025949940,0.0957087800,0.0000000000,0.0000000000,0.0563604981,0.0353627540,0.0972912982,0.0008116624,0.0000000000,0.5468509197,0.3305350840,0.6386786103,0.3359460831,0.0171591155,0.0000000000,0.0000000000,0.0000000000,0.1241340116,0.0784793273,0.0573301725,0.0604979061,0.3504677713,0.3253808022,0.0212823953,0.0495834500,0.0277665760,0.0196749605,0.0259401370,0.0248283781,0.4421908557,0.4143392444,0.0578032807,0.0564497411,0.0000000000,0.0000000000,0.7514597774,0.6525671482,0.6526520848,0.0166888293,0.0854069293,0.0991887227,0.0904098526,0.0947617590,0.0000000612,-0.0551342182,0.1250569075,-0.0080260681,-0.0583502650,0.0627787039,-0.0036658766,0.0175532084,0.0627236143,0.0011023900
15:24:55:46.079,61,0.0001605605,0.1039018929,0.0299293902,0.0000000000,0.0000000000,0.0565173551,0.0292027127,0.0001596419,0.1038359702,0.0946659595,0.0000000000,0.0000000000,0.0565918572,0.0292465482,0.0988588184,0.0012077836,0.0000000000,0.5564473271,0.3566496074,0.6520589590,0.3826442063,0.0179320015,0.0000000000,0.0000000000,0.0000000000,0.1359458119,0.0908040479,0.0560961440,0.0591629669,0.3537609279,0.3278720677,0.0223973002,0.0544038862,0.0284467954,0.0197819266,0.0261192843,0.0249977708,0.4437685013,0.4161456525,0.0552946255,0.0539609529,0.0000000000,0.0000000000,0.7528845072,0.6528757215,0.6529685855,0.0170409065,0.0853010342,0.0992639512,0.0939106345,0.0982632115,0.0000000663,-0.0545180775,0.1253598928,-0.0080020307,-0.0577117242,0.0635356978,-0.0036696424,0.0182460081,0.0634806305,0.0011597616
15:24:55:47.081,61,0.0097066807,0.1059406027,0.0307929330,0.0000000000,0.0000000000,0.0570970476,0.0127555756,0.0096102608,0.1058756784,0.0938058570,0.0000000000,0.0000000000,0.0571876615,0.0128757041,0.0999226943,0.0016648858,0.0000000000,0.5616316199,0.3686660528,0.6583585739,0.3991957307,0.0187519547,0.0000000000,0.0000000000,0.0000000000,0.1418328136,0.0969896391,0.0549744256,0.0579548366,0.3555165231,0.3291752636,0.0236503519,0.0575326867,0.0293776132,0.0199104417,0.0263377856,0.0252061561,0.4441448152,0.4166926146,0.0534398854,0.0520213470,0.0000000000,0.0000000000,0.7541266084,0.6524812579,0.6526009440,0.0174214933,0.0852622837,0.0993673727,0.0960982591,0.1004840881,0.0000000703,-0.0546022132,0.1281643361,-0.0080738850,-0.0571828000,0.0647817999,-0.0037075577,0.0187709536,0.0647268519,0.0012166123
15:24:55:48.083,61,0.0354198813,0.1114680320,0.0333448723,0.0000000000,0.0000000000,0.0580540076,0.0000000000,0.0353209004,0.1114072204,0.0914289355,0.0000000000,0.0000000000,0.0581628792,0.0000000000,0.1003228202,0.0020412873,0.0000000000,0.5627256632,0.3792229593,0.6561709642,0.4134855866,0.0194593538,0.0000000000,0.0000000000,0.0000000000,0.1425211877,0.0996770114,0.0542004444,0.0571377240,0.3559274971,0.3294211030,0.0248530023,0.0615654066,0.0306043085,0.0200368911,0.0266194157,0.0254868753,0.4223628640,0.3968153000,0.0512830503,0.0499728397,0.0000000000,0.0000000000,0.7543658018,0.6436167955,0.6438439488,0.0178885702,0.0854729190,0.0996885821,0.0990349203,0.1036782935,0.0000000776,-0.0544009432,0.1328147501,-0.0078802360,-0.0557213463,0.0681607574,-0.0038019149,0.0203220136,0.0681060404,0.0013860995
15:24:55:49.085,61,0.0608593002,0.1250106543,0.0384518020,0.0000000000,0.0000000000,0.0590434447,0.0000000000,0.0607831590,0.1249591932,0.0865875557,0.0000000000,0.0000000000,0.0591656156,0.0000000000,0.1003780365,0.0022923690,0.0000000000,0.5611353517,0.4158086181,0.6242897511,0.4357588589,0.0201800205,0.0000000000,0.0000000000,0.0000000000,0.1285827309,0.0950908214,0.0536128581,0.0565137714,0.3556580245,0.3292658925,0.0261201411,0.0674609691,0.0316240229,0.0200857390,0.0269325357,0.0258033480,0.4157339931,0.3904393017,0.0478114076,0.0466832407,0.0000000000,0.0000000000,0.7495100498,0.6237741709,0.6241794229,0.0184092838,0.0858713984,0.1000697464,0.1028924286,0.1076493412,0.0000000614,-0.0529157668,0.1385846287,-0.0074041006,-0.0527391620,0.0764397234,-0.0040373430,0.0234204028,0.0763856620,0.0017923047
15:24:55:50.086,61,0.0747160539,0.1365102679,0.0452153571,0.0000000000,0.0000000000,0.0609557852,0.0000000000,0.0746297538,0.1364868581,0.0801330954,0.0000000000,0.0000000000,0.0610976182,0.0000000000,0.0998107195,0.0025452760,0.0000000000,0.5534299612,0.4579862952,0.6105149388,0.4563260972,0.0211107880,0.0000000000,0.0000000000,0.0000000000,0.1188329458,0.0875975043,0.0531419106,0.0560042076,0.3541721702,0.3282335997,0.0275079012,0.0752563030,0.0324299447,0.0200157911,0.0272368677,0.0261126943,0.4007235467,0.3779462576,0.0430356301,0.0420781411,0.0000000000,0.0000000000,0.7405804396,0.6086066961,0.6091898680,0.0190109536,0.0882493034,0.1014350355,0.1062062308,0.1106838882,0.0000000647,-0.0504542366,0.1442746818,-0.0057082488,-0.0487803482,0.0834745988,-0.0040797633,0.0275244899,0.0834210515,0.0023011682
15:24:55:51.088,61,0.0805010647,0.1387870908,0.0512212254,0.0000000000,0.0000000000,0.0622152239,0.0000000000,0.0804105327,0.1387994885,0.0744167641,0.0000000000,0.0000000000,0.0623687021,0.0000000000,0.0988002270,0.0029220064,0.0000000000,0.5400061607,0.4846890271,0.5837803483,0.4966004193,0.0228772666,0.0000000000,0.0000000000,0.0000000000,0.1114943102,0.0787354410,0.0527276844,0.0555627011,0.3490800560,0.3215554357,0.0291176811,0.0845415816,0.0331821255,0.0198592488,0.0275778193,0.0264634732,0.3901548684,0.3684219420,0.0382885002,0.0375715196,0.0000000000,0.0000000000,0.7257378101,0.5934564471,0.5942701697,0.0199750718,0.0911400914,0.1031871364,0.1086043715,0.1131667122,0.0000009691,-0.0469250903,0.1495624483,-0.0034430844,-0.0452952012,0.0848750398,-0.0038523537,0.0311768502,0.0848215371,0.0026503929
15:24:55:52.089,61,0.0818671435,0.1366043985,0.0544263870,0.0000000000,0.0000000000,0.0630151331,0.0000000000,0.0817288160,0.1366384774,0.0712694228,0.0000000000,0.0000000000,0.0631739125,0.0000000000,0.0981245264,0.0037820367,0.0000000000,0.5351922512,0.5185313821,0.5428975821,0.5221070051,0.0262115058,0.0000000000,0.0000000000,0.0000000000,0.1087005660,0.0756996125,0.0522894077,0.0551024564,0.3461710215,0.3161060810,0.0328347869,0.0948763043,0.0343036614,0.0196576528,0.0279354453,0.0268401112,0.3624534309,0.3406966329,0.0330524258,0.0324880816,0.0000000000,0.0000000000,0.7205832601,0.5877359509,0.5886346102,0.0223493166,0.0924805626,0.1040970907,0.1098646447,0.1144864112,0.0000057158,-0.0429016091,0.1545111686,-0.0002095257,-0.0433843620,0.0835464969,-0.0036319122,0.0331314616,0.0834928155,0.0027721706
15:24:55:53.091,61,0.0786201805,0.1341315806,0.0580486320,0.0000000000,0.0000000000,0.0635555834,0.0000000000,0.0784593448,0.1341896355,0.0676229373,0.0000000000,0.0000000000,0.0637170300,0.0000000000,0.0977719501,0.0065954789,0.0000000000,0.5503597856,0.5783084631,0.4694002271,0.5792622566,0.0299542323,0.0000000000,0.0000000000,0.0000000000,0.1080194488,0.0746778250,0.0519854538,0.0547903627,0.3410697877,0.3084909916,0.0465917885,0.1157333106,0.0361721478,0.0194313694,0.0283960607,0.0273155347,0.3282133639,0.3066509068,0.0278885271,0.0273375306,0.0000000000,0.0000000000,0.7178504467,0.5848492980,0.5858016014,0.0269625634,0.0934388041,0.1047572568,0.1103389114,0.1150161549,0.0000096360,-0.0389093868,0.1583121568,0.0038950655,-0.0411697216,0.0820414722,-0.0033842539,0.0353408791,0.0819876343,0.0029034123
15:24:55:54.091,61,0.0732104406,0.1336440444,0.0630137250,0.0000000000,0.0000000000,0.0637815371,0.0000000000,0.0730588064,0.1337331384,0.0626955405,0.0000000000,0.0000000000,0.0639430061,0.0000000000,0.0977080241,0.0090366341,0.0000000000,0.5646209121,0.5969637036,0.4383823872,0.5968505740,0.0318997726,0.0000000000,0.0000000000,0.0000000000,0.1080482379,0.0744509399,0.0516847782,0.0544929132,0.3319222629,0.3000552952,0.0552640818,0.1248774752,0.0377351604,0.0191929489,0.0288804993,0.0278131869,0.3144340217,0.2928267717,0.0245415736,0.0240084901,0.0000000000,0.0000000000,0.7161173820,0.5831510425,0.5841428638,0.0296732597,0.0940856636,0.1051661149,0.1104130968,0.1151503325,0.0000182214,-0.0346191302,0.1616372615,0.0080842730,-0.0381707400,0.0817526132,-0.0031267591,0.0383646376,0.0816987604,0.0031405548
15:24:55:55.094,61,0.0711984262,0.1358127296,0.0668105856,0.0000000000,0.0000000000,0.0638953447,0.0000000000,0.0710469633,0.1359256953,0.0589092970,0.0000000000,0.0000000000,0.0640558079,0.0000000000,0.0973050669,0.0112596629,0.0000000000,0.5684472919,0.5950248241,0.4176924825,0.6035646200,0.0330894589,0.0000000000,0.0000000000,0.0000000000,0.1075264663,0.0732411370,0.0513641462,0.0541859232,0.3191474080,0.2884958982,0.0590507947,0.1291894913,0.0387251079,0.0189272966,0.0293602441,0.0283048339,0.2943841219,0.2746137679,0.0225082245,0.0220126696,0.0000000000,0.0000000000,0.7139405012,0.5811601877,0.5822510719,0.0316967666,0.0947365910,0.1056369618,0.1103772670,0.1152253449,0.0000222075,-0.0310436878,0.1643509418,0.0122183384,-0.0358616151,0.0830858275,-0.0029858183,0.0406718217,0.0830321163,0.0033839033
15:24:55:56.095,61,0.0701229945,0.1385278553,0.0694335029,0.0000000000,0.0000000000,0.0639558285,0.0000000000,0.0699701682,0.1386582255,0.0562148504,0.0000000000,0.0000000000,0.0641144812,0.0000000000,0.0936311334,0.0128372461,0.0000000000,0.5513375401,0.5704015493,0.4077858031,0.6019091606,0.0338585712,0.0000000000,0.0000000000,0.0000000000,0.1004745960,0.0638905317,0.0510395244,0.0538860373,0.3134347498,0.2835426033,0.0610989816,0.1311885864,0.0395100005,0.0186520163,0.0298282020,0.0287866667,0.2747795284,0.2556110919,0.0211607106,0.0206830632,0.0000000000,0.0000000000,0.7122293711,0.5795099735,0.5806925893,0.0334643051,0.0954599530,0.1062130779,0.1103951186,0.1153881699,0.0000200516,-0.0280060247,0.1667040884,0.0153637072,-0.0342165418,0.0847512186,-0.0029062813,0.0422626548,0.0846976638,0.0035870490
15:24:55:57.097,61,0.0698880255,0.1426514536,0.0712505430,0.0000000000,0.0000000000,0.0639746860,0.0000000000,0.0697359964,0.1427948326,0.0543644279,0.0000000000,0.0000000000,0.0641307235,0.0000000000,0.0859807283,0.0136628579,0.0000000000,0.5182405114,0.5378050804,0.4141113162,0.6014812589,0.0342269875,0.0000000000,0.0000000000,0.0000000000,0.0971576571,0.0602024570,0.0506947711,0.0535524152,0.3098399043,0.2809591293,0.0617939495,0.1281911284,0.0402021892,0.0184433330,0.0303386077,0.0292955209,0.2632768452,0.2448549122,0.0202753581,0.0198098719,0.0000000000,0.0000000000,0.6974306107,0.5605299473,0.5619507432,0.0350031480,0.0962029546,0.1068437323,0.1106612161,0.1158389375,0.0000168974,-0.0253334418,0.1693042964,0.0179527868,-0.0330830365,0.0872762799,-0.0028941815,0.0433592312,0.0872229934,0.0037903367
15:24:55:58.099,61,0.0699525252,0.1460400373,0.0725389645,0.0000000000,0.0000000000,0.0638831928,0.0000000000,0.0697996914,0.1461930573,0.0531525277,0.0000000000,0.0000000000,0.0640355274,0.0000000000,0.0699130148,0.0137975775,0.0000000000,0.4416343570,0.4517250061,0.4878597856,0.5675766468,0.0340510868,0.0000000000,0.0000000000,0.0000000000,0.0801650062,0.0457148291,0.0502938665,0.0531467199,0.3079235852,0.2798797786,0.0517471358,0.0963939875,0.0406268984,0.0183019917,0.0307518188,0.0296867993,0.2578215897,0.2397787720,0.0199479442,0.0194967370,0.0000000000,0.0000000000,0.6773630381,0.5322458744,0.5336071849,0.0358690172,0.0968337879,0.1073833480,0.1114063784,0.1178297773,0.0000083629,-0.0229977500,0.1728695333,0.0197375100,-0.0323395915,0.0893510953,-0.0028967797,0.0441352092,0.0892979726,0.0039503910
15:24:55:59.100,61,0.0703237057,0.1536103636,0.0767261535,0.0000000000,0.0000000000,0.0635222048,0.0000000000,0.0701722726,0.1537959129,0.0490454882,0.0000000000,0.0000000000,0.0636690855,0.0000000000,0.0635790825,0.0119443368,0.0000000000,0.4194017649,0.3644593358,0.5270152092,0.4738988578,0.0277340598,0.0000000000,0.0000000000,0.0000000000,0.0628434494,0.0297775045,0.0500224940,0.0528593361,0.3069545627,0.2816545665,0.0411932804,0.0786498338,0.0407422073,0.0183036756,0.0309916735,0.0298817456,0.2651722431,0.2455256432,0.0226240195,0.0224109571,0.0000000000,0.0000000000,0.6611626148,0.5176877975,0.5188807845,0.0358924158,0.0971494764,0.1076469198,0.1120332256,0.1189178526,0.0000034828,-0.0206802599,0.1778490096,0.0213906821,-0.0298280232,0.0939905122,-0.0028114119,0.0466629937,0.0939377844,0.0043947343
15:24:56:00.103,61,0.0708944798,0.1615389585,0.0810996294,0.0000000000,0.0000000000,0.0629325956,0.0000000000,0.0707453266,0.1617615670,0.0448122807,0.0000000000,0.0000000000,0.0630735829,0.0000000000,0.0606699958,0.0107005853,0.0000000000,0.4126739502,0.2877025008,0.5432350039,0.3649758399,0.0221729111,0.0000000000,0.0000000000,0.0000000000,0.0570109412,0.0243683010,0.0499008037,0.0526950993,0.3067210019,0.2841770947,0.0348038785,0.0666896030,0.0406682305,0.0184785798,0.0310783349,0.0299181715,0.2818259299,0.2570130527,0.0341509841,0.0343283676,0.0000000000,0.0000000000,0.6484979391,0.5085042715,0.5095834136,0.0339822173,0.0969793871,0.1074481457,0.1122194827,0.1193715557,0.0000008928,-0.0188592393,0.1816918999,0.0231867190,-0.0272406936,0.0988513082,-0.0027012432,0.0492997468,0.0987989753,0.0048846570
15:24:56:01.103,61,0.0709850565,0.1676467955,0.0853312239,0.0000000000,0.0000000000,0.0618644804,0.0000000000,0.0708376765,0.1679068059,0.0407170877,0.0000000000,0.0000000000,0.0619892478,0.0000000000,0.0595531091,0.0097840130,0.0000000000,0.4136379957,0.2297471911,0.5486139059,0.2653507888,0.0191730782,0.0000000000,0.0000000000,0.0000000000,0.0540382676,0.0215144660,0.0498247109,0.0525708459,0.3080836833,0.2887469828,0.0305636115,0.0568370372,0.0403179303,0.0187170468,0.0309605971,0.0297362059,0.3036408126,0.2752911150,0.0456058010,0.0452826060,0.0000000000,0.0000000000,0.6417484879,0.5044087172,0.5054435730,0.0308137853,0.0940795839,0.1044369489,0.1111717522,0.1186330691,0.0000001229,-0.0162384231,0.1854330003,0.0255010109,-0.0247419085,0.1025999486,-0.0025471984,0.0518525280,0.1025479138,0.0053336457
15:24:56:02.104,61,0.0710550621,0.1717412025,0.0897126421,0.0000000000,0.0000000000,0.0605953746,0.0000000000,0.0709098876,0.1720402241,0.0363377146,0.0000000000,0.0000000000,0.0607009009,0.0000000000,0.0634272546,0.0086395722,0.0000000000,0.4174310267,0.2041761577,0.5325282216,0.2292881012,0.0171484742,0.0000000000,0.0000000000,0.0000000000,0.0526009910,0.0201125126,0.0497750901,0.0524721332,0.3111651540,0.2972375453,0.0282672308,0.0502708703,0.0398985222,0.0190482829,0.0307514798,0.0294430610,0.3151490986,0.2874949276,0.0552834347,0.0547984019,0.0000000000,0.0000000000,0.6342768073,0.5024701357,0.5034741163,0.0284003783,0.0898125619,0.0999640673,0.1088908091,0.1164658442,0.0000000602,-0.0133771561,0.1871146709,0.0291586462,-0.0220749564,0.1051191092,-0.0023288913,0.0545007251,0.1050673053,0.0057445015
15:24:56:03.107,61,0.0710585341,0.1734711826,0.0941590816,0.0000000000,0.0000000000,0.0593399666,0.0000000000,0.0709154829,0.1738083363,0.0318783037,0.0000000000,0.0000000000,0.0594276711,0.0000000000,0.0771072805,0.0073089977,0.0000000000,0.4195565283,0.1859282404,0.5101220012,0.2016149014,0.0158040114,0.0000000000,0.0000000000,0.0000000000,0.0519081429,0.0193013754,0.0498338714,0.0524918027,0.3188948035,0.3083697557,0.0268083010,0.0464906283,0.0393648893,0.0193708092,0.0305087417,0.0291103125,0.3541668952,0.3300195932,0.0624602772,0.0622324906,0.0000000000,0.0000000000,0.6227801442,0.5014934540,0.5024721622,0.0266152229,0.0864052773,0.0962834880,0.1064147800,0.1143274382,0.0000000502,-0.0102238655,0.1871248931,0.0328691229,-0.0193636827,0.1061934531,-0.0020639291,0.0571955256,0.1061417311,0.0060903365
15:24:56:04.109,61,0.0714037716,0.1774262339,0.0990526229,0.0000000000,0.0000000000,0.0582848638,0.0000000000,0.0712632760,0.1778093129,0.0269310623,0.0000000000,0.0000000000,0.0583583899,0.0000000000,0.0813139975,0.0053419797,0.0000000000,0.4203029573,0.1746973246,0.5009586215,0.1893133521,0.0148336999,0.0000000000,0.0000000000,0.0000000000,0.0512295850,0.0185850840,0.0498032346,0.0524072088,0.3214212358,0.3121890426,0.0257560220,0.0439261906,0.0387722440,0.0196718071,0.0302649084,0.0287774634,0.3656899035,0.3422171772,0.0681015253,0.0677913800,0.0000000000,0.0000000000,0.6049923897,0.4992689192,0.5001987815,0.0253896397,0.0839856714,0.0933925807,0.1050362438,0.1131431609,0.0000000516,-0.0064191078,0.1867732555,0.0373918414,-0.0163542908,0.1086321175,-0.0017835418,0.0601523407,0.1085806936,0.0065531242
15:24:56:05.110,61,0.0731857195,0.1824671775,0.1035571471,0.0000000000,0.0000000000,0.0572487824,0.0000000000,0.0730642900,0.1828965992,0.0223843083,0.0000000000,0.0000000000,0.0573106334,0.0000000000,0.0838124752,0.0033379956,0.0000000000,0.4148721397,0.1653253436,0.4965161979,0.1828519702,0.0139950598,0.0000000000,0.0000000000,0.0000000000,0.0497004539,0.0166469924,0.0497598611,0.0523142032,0.3226483762,0.3140601814,0.0249109380,0.0423456095,0.0381731428,0.0199561696,0.0300941505,0.0285228062,0.3717727959,0.3485246897,0.0729477555,0.0727896243,0.0000000000,0.0000000000,0.5919003487,0.4923047423,0.4931694567,0.0244563874,0.0825394094,0.0916720927,0.1040040478,0.1122527122,0.0000000627,-0.0026086876,0.1868502349,0.0426751859,-0.0135885384,0.1117355302,-0.0015246249,0.0628663898,0.1116844192,0.0070457757
15:24:56:06.110,61,0.0820739344,0.1886031181,0.1061728671,0.0000000000,0.0000000000,0.0564162582,0.0000000000,0.0820172802,0.1890664995,0.0197004154,0.0000000000,0.0000000000,0.0564719811,0.0000000000,0.0868416131,0.0009772847,0.0000000000,0.4004536569,0.1611157954,0.4938554764,0.1795605123,0.0132112997,0.0000000000,0.0000000000,0.0000000000,0.0481068380,0.0147905834,0.0497998111,0.0523056909,0.3230833709,0.3148598969,0.0242273565,0.0413554460,0.0376193710,0.0202279259,0.0300148278,0.0283642188,0.3749167621,0.3516988158,0.0753158703,0.0754000619,0.0000000000,0.0000000000,0.5806671381,0.4835868180,0.4843809903,0.0237239972,0.0815152600,0.0904946104,0.1032280102,0.1116065383,0.0000001304,0.0007637302,0.1889813095,0.0467431657,-0.0119541232,0.1155024394,-0.0013868695,0.0644267499,0.1154516935,0.0074660969
15:24:56:07.113,61,0.0883510709,0.1939502507,0.1050864160,0.0000000000,0.0000000000,0.0557644628,0.0000000000,0.0883048400,0.1944138855,0.0207593422,0.0000000000,0.0000000000,0.0558159389,0.0000000000,0.0888241231,0.0000000000,0.0011557536,0.3898301721,0.1586650908,0.4923009276,0.1781301498,0.0124468803,0.0000000000,0.0000000000,0.0000000000,0.0462936088,0.0126841832,0.0498191044,0.0522731617,0.3228696883,0.3148661256,0.0236177370,0.0406700596,0.0370994620,0.0204839092,0.0299976524,0.0282705240,0.3764919639,0.3532514870,0.0771829858,0.0775355920,0.0000000000,0.0000000000,0.5664258599,0.4738242924,0.4746128321,0.0231151339,0.0808275416,0.0896875188,0.1027555615,0.1112641469,0.0000003433,0.0042546606,0.1927254200,0.0506485291,-0.0125918332,0.1187701449,-0.0015025651,0.0637430325,0.1187197194,0.0075980145
15:24:56:08.115,61,0.0956986323,0.1949345320,0.1013694480,0.0000000000,0.0000000000,0.0553039014,0.0000000000,0.0956594422,0.1953661144,0.0245218296,0.0000000000,0.0000000000,0.0553522743,0.0000000000,0.0899160951,0.0000000000,0.0025442438,0.3829720616,0.1582608670,0.4880028963,0.1802642792,0.0115895094,0.0000000000,0.0000000000,0.0000000000,0.0452065691,0.0109472284,0.0499317199,0.0523390062,0.3214131594,0.3131052256,0.0231107734,0.0404062644,0.0366458260,0.0206845459,0.0300093666,0.0282260589,0.3713878393,0.3473271132,0.0778716058,0.0783740729,0.0000000000,0.0000000000,0.5331564546,0.4459277093,0.4467477202,0.0226348508,0.0803390965,0.0890922248,0.1024604589,0.1110664457,0.0000003377,0.0062016300,0.1970565617,0.0540202931,-0.0148729784,0.1193556264,-0.0017835840,0.0614840128,0.1193052530,0.0073655918
15:24:56:09.116,61,0.0998927727,0.1962147802,0.0992151871,0.0000000000,0.0000000000,0.0549944863,0.0000000000,0.0998480842,0.1966287345,0.0266941097,0.0000000000,0.0000000000,0.0550406203,0.0000000000,0.0899106562,0.0000000000,0.0032858481,0.3753030896,0.1935702264,0.4371151328,0.1933923960,0.0109224990,0.0000000000,0.0000000000,0.0000000000,0.0263027381,0.0036416287,0.0502249897,0.0525996573,0.3171218932,0.3075923920,0.0228248257,0.0406383201,0.0363739505,0.0208280887,0.0300713778,0.0282592233,0.3172766268,0.2931504548,0.0743834749,0.0753933638,0.0000000000,0.0000000000,0.5120724440,0.4264361858,0.4272566736,0.0222912338,0.0802434161,0.0889125615,0.1023841649,0.1110754907,0.0000003452,0.0058736927,0.2021892965,0.0555286594,-0.0161890052,0.1201294810,-0.0019540985,0.0601717457,0.1200791597,0.0072557945
15:24:56:10.117,61,0.1019530669,0.2000066638,0.0972857773,0.0000000000,0.0000000000,0.0547476225,0.0000000000,0.1019083187,0.2004083991,0.0287083406,0.0000000000,0.0000000000,0.0547921136,0.0000000000,0.0865582526,0.0000000000,0.0031940485,0.3103089929,0.2432225347,0.3640815020,0.2013728619,0.0105984630,0.0000000000,0.0000000000,0.0081986664,0.0149671948,0.0000000000,0.0506106019,0.0529816076,0.3157564402,0.3057413697,0.0229693651,0.0422953926,0.0365955792,0.0209983606,0.0302655697,0.0284509510,0.2713345289,0.2510362566,0.0592562966,0.0597577840,0.0000000000,0.0000000000,0.5025086403,0.4144301713,0.4152187705,0.0222108737,0.0811668709,0.0892930701,0.1037293598,0.1130174771,0.0000002874,0.0042141895,0.2086442262,0.0571169406,-0.0174056627,0.1224411801,-0.0021417730,0.0589849874,0.1223910525,0.0072511663
15:24:56:11.119,61,0.1017437577,0.1978135109,0.0983441696,0.0000000000,0.0000000000,0.0545445681,0.0000000000,0.1016838476,0.1982217729,0.0276332442,0.0000000000,0.0000000000,0.0545877144,0.0000000000,0.0844729096,0.0000000000,0.0010225726,0.2596278191,0.2585951984,0.2747189403,0.2048233747,0.0108398087,0.0000000000,0.0000000000,0.0123058362,0.0107830120,0.0000000000,0.0509056859,0.0532715581,0.3161665499,0.3047955036,0.0323411860,0.0478594899,0.0413296446,0.0211532488,0.0306915510,0.0289044455,0.2013895959,0.1831371933,0.0401919894,0.0399780758,0.0000000000,0.0000000000,0.5027250648,0.4098420143,0.4106329978,0.0226158258,0.0833826289,0.0898599848,0.1072224081,0.1174107045,0.0000000780,0.0026773969,0.2144585997,0.0587947555,-0.0167565811,0.1211038753,-0.0020391676,0.0596364513,0.1210536510,0.0072502554
15:24:56:12.121,61,0.0999633595,0.1966753006,0.0978471860,0.0000000000,0.0000000000,0.0545597821,0.0000000000,0.0998828113,0.1970773935,0.0280752853,0.0000000000,0.0000000000,0.0546022467,0.0000000000,0.0838612095,0.0059754997,0.0000000000,0.2352631092,0.2598019242,0.2145764381,0.2063104659,0.0154856807,0.0000000000,0.0000000000,0.0035101743,0.0468466952,0.0000000000,0.0520380922,0.0546414778,0.3480609357,0.3123351634,0.0681585595,0.0677741766,0.0590736009,0.0214510541,0.0370506458,0.0352482945,0.1790858507,0.1617019475,0.0294507593,0.0287587326,0.0000000000,0.0000000000,0.5117225647,0.4071236849,0.4079414010,0.0621361360,0.0914327800,0.0944870636,0.1101688221,0.1207679659,0.0000000925,0.0026715514,0.2174851000,0.0600568466,-0.0170260742,0.1204052866,-0.0020598909,0.0593400858,0.1203549877,0.0071722255
15:24:56:13.123,61,0.0991687253,0.1959666908,0.0975587219,0.0000000000,0.0000000000,0.0547100790,0.0000000000,0.0990814790,0.1963651627,0.0282950476,0.0000000000,0.0000000000,0.0547523983,0.0000000000,0.0839325488,0.0111151105,0.0000000000,0.2203011513,0.2453557998,0.1913415492,0.2022612989,0.0191827565,0.0000000000,0.0000000000,0.0000000000,0.0597764552,0.0219939072,0.0551868044,0.0584018528,0.3602927625,0.3267048001,0.0802098289,0.0745152235,0.0731831864,0.0220374912,0.0442261286,0.0421915278,0.1678737998,0.1509685963,0.0245829280,0.0236623641,0.0000000000,0.0000000000,0.5169348717,0.4050524533,0.4059693217,0.0734838694,0.0974374563,0.0994270518,0.1118231937,0.1227119491,0.0000000859,0.0035170468,0.2174084783,0.0624454096,-0.0171602480,0.1199704036,-0.0020685515,0.0591682307,0.1199201047,0.0071253907
15:24:56:14.124,61,0.0985044241,0.1942067742,0.0962610319,0.0000000000,0.0000000000,0.0550220869,0.0000000000,0.0984145254,0.1945910007,0.0295112934,0.0000000000,0.0000000000,0.0550649166,0.0000000000,0.0862125456,0.0148440748,0.0000000000,0.2132603377,0.2413521260,0.1795988828,0.1903618425,0.0214643348,0.0000000000,0.0000000000,0.0000000000,0.0715438649,0.0381389372,0.0612842515,0.0655666962,0.3873337209,0.3558886051,0.0907325745,0.0797860175,0.0831425861,0.0232967641,0.0499581955,0.0478795618,0.1657835692,0.1489001960,0.0218073744,0.0207816474,0.0000000000,0.0000000000,0.5204597116,0.4031144679,0.4041377604,0.0803484842,0.1040974483,0.1064305976,0.1134123430,0.1246829852,0.0000000960,0.0045514680,0.2142308354,0.0645645559,-0.0179001987,0.1188880280,-0.0021380854,0.0583887398,0.1188376546,0.0069675571
15:24:56:15.125,61,0.0981537253,0.1907030642,0.0943121314,0.0000000000,0.0000000000,0.0562552474,0.0000000000,0.0980654433,0.1910651177,0.0313524492,0.0000000000,0.0000000000,0.0563032590,0.0000000000,0.0910532251,0.0168646295,0.0000000000,0.2117183656,0.2399539500,0.1746129841,0.1827040315,0.0228154827,0.0000000000,0.0000000000,0.0000000000,0.0761679634,0.0448226370,0.0675233379,0.0717900470,0.4067124426,0.3757181466,0.0964241400,0.0868861377,0.0872797593,0.0240573660,0.0525313914,0.0504248925,0.1787811518,0.1620739549,0.0201244093,0.0190501139,0.0000000000,0.0000000000,0.5244157910,0.4020473063,0.4031063318,0.0837106183,0.1115283594,0.1138841510,0.1147381216,0.1260434091,0.0000001022,0.0045921034,0.2099651694,0.0658995360,-0.0190218110,0.1167362705,-0.0022305388,0.0572210997,0.1166857183,0.0067035942
15:24:56:16.127,61,0.0983860791,0.1889222115,0.0928229541,0.0000000000,0.0000000000,0.0590097755,0.0000000000,0.0983019918,0.1892688125,0.0328066386,0.0000000000,0.0000000000,0.0590587631,0.0000000000,0.1036217809,0.0175340585,0.0000000000,0.2441089153,0.2645493746,0.1732600182,0.1748780012,0.0231673960,0.0000000000,0.0000000000,0.0000000000,0.0621622615,0.0316200852,0.0734832212,0.0773422197,0.4344016612,0.4166615903,0.0990313664,0.0977363139,0.0881653801,0.0244264044,0.0537263341,0.0516048670,0.2291778028,0.2132901847,0.0190427806,0.0179739799,0.0000000000,0.0000000000,0.5259495378,0.4015111029,0.4025758505,0.0752584264,0.1152532399,0.1170289367,0.1169878989,0.1284452230,0.0000001260,0.0035633687,0.2069766670,0.0666432828,-0.0199066233,0.1156407595,-0.0023121766,0.0563247427,0.1155901477,0.0065361871
15:24:56:17.129,61,0.0985374451,0.1869987994,0.0919758305,0.0000000000,0.0000000000,0.0612265728,0.0000000000,0.0984578058,0.1873354018,0.0337661244,0.0000000000,0.0000000000,0.0612694100,0.0000000000,0.1072257534,0.0100490320,0.0000000000,0.3262227178,0.2988032103,0.3026323318,0.1726180613,0.0155328820,0.0000000000,0.0098025389,0.0389277413,0.0000000000,0.0000000000,0.0755296871,0.0792383105,0.3764582872,0.3759992719,0.0493072048,0.0933760256,0.0561255403,0.0244428907,0.0492325351,0.0470548682,0.2701429129,0.2682692409,0.0200911704,0.0200854503,0.0000000000,0.0000000000,0.5266700387,0.4046592712,0.4054906070,0.0265021250,0.1177853048,0.1199198738,0.1177343205,0.1290382743,0.0000001018,0.0027025556,0.2062499821,0.0659648776,-0.0204916243,0.1144608334,-0.0023556161,0.0558182858,0.1144100353,0.0064107664
15:24:56:18.129,61,0.0937948674,0.1826641262,0.0935716480,0.0000000000,0.0000000000,0.0620927773,0.0000000000,0.0937146991,0.1830089241,0.0321798585,0.0000000000,0.0000000000,0.0621328019,0.0000000000,0.1483871937,0.0010785265,0.0000000000,0.4395384789,0.2083152384,0.3449960053,0.1602413207,0.0131328134,0.0000000000,0.0291721895,0.0560328960,0.0000000000,0.0000000000,0.0766750351,0.0803416446,0.3635376394,0.3686622083,0.0363633595,0.0693172291,0.0466781706,0.0244836323,0.0446555614,0.0420554467,0.3923597336,0.3814932108,0.0535122715,0.0549217537,0.0000000000,0.0000000000,0.5259937048,0.4119755626,0.4125758708,0.0134493411,0.1102198437,0.1148939207,0.1131549999,0.1210382506,0.0000000818,0.0005421541,0.2051101178,0.0642765164,-0.0195348319,0.1118152440,-0.0021932980,0.0568038151,0.1117641851,0.0063716848
15:24:56:19.132,61,0.0852013305,0.1774824709,0.0952779874,0.0000000000,0.0000000000,0.0624281615,0.0000000000,0.0851451233,0.1778347641,0.0303888507,0.0000000000,0.0000000000,0.0624664128,0.0000000000,0.2108886391,0.0000000000,0.0051181251,0.4925169647,0.1557594091,0.3171682954,0.1231693551,0.0118716396,0.0000000000,0.0433834754,0.0661336035,0.0000000000,0.0000000000,0.0774559602,0.0811459720,0.3678974807,0.3678497672,0.0294544250,0.0624642558,0.0401633009,0.0243479125,0.0426931046,0.0397444218,0.5327466130,0.5242268443,0.0626321957,0.0644065589,0.0000000000,0.0000000000,0.5259944797,0.4292435050,0.4297169745,0.0070321904,0.0917915329,0.0966617689,0.1001403853,0.1054878831,0.0000000621,-0.0006198944,0.2015711963,0.0622067600,-0.0184540525,0.1086516455,-0.0020128740,0.0578599013,0.1086003184,0.0063048210
15:24:56:20.134,61,0.0821611807,0.1772605479,0.0952876434,0.0000000000,0.0000000000,0.0625839010,0.0000000000,0.0821123123,0.1776126325,0.0303310771,0.0000000000,0.0000000000,0.0626207292,0.0000000000,0.2317087054,0.0000000000,0.0107225403,0.5314164162,0.1360261887,0.3011849523,0.1108285114,0.0111442413,0.0000000000,0.0698472336,0.0904744640,0.0000000000,0.0000000000,0.0782332271,0.0819585323,0.4144872725,0.4081659317,0.0257818587,0.0587228723,0.0365482308,0.0241470169,0.0414431803,0.0383374169,0.5921126008,0.5879497528,0.0676694661,0.0695802420,0.0000000000,0.0000000000,0.5269744992,0.4459668398,0.4463305175,0.0040617334,0.0854042917,0.0903586820,0.0960456505,0.1005459353,0.0000000055,-0.0000064243,0.1951257437,0.0604167916,-0.0184192415,0.1085158587,-0.0020065468,0.0578666218,0.1084645763,0.0062976088
15:24:56:21.136,61,0.0807796121,0.1783702374,0.0949394256,0.0000000000,0.0000000000,0.0628308728,0.0000000000,0.0807358399,0.1787210256,0.0306477547,0.0000000000,0.0000000000,0.0628664345,0.0000000000,0.2425462008,0.0000000000,0.0157743189,0.5487450957,0.1255425364,0.2883863449,0.1037258059,0.0106236199,0.0000000000,0.0831778795,0.1056644022,0.0000000000,0.0000000000,0.0789777637,0.0827487335,0.4277412593,0.4218684137,0.0237997025,0.0565890148,0.0343972184,0.0238996185,0.0405994058,0.0373869240,0.6205947399,0.6173539162,0.0705756545,0.0725040138,0.0000000000,0.0000000000,0.5350184441,0.4616305232,0.4619168639,0.0028824718,0.0820833817,0.0870774835,0.0939686447,0.0980772078,0.0000000037,0.0002998491,0.1897569895,0.0593984388,-0.0186101776,0.1091934741,-0.0020401042,0.0576508828,0.1091422290,0.0063136672
15:24:56:22.137,61,0.0804286450,0.1770995259,0.0952701420,0.0000000000,0.0000000000,0.0633300617,0.0000000000,0.0803889856,0.1774514019,0.0302531347,0.0000000000,0.0000000000,0.0633648410,0.0000000000,0.2489450127,0.0000000000,0.0187875312,0.5571051836,0.1197912022,0.2818401754,0.0995998979,0.0101167820,0.0000000000,0.0933169946,0.1200772151,0.0000000000,0.0000000000,0.0796159357,0.0834655389,0.4343779981,0.4282960892,0.0226759743,0.0552985631,0.0329829231,0.0236359499,0.0400500521,0.0367590226,0.6353739500,0.6326423287,0.0723541453,0.0742772147,0.0000000000,0.0000000000,0.5395166874,0.4705237746,0.4707727134,0.0026716301,0.0802685395,0.0853071213,0.0928653404,0.0968720987,0.0000000015,0.0011128897,0.1873583496,0.0592807308,-0.0183721092,0.1084172726,-0.0019995801,0.0578566045,0.1083659753,0.0062907520
15:24:56:23.138,61,0.0802720189,0.1760350317,0.0953063220,0.0000000000,0.0000000000,0.0637049973,0.0000000000,0.0802356228,0.1763857305,0.0301887561,0.0000000000,0.0000000000,0.0637391582,0.0000000000,0.2544294000,0.0000000000,0.0208440404,0.5245914459,0.1142775193,0.2787168622,0.0968684182,0.0095782401,0.0000000000,0.1009017527,0.1320529580,0.0000000000,0.0000000000,0.0799712390,0.0839011371,0.4315001667,0.4254129231,0.0219262578,0.0544222593,0.0319229625,0.0233480390,0.0397791229,0.0364131555,0.6441062093,0.6419413090,0.0739617124,0.0758595392,0.0000000000,0.0000000000,0.5410121679,0.4743276238,0.4745596647,0.0032858779,0.0791155770,0.0842199400,0.0921304002,0.0961760283,0.0000000015,0.0020459890,0.1874271482,0.0592492633,-0.0183343049,0.1077660993,-0.0019833876,0.0578826591,0.1077147797,0.0062554679
15:24:56:24.139,61,0.0803325623,0.1757246107,0.0951739997,0.0000000000,0.0000000000,0.0637783185,0.0000000000,0.0802987814,0.1760738492,0.0303064380,0.0000000000,0.0000000000,0.0638116896,0.0000000000,0.2576549649,0.0000000000,0.0225714147,0.5008286238,0.1026199609,0.2749884427,0.0923192576,0.0090614632,0.0000000000,0.1163003072,0.1456654370,0.0000000000,0.0000000000,0.0801649466,0.0841550305,0.4244874716,0.4189981520,0.0213687550,0.0537037812,0.0310718827,0.0230681151,0.0397578403,0.0363004692,0.6517657638,0.6501850486,0.0770662203,0.0787497461,0.0000000000,0.0000000000,0.5392597318,0.4758650362,0.4760882854,0.0042673307,0.0782738775,0.0834503919,0.0916774943,0.0958385170,0.0000000012,0.0022805063,0.1897357702,0.0595048517,-0.0184061565,0.1075756922,-0.0019876137,0.0578034855,0.1075243428,0.0062357914
15:24:56:25.142,61,0.0807135850,0.1776809096,0.0954832286,0.0000000000,0.0000000000,0.0634357631,0.0000000000,0.0806819871,0.1780354679,0.0299558472,0.0000000000,0.0000000000,0.0634677559,0.0000000000,0.2528475523,0.0000000000,0.0264034141,0.4572716951,0.0926924944,0.2684907019,0.0883994475,0.0084689325,0.0000000000,0.1260402948,0.1517357081,0.0000000000,0.0000000000,0.0801530555,0.0841228589,0.3996638358,0.4002856016,0.0209128894,0.0527282394,0.0303901248,0.0228422135,0.0398288406,0.0362673253,0.6544728875,0.6531074047,0.0813519135,0.0831097811,0.0000000000,0.0000000000,0.5315775871,0.4729126990,0.4731271267,0.0052379123,0.0774802193,0.0827082172,0.0913403481,0.0956538171,0.0000000006,0.0022442630,0.1918867975,0.0600786470,-0.0181908626,0.1087737530,-0.0019864168,0.0579837635,0.1087225378,0.0063254703
15:24:56:26.142,61,0.0815118328,0.1827605218,0.0952173471,0.0000000000,0.0000000000,0.0628837794,0.0000000000,0.0814828575,0.1831199676,0.0302082133,0.0000000000,0.0000000000,0.0629142523,0.0000000000,0.2035322189,0.0000000000,0.0283480808,0.4171985388,0.0856717229,0.2661385238,0.0861750320,0.0079166703,0.0000000000,0.1296396106,0.1544052362,0.0000000000,0.0000000000,0.0799031183,0.0838123858,0.3841624558,0.3845844269,0.0204993133,0.0502810962,0.0298603848,0.0226990525,0.0398721658,0.0362258404,0.6092293262,0.6040632725,0.0872606933,0.0888186172,0.0000000000,0.0000000000,0.5125685334,0.4600108862,0.4602276087,0.0061871847,0.0767065510,0.0820132270,0.0911686495,0.0956600085,0.0000000000,0.0025000211,0.1940762252,0.0604098439,-0.0183378030,0.1118805259,-0.0020601279,0.0578024574,0.1118296012,0.0064874026
15:24:56:27.144,61,0.0901597068,0.1911546290,0.0946250856,0.0000000000,0.0000000000,0.0623996630,0.0000000000,0.0901265740,0.1915204525,0.0307974815,0.0000000000,0.0000000000,0.0624285378,0.0000000000,0.1898274720,0.0000000000,0.0311289765,0.3864264488,0.0785811618,0.2649298608,0.0841105282,0.0073887077,0.0000000000,0.1335847080,0.1559635401,0.0000000000,0.0000000000,0.0794766545,0.0832687095,0.3692586124,0.3725255132,0.0200509634,0.0475143492,0.0293655824,0.0225766078,0.0399144776,0.0361917466,0.5979421139,0.5918048620,0.0953846872,0.0962239131,0.0000000000,0.0000000000,0.4952562451,0.4439545572,0.4441673160,0.0070370217,0.0761033595,0.0814520717,0.0911186859,0.0957766697,0.0000000000,0.0020159087,0.1965470910,0.0610648580,-0.0186844934,0.1170137152,-0.0021962440,0.0574091151,0.1169632897,0.0067417403
15:24:56:28.147,61,0.0944856107,0.1964740604,0.0942467079,0.0000000000,0.0000000000,0.0619783998,0.0000000000,0.0944393054,0.1968435794,0.0312192030,0.0000000000,0.0000000000,0.0620055906,0.0000000000,0.1822409779,0.0000000000,0.0336417593,0.3699292243,0.0737988353,0.2647790909,0.0821419805,0.0069330661,0.0000000000,0.1354805827,0.1566115320,0.0000000000,0.0000000000,0.0789239332,0.0823691636,0.3636909425,0.3678399026,0.0195979793,0.0447612181,0.0289366767,0.0225026291,0.0399405882,0.0361499675,0.5922053456,0.5854541659,0.1032833308,0.1031020060,0.0000000000,0.0000000000,0.4890776277,0.4385609031,0.4387735724,0.0078118453,0.0757064596,0.0810480118,0.0912560374,0.0960637629,0.0000000000,0.0011993402,0.1990843862,0.0610479042,-0.0189330075,0.1202665567,-0.0022879092,0.0571574345,0.1202164441,0.0069006886
15:24:56:29.148,61,0.0966158062,0.1978184730,0.0943874419,0.0000000000,0.0000000000,0.0616612546,0.0000000000,0.0965653434,0.1981910467,0.0311017856,0.0000000000,0.0000000000,0.0616867766,0.0000000000,0.1781768352,0.0000000000,0.0357550159,0.3617683649,0.0714148805,0.2779667377,0.0809507146,0.0065298583,0.0000000000,0.1359031200,0.1550013125,0.0000000000,0.0000000000,0.0782561898,0.0809787959,0.3613409400,0.3662461042,0.0191658698,0.0423649326,0.0285936370,0.0224878322,0.0399354845,0.0360794999,0.5889419317,0.5817630291,0.1092426851,0.1081351414,0.0000000000,0.0000000000,0.4872945249,0.4360969663,0.4363112152,0.0085299388,0.0755056217,0.0807975456,0.0915284678,0.0964704826,0.0000000000,0.0006037551,0.2016753405,0.0605936870,-0.0188599154,0.1210896671,-0.0022948291,0.0572370999,0.1210396290,0.0069580767
15:24:56:30.148,61,0.0978008509,0.1986320168,0.0947224572,0.0000000000,0.0000000000,0.0613597594,0.0000000000,0.0977481827,0.1990086734,0.0308071412,0.0000000000,0.0000000000,0.0613836758,0.0000000000,0.1760396957,0.0000000000,0.0380665809,0.3516676724,0.0691446513,0.2921079993,0.0798482522,0.0061820103,0.0000000000,0.1333848834,0.1460042745,0.0000000000,0.0000000000,0.0764246881,0.0781492889,0.3621617258,0.3679871261,0.0187310912,0.0398638248,0.0283114668,0.0225365423,0.0399182662,0.0360052772,0.5873857141,0.5798403621,0.1192862689,0.1170972884,0.0000000000,0.0000000000,0.4887388945,0.4351751208,0.4353917837,0.0091950614,0.0753324330,0.0805325955,0.0918781236,0.0969544426,0.0000000001,0.0003822530,0.2035478801,0.0601345859,-0.0186801087,0.1215888113,-0.0022824148,0.0574367680,0.1215388328,0.0070114024
15:24:56:31.150,61,0.0983602181,0.1986899525,0.0951530859,0.0000000000,0.0000000000,0.0609853230,0.0000000000,0.0983076841,0.1990706474,0.0304044802,0.0000000000,0.0000000000,0.0610077344,0.0000000000,0.1750309467,0.0000000000,0.0394903198,0.3444405794,0.0679034889,0.3241594434,0.0792080164,0.0058397208,0.0000000000,0.1129203513,0.1299711019,0.0000000000,0.0000000000,0.0737722442,0.0750039816,0.3630751371,0.3687941134,0.0183289964,0.0380023681,0.0281196907,0.0226539560,0.0398672111,0.0359057449,0.5863542557,0.5784601569,0.1275578737,0.1253714710,0.0000000000,0.0000000000,0.4899430573,0.4361637533,0.4363936186,0.0098217065,0.0751449913,0.0802418217,0.0923629552,0.0976486281,0.0000000023,0.0008941178,0.2043099254,0.0598885603,-0.0184358694,0.1216261089,-0.0022532740,0.0576976314,0.1215761155,0.0070453929
15:24:56:32.152,61,0.0983541831,0.1989452392,0.0963681713,0.0000000000,0.0000000000,0.0604129732,0.0000000000,0.0983032361,0.1993374825,0.0292201955,0.0000000000,0.0000000000,0.0604339615,0.0000000000,0.1747486293,0.0000000000,0.0405580923,0.3341323733,0.0672017410,0.3668365180,0.0793041885,0.0054359790,0.0000000000,0.0945836157,0.1177316681,0.0000000000,0.0000000000,0.0704695582,0.0717181638,0.3630979955,0.3687468171,0.0179422386,0.0367473364,0.0280089788,0.0228307843,0.0398273878,0.0358271338,0.5857691169,0.5775589943,0.1369445473,0.1359562874,0.0000000000,0.0000000000,0.4906120002,0.4374050200,0.4376564622,0.0104571730,0.0748975798,0.0798864439,0.0932574794,0.1000578552,0.0000000177,0.0014631320,0.2045281678,0.0598520450,-0.0177174229,0.1217875779,-0.0021683765,0.0584332980,0.1217375472,0.0071446872
15:24:56:33.154,61,0.0980689526,0.1988524050,0.0976362750,0.0000000000,0.0000000000,0.0594899766,0.0000000000,0.0980203077,0.1992562264,0.0279898439,0.0000000000,0.0000000000,0.0595081039,0.0000000000,0.1746560633,0.0000000000,0.0413671099,0.3177384138,0.0668258294,0.4155358970,0.0853133127,0.0049232892,0.0000000000,0.0816782117,0.1102827862,0.0000000000,0.0000000000,0.0670868009,0.0686654299,0.3605467975,0.3640453517,0.0175432824,0.0357821211,0.0279812999,0.0230687317,0.0398726389,0.0358400345,0.5857362747,0.5772761703,0.1453947276,0.1462531537,0.0000000000,0.0000000000,0.4924269021,0.4390408397,0.4393326044,0.0111060096,0.0747137889,0.0796209872,0.0958592221,0.1051727384,0.0000000671,0.0022266638,0.2049824744,0.0596973374,-0.0169715080,0.1217363328,-0.0020762135,0.0592026040,0.1216862574,0.0072355592
15:24:56:34.156,61,0.0977633223,0.1984914094,0.0989294201,0.0000000000,0.0000000000,0.0586101077,0.0000000000,0.0977172479,0.1989066005,0.0267331451,0.0000000000,0.0000000000,0.0586263612,0.0000000000,0.1745894849,0.0000000000,0.0419161394,0.2998603582,0.0665270835,0.4477081895,0.0986641794,0.0042903023,0.0000000000,0.0760571733,0.1070225313,0.0000000000,0.0000000000,0.0640285760,0.0660497397,0.3491504788,0.3467742503,0.0171005689,0.0350302532,0.0279611237,0.0233025569,0.0400671735,0.0360075645,0.5983716846,0.5871338248,0.1522294581,0.1550814360,0.0000000000,0.0000000000,0.4939407706,0.4397740364,0.4400873184,0.0117859477,0.0746783987,0.0795489252,0.0997075140,0.1112769991,0.0000000756,0.0028865759,0.2047981769,0.0593419857,-0.0162099414,0.1215211824,-0.0019795164,0.0599883199,0.1214710996,0.0073183775
15:24:56:35.157,61,0.0974317342,0.1974428892,0.0999979973,0.0000000000,0.0000000000,0.0579254813,0.0000000000,0.0973881334,0.1978662461,0.0256779473,0.0000000000,0.0000000000,0.0579409152,0.0000000000,0.1709170640,0.0000000000,0.0424876101,0.2610031068,0.0659202859,0.5430763364,0.1034438089,0.0037025851,0.0000000000,0.0732286274,0.1057448983,0.0000000000,0.0000000000,0.0602060296,0.0626282692,0.3287857473,0.3279475272,0.0166166574,0.0343552940,0.0280440431,0.0236654691,0.0404111296,0.0363283269,0.6403179765,0.6291276217,0.1785029918,0.1822390407,0.0000000000,0.0000000000,0.4945070744,0.4387464225,0.4391324222,0.0124038570,0.0747877359,0.0796419308,0.1030557454,0.1156400293,0.0000000899,0.0032357224,0.2035074085,0.0583329089,-0.0155713176,0.1208843440,-0.0018914725,0.0606409907,0.1208342016,0.0073587326
15:24:56:36.159,61,0.0971644595,0.1941349804,0.1013874710,0.0000000000,0.0000000000,0.0574647076,0.0000000000,0.0971229300,0.1945656985,0.0241997857,0.0000000000,0.0000000000,0.0574798808,0.0000000000,0.1650042832,0.0000000000,0.0434507951,0.2427180558,0.0626667663,0.6245306134,0.1059814617,0.0031575081,0.0000000000,0.0720911399,0.1066386029,0.0000000000,0.0000000000,0.0559413694,0.0587504953,0.3122134507,0.3158312142,0.0161301661,0.0336893536,0.0283808857,0.0246303361,0.0409815200,0.0368521251,0.6624742150,0.6535645723,0.2242974043,0.2292083800,0.0000000000,0.0000000000,0.4945399165,0.4341349900,0.4346424043,0.0129389744,0.0751154646,0.0799725801,0.1066765338,0.1200926080,0.0000001483,0.0030254386,0.2010416240,0.0569434129,-0.0146785108,0.1188662723,-0.0017529796,0.0614985339,0.1188159734,0.0073368307
15:24:56:37.160,61,0.0966307297,0.1890162677,0.1032779738,0.0000000000,0.0000000000,0.0570352115,0.0000000000,0.0965899006,0.1894551814,0.0222033132,0.0000000000,0.0000000000,0.0570507385,0.0000000000,0.1585085988,0.0000000000,0.0444092713,0.2337126434,0.0595997609,0.7162156105,0.1076773107,0.0029164418,0.0000000000,0.0707475245,0.1063134447,0.0000000000,0.0000000000,0.0522547849,0.0552633815,0.3048623204,0.3093471825,0.0156737566,0.0330499746,0.0296492185,0.0282505881,0.0430018790,0.0384542681,0.6838893294,0.6740469933,0.2523908317,0.2567493916,0.0000000000,0.0000000000,0.4944825768,0.4293467104,0.4299663603,0.0133949993,0.0755216554,0.0803978294,0.1095189825,0.1238496304,0.0000003193,0.0024859624,0.1975208372,0.0556482226,-0.0134724975,0.1157421544,-0.0015662876,0.0626683012,0.1156915948,0.0072778226
15:24:56:38.162,61,0.0960004702,0.1848663986,0.1048886180,0.0000000000,0.0000000000,0.0566287786,0.0000000000,0.0959600732,0.1853119880,0.0205162484,0.0000000000,0.0000000000,0.0566449352,0.0000000000,0.1498170942,0.0000000000,0.0454750061,0.2289500982,0.0580783524,0.7770131230,0.1113961712,0.0029177088,0.0000000000,0.0524144843,0.0921599120,0.0000000000,0.0000000000,0.0495859794,0.0526960157,0.3010267615,0.3060427308,0.0152728427,0.0324793048,0.0327746905,0.0330005512,0.0459802672,0.0409483053,0.6928653717,0.6826087236,0.2671272755,0.2712408602,0.0000000000,0.0000000000,0.4941776097,0.4243836105,0.4250684083,0.0137782907,0.0759147331,0.0807900503,0.1113900021,0.1262780279,0.0000007242,0.0014703214,0.1949322224,0.0546711199,-0.0124524459,0.1132094711,-0.0014157509,0.0636641309,0.1131586954,0.0072300457
15:24:56:39.164,61,0.0948961154,0.1820883900,0.1064261794,0.0000000000,0.0000000000,0.0561768599,0.0000000000,0.0948585421,0.1825419068,0.0189816747,0.0000000000,0.0000000000,0.0561936796,0.0000000000,0.1445104927,0.0000000000,0.0467061549,0.2265558988,0.0570680760,0.8078164458,0.1180021912,0.0030048424,0.0000000000,0.0351671502,0.0762723759,0.0000000000,0.0000000000,0.0479311794,0.0511644781,0.2990750074,0.3045007885,0.0149241434,0.0319967382,0.0367188044,0.0374024585,0.0496439226,0.0440954752,0.6979985237,0.6875156164,0.2756325305,0.2801139057,0.0000000000,0.0000000000,0.4937571287,0.4205649793,0.4212736189,0.0141144367,0.0762009248,0.0810670033,0.1125797257,0.1277507544,0.0000016503,0.0002957266,0.1929353923,0.0537590906,-0.0115232300,0.1115159616,-0.0012903481,0.0646097288,0.1114650145,0.0072265430
15:24:56:40.165,61,0.0943317115,0.1807725132,0.1069163308,0.0000000000,0.0000000000,0.0557767190,0.0000000000,0.0942961350,0.1812276840,0.0184998270,0.0000000000,0.0000000000,0.0557941906,0.0000000000,0.1407698542,0.0000000000,0.0482460372,0.2253618389,0.0563337132,0.8223911524,0.1228836104,0.0031027640,0.0000000000,0.0287040323,0.0704211444,0.0000000000,0.0000000000,0.0467735827,0.0500706472,0.2978620827,0.3037014008,0.0146183306,0.0315701440,0.0398685262,0.0407073833,0.0526732318,0.0467929877,0.7008162737,0.6902947426,0.2807024717,0.2855578959,0.0000000000,0.0000000000,0.4893599153,0.4153532386,0.4160433710,0.0144226439,0.0764909685,0.0813400596,0.1137772053,0.1295936257,0.0000034807,-0.0006609788,0.1923798770,0.0533613190,-0.0112317177,0.1107127070,-0.0012485728,0.0649131015,0.1106616706,0.0072076698
15:24:56:41.167,61,0.0939756483,0.1786435694,0.1075574905,0.0000000000,0.0000000000,0.0555085093,0.0000000000,0.0939421728,0.1790999323,0.0178777855,0.0000000000,0.0000000000,0.0555267110,0.0000000000,0.1388615817,0.0000000000,0.0493109599,0.2249554992,0.0557788685,0.8277086020,0.1250971705,0.0031215609,0.0000000000,0.0257546268,0.0680010468,0.0000000000,0.0000000000,0.0459413938,0.0492890067,0.2969039679,0.3030376136,0.0143405683,0.0312244259,0.0414259769,0.0423511341,0.0542408712,0.0482422039,0.7023240924,0.6919175982,0.2828842402,0.2879699171,0.0000000000,0.0000000000,0.4819532037,0.4091115594,0.4097829759,0.0147004668,0.0768043473,0.0816368759,0.1146549508,0.1307359189,0.0000052173,-0.0014879218,0.1922042519,0.0534020253,-0.0108556217,0.1094124094,-0.0011924780,0.0653117523,0.1093612388,0.0071659652
15:24:56:42.168,61,0.0933360383,0.1752828956,0.1082821637,0.0000000000,0.0000000000,0.0552001446,0.0000000000,0.0933047608,0.1757385880,0.0172182322,0.0000000000,0.0000000000,0.0552190542,0.0000000000,0.1376283765,0.0000000000,0.0502697118,0.2296371609,0.0555340610,0.8299704790,0.1270733327,0.0030963498,0.0000000000,0.0240147784,0.0666803792,0.0000000000,0.0000000000,0.0453028344,0.0486928374,0.2964077890,0.3028676212,0.0140874721,0.0309082251,0.0425082892,0.0434403569,0.0553007945,0.0492462441,0.7027555108,0.6925622821,0.2835742235,0.2888735533,0.0000000000,0.0000000000,0.4759326577,0.4058866203,0.4065503180,0.0149203222,0.0770630836,0.0818846077,0.1154684052,0.1317835450,0.0000111709,-0.0017639545,0.1913276166,0.0537098534,-0.0104574682,0.1073584855,-0.0011270102,0.0657664612,0.1073071137,0.0070791971
15:24:56:43.170,61,0.0926634073,0.1699852347,0.1099634022,0.0000000000,0.0000000000,0.0550389662,0.0000000000,0.0926343426,0.1704436690,0.0155422371,0.0000000000,0.0000000000,0.0550580882,0.0000000000,0.1449304968,0.0000000000,0.0511087365,0.3181730509,0.0580428801,0.7118529081,0.1314658225,0.0028315824,0.0000000000,0.0246613901,0.0666049197,0.0000000000,0.0000000000,0.0450347774,0.0484573282,0.3046528101,0.3159275353,0.0139222359,0.0306138825,0.0430023149,0.0438616984,0.0556418411,0.0495920517,0.6758262515,0.6700561047,0.2328610718,0.2380530536,0.0000000000,0.0000000000,0.4877260625,0.4138455093,0.4143709540,0.0150456233,0.0775476247,0.0823334828,0.1160118654,0.1323223114,0.0000185973,-0.0014323227,0.1903289557,0.0539993793,-0.0094427969,0.1041227877,-0.0009867641,0.0668104663,0.1040711105,0.0069729476
15:24:56:44.172,61,0.0922290012,0.1635545343,0.1097752079,0.0000000000,0.0000000000,0.0551539138,0.0000000000,0.0922021195,0.1639982611,0.0156428292,0.0000000000,0.0000000000,0.0551725812,0.0000000000,0.2063209265,0.0000000000,0.0528818779,0.4426736832,0.0696202517,0.5265176892,0.1328545213,0.0023710639,0.0000000000,0.0174128339,0.0503981747,0.0000000000,0.0000000000,0.0451431721,0.0485586524,0.3673557937,0.3837110698,0.0139193414,0.0301201381,0.0429965965,0.0437457450,0.0544593260,0.0485533364,0.6225932837,0.6196560860,0.1968048662,0.1971879452,0.0000000000,0.0000000000,0.5159387589,0.4472640157,0.4476311207,0.0150615489,0.0779776052,0.0826736093,0.1158001572,0.1305314004,0.0000195509,-0.0001215576,0.1865204424,0.0542219840,-0.0095077474,0.1001853719,-0.0009557225,0.0667229518,0.1001333445,0.0066985395
15:24:56:45.173,61,0.0915619358,0.1539145857,0.1057590172,0.0000000000,0.0000000000,0.0558496490,0.0000000000,0.0915372893,0.1543095410,0.0195229892,0.0000000000,0.0000000000,0.0558670014,0.0000000000,0.2298758328,0.0000000000,0.0540455580,0.4892554879,0.0904473215,0.4709903002,0.1330736279,0.0019010984,0.0000000000,0.0000000000,0.0007402450,0.0380691402,0.0000000000,0.0456550345,0.0490267053,0.3993136585,0.4206876159,0.0141072823,0.0297109764,0.0428297222,0.0433914661,0.0516794547,0.0460822247,0.6072302461,0.6054442525,0.1677570492,0.1699852496,0.0000000000,0.0000000000,0.5344668031,0.4713920355,0.4715584219,0.0149945384,0.0784994513,0.0830991715,0.1148652434,0.1261620969,0.0000178263,0.0026763049,0.1781428456,0.0540814847,-0.0118729696,0.0942690074,-0.0011225536,0.0643187687,0.0942164809,0.0060736183
15:24:56:46.175,61,0.0965165049,0.1542232633,0.1041917205,0.0000000000,0.0000000000,0.0599987134,0.0000000000,0.0965090618,0.1546074897,0.0211332459,0.0000000000,0.0000000000,0.0600169599,0.0000000000,0.2437518090,0.0000000000,0.0550397970,0.5180119276,0.0970389992,0.4485953748,0.1289600730,0.0017354129,0.0000000000,0.0000000000,0.0000000000,0.0549409874,0.0362002291,0.0461717434,0.0494650416,0.4160409570,0.4372161627,0.0143482657,0.0292091873,0.0426076986,0.0429979526,0.0488534011,0.0435416624,0.6129575968,0.6127036810,0.1569183618,0.1591369808,0.0000000000,0.0000000000,0.5411066413,0.4798867404,0.4799901545,0.0148239462,0.0791104585,0.0835603699,0.1141251624,0.1230288222,0.0000146617,0.0042881113,0.1645644754,0.0533231609,-0.0128520317,0.0944521576,-0.0012174908,0.0633644760,0.0943996385,0.0059953304
15:24:56:47.176,61,0.1453644335,0.1581017822,0.1018277630,0.0000000000,0.0000000000,0.0684732795,0.0000000000,0.1453622878,0.1584755629,0.0235640183,0.0000000000,0.0000000000,0.0685000569,0.0000000000,0.2501319945,0.0000000000,0.0557988808,0.5240578651,0.1003597900,0.4511073530,0.1267883927,0.0016583148,0.0000000000,0.0000000000,0.0000000000,0.0635593981,0.0490887910,0.0466780551,0.0498643592,0.4234067202,0.4441588819,0.0146038216,0.0287248660,0.0423465297,0.0425793268,0.0468044728,0.0417299718,0.6126021147,0.6128404140,0.1513624042,0.1534366608,0.0000000000,0.0000000000,0.5430125594,0.4788606763,0.4789958596,0.0146085927,0.0798507705,0.0841082782,0.1124784052,0.1193975508,0.0000071860,0.0049719159,0.1483350843,0.0519384407,-0.0143270390,0.0968171805,-0.0013914055,0.0619128011,0.0967648625,0.0060058427
15:24:56:48.181,61,0.2219817936,0.1782598794,0.0955552384,0.0000000000,0.0000000000,0.0900354981,0.0000000000,0.2218759060,0.1786155850,0.0300767776,0.0000000000,0.0000000000,0.0900735408,0.0000000000,0.2328964621,0.0000000000,0.0562504195,0.4735914171,0.1021019518,0.4527219832,0.1256732196,0.0014274378,0.0000000000,0.0000000000,0.0000000000,0.0493318066,0.0402881503,0.0472503379,0.0503169559,0.4003691971,0.4032665193,0.0147908311,0.0283989292,0.0419430137,0.0420025885,0.0451035090,0.0402807221,0.6078545451,0.6086328030,0.1479945034,0.1493948549,0.0000000000,0.0000000000,0.5413087606,0.4659850001,0.4662370384,0.0143977832,0.0850782245,0.0875885636,0.1115554795,0.1172370315,0.0000043280,0.0060134321,0.1346323639,0.0494257063,-0.0182635915,0.1091283411,-0.0020009114,0.0580252670,0.1090770811,0.0063507976
15:24:56:49.180,61,0.3170051575,0.2413297296,0.0945100561,0.0000000000,0.0000000000,0.1123648509,0.0000000000,0.3165128529,0.2417605072,0.0315076374,0.0000000000,0.0000000000,0.1124116629,0.0000000000,0.2115434557,0.0000000000,0.0561445355,0.4286427200,0.1030103266,0.4526321292,0.1253110617,0.0014937752,0.0000000000,0.0000000000,0.0000000000,0.0273507833,0.0220737625,0.0478527024,0.0507903956,0.3628098965,0.3624575734,0.0149229299,0.0282978583,0.0414962135,0.0413429886,0.0439729653,0.0392742492,0.5847901702,0.5791276097,0.1436948031,0.1435118020,0.0000000000,0.0000000000,0.5180057883,0.4340657592,0.4344282150,0.0141912987,0.0955043212,0.0950874537,0.1110478565,0.1160432175,0.0000040942,0.0066558653,0.1215181500,0.0470984355,-0.0190373864,0.1477100700,-0.0028324660,0.0571060181,0.1476624161,0.0084894188
15:24:56:50.181,61,0.4190056026,0.3234503269,0.0972248167,0.0000000000,0.0000000000,0.1311105192,0.0000000000,0.4179773331,0.3240268826,0.0290924199,0.0000000000,0.0000000000,0.1311630756,0.0000000000,0.1764017791,0.0000000000,0.0520882271,0.3959044218,0.1036953703,0.4493050873,0.1251771897,0.0017029771,0.0000000000,0.0000000000,0.0239665695,0.0095718093,0.0000000000,0.0484318882,0.0512694903,0.3349837363,0.3243222535,0.0150129134,0.0284590293,0.0408492200,0.0394061357,0.0428644791,0.0383807570,0.5512804389,0.5491472483,0.1300712079,0.1282638311,0.0000000000,0.0000000000,0.5043163300,0.4184549451,0.4190423787,0.0139974272,0.1029583961,0.1005483866,0.1107939929,0.1152154803,0.0000008932,0.0085924966,0.1113903597,0.0458053648,-0.0174245127,0.1979672313,-0.0034950720,0.0582344010,0.1979245245,0.0116717918
15:24:56:51.183,61,0.6559307575,0.3841306865,0.1166492030,0.0000000000,0.0000000000,0.1627112627,0.0000000000,0.5853423476,0.3851306438,0.0081449822,0.0000000000,0.0000000000,0.1627604216,0.0000000000,0.1148883775,0.0000000000,0.0438467264,0.3230949640,0.1042514145,0.4256584644,0.1277455539,0.0019673835,0.0000000000,0.0000000000,0.0321630165,0.0033985195,0.0000000000,0.0489338040,0.0515690073,0.2772562802,0.2699172795,0.0151661588,0.0287855491,0.0401709378,0.0375193097,0.0420400985,0.0375068970,0.4457732141,0.4567379355,0.1103055775,0.1085609049,0.0000000000,0.0000000000,0.5002713799,0.4101473987,0.4117454886,0.0139856339,0.1233014613,0.1085798517,0.1104704440,0.1114620343,0.0000000011,0.0103282267,0.1025559530,0.0442303047,-0.0048384271,0.2352657318,-0.0011597886,0.0693010017,0.2352273613,0.0165941473
15:24:56:52.184,61,0.7452371120,0.3917708993,0.1357094496,0.0000000000,0.0000000000,0.1718685180,0.0000000000,0.7019467354,0.3931236267,0.0000000000,0.0108093331,0.0000000000,0.1719289720,0.0000000000,0.0959622785,0.0000000000,0.0388100222,0.2950220108,0.1044641808,0.4109098911,0.1292047203,0.0022098715,0.0000000000,0.0041575469,0.0394959860,0.0000000000,0.0000000000,0.0494060889,0.0518403798,0.2596483231,0.2522610426,0.0153201511,0.0291031785,0.0395284593,0.0358039513,0.0412954874,0.0367127024,0.4092685878,0.4237990379,0.1020562127,0.1001058295,0.0000000000,0.0000000000,0.4975834191,0.3902363479,0.3934071660,0.0140317697,0.1294389963,0.1116446629,0.1103218272,0.1099925116,0.0000000007,0.0126179485,0.0950342119,0.0463166833,0.0064135585,0.2401506454,0.0015705168,0.0805323124,0.2401126623,0.0196933653
15:24:56:53.186,61,0.7879854441,0.3731701374,0.1451029927,0.0000000000,0.0000000000,0.1698285043,0.0000000000,0.7657569647,0.3746275902,0.0000000000,0.0199544542,0.0000000000,0.1699493080,0.0000000000,0.0854910016,0.0000000000,0.0361304283,0.2550281286,0.1046732068,0.4037033617,0.1355426759,0.0024762047,0.0000000000,0.0219179187,0.0511272959,0.0000000000,0.0000000000,0.0496090278,0.0518614762,0.2502089441,0.2426979691,0.0154025992,0.0292913094,0.0389423482,0.0342002660,0.0406261459,0.0360072069,0.3742919266,0.3850579560,0.0937395096,0.0915664136,0.0000000000,0.0000000000,0.4935416281,0.3764792979,0.3792544901,0.0141317043,0.1325552464,0.1135724559,0.1103219092,0.1092969850,0.0000000006,0.0154471984,0.0909888074,0.0485184379,0.0118716704,0.2288633883,0.0027653715,0.0863395259,0.2288241684,0.0200810954
15:24:56:54.187,61,0.8153903484,0.3390258253,0.1493988931,0.0000000000,0.0000000000,0.1599623412,0.0000000000,0.8003299832,0.3404323757,0.0000000000,0.0246090740,0.0000000000,0.1601887494,0.0000000000,0.0756316707,0.0000000000,0.0335154347,0.2288108170,0.1049188003,0.4002191424,0.1524195969,0.0028457646,0.0000000000,0.0397238880,0.0660265535,0.0000000000,0.0000000000,0.0496406928,0.0517099574,0.2403578311,0.2295280546,0.0154107409,0.0293928590,0.0384154841,0.0329996757,0.0401226170,0.0354531631,0.3567444384,0.3674845397,0.0890610740,0.0866658315,0.0000000000,0.0000000000,0.4920795858,0.3715296984,0.3743129671,0.0143201239,0.1346702874,0.1198397428,0.1114072949,0.1094597280,0.0000000005,0.0194455963,0.0886409804,0.0512469523,0.0147089139,0.2079811692,0.0031039417,0.0893071815,0.2079398483,0.0188156348
15:24:56:55.189,61,0.7996813059,0.3747232258,0.1496573687,0.0000000000,0.0000000000,0.1556842178,0.0000000000,0.7719556689,0.3762628436,0.0000000000,0.0246443618,0.0000000000,0.1559227407,0.0000000000,0.0711382553,0.0000000000,0.0321354344,0.2186135799,0.1053062975,0.3980816305,0.1572452188,0.0030793331,0.0000000000,0.0463905558,0.0719912648,0.0000000000,0.0000000000,0.0497208312,0.0516491160,0.2362743914,0.2247157544,0.0154280216,0.0295690168,0.0378526933,0.0319149680,0.0396468155,0.0349407159,0.3491119742,0.3596366346,0.0856990889,0.0834443644,0.0000000000,0.0000000000,0.4904154837,0.3765046299,0.3788022995,0.0145194624,0.1357513368,0.1221114025,0.1121063232,0.1098089367,0.0000000002,0.0235382468,0.0880123824,0.0542603917,0.0146584483,0.2298710495,0.0034300482,0.0890294015,0.2298319042,0.0207993556
15:24:56:56.190,61,0.7244859934,0.3922149539,0.1281113774,0.0000000000,0.0000000000,0.1597006321,0.0000000000,0.6702975631,0.3934345841,0.0000000000,0.0032947396,0.0000000000,0.1598674804,0.0000000000,0.0684388950,0.0000000000,0.0311827157,0.2134040147,0.1056522653,0.3970045745,0.1592520922,0.0031679384,0.0000000000,0.0502260923,0.0754826218,0.0000000000,0.0000000000,0.0499034226,0.0516749807,0.2341254056,0.2223981321,0.0154743856,0.0298567731,0.0373493284,0.0311277620,0.0393036865,0.0345121399,0.3454851806,0.3559591174,0.0838467106,0.0816660896,0.0000000000,0.0000000000,0.4750802815,0.3776059449,0.3802167177,0.0147488164,0.1420411468,0.1264660805,0.1135942489,0.1102105901,0.0000000005,0.0247412305,0.0897524953,0.0545488968,0.0019547951,0.2403360158,0.0004790669,0.0760189742,0.2402981073,0.0186070483
15:24:56:57.192,61,0.4870278537,0.3581403792,0.1149370447,0.0000000000,0.0000000000,0.1628591418,0.0000000000,0.4785568714,0.3590550721,0.0111522945,0.0000000000,0.0000000000,0.1629796624,0.0000000000,0.0671193749,0.0000000000,0.0309628155,0.2305933982,0.1062232852,0.4195123017,0.1566206217,0.0031694872,0.0000000000,0.0519532934,0.0773192197,0.0000000000,0.0000000000,0.0501256995,0.0518167280,0.2334697545,0.2228588313,0.0155061716,0.0303904526,0.0366916247,0.0303290710,0.0388843641,0.0341200083,0.3799816370,0.3708425462,0.0813601613,0.0798942819,0.0000000000,0.0000000000,0.4673484862,0.3776588142,0.3802312613,0.0148613518,0.1429749429,0.1278667748,0.1138860956,0.1104677245,0.0000000011,0.0262163188,0.0922607109,0.0539684109,-0.0066493354,0.2193392068,-0.0014822957,0.0685348436,0.2192987353,0.0152621251
15:24:56:58.193,61,0.3649066389,0.3043514192,0.1119909063,0.0000000000,0.0000000000,0.1638220251,0.0000000000,0.3647393882,0.3051086068,0.0147766080,0.0000000000,0.0000000000,0.1639252752,0.0000000000,0.0666292682,0.0000000000,0.0311623346,0.2430074513,0.1066062376,0.4372235835,0.1511667669,0.0031426735,0.0000000000,0.0529459640,0.0784851462,0.0000000000,0.0000000000,0.0504634492,0.0521092527,0.2354016602,0.2282542288,0.0155466674,0.0309952479,0.0360011645,0.0296044294,0.0384581685,0.0337689221,0.3918906450,0.3823727071,0.0802515373,0.0790135562,0.0000000000,0.0000000000,0.4642937183,0.3774709702,0.3799517751,0.0149480561,0.1431666315,0.1287234426,0.1139465570,0.1108163372,0.0000000017,0.0266306624,0.0929623842,0.0511390977,-0.0088701863,0.1863876581,-0.0016726850,0.0672306269,0.1863435805,0.0126648238
15:24:56:59.195,61,0.2987152040,0.2430271059,0.1089786962,0.0000000000,0.0000000000,0.1635844409,0.0000000000,0.2969644368,0.2436224073,0.0182042569,0.0000000000,0.0000000000,0.1636730134,0.0000000000,0.0666835532,0.0000000000,0.0316477790,0.2526389360,0.1065296978,0.4436392188,0.1396160126,0.0031227758,0.0000000000,0.0539743081,0.0797147900,0.0000000000,0.0000000000,0.0509211235,0.0525291562,0.2396209538,0.2350375950,0.0155961011,0.0315324254,0.0353078395,0.0289620496,0.0380030312,0.0334133096,0.4044632912,0.3948271573,0.0799030587,0.0787932351,0.0000000000,0.0000000000,0.4693354368,0.3777059317,0.3800670803,0.0150202867,0.1427187473,0.1292752177,0.1137493551,0.1110844091,0.0000000018,0.0264777951,0.0942474455,0.0480800159,-0.0109974276,0.1488295645,-0.0016489002,0.0658379868,0.1487815678,0.0098609542
15:24:57:00.196,61,0.2499527633,0.2006348819,0.1002919599,0.0000000000,0.0000000000,0.1610915363,0.0000000000,0.2501118481,0.2010641247,0.0268950146,0.0000000000,0.0000000000,0.1611658782,0.0000000000,0.0672484562,0.0000000000,0.0327675343,0.2679784596,0.1062642112,0.4464697838,0.1318052858,0.0030760237,0.0000000000,0.0550053269,0.0807256550,0.0000000000,0.0000000000,0.0514690243,0.0530536212,0.2448700368,0.2430032492,0.0156743173,0.0320069008,0.0346670151,0.0284139924,0.0375594385,0.0330752842,0.4120320082,0.4019266963,0.0800277814,0.0789780021,0.0000000000,0.0000000000,0.4747267663,0.3786082566,0.3805784285,0.0150819290,0.1405936927,0.1294693202,0.1133454293,0.1112450436,0.0000000015,0.0271583684,0.0948351324,0.0457133316,-0.0163054504,0.1228395179,-0.0020129974,0.0608047433,0.1227889434,0.0074991374
15:24:57:01.199,61,0.1907893419,0.1695595831,0.0984194055,0.0000000000,0.0000000000,0.1523063481,0.0000000000,0.1899961978,0.1699239910,0.0287628397,0.0000000000,0.0000000000,0.1523659378,0.0000000000,0.0679902732,0.0000000000,0.0335318930,0.2799068093,0.1059963107,0.4444126487,0.1278914064,0.0030007530,0.0000000000,0.0558884442,0.0817218497,0.0000000000,0.0000000000,0.0520985536,0.0536846407,0.2473879606,0.2464601696,0.0157661531,0.0324757360,0.0340647027,0.0279148519,0.0371236540,0.0327481851,0.4164921641,0.4060640335,0.0802495703,0.0792594776,0.0000000000,0.0000000000,0.4800689220,0.3825173080,0.3837535977,0.0151575161,0.1355363876,0.1292575747,0.1125784516,0.1112608463,0.0000000008,0.0273934361,0.0952568203,0.0436499305,-0.0174756423,0.1038165763,-0.0018207128,0.0597984046,0.1037641838,0.0062235082
15:24:57:02.200,61,0.1419676691,0.1465031803,0.1031751558,0.0000000000,0.0000000000,0.1412799507,0.0000000000,0.1422531903,0.1468654722,0.0238867607,0.0000000000,0.0000000000,0.1413361281,0.0000000000,0.0685304701,0.0000000000,0.0341287106,0.2834068835,0.1042964235,0.4439789653,0.1258501410,0.0030805701,0.0000000000,0.0565296374,0.0823884159,0.0000000000,0.0000000000,0.0524893031,0.0540882610,0.2483949214,0.2479041517,0.0158141423,0.0327506587,0.0335387103,0.0275105163,0.0366997831,0.0324278288,0.4203156531,0.4089535773,0.0811042637,0.0800420865,0.0000000000,0.0000000000,0.4853507280,0.3852044940,0.3860609531,0.0152378455,0.1272825003,0.1267977208,0.1102909148,0.1110157222,0.0000000003,0.0273138583,0.0971872583,0.0430628546,-0.0145329051,0.0897245035,-0.0013074215,0.0627735630,0.0896707997,0.0056403256
15:24:57:03.202,61,0.1165134460,0.1418891847,0.1092549637,0.0000000000,0.0000000000,0.1319279671,0.0000000000,0.1165105030,0.1422842741,0.0174639970,0.0000000000,0.0000000000,0.1319832057,0.0000000000,0.0684494004,0.0000000000,0.0331424251,0.2213511765,0.1037929431,0.3652580380,0.1238062158,0.0038224410,0.0000000000,0.0669443384,0.0897331983,0.0000000000,0.0000000000,0.0528558418,0.0544840507,0.2491467148,0.2484522313,0.0159594063,0.0331128538,0.0332422629,0.0271285325,0.0361938179,0.0320497118,0.3668492138,0.3478417099,0.0795082375,0.0779989511,0.0000000000,0.0000000000,0.4891419411,0.3903906643,0.3910090029,0.0154065462,0.1218630746,0.1226021796,0.1072659716,0.1105520874,0.0000000004,0.0266949981,0.0996604413,0.0431123972,-0.0106278770,0.0869214237,-0.0009261062,0.0664891526,0.0868676007,0.0057859956
15:24:57:04.203,61,0.1048409715,0.1393425763,0.1102859825,0.0000000000,0.0000000000,0.1268780380,0.0000000000,0.1048247069,0.1397392899,0.0159839075,0.0000000000,0.0000000000,0.1269354224,0.0000000000,0.0657989457,0.0000000000,0.0269686133,0.1772525162,0.1040245965,0.2989550829,0.1225877181,0.0071286885,0.0000000000,0.0937731266,0.1073284522,0.0000000000,0.0000000000,0.0530466102,0.0546875224,0.2492353320,0.2447635233,0.0162564460,0.0335015133,0.0333156399,0.0268409699,0.0357506499,0.0317507386,0.3026424348,0.2811997235,0.0707423463,0.0685455352,0.0000000000,0.0000000000,0.4905197620,0.3922525048,0.3927742541,0.0156876240,0.1196431369,0.1210780814,0.1058837101,0.1102212444,0.0000000005,0.0279791523,0.1057838351,0.0447808728,-0.0097284624,0.0853659436,-0.0008324892,0.0671256110,0.0853121430,0.0057361894
15:24:57:05.205,61,0.0981333703,0.1313382536,0.1087438241,0.0000000000,0.0000000000,0.1233512089,0.0000000000,0.0980629548,0.1317087114,0.0170724392,0.0000000000,0.0000000000,0.1234119236,0.0000000000,0.0648187846,0.0000000000,0.0228109211,0.1606835872,0.1043326706,0.2707803547,0.1171786934,0.0127562117,0.0000000000,0.1043024957,0.1129782274,0.0000000000,0.0000000000,0.0532916151,0.0549398884,0.2493321300,0.2434572130,0.0168178342,0.0339457169,0.0340215527,0.0267758835,0.0354539491,0.0315890871,0.2824042737,0.2597995698,0.0665205047,0.0636671633,0.0000000000,0.0000000000,0.4912909269,0.3934597075,0.3939421475,0.0160332099,0.1184758618,0.1200879216,0.1046155468,0.1097106189,0.0000000009,0.0296503641,0.1120616496,0.0476846322,-0.0103952223,0.0804606304,-0.0008382005,0.0662138313,0.0804065540,0.0053315805
15:24:57:06.207,61,0.0944136456,0.1261653751,0.1095203310,0.0000000000,0.0000000000,0.1214044020,0.0000000000,0.0943233147,0.1265298724,0.0160634127,0.0000000000,0.0000000000,0.1214675009,0.0000000000,0.0643201098,0.0000000000,0.0183008686,0.1519906372,0.1048795208,0.2537804544,0.1134385616,0.0191199668,0.0000000000,0.1121518537,0.1162300631,0.0000000000,0.0000000000,0.0536687188,0.0553371795,0.2497767061,0.2427878231,0.0186056029,0.0344559066,0.0384114757,0.0270110741,0.0353766195,0.0316476189,0.2716143131,0.2483039647,0.0642572120,0.0608312860,0.0000000000,0.0000000000,0.4907585680,0.3938109279,0.3942874670,0.0164331794,0.1182126924,0.1197517216,0.1038100049,0.1093209013,0.0000000021,0.0313904174,0.1173382699,0.0500021353,-0.0097832838,0.0772964060,-0.0007577102,0.0667032748,0.0772421658,0.0051587038
15:24:57:07.208,61,0.0927875265,0.1273682714,0.1081548035,0.0000000000,0.0000000000,0.1203325540,0.0000000000,0.0926863402,0.1277271211,0.0174188986,0.0000000000,0.0000000000,0.1203979179,0.0000000000,0.0641198233,0.0000000000,0.0163541865,0.1472981572,0.1053131446,0.2456900924,0.1112868786,0.0221132804,0.0000000000,0.1166326031,0.1181939393,0.0000000000,0.0000000000,0.0540380366,0.0557276271,0.2502242327,0.2424461246,0.0203479659,0.0349037424,0.0429563224,0.0274777766,0.0354793482,0.0318698734,0.2660632730,0.2424319685,0.0629782900,0.0593004487,0.0000000000,0.0000000000,0.4868302941,0.3935579658,0.3940429091,0.0168476570,0.1186048314,0.1198360622,0.1034346595,0.1092325151,0.0000000029,0.0330130309,0.1215454042,0.0524428897,-0.0106082289,0.0780284703,-0.0008294120,0.0658678338,0.0779742897,0.0051426669
15:24:57:08.210,61,0.0921649858,0.1256677955,0.1098154560,0.0000000000,0.0000000000,0.1200117022,0.0000000000,0.0920531899,0.1260330081,0.0158850029,0.0000000000,0.0000000000,0.1200791150,0.0000000000,0.0641336516,0.0000000000,0.0153426826,0.1454140544,0.1054455638,0.2447648346,0.1096237376,0.0238229241,0.0000000000,0.1227564886,0.1211877242,0.0000000000,0.0000000000,0.0543900616,0.0561060421,0.2502726614,0.2419867516,0.0213309005,0.0352560841,0.0448799729,0.0279881898,0.0355880596,0.0320776887,0.2661695182,0.2434032559,0.0625771731,0.0587139018,0.0000000000,0.0000000000,0.4774261415,0.3872432709,0.3879901767,0.0171983242,0.1223903522,0.1212001964,0.1033577472,0.1093437821,0.0000000045,0.0337002277,0.1235924885,0.0539815947,-0.0096748536,0.0769928023,-0.0007463577,0.0668845996,0.0769384578,0.0051522860
15:24:57:09.211,61,0.0918179154,0.1258570999,0.1125041842,0.0000000000,0.0000000000,0.1199047044,0.0000000000,0.0916943401,0.1262386143,0.0134315966,0.0000000000,0.0000000000,0.1199718639,0.0000000000,0.0638955310,0.0000000000,0.0149851479,0.1683321297,0.1072539762,0.2890999019,0.1094478369,0.0247228965,0.0000000000,0.1397372186,0.1384174228,0.0000000000,0.0000000000,0.0548372567,0.0565663837,0.2453241497,0.2353619486,0.0218923613,0.0357677042,0.0456889085,0.0282270033,0.0356294177,0.0322089717,0.2838453054,0.2623371184,0.0624823608,0.0585170202,0.0000000000,0.0000000000,0.4721418321,0.3833790123,0.3842459321,0.0175343044,0.1333721131,0.1295883507,0.1039206311,0.1104983836,0.0000000056,0.0338700227,0.1244695336,0.0544316731,-0.0081805112,0.0771173686,-0.0006321060,0.0685215741,0.0770629346,0.0052867625
15:24:57:10.213,61,0.0914961472,0.1260017008,0.1141194850,0.0000000000,0.0000000000,0.1196551099,0.0000000000,0.0913644433,0.1263930947,0.0119672371,0.0000000000,0.0000000000,0.1197207496,0.0000000000,0.0638683587,0.0000000000,0.0180751774,0.2102341950,0.1076339483,0.3450597227,0.1095857471,0.0245409478,0.0000000000,0.1449986845,0.1454004496,0.0000000000,0.0000000000,0.0553299114,0.0570815802,0.2400796711,0.2329968959,0.0220391247,0.0361274630,0.0456737429,0.0283159800,0.0355485827,0.0321844518,0.3396420777,0.3232696056,0.0671741441,0.0637246892,0.0000000000,0.0000000000,0.4694023132,0.3815433979,0.3824539781,0.0177316628,0.1368964911,0.1325201988,0.1045157239,0.1118078008,0.0000000088,0.0336059406,0.1249381453,0.0542318709,-0.0072885905,0.0772112086,-0.0005638768,0.0695049018,0.0771567151,0.0053690607
15:24:57:11.215,61,0.0891607404,0.1228782609,0.1161610931,0.0000000000,0.0000000000,0.1192779616,0.0000000000,0.0890241265,0.1232743263,0.0099525815,0.0000000000,0.0000000000,0.1193414032,0.0000000000,0.0839568898,0.0000000000,0.0210036840,0.2939887047,0.1073613986,0.3572943509,0.1086350828,0.0219015423,0.0000000000,0.1293340772,0.1481500417,0.0000000000,0.0000000000,0.0560561903,0.0581598207,0.2395443022,0.2328158170,0.0219785590,0.0365869664,0.0416708924,0.0280925017,0.0352839008,0.0319849886,0.4474716187,0.4323476553,0.0757581964,0.0753254816,0.0000000000,0.0000000000,0.4682096541,0.3826211989,0.3834540546,0.0176769271,0.1342953295,0.1324782670,0.1044067591,0.1120428070,0.0000000077,0.0334517099,0.1239394397,0.0529737100,-0.0060624564,0.0753053874,-0.0004573978,0.0707586333,0.0752507299,0.0053302110
15:24:57:12.216,61,0.0782065243,0.1158778444,0.1216418296,0.0000000000,0.0000000000,0.1189753488,0.0000000000,0.0781284794,0.1162871569,0.0044698995,0.0000000000,0.0000000000,0.1190359071,0.0000000000,0.1494347155,0.0000000000,0.0255678054,0.3752215803,0.1053389013,0.3100568950,0.0976023227,0.0181547720,0.0000000000,0.1205567867,0.1493084431,0.0000000000,0.0000000000,0.0577507690,0.0601957254,0.2909151614,0.2808771431,0.0218353756,0.0370445438,0.0377632640,0.0277014934,0.0350255333,0.0317709893,0.5584623814,0.5474705100,0.0797897577,0.0809882656,0.0000000000,0.0000000000,0.4676887095,0.3953374326,0.3958707154,0.0174923074,0.1216698214,0.1237506047,0.1028204039,0.1110984385,0.0000000060,0.0333557129,0.1219020709,0.0507124476,-0.0027236200,0.0710360557,-0.0001938011,0.0741203651,0.0709809884,0.0052651158
15:24:57:13.217,61,0.0711996555,0.1083490029,0.1260417998,0.0000000000,0.0000000000,0.1186823770,0.0000000000,0.0711412877,0.1087609082,0.0000640307,0.0000000000,0.0000000000,0.1187397242,0.0000000000,0.1807588041,0.0000000000,0.0294988863,0.4132404625,0.1045970321,0.2993257642,0.0920724049,0.0157924294,0.0000000000,0.1153342724,0.1495728195,0.0000000000,0.0000000000,0.0611785613,0.0637578964,0.3171117008,0.3048272133,0.0217122287,0.0378097482,0.0351359695,0.0272121485,0.0348160341,0.0315970182,0.6026971936,0.5937201977,0.0815597996,0.0834437162,0.0000000000,0.0000000000,0.4678415358,0.4059604704,0.4063767195,0.0172175206,0.1153354272,0.1181921884,0.1009060889,0.1095040068,0.0000000045,0.0339970775,0.1198630407,0.0486550145,-0.0000390279,0.0664382651,-0.0000025968,0.0768256485,0.0663827360,0.0051023341
15:24:57:14.218,61,0.0653981939,0.1014144570,0.1279762238,0.0000000000,0.0000000000,0.1185623854,0.0000000000,0.0653609782,0.1018156633,0.0000000000,0.0020628795,0.0000000000,0.1186165214,0.0000000000,0.2448790520,0.0000000000,0.0349328928,0.4846836030,0.1046262532,0.2937246561,0.0894989073,0.0134379892,0.0000000000,0.1131512821,0.1495594978,0.0000000000,0.0000000000,0.0666369051,0.0698751584,0.3507797420,0.3528823256,0.0216441061,0.0411896929,0.0334576070,0.0266630556,0.0347531214,0.0315413997,0.6714920402,0.6636241078,0.0822199211,0.0844912753,0.0000000000,0.0000000000,0.4699385762,0.4226742983,0.4229759574,0.0168968234,0.1119768918,0.1151845902,0.0998422205,0.1085688770,0.0000000008,0.0348869711,0.1175981611,0.0468064249,0.0012577049,0.0621956997,0.0000783248,0.0780259445,0.0621398725,0.0048498102
15:24:57:15.220,61,0.0571371466,0.0952849090,0.1285650581,0.0000000000,0.0000000000,0.1184924990,0.0000000000,0.0571163073,0.0956705287,0.0000000000,0.0028497577,0.0000000000,0.1185436323,0.0000000000,0.2698961198,0.0000000000,0.0382183008,0.5182042718,0.1055854261,0.2905079126,0.0879481658,0.0118631702,0.0000000000,0.1118925586,0.1492679715,0.0000000000,0.0000000000,0.0709034204,0.0749416575,0.3813369572,0.3794419169,0.0216199756,0.0439967401,0.0323202908,0.0261290278,0.0347120538,0.0314982496,0.6965849996,0.6889947653,0.0823067352,0.0848197937,0.0000000000,0.0000000000,0.4772197902,0.4353830218,0.4356378615,0.0165061187,0.1096813604,0.1132509187,0.0989206135,0.1077340990,0.0000000539,0.0355823562,0.1150790825,0.0452014208,0.0017378462,0.0584418885,0.0001016788,0.0784026384,0.0583858006,0.0045780842
15:24:57:16.223,61,0.0345513187,0.0889202952,0.1274202615,0.0000000000,0.0000000000,0.1182364151,0.0000000000,0.0345101170,0.0892819762,0.0000000000,0.0019196578,0.0000000000,0.1182845086,0.0000000000,0.2813381851,0.0000000000,0.0405956917,0.5395026207,0.1061046422,0.2833763957,0.0868037045,0.0107595706,0.0000000000,0.1114101186,0.1489841193,0.0000000000,0.0000000000,0.0734595060,0.0779783279,0.3923865855,0.3906220496,0.0215965658,0.0456444509,0.0313968807,0.0255786888,0.0345930830,0.0313707590,0.7092615366,0.7018960118,0.0819508359,0.0846194252,0.0000000000,0.0000000000,0.4928850532,0.4455219209,0.4457578361,0.0160752013,0.1070282385,0.1109721661,0.0971021056,0.1057990193,0.0000077045,0.0357431583,0.1126100197,0.0442828201,0.0011709085,0.0545393005,0.0000639239,0.0777215809,0.0544829592,0.0042344052
15:24:57:17.224,61,0.0274718162,0.0842216089,0.1258917749,0.0000000000,0.0000000000,0.1181564629,0.0000000000,0.0274241492,0.0845633671,0.0000000000,0.0005519763,0.0000000000,0.1182017922,0.0000000000,0.2865402699,0.0000000000,0.0420701802,0.5593954921,0.1063088030,0.2715284228,0.0853253752,0.0099370982,0.0000000000,0.1116266847,0.1488539279,0.0000000000,0.0000000000,0.0756597519,0.0805581436,0.3983446360,0.3975622058,0.0216092411,0.0470901653,0.0306053013,0.0250316467,0.0344433598,0.0312069152,0.7159059048,0.7086504102,0.0810105354,0.0838702470,0.0000000000,0.0000000000,0.5060635805,0.4538306594,0.4540729523,0.0156285781,0.1053829342,0.1096201316,0.0957654938,0.1043228954,0.0000148629,0.0348767638,0.1094779000,0.0434359983,0.0003367334,0.0516568236,0.0000174101,0.0768009424,0.0516002961,0.0039625540
15:24:57:18.224,61,0.0238157772,0.0800748542,0.1244481131,0.0000000000,0.0000000000,0.1184127033,0.0000000000,0.0237654932,0.0803992599,0.0008117990,0.0000000000,0.0000000000,0.1184557602,0.0000000000,0.2891389430,0.0000000000,0.0431402475,0.5697069764,0.1063519195,0.2633764744,0.0836082175,0.0093411244,0.0000000000,0.1144928262,0.1489935219,0.0000000000,0.0000000000,0.0774998665,0.0826384127,0.4016200304,0.4015234113,0.0216481127,0.0485283583,0.0299071744,0.0245080385,0.0343141854,0.0310596861,0.7196595073,0.7124096751,0.0802610666,0.0831861719,0.0000000000,0.0000000000,0.5107186437,0.4574492872,0.4576912224,0.0151868537,0.1043540835,0.1087312996,0.0948954970,0.1034265608,0.0000159848,0.0339457020,0.1063926071,0.0427360684,-0.0004953019,0.0491131246,-0.0000243454,0.0759299248,0.0490564108,0.0037242423
15:24:57:19.227,61,0.0213661697,0.0752480030,0.1244679764,0.0000000000,0.0000000000,0.1187321246,0.0000000000,0.0213098135,0.0755589530,0.0007210561,0.0000000000,0.0000000000,0.1187733635,0.0000000000,0.2901860774,0.0000000000,0.0439267047,0.5785806775,0.1060438678,0.2554541230,0.0814769268,0.0089203790,0.0000000000,0.1167566255,0.1491528600,0.0000000000,0.0000000000,0.0786880702,0.0839992911,0.4040652812,0.4066104591,0.0216834228,0.0494930670,0.0292762239,0.0240162741,0.0341720171,0.0308929048,0.7225006223,0.7147804499,0.0795921609,0.0825361982,0.0000000000,0.0000000000,0.5131020546,0.4595601857,0.4598048627,0.0147589063,0.1035614386,0.1080262661,0.0941855758,0.1027212888,0.0000160568,0.0333218910,0.1040923446,0.0416496880,-0.0004399990,0.0461563431,-0.0000203232,0.0759527013,0.0460993946,0.0035004737
15:24:57:20.228,61,0.0187977273,0.0731756315,0.1249204278,0.0000000000,0.0000000000,0.1189694852,0.0000000000,0.0187364686,0.0734823421,0.0002927540,0.0000000000,0.0000000000,0.1190090179,0.0000000000,0.2896313071,0.0000000000,0.0445025489,0.5865854025,0.1043345556,0.2429595888,0.0784947947,0.0086091710,0.0000000000,0.1229296774,0.1498674601,0.0000000000,0.0000000000,0.0796588436,0.0850563198,0.4054808021,0.4088732004,0.0217205435,0.0502629839,0.0286679119,0.0235309117,0.0340160541,0.0307108536,0.7255088687,0.7170136571,0.0789500028,0.0818915591,0.0000000000,0.0000000000,0.5142385960,0.4608358443,0.4610847533,0.0143481884,0.1028218344,0.1073673964,0.0935152471,0.1020624712,0.0000084756,0.0334854014,0.1030476317,0.0402213670,-0.0001786531,0.0448878147,-0.0000080247,0.0762331858,0.0448307395,0.0034165564
15:24:57:21.231,61,0.0164857749,0.0711054206,0.1246361956,0.0000000000,0.0000000000,0.1192829609,0.0000000000,0.0164341982,0.0714054033,0.0006178165,0.0000000000,0.0000000000,0.1193213537,0.0000000000,0.2874263823,0.0000000000,0.0447863601,0.5973008871,0.0982024893,0.2206753194,0.0743262619,0.0083761085,0.0000000000,0.1350843161,0.1576539874,0.0000000000,0.0000000000,0.0811920464,0.0869187936,0.4065280557,0.4103544056,0.0217481833,0.0508509949,0.0280542802,0.0230405852,0.0338851027,0.0305545982,0.7300013900,0.7202357054,0.0781053677,0.0809684917,0.0000000000,0.0000000000,0.5149098635,0.4617528915,0.4620054960,0.0139630716,0.1017671749,0.1066803560,0.0923020691,0.1009150669,0.0000013689,0.0338156186,0.1026545912,0.0389616601,-0.0003770436,0.0436190851,-0.0000164567,0.0760639906,0.0435618721,0.0033123787
15:24:57:22.231,61,0.0133980196,0.0686787888,0.1238156706,0.0000000000,0.0000000000,0.1195018217,0.0000000000,0.0133708920,0.0689693391,0.0014861303,0.0000000000,0.0000000000,0.1195390001,0.0000000000,0.2830082774,0.0000000000,0.0450084545,0.6079455614,0.0930864140,0.2098960280,0.0711750537,0.0081860824,0.0000000000,0.1431473941,0.1634986103,0.0000000000,0.0000000000,0.0829597041,0.0890469030,0.4074632525,0.4125367999,0.0217828900,0.0512620136,0.0274771862,0.0225811321,0.0337750055,0.0304139499,0.7328498960,0.7224826813,0.0773376897,0.0801778510,0.0000000000,0.0000000000,0.5153188705,0.4624160528,0.4626714289,0.0136030111,0.1004398167,0.1059609801,0.0911917165,0.0997930914,0.0000002720,0.0338730402,0.1024253070,0.0382477865,-0.0009070198,0.0421309918,-0.0000382363,0.0755679980,0.0420736261,0.0031782601
15:24:57:23.232,61,0.0111457724,0.0666031539,0.1228279024,0.0000000000,0.0000000000,0.1197662354,0.0000000000,0.0111327469,0.0668848678,0.0024704577,0.0000000000,0.0000000000,0.1198021173,0.0000000000,0.2761553824,0.0000000000,0.0451694205,0.6219851375,0.0895346850,0.2023219764,0.0689894855,0.0080492748,0.0000000000,0.1494515985,0.1684773415,0.0000000000,0.0000000000,0.0846948773,0.0911133364,0.4090676010,0.4160009027,0.0218298677,0.0516070537,0.0269169863,0.0221295152,0.0336524211,0.0302637871,0.7365102768,0.7252097130,0.0765638575,0.0793016031,0.0000000000,0.0000000000,0.5160265565,0.4637073576,0.4639652073,0.0132654868,0.0994450003,0.1052701548,0.0903782248,0.0989912227,0.0000002341,0.0336454287,0.1020219326,0.0379108898,-0.0015078573,0.0408576839,-0.0000616418,0.0749690980,0.0408002250,0.0030575788
15:24:57:24.236,61,0.0097187040,0.0636952743,0.1216928586,0.0000000000,0.0000000000,0.1202624068,0.0000000000,0.0097131692,0.0639656857,0.0036168215,0.0000000000,0.0000000000,0.1202972010,0.0000000000,0.2735268176,0.0000000000,0.0451615453,0.6353479028,0.0867007524,0.1911608279,0.0670255199,0.0079780361,0.0000000000,0.1601854861,0.1782972664,0.0000000000,0.0000000000,0.0878016576,0.0948160440,0.4134406149,0.4211159050,0.0219082907,0.0520645492,0.0263647400,0.0216698982,0.0335436948,0.0301336534,0.7469936013,0.7339220643,0.0749456435,0.0775248036,0.0000000000,0.0000000000,0.5188428164,0.4656442106,0.4659077227,0.0129507044,0.0985496491,0.1046019271,0.0896180198,0.0982301906,0.0000006590,0.0327116847,0.0966863856,0.0375127085,-0.0022077044,0.0390745141,-0.0000863088,0.0742815733,0.0390168801,0.0028970328
15:24:57:25.235,61,0.0086723277,0.0606170259,0.1206924915,0.0000000000,0.0000000000,0.1207786724,0.0000000000,0.0086702537,0.0608763732,0.0046041370,0.0000000000,0.0000000000,0.1208123937,0.0000000000,0.2720916569,0.0000000000,0.0450556725,0.6471318007,0.0844000578,0.1822193563,0.0653606057,0.0079181902,0.0000000000,0.1738797128,0.1918321103,0.0000000000,0.0000000000,0.0918924287,0.0997530073,0.4181670249,0.4261830747,0.0220047031,0.0526498146,0.0258159656,0.0212021843,0.0334556997,0.0300283525,0.7584098577,0.7451206446,0.0729376003,0.0755092427,0.0000000000,0.0000000000,0.5287405849,0.4699836969,0.4702644050,0.0126556754,0.0977752209,0.1040081754,0.0888911709,0.0975044221,0.0000011150,0.0327116847,0.0966863856,0.0375127085,-0.0028105630,0.0371874124,-0.0001045656,0.0736762211,0.0371296108,0.0027343454
15:24:57:26.237,61,0.0078356927,0.0598632544,0.1204328835,0.0000000000,0.0000000000,0.1210433170,0.0030232016,0.0078354003,0.0601198561,0.0048322883,0.0000000000,0.0000000000,0.1210759580,0.0031051915,0.2713597417,0.0000000000,0.0449139141,0.6529987454,0.0830224976,0.1760573536,0.0641485751,0.0078756334,0.0000000000,0.1837830395,0.2013485134,0.0000000000,0.0000000000,0.0948569402,0.1032101065,0.4204018414,0.4284372032,0.0221029595,0.0533386096,0.0252747443,0.0207294654,0.0333688073,0.0299274363,0.7667802572,0.7533068657,0.0711196736,0.0737665370,0.0000000000,0.0000000000,0.5386509895,0.4779033065,0.4782016873,0.0123786842,0.0970322639,0.1034045666,0.0882315189,0.0968469903,0.0000016991,0.0326350369,0.0936427414,0.0373052321,-0.0029498867,0.0367252901,-0.0001083840,0.0735189989,0.0366674736,0.0026945295
15:24:57:27.240,61,0.0071333614,0.0590230487,0.1203108579,0.0000000000,0.0000000000,0.1211208403,0.0065282835,0.0071339579,0.0592771284,0.0049616890,0.0000000000,0.0000000000,0.1211525053,0.0066192891,0.2711637914,0.0000000000,0.0447456762,0.6560052037,0.0820337087,0.1715149432,0.0631993786,0.0078587560,0.0000000000,0.1920803487,0.2089932412,0.0000000000,0.0000000000,0.0973482057,0.1059996411,0.4217264354,0.4297708571,0.0222029518,0.0544083193,0.0247452017,0.0202588420,0.0332880579,0.0298372768,0.7727446556,0.7591545582,0.0694077834,0.0720621794,0.0000000000,0.0000000000,0.5472862720,0.4861664176,0.4864687622,0.0121217575,0.0963367522,0.1028254628,0.0876111984,0.0962276086,0.0000022685,0.0327246301,0.0916913450,0.0367416330,-0.0030289367,0.0362105034,-0.0001097271,0.0734458715,0.0361526459,0.0026540258
15:24:57:28.241,61,0.0065231994,0.0582086220,0.1204020903,0.0000000000,0.0000000000,0.1212748438,0.0094893556,0.0065242117,0.0584608093,0.0048569366,0.0000000000,0.0000000000,0.1213057041,0.0095811980,0.2721756697,0.0000000000,0.0446187519,0.6575953364,0.0813099667,0.1679507196,0.0623586811,0.0078617670,0.0000000000,0.1990678310,0.2156225741,0.0000000000,0.0000000000,0.0993807018,0.1081397161,0.4224705994,0.4304863811,0.0222989377,0.0559969358,0.0242265165,0.0197952967,0.0332286805,0.0297743008,0.7779416442,0.7645273209,0.0680547282,0.0707333758,0.0000000000,0.0000000000,0.5513694286,0.4915287197,0.4918204546,0.0118807107,0.0957715809,0.1023759916,0.0871097371,0.0957257822,0.0000028069,0.0326827094,0.0910339504,0.0362443291,-0.0029650424,0.0357118398,-0.0001059320,0.0735028833,0.0356539413,0.0026194123
15:24:57:29.243,61,0.0059810379,0.0575012863,0.1202900633,0.0000000000,0.0000000000,0.1214058399,0.0113889873,0.0059822178,0.0577513315,0.0049771792,0.0000000000,0.0000000000,0.1214360148,0.0114812087,0.2774941325,0.0000000000,0.0445358790,0.6583217978,0.0807860866,0.1651397496,0.0616178215,0.0079173632,0.0000000000,0.2038752139,0.2196144611,0.0000000000,0.0000000000,0.1012704298,0.1099955365,0.4229429960,0.4308835864,0.0224097017,0.0581768602,0.0237373430,0.0193539690,0.0331997834,0.0297415610,0.7828205824,0.7694778442,0.0669762716,0.0696350709,0.0000000000,0.0000000000,0.5535128713,0.4944821596,0.4947659075,0.0116538350,0.0953191370,0.1020085663,0.0867033601,0.0953059942,0.0000048627,0.0325231999,0.0914479792,0.0353902392,-0.0030384939,0.0352784470,-0.0001072377,0.0734356120,0.0352205001,0.0025851785
15:24:57:30.243,61,0.0054924535,0.0571961515,0.1205713451,0.0000000000,0.0000000000,0.1215313748,0.0124060754,0.0054936721,0.0574461482,0.0046948832,0.0000000000,0.0000000000,0.1215612441,0.0124987978,0.2806991935,0.0000000000,0.0444165766,0.6576797366,0.0803935230,0.1636266708,0.0609522983,0.0079948530,0.0000000000,0.2071137428,0.2227413058,0.0000000000,0.0000000000,0.1023661047,0.1110663489,0.4232214689,0.4309487045,0.0224913768,0.0593547262,0.0232964214,0.0189543068,0.0331750922,0.0297170691,0.7850591540,0.7717382312,0.0661753416,0.0688362569,0.0000000000,0.0000000000,0.5525828004,0.4955761731,0.4958576858,0.0114397826,0.0949995369,0.1017668694,0.0863939151,0.0950008705,0.0000082673,0.0323643349,0.0925541297,0.0338862762,-0.0028661755,0.0350919999,-0.0001006210,0.0736078098,0.0350340493,0.0025775004
15:24:57:31.245,61,0.0050483560,0.0577884205,0.1214439496,0.0000000000,0.0000000000,0.1215797514,0.0127441101,0.0050495486,0.0580423512,0.0038222810,0.0000000000,0.0000000000,0.1216093525,0.0128373038,0.2858767509,0.0000000000,0.0443295501,0.6513143182,0.0799837857,0.1625389159,0.0602849722,0.0079987319,0.0000000000,0.2124649882,0.2293491215,0.0000000000,0.0000000000,0.1031346768,0.1118167564,0.4235033989,0.4309989810,0.0225450266,0.0602254942,0.0229003355,0.0185975507,0.0331737883,0.0297151618,0.7869214416,0.7739559412,0.0656111240,0.0682930052,0.0000000000,0.0000000000,0.5527323484,0.4965950251,0.4968755543,0.0112323258,0.0948456377,0.1016909778,0.0862378851,0.0948624089,0.0000118338,0.0320224911,0.0939998105,0.0321670435,-0.0023334313,0.0354561508,-0.0000827691,0.0741396025,0.0353982188,0.0026230956
15:24:57:32.248,61,0.0048058270,0.0603654571,0.1215860322,0.0000000000,0.0000000000,0.1212928519,0.0121988822,0.0048063193,0.0606266446,0.0036873871,0.0000000000,0.0000000000,0.1213222444,0.0122835422,0.3013020754,0.0000000000,0.0442624949,0.6014469266,0.0800022259,0.1625308841,0.0597764403,0.0078447694,0.0000000000,0.2144883424,0.2323327363,0.0000000000,0.0000000000,0.1036906615,0.1123216152,0.4231265485,0.4271490872,0.0226073638,0.0610698313,0.0225458127,0.0182750653,0.0332465507,0.0297924727,0.7876867652,0.7749623656,0.0651075020,0.0678238124,0.0000000000,0.0000000000,0.5653612614,0.5054623485,0.5057206750,0.0110517731,0.0947763175,0.1017056108,0.0860225633,0.0946166515,0.0000136720,0.0315361395,0.0956589356,0.0306282286,-0.0022509522,0.0370348059,-0.0000834016,0.0742220953,0.0369770154,0.0027432360
15:24:57:33.248,61,0.0047007506,0.0649566278,0.1205609068,0.0000000000,0.0000000000,0.1201700196,0.0110001490,0.0046997024,0.0652269796,0.0047883280,0.0000000000,0.0000000000,0.1201991066,0.0110699963,0.3078889549,0.0000000000,0.0441018194,0.5768304467,0.0804511681,0.1713591963,0.0594735891,0.0075514172,0.0000000000,0.2154441327,0.2341064960,0.0000000000,0.0000000000,0.1040469185,0.1125958711,0.4193852842,0.4157581627,0.0226532128,0.0618645810,0.0222177394,0.0179667473,0.0333719663,0.0299291871,0.7879169583,0.7754850984,0.0647431836,0.0675008669,0.0000000000,0.0000000000,0.5871341228,0.5213114023,0.5215326548,0.0109127043,0.0947615206,0.1017911360,0.0859362260,0.0944761261,0.0000129408,0.0295495391,0.0975540429,0.0294306353,-0.0029227021,0.0398450680,-0.0001165168,0.0735883936,0.0397874899,0.0029267918
15:24:57:34.250,61,0.0048589525,0.0720156282,0.1180567369,0.0000000000,0.0000000000,0.1179277748,0.0090163657,0.0048553362,0.0722960085,0.0073839049,0.0000000000,0.0000000000,0.1179582179,0.0090696905,0.3112165928,0.0000000000,0.0438455604,0.5408229828,0.0810436383,0.1795202196,0.0592313334,0.0072688409,0.0000000000,0.2161519825,0.2368703038,0.0000000000,0.0000000000,0.1042303741,0.1126479283,0.4139980972,0.4051212072,0.0226643719,0.0625971481,0.0219021905,0.0176667683,0.0335429162,0.0301191974,0.7879236937,0.7757552862,0.0645787194,0.0673610494,0.0000000000,0.0000000000,0.6043074131,0.5394688845,0.5396581888,0.0108172633,0.0948888287,0.1020273566,0.0861205086,0.0946103558,0.0000090025,0.0266023148,0.0990399495,0.0284191519,-0.0045061735,0.0441635698,-0.0001991375,0.0720468834,0.0441063456,0.0031770258
15:24:57:35.253,61,0.0068304986,0.0813995674,0.1139052510,0.0000000000,0.0000000000,0.1141894236,0.0055400738,0.0068175006,0.0816875100,0.0116230519,0.0000000000,0.0000000000,0.1142191738,0.0055883243,0.3123154342,0.0000000000,0.0436492078,0.5178513527,0.0815499201,0.1830241233,0.0589593165,0.0070385621,0.0000000000,0.2190234959,0.2431343645,0.0000000000,0.0000000000,0.1042796299,0.1125256494,0.4074062407,0.3965415955,0.0226632226,0.0631764382,0.0216081366,0.0173828471,0.0337043293,0.0303180572,0.7876771688,0.7756989002,0.0646389574,0.0674225837,0.0000000000,0.0000000000,0.6310151219,0.5626861453,0.5628426075,0.0107443705,0.0951634720,0.1023891568,0.0866170824,0.0950771049,0.0000048350,0.0231487863,0.0999305099,0.0276869815,-0.0070912810,0.0499013215,-0.0003541553,0.0694946274,0.0498445854,0.0034639982
15:24:57:36.254,61,0.0084075499,0.0903129876,0.1082321703,0.0000000000,0.0000000000,0.1103559509,0.0027110316,0.0083918693,0.0905973539,0.0172873754,0.0000000000,0.0000000000,0.1103863418,0.0027518794,0.3126292825,0.0000000000,0.0435658507,0.5055016875,0.0817032158,0.1847133487,0.0585467555,0.0068982081,0.0000000000,0.2341751307,0.2571620345,0.0000000000,0.0000000000,0.1042865738,0.1123468652,0.4039196968,0.3928777575,0.0226185918,0.0635781810,0.0213234536,0.0171180535,0.0338695757,0.0305264071,0.7878504992,0.7760171294,0.0649365634,0.0677009821,0.0000000000,0.0000000000,0.6647244692,0.5939528346,0.5940627456,0.0106784580,0.0955064520,0.1028319150,0.0872444063,0.0956852734,0.0000019918,0.0192683898,0.1005559415,0.0267628040,-0.0105440896,0.0553458557,-0.0005841574,0.0660145283,0.0552896187,0.0036509726
15:24:57:37.255,61,0.0167895015,0.1012737751,0.1009994820,0.0000000000,0.0000000000,0.1082157120,0.0000000000,0.0167791490,0.1015460268,0.0245100148,0.0000000000,0.0000000000,0.1082488373,0.0000000000,0.3124290705,0.0000000000,0.0435848981,0.4995420575,0.0816460252,0.1856763214,0.0580342673,0.0068500154,0.0000000000,0.2560464144,0.2757287323,0.0000000000,0.0000000000,0.1041799709,0.1120618731,0.4021390080,0.3910026848,0.0225212816,0.0636572391,0.0210726671,0.0168916266,0.0340044238,0.0307066645,0.7881669998,0.7764744759,0.0662903488,0.0685982332,0.0000000000,0.0000000000,0.6862450242,0.6156224012,0.6157183647,0.0106066102,0.0975208953,0.1056836173,0.0904956535,0.0989506319,0.0000001758,0.0154744694,0.1012469158,0.0256020762,-0.0149435205,0.0620378852,-0.0009282206,0.0615789033,0.0619822666,0.0038192619
15:24:57:38.256,61,0.0248312112,0.1101525128,0.0913349465,0.0000000000,0.0000000000,0.1070166081,0.0000000000,0.0248233676,0.1103899106,0.0341233723,0.0000000000,0.0000000000,0.1070530042,0.0000000000,0.3126944005,0.0000000000,0.0436420031,0.4964117706,0.0814606920,0.1861969084,0.0574077219,0.0069619254,0.0000000000,0.2866930366,0.2995125651,0.0000000000,0.0000000000,0.1042355746,0.1119670048,0.4010611176,0.3901197910,0.0224107206,0.0637425929,0.0208282229,0.0166683849,0.0341659486,0.0309127886,0.7917095423,0.7815663218,0.0681149736,0.0696955547,0.0000000000,0.0000000000,0.7124002576,0.6393254995,0.6394116282,0.0105304997,0.1043286771,0.1143302172,0.0949230418,0.1027048752,0.0000001211,0.0111623434,0.1022058204,0.0240442473,-0.0207973998,0.0674479678,-0.0014047713,0.0556669608,0.0673928931,0.0037552896
15:24:57:39.258,61,0.0294417720,0.1168785170,0.0795432255,0.0000000000,0.0000000000,0.1063416824,0.0000000000,0.0294318032,0.1170601770,0.0456104837,0.0000000000,0.0000000000,0.1063830703,0.0000000000,0.3298294544,0.0000000000,0.0436425805,0.4981751442,0.0815084502,0.1864657402,0.0567220189,0.0073337825,0.0000000000,0.3139652014,0.3205315173,0.0000000000,0.0000000000,0.1046907306,0.1123302430,0.4004941285,0.3898737431,0.0223918147,0.0642105043,0.0205829795,0.0164206047,0.0343866050,0.0311780293,0.8036585450,0.7946779132,0.0691048950,0.0703358203,0.0000000000,0.0000000000,0.7402088642,0.6661275029,0.6662024260,0.0104588941,0.1153414994,0.1265708357,0.1002417654,0.1067166030,0.0000001598,0.0050864904,0.1023610309,0.0219919011,-0.0277906395,0.0715356693,-0.0019911614,0.0484663025,0.0714811087,0.0034689656
15:24:57:40.261,61,0.0335259363,0.1233488172,0.0663640201,0.0000000000,0.0000000000,0.1057949141,0.0000000000,0.0335110091,0.1234596968,0.0585506335,0.0000000000,0.0000000000,0.1058432236,0.0000000000,0.3360274732,0.0000000000,0.0433444083,0.5183507204,0.0814368948,0.1846704930,0.0558684953,0.0079888217,0.0000000000,0.3403296769,0.3432496488,0.0000000000,0.0000000000,0.1081862375,0.1159824133,0.4003944993,0.3900353611,0.0224208087,0.0665280446,0.0202921443,0.0161193404,0.0346368700,0.0314857103,0.8177837729,0.8075281382,0.0696196929,0.0705589280,0.0000000000,0.0000000000,0.7682498693,0.6873829365,0.6874418855,0.0103788581,0.1201689169,0.1325692087,0.1030102223,0.1085984707,0.0000003581,-0.0028685343,0.1014578864,0.0195402391,-0.0356648341,0.0754653215,-0.0026960014,0.0404243879,0.0754112452,0.0030534039
15:24:57:41.262,61,0.0361183919,0.1305648088,0.0552015044,0.0000000000,0.0000000000,0.1051571369,0.0000000000,0.0360814966,0.1306089312,0.0696024075,0.0000000000,0.0000000000,0.1052133068,0.0000000000,0.3384020329,0.0000000000,0.0411328301,0.5371710062,0.0811610296,0.1815441251,0.0551354922,0.0089624589,0.0000000000,0.3650250435,0.3718162775,0.0000000000,0.0000000000,0.1112821475,0.1198732182,0.4006813765,0.3903805017,0.0224262588,0.0675500259,0.0200207457,0.0158350803,0.0348576270,0.0317758396,0.8226988912,0.8121846914,0.0700498670,0.0707417056,0.0000000000,0.0000000000,0.7857534885,0.6984258294,0.6984858513,0.0102780396,0.1244476065,0.1391209960,0.1057949439,0.1106602922,0.0000005174,-0.0133297481,0.0994329005,0.0158533156,-0.0423823632,0.0798563287,-0.0033906840,0.0336134434,0.0798026845,0.0026876393
15:24:57:42.262,61,0.0424735323,0.1409285814,0.0475422554,0.0000000000,0.0000000000,0.1042622030,0.0000000000,0.0424061194,0.1409182549,0.0772675872,0.0000000000,0.0000000000,0.1043345779,0.0000000000,0.3334586918,0.0000000000,0.0389412902,0.5439423919,0.0807689875,0.1777681708,0.0544435158,0.0097034173,0.0000000000,0.3933746517,0.3978343904,0.0000000000,0.0000000000,0.1138128042,0.1228505224,0.4011048973,0.3908271790,0.0224067420,0.0681862161,0.0197876282,0.0155823454,0.0350489914,0.0320475847,0.8251059055,0.8144479990,0.0705600455,0.0710323080,0.0000000000,0.0000000000,0.7943119407,0.7040426135,0.7041046023,0.0101664616,0.1303972900,0.1471764445,0.1111277938,0.1149882451,0.0000006468,-0.0241727028,0.0986874923,0.0113998605,-0.0470251851,0.0861775726,-0.0040610591,0.0289343279,0.0861245096,0.0024977811
15:24:57:43.264,61,0.0532094836,0.1527513415,0.0363338552,0.0000000000,0.0000000000,0.1035164297,0.0000000000,0.0531836152,0.1526532322,0.0883299187,0.0000000000,0.0000000000,0.1035980061,0.0000000000,0.3321830928,0.0000000000,0.0374685936,0.5463057160,0.0802470222,0.1744352877,0.0537201874,0.0103962058,0.0000000000,0.4187908173,0.4224532545,0.0000000000,0.0000000000,0.1155418828,0.1247794405,0.4015681148,0.3912675977,0.0223526787,0.0684476122,0.0196445882,0.0154088680,0.0352827981,0.0323584527,0.8260266781,0.8152812719,0.0721440092,0.0716259852,0.0000000000,0.0000000000,0.7980108261,0.7066528201,0.7067148089,0.0100597339,0.1360705197,0.1552856117,0.1156156212,0.1186602637,0.0000007157,-0.0339544863,0.1010374874,0.0056970008,-0.0537230298,0.0933856815,-0.0050291349,0.0220985208,0.0933333486,0.0020683673
15:24:57:44.267,61,0.0568298027,0.1605529189,0.0260585416,0.0000000000,0.0000000000,0.1021989509,0.0000000000,0.0568109341,0.1603697091,0.0983936638,0.0000000000,0.0000000000,0.1022947356,0.0000000000,0.3205472827,0.0000000000,0.0335049219,0.4948489666,0.0793992877,0.1729740053,0.0530083440,0.0110596428,0.0000000000,0.4283995032,0.4342837632,0.0000000000,0.0000000000,0.1161572561,0.1254543811,0.4005193114,0.3849974573,0.0221897475,0.0670570955,0.0196053889,0.0153503790,0.0354704000,0.0326451436,0.8142799735,0.8008891344,0.0795169175,0.0771264806,0.0000000000,0.0000000000,0.7949319482,0.7060799599,0.7061418891,0.0099652978,0.1385156214,0.1593351215,0.1176799983,0.1203768179,0.0000005619,-0.0430425182,0.1065502614,-0.0024033720,-0.0598167405,0.0981403664,-0.0058857775,0.0158417560,0.0980885476,0.0015588312
15:24:57:45.267,61,0.0588488877,0.1664699018,0.0167828184,0.0000000000,0.0000000000,0.0993193239,0.0000000000,0.0588331930,0.1662058979,0.1075595915,0.0000000000,0.0000000000,0.0994231626,0.0000000000,0.2817032635,0.0000000000,0.0294225942,0.4386256337,0.0745922923,0.1722140163,0.0522491187,0.0116348127,0.0000000000,0.4185180068,0.4338766932,0.0000000000,0.0000000000,0.1160237491,0.1249723136,0.3933341503,0.3686904013,0.0219655037,0.0634259284,0.0196233559,0.0153812012,0.0356785879,0.0329584070,0.7944456339,0.7777119875,0.0865040198,0.0837655365,0.0000000000,0.0000000000,0.7865039706,0.7022851706,0.7023389935,0.0099218665,0.1390344948,0.1606449634,0.1186155155,0.1211057752,0.0000003904,-0.0523252562,0.1145773679,-0.0115291299,-0.0653655827,0.1017474532,-0.0066689774,0.0101990774,0.1016959921,0.0010407774
15:24:57:46.270,61,0.0612204298,0.1711848229,0.0094351992,0.0000000000,0.0000000000,0.0947198346,0.0000000000,0.0612086989,0.1708535701,0.1147805601,0.0000000000,0.0000000000,0.0948217809,0.0000000000,0.2655893564,0.0000000000,0.0252225250,0.4061982930,0.0666015372,0.1719048917,0.0515564308,0.0119873239,0.0000000000,0.3349150121,0.3602922857,0.0000000000,0.0000000000,0.1137545407,0.1214378551,0.3914340436,0.3639351130,0.0217404794,0.0587129630,0.0197696313,0.0155586991,0.0359861851,0.0333761349,0.7724790573,0.7541611791,0.0925446302,0.0908413976,0.0000000000,0.0000000000,0.7770569921,0.6925210953,0.6925542355,0.0099413460,0.1142976284,0.1346503198,0.1165348366,0.1189221963,0.0000002385,-0.0599758215,0.1215702370,-0.0206776261,-0.0697333142,0.1046237051,-0.0073164320,0.0057321498,0.1045725793,0.0006016171
15:24:57:47.272,61,0.0667793974,0.1750575900,0.0017933939,0.0000000000,0.0000000000,0.0929451138,0.0000000000,0.0667707399,0.1746558249,0.1223443300,0.0000000000,0.0000000000,0.0930485949,0.0000000000,0.2014552951,0.0000000000,0.0203393120,0.3478887975,0.0625362769,0.1927709430,0.0510798208,0.0119843790,0.0000000000,0.2509077787,0.2906408012,0.0000000000,0.0000000000,0.1018078551,0.1074459478,0.3901691735,0.3610012233,0.0214200392,0.0521739759,0.0199655630,0.0158312824,0.0361607708,0.0336786471,0.7028551102,0.6854985952,0.0976875722,0.0971330032,0.0000000000,0.0000000000,0.7636409998,0.6681300998,0.6681572795,0.0100468090,0.1053783670,0.1253649741,0.1085254401,0.1111267209,0.0000000746,-0.0659170374,0.1277395487,-0.0293391272,-0.0743101612,0.1069875732,-0.0079732249,0.0010892642,0.1069366634,0.0001169283
15:24:57:48.272,61,0.0714384764,0.1778724641,0.0000075736,0.0000000000,0.0000000000,0.0916450620,0.0000000000,0.0714338124,0.1774470508,0.1242821589,0.0000000000,0.0000000000,0.0917490199,0.0000000000,0.1649597436,0.0000000000,0.0170085933,0.3008297086,0.0604841895,0.2794375122,0.0512380823,0.0116000548,0.0000000000,0.1619076878,0.2154256254,0.0000000000,0.0000000000,0.0865301862,0.0920950696,0.3830043077,0.3522690833,0.0209876988,0.0457608066,0.0202599484,0.0162367262,0.0361672975,0.0338174626,0.6285002828,0.6125239134,0.1075135469,0.1082957163,0.0000000000,0.0000000000,0.7525307536,0.6504816413,0.6505095363,0.0102655049,0.0992122069,0.1183423549,0.1048813015,0.1079064235,0.0000000056,-0.0711709186,0.1332829297,-0.0360024199,-0.0754732192,0.1087069288,-0.0082289297,0.0000045992,0.1086561158,0.0000005017
15:24:57:49.275,61,0.0735625178,0.1769786179,0.0009112549,0.0000000000,0.0000000000,0.0898469165,0.0000000000,0.0735593140,0.1765615642,0.1235905215,0.0000000000,0.0000000000,0.0899472535,0.0000000000,0.1438865960,0.0000000000,0.0152665433,0.2729195058,0.0593579300,0.3664498031,0.0610765256,0.0111962091,0.0000000000,0.1313877106,0.1888812035,0.0000000000,0.0000000000,0.0771082267,0.0824752450,0.3393243551,0.3167122900,0.0205015875,0.0413898155,0.0207347330,0.0168184880,0.0361154526,0.0338906012,0.5972899199,0.5805092454,0.1206780821,0.1199991480,0.0000000000,0.0000000000,0.7376137972,0.6266826987,0.6267316341,0.0105870161,0.0961626470,0.1147390082,0.1030457243,0.1061903238,0.0000000078,-0.0747468621,0.1394558847,-0.0418598168,-0.0750576332,0.1081610322,-0.0081422888,0.0005534041,0.1081101075,0.0000600628
15:24:57:50.275,61,0.0749948397,0.1751250029,0.0031631305,0.0000000000,0.0000000000,0.0873820633,0.0000000000,0.0749923885,0.1747305989,0.1214612946,0.0000000000,0.0000000000,0.0874784067,0.0000000000,0.1317524314,0.0000000000,0.0140954945,0.2574859560,0.0589966290,0.4066434205,0.0744887218,0.0108927898,0.0000000000,0.1157379821,0.1749237776,0.0000000000,0.0000000000,0.0718276426,0.0770049989,0.3272100389,0.3063308597,0.0200123694,0.0391463526,0.0213454664,0.0174899753,0.0360557809,0.0339449123,0.5680373311,0.5479512811,0.1254728436,0.1243862584,0.0000000000,0.0000000000,0.7223705053,0.6098464727,0.6099119186,0.0109664332,0.0946167931,0.1128705293,0.1022385135,0.1054409891,0.0000000309,-0.0762757659,0.1454780102,-0.0472822487,-0.0737734511,0.1070290729,-0.0079188403,0.0019212005,0.1069779843,0.0002063137
15:24:57:51.277,61,0.0802327245,0.1742574126,0.0051290505,0.0000000000,0.0000000000,0.0860959738,0.0000000000,0.0802304372,0.1738810688,0.1195136160,0.0000000000,0.0000000000,0.0861918628,0.0000000000,0.1241879016,0.0000000000,0.0131559605,0.2487673610,0.0592385456,0.4284697771,0.0893158987,0.0108461007,0.0000000000,0.1094055027,0.1676516384,0.0000000000,0.0000000000,0.0687407628,0.0737532526,0.3199422359,0.2975257039,0.0195737500,0.0377592780,0.0225937776,0.0185560081,0.0360472649,0.0340471156,0.5420522690,0.5196678638,0.1280799210,0.1266704649,0.0000000000,0.0000000000,0.7062544227,0.5886238217,0.5887154937,0.0113884294,0.0941428989,0.1121306121,0.1021898463,0.1053868309,0.0000000467,-0.0764352307,0.1509135664,-0.0511825643,-0.0725945309,0.1064994708,-0.0077536735,0.0031154240,0.1064483225,0.0003328894
15:24:57:52.279,61,0.0819805190,0.1733302623,0.0063558798,0.0000000000,0.0000000000,0.0850668401,0.0000000000,0.0819773600,0.1729663014,0.1182731092,0.0000000000,0.0000000000,0.0851637945,0.0000000000,0.1155653447,0.0000000000,0.0123561947,0.2299647480,0.0595289022,0.4463719130,0.0975665897,0.0110489847,0.0000000000,0.1056129336,0.1604853868,0.0000000000,0.0000000000,0.0657823607,0.0705357715,0.2999809384,0.2746353745,0.0191847198,0.0367571786,0.0239514727,0.0198604930,0.0360873453,0.0341798924,0.5136305690,0.4923846722,0.1298038960,0.1280511022,0.0000000000,0.0000000000,0.6981630325,0.5765970945,0.5767081380,0.0118545871,0.0940999463,0.1118732542,0.1022495925,0.1053861231,0.0000000550,-0.0759636983,0.1537269056,-0.0535174310,-0.0718453228,0.1059334129,-0.0076326998,0.0038608431,0.1058822274,0.0004103282
15:24:57:53.281,61,0.0825612321,0.1721905619,0.0072773304,0.0000000000,0.0000000000,0.0835389495,0.0000000000,0.0825560391,0.1718363464,0.1174354106,0.0000000000,0.0000000000,0.0836393237,0.0000000000,0.1082859039,0.0000000000,0.0116317412,0.2186441720,0.0601015389,0.4622787237,0.1117867008,0.0113118468,0.0000000000,0.1034986228,0.1531844288,0.0000000000,0.0000000000,0.0634387136,0.0680601001,0.2876823843,0.2644119561,0.0188301485,0.0360611081,0.0255805366,0.0210752022,0.0361965112,0.0343639813,0.4867666066,0.4644774199,0.1305183470,0.1284194291,0.0000000000,0.0000000000,0.6943751574,0.5693920255,0.5695235729,0.0123937400,0.0942602232,0.1117793396,0.1024091616,0.1054499671,0.0000000729,-0.0751183331,0.1540787816,-0.0557379089,-0.0713416785,0.1052375436,-0.0075291297,0.0044208998,0.1051862836,0.0004667391
15:24:57:54.283,61,0.0826824382,0.1699502915,0.0089662960,0.0000000000,0.0000000000,0.0825428739,0.0000000000,0.0826751739,0.1696144491,0.1158515587,0.0000000000,0.0000000000,0.0826456770,0.0000000000,0.0960619673,0.0000000000,0.0107836230,0.2081819326,0.0667465702,0.4690296054,0.1378980279,0.0117123406,0.0000000000,0.1023245454,0.1479240507,0.0000000000,0.0000000000,0.0614310019,0.0657896772,0.2756148875,0.2536081970,0.0185000151,0.0356276706,0.0272149835,0.0219445731,0.0363103226,0.0345436186,0.4327897727,0.4107260406,0.1253080368,0.1199962646,0.0000000000,0.0000000000,0.6887284517,0.5594282150,0.5595856905,0.0130264200,0.0949299932,0.1120120659,0.1032064781,0.1058743969,0.0000002693,-0.0746035650,0.1532645375,-0.0570888408,-0.0703895316,0.1038697213,-0.0073315599,0.0054477090,0.1038182676,0.0005676096
15:24:57:55.284,61,0.0795882717,0.1660485268,0.0113741923,0.0000000000,0.0000000000,0.0815707967,0.0000000000,0.0795454159,0.1657402813,0.1135685071,0.0000000000,0.0000000000,0.0816766769,0.0000000000,0.0881564990,0.0000000000,0.0097950129,0.2041378766,0.0800946131,0.4723301232,0.1534563601,0.0121465242,0.0000000000,0.0974252522,0.1330023408,0.0000000000,0.0000000000,0.0595768206,0.0635228977,0.2710013986,0.2493658662,0.0181816313,0.0353193283,0.0283850413,0.0226179361,0.0362744033,0.0345737711,0.4137087464,0.3909572959,0.1129693910,0.1072938889,0.0000000000,0.0000000000,0.6863661408,0.5539052486,0.5540884733,0.0136336964,0.0956347063,0.1123097688,0.1045703590,0.1064354777,0.0000004207,-0.0749506205,0.1515070796,-0.0583164133,-0.0690192357,0.1014874503,-0.0070230393,0.0069123856,0.1014357135,0.0007035717
15:24:57:56.286,61,0.0772014931,0.1590410024,0.0107929837,0.0000000000,0.0000000000,0.0808685422,0.0000000000,0.0771336555,0.1587455422,0.1141387299,0.0000000000,0.0000000000,0.0809770450,0.0000000000,0.0840247795,0.0000000000,0.0087147802,0.2036511749,0.0969190821,0.4725004733,0.1642310023,0.0125837913,0.0000000000,0.0764671937,0.1116838530,0.0000000000,0.0000000000,0.0584304333,0.0622178167,0.2688124478,0.2472335845,0.0179390367,0.0352593586,0.0292838048,0.0230991747,0.0361757539,0.0345408842,0.3930663764,0.3695267141,0.0958104432,0.0912725180,0.0000000000,0.0000000000,0.6849538088,0.5507434011,0.5509423614,0.0142446561,0.0962578058,0.1125759929,0.1052641943,0.1067553014,0.0000045372,-0.0756647810,0.1510113180,-0.0596863627,-0.0693952963,0.0972068384,-0.0067614922,0.0065619671,0.0971547216,0.0006395350
15:24:57:57.288,61,0.0760505050,0.1503742933,0.0084300637,0.0000000000,0.0000000000,0.0804537758,0.0000000000,0.0759740025,0.1500841081,0.1164301485,0.0000000000,0.0000000000,0.0805660784,0.0000000000,0.0818538889,0.0000000000,0.0075457394,0.2054679096,0.1124757752,0.4726833701,0.1796559393,0.0130927078,0.0000000000,0.0625040233,0.0968344659,0.0000000000,0.0000000000,0.0575765446,0.0612525530,0.2680500448,0.2462959290,0.0178066753,0.0354807973,0.0301737357,0.0234804787,0.0361640230,0.0345989019,0.3768938184,0.3536051512,0.0848317519,0.0806841105,0.0000000000,0.0000000000,0.6813407540,0.5415585637,0.5417922735,0.0149241406,0.0970343575,0.1129741296,0.1058251858,0.1069865525,0.0000064407,-0.0769885108,0.1513536274,-0.0617470630,-0.0708239377,0.0919122398,-0.0065224315,0.0051279217,0.0918596387,0.0004723764
15:24:57:58.288,61,0.0754073933,0.1430094689,0.0067993444,0.0000000000,0.0000000000,0.0801500529,0.0000000000,0.0753247365,0.1427271366,0.1181107536,0.0000000000,0.0000000000,0.0802662373,0.0000000000,0.0803279057,0.0000000000,0.0064707273,0.2064708024,0.1353649944,0.4789693058,0.2430362552,0.0136631979,0.0000000000,0.0510762483,0.0846173689,0.0000000000,0.0000000000,0.0568875559,0.0604679585,0.2691928446,0.2461992204,0.0177568775,0.0359625518,0.0316737518,0.0237680785,0.0363323204,0.0348424278,0.3647153974,0.3419777155,0.0747697428,0.0712577030,0.0000000000,0.0000000000,0.6610399485,0.5128096938,0.5131525397,0.0163321048,0.0992201790,0.1135199592,0.1069236249,0.1074145660,0.0000064321,-0.0783850700,0.1509075612,-0.0639889315,-0.0718752369,0.0874133110,-0.0062933993,0.0041376450,0.0873602778,0.0003623871
15:24:57:59.290,61,0.0750123784,0.1350146532,0.0046822871,0.0000000000,0.0000000000,0.0799829885,0.0000000000,0.0749223977,0.1347403079,0.1202181354,0.0000000000,0.0000000000,0.0801042691,0.0000000000,0.0751356035,0.0000000000,0.0053392402,0.2070472240,0.1535942405,0.5414041281,0.2853039801,0.0145083154,0.0000000000,0.0370737799,0.0701234266,0.0000000000,0.0000000000,0.0562407672,0.0597136319,0.2771759331,0.2491578311,0.0177609045,0.0366268530,0.0339293927,0.0239974242,0.0366631076,0.0352682285,0.3556278348,0.3313508034,0.0665954202,0.0634214506,0.0000000000,0.0000000000,0.6477929354,0.4971908331,0.4975882173,0.0182207786,0.1008777916,0.1140471622,0.1088767350,0.1079802588,0.0000063368,-0.0798573568,0.1497196704,-0.0666710958,-0.0731880218,0.0825296119,-0.0060484526,0.0028505244,0.0824761018,0.0002356343
15:24:58:00.291,61,0.0744374022,0.1252866238,0.0030984888,0.0000000000,0.0000000000,0.0800283030,0.0000000000,0.0743392482,0.1250296086,0.1218371615,0.0000000000,0.0000000000,0.0801550001,0.0000000000,0.0700752810,0.0000000000,0.0042978656,0.2072727531,0.1638014168,0.5568999052,0.3039580286,0.0153690847,0.0000000000,0.0318441354,0.0638268292,0.0000000000,0.0000000000,0.0556418262,0.0589929111,0.2808707058,0.2512581944,0.0177871976,0.0374212787,0.0355382562,0.0241504703,0.0370259397,0.0357266143,0.3459999859,0.3210229874,0.0602057874,0.0572668947,0.0000000000,0.0000000000,0.6360931396,0.4846313596,0.4850899279,0.0196327791,0.1021739990,0.1144880205,0.1102410182,0.1085318998,0.0000023191,-0.0815996975,0.1458415091,-0.0701519474,-0.0742087215,0.0765874386,-0.0056893085,0.0018872188,0.0765333846,0.0001447178
15:24:58:01.294,61,0.0733566135,0.1143851578,0.0044083623,0.0000000000,0.0000000000,0.0803250447,0.0000000000,0.0732082203,0.1141657829,0.1205667108,0.0000000000,0.0000000000,0.0804572850,0.0000000000,0.0621010140,0.0000000000,0.0033815738,0.1986144781,0.1684575826,0.5708371997,0.3451876044,0.0164461192,0.0000000000,0.0235795490,0.0534981601,0.0000000000,0.0000000000,0.0549641028,0.0578610003,0.2827261388,0.2523730397,0.0178247932,0.0380858742,0.0387914404,0.0243922919,0.0376153216,0.0365867838,0.3213506341,0.2957364619,0.0552737750,0.0524333827,0.0000000000,0.0000000000,0.6020290852,0.4486258030,0.4491771758,0.0216387119,0.1030448303,0.1146552414,0.1118797436,0.1091140583,0.0000006690,-0.0829285458,0.1408551931,-0.0738724768,-0.0734706596,0.0699288771,-0.0051414380,0.0026863446,0.0698741749,0.0001880120
15:24:58:02.294,61,0.0730594397,0.1064181179,0.0057259309,0.0000000000,0.0000000000,0.0836944580,0.0000000000,0.0728953928,0.1062272489,0.1192728654,0.0000000000,0.0000000000,0.0838696957,0.0000000000,0.0591706857,0.0000000000,0.0025199081,0.1950659752,0.1713428199,0.5112257600,0.3559406400,0.0172838494,0.0000000000,0.0207778960,0.0499501862,0.0000000000,0.0000000000,0.0543492995,0.0570324436,0.2831789851,0.2524817288,0.0179510303,0.0388116203,0.0402438939,0.0245357081,0.0381766707,0.0372743532,0.3063749373,0.2824918330,0.0507544950,0.0480548106,0.0000000000,0.0000000000,0.5889472365,0.4319076240,0.4324907064,0.0231244396,0.1074698418,0.1155421957,0.1128935441,0.1095867977,0.0000007322,-0.0841839910,0.1349596530,-0.0779077709,-0.0727060363,0.0650626644,-0.0047329273,0.0034903837,0.0650075227,0.0002272210
15:24:58:03.297,61,0.0723587945,0.0966830179,0.0097698057,0.0000000000,0.0000000000,0.0875022411,0.0000000000,0.0721710026,0.0965365171,0.1153120995,0.0000000000,0.0000000000,0.0877128616,0.0000000000,0.0568360612,0.0000000000,0.0018247878,0.1840302646,0.1722814441,0.5435037613,0.3557879627,0.0183112491,0.0000000000,0.0191125330,0.0478984267,0.0000000000,0.0000000000,0.0535790808,0.0556661524,0.2828244865,0.2521575093,0.0180110820,0.0392569378,0.0415105149,0.0247693937,0.0387274325,0.0379164703,0.3004127145,0.2768842876,0.0487245880,0.0460413769,0.0000000000,0.0000000000,0.5575371981,0.4113756716,0.4120332897,0.0241281111,0.1100447550,0.1161992624,0.1137880981,0.1100712344,0.0000009596,-0.0851927549,0.1266696304,-0.0821830705,-0.0703175217,0.0591170676,-0.0041583618,0.0059576291,0.0590613522,0.0003522733
15:24:58:04.298,61,0.0660139248,0.0858361423,0.0104581108,0.0000000000,0.0000000000,0.0915268213,0.0000000000,0.0658010840,0.0857199430,0.1146093905,0.0000000000,0.0000000000,0.0917748064,0.0000000000,0.0531017222,0.0000000000,0.0013513404,0.1652418524,0.1651172191,0.5696570277,0.3570592403,0.0192560796,0.0000000000,0.0172989033,0.0456982516,0.0000000000,0.0000000000,0.0521097891,0.0535579622,0.2804044187,0.2511151731,0.0180129316,0.0393743291,0.0436676815,0.0251687355,0.0392888747,0.0385497436,0.2944877446,0.2712876201,0.0475866981,0.0448604375,0.0000000000,0.0000000000,0.5441706777,0.3983142972,0.3989467621,0.0250042193,0.1115037352,0.1167656630,0.1145559624,0.1104980260,0.0000009037,-0.0869282708,0.1178411916,-0.0864529088,-0.0699147880,0.0524916947,-0.0036703118,0.0063797175,0.0524353944,0.0003348276
15:24:58:05.300,61,0.0638715699,0.0784614161,0.0078622047,0.0000000000,0.0000000000,0.0984723195,0.0000000000,0.0636470020,0.0783544257,0.1171296984,0.0000000000,0.0000000000,0.0987798646,0.0000000000,0.0514000207,0.0000000000,0.0009027142,0.1590972990,0.1517902762,0.5778772831,0.3064043522,0.0208123922,0.0000000000,0.0170572326,0.0452439003,0.0000000000,0.0000000000,0.0512233339,0.0524384528,0.2792825401,0.2503181398,0.0179645922,0.0393313058,0.0447875522,0.0256052092,0.0397651941,0.0390773527,0.2925716937,0.2694190145,0.0471888892,0.0443622619,0.0000000000,0.0000000000,0.5278190970,0.3828620315,0.3835212886,0.0255886596,0.1135325879,0.1178209484,0.1150656864,0.1107211038,0.0000007420,-0.0891965330,0.1093312055,-0.0908537880,-0.0714683980,0.0479865931,-0.0034292245,0.0047972328,0.0479299128,0.0002301063
15:24:58:06.301,61,0.0616966672,0.0691851303,0.0056953202,0.0000000000,0.0000000000,0.1027138829,0.0000000000,0.0614640936,0.0690959841,0.1190972552,0.0000000000,0.0000000000,0.1030525565,0.0000000000,0.0506269746,0.0000000000,0.0005049033,0.1564813256,0.1474045068,0.5543339849,0.2756811380,0.0218906943,0.0000000000,0.0190871097,0.0465153046,0.0000000000,0.0000000000,0.0506310388,0.0517321676,0.2783536613,0.2495484948,0.0179451779,0.0393700227,0.0454135314,0.0259200707,0.0401269719,0.0394687802,0.3029158413,0.2778244913,0.0471187867,0.0441919006,0.0000000000,0.0000000000,0.5188975930,0.3770003319,0.3776532710,0.0259977560,0.1153679639,0.1197071075,0.1153366640,0.1107443944,0.0000010284,-0.0920029804,0.1016142219,-0.0940817371,-0.0726874769,0.0423201472,-0.0030752635,0.0034759666,0.0422630459,0.0001469922
15:24:58:07.303,61,0.0604427122,0.0604674034,0.0038600529,0.0000000000,0.0000000000,0.1053812876,0.0000000000,0.0601989962,0.0603973344,0.1206613407,0.0000000000,0.0000000000,0.1057441384,0.0000000000,0.0501889326,0.0000000000,0.0000864428,0.1553482562,0.1428538859,0.5512120724,0.2639652789,0.0239130706,0.0000000000,0.0216585472,0.0477877706,0.0000000000,0.0000000000,0.0502133928,0.0512693487,0.2777450681,0.2490127534,0.0179660451,0.0393007547,0.0461223498,0.0264136549,0.0406019613,0.0399716385,0.3066801429,0.2804647088,0.0474869385,0.0444086641,0.0000000000,0.0000000000,0.5129543543,0.3724778295,0.3730849922,0.0263621565,0.1172603071,0.1225179657,0.1155660227,0.1107318848,0.0000051215,-0.0947657004,0.0957407132,-0.0969355255,-0.0736575797,0.0369949900,-0.0027237341,0.0023563639,0.0369375348,0.0000870778
15:24:58:08.304,61,0.0539133400,0.0578332879,0.0064424062,0.0000000000,0.0000000000,0.1062056497,0.0000000000,0.0535592027,0.0577776767,0.1179834083,0.0000000000,0.0000000000,0.1065744162,0.0000000000,0.0500613451,0.0002884732,0.0000000000,0.1558199525,0.1326173693,0.5512481332,0.2464998215,0.0250240006,0.0000000000,0.0237588380,0.0495792367,0.0000000000,0.0000000000,0.0499289595,0.0510106422,0.2773761153,0.2488081157,0.0179633927,0.0390888974,0.0467756428,0.0270177852,0.0410034209,0.0403683856,0.3274893165,0.2980179489,0.0510735549,0.0466437452,0.0000000000,0.0000000000,0.5077217817,0.3704111278,0.3710049689,0.0265675131,0.1176546589,0.1232580245,0.1154754907,0.1105066240,0.0000069951,-0.0971709192,0.0896796212,-0.1003434286,-0.0720270053,0.0353861637,-0.0025476140,0.0039329869,0.0353286266,0.0001390045
15:24:58:09.306,61,0.0511649586,0.0614955127,0.0100435764,0.0000000000,0.0000000000,0.1041922644,0.0000000000,0.0507357717,0.0614403896,0.1143808514,0.0000000000,0.0000000000,0.1045257524,0.0000000000,0.0498938449,0.0008907022,0.0000000000,0.1569604427,0.1285675317,0.5540323257,0.2406564057,0.0260478389,0.0000000000,0.0245177485,0.0502695292,0.0000000000,0.0000000000,0.0496652201,0.0508269630,0.2770528197,0.2485924065,0.0179612711,0.0388193987,0.0474215783,0.0276454836,0.0413505174,0.0407069288,0.3336468041,0.3031766415,0.0536669455,0.0484761260,0.0000000000,0.0000000000,0.5060607791,0.3741143644,0.3747510314,0.0267214086,0.1153165922,0.1223541945,0.1153222248,0.1102615520,0.0000071755,-0.0985933542,0.0868272260,-0.1032454893,-0.0698220208,0.0376235135,-0.0026260486,0.0061309435,0.0375661813,0.0002304231
15:24:58:10.307,61,0.0496324301,0.0624893606,0.0125309722,0.0000000000,0.0000000000,0.1014911234,0.0000000000,0.0491762720,0.0624390915,0.1118191630,0.0000000000,0.0000000000,0.1017858908,0.0000000000,0.0496120304,0.0014119139,0.0000000000,0.1572629958,0.1234840676,0.5653986931,0.2374959290,0.0268247053,0.0000000000,0.0247860104,0.0507272258,0.0000000000,0.0000000000,0.0493767597,0.0506359786,0.2765568793,0.2482383549,0.0179449543,0.0384456441,0.0480951443,0.0283434317,0.0417231880,0.0410629995,0.3368757963,0.3059252799,0.0572439209,0.0515083745,0.0000000000,0.0000000000,0.5045603514,0.3788980246,0.3795317411,0.0268642697,0.1131025627,0.1212731525,0.1153465658,0.1102361009,0.0000070905,-0.0993382037,0.0869298205,-0.1062032953,-0.0682566985,0.0382309332,-0.0026087568,0.0076491595,0.0381737016,0.0002921358
15:24:58:11.309,61,0.0461936966,0.0629682690,0.0145676257,0.0000000000,0.0000000000,0.0972111225,0.0000000000,0.0457614586,0.0629228428,0.1097588018,0.0000000000,0.0000000000,0.0974582583,0.0000000000,0.0487691462,0.0015121978,0.0000000000,0.1571139842,0.1180341989,0.6134734154,0.2361560464,0.0273294710,0.0000000000,0.0252557881,0.0513253734,0.0000000000,0.0000000000,0.0490465276,0.0503871739,0.2745578289,0.2478020191,0.0178388841,0.0379734412,0.0486375988,0.0289858934,0.0420321226,0.0413377136,0.3387364745,0.3077059388,0.0614665933,0.0554929078,0.0000000000,0.0000000000,0.4952445030,0.3811852634,0.3818051219,0.0269457866,0.1103891656,0.1192151532,0.1155974045,0.1104568392,0.0000040118,-0.0997786224,0.0877732038,-0.1084991395,-0.0669982433,0.0385238528,-0.0025803708,0.0088922745,0.0384666510,0.0003422203
15:24:58:12.311,61,0.0445404351,0.0639399290,0.0151187219,0.0000000000,0.0000000000,0.0936252475,0.0000000000,0.0441316962,0.0638939068,0.1092072055,0.0000000000,0.0000000000,0.0938376561,0.0000000000,0.0480790697,0.0012824724,0.0000000000,0.1572263241,0.1133636981,0.6112109423,0.2346617132,0.0274054427,0.0000000000,0.0305787232,0.0599904731,0.0000000000,0.0000000000,0.0487941131,0.0502231643,0.2697018385,0.2471729964,0.0176821202,0.0374893062,0.0488994978,0.0294807497,0.0422068462,0.0414618701,0.3433681130,0.3177610338,0.0650171116,0.0595701113,0.0000000000,0.0000000000,0.4870412350,0.3825476766,0.3831575811,0.0269002840,0.1080515683,0.1174026206,0.1157772318,0.1106607169,0.0000057558,-0.0996591151,0.0904649720,-0.1100231931,-0.0666600168,0.0391174927,-0.0026069656,0.0092284577,0.0390603468,0.0003606451
15:24:58:13.312,61,0.0433624834,0.0643003285,0.0157703292,0.0000000000,0.0000000000,0.0905039534,0.0000000000,0.0429653898,0.0642554909,0.1085310131,0.0000000000,0.0000000000,0.0906900913,0.0000000000,0.0477472618,0.0006554623,0.0000000000,0.1579699665,0.1056212708,0.6451171637,0.2088723183,0.0271724984,0.0000000000,0.0320429690,0.0626011044,0.0000000000,0.0000000000,0.0485793278,0.0500850938,0.2681672871,0.2470692694,0.0174831338,0.0370298475,0.0489576049,0.0299221948,0.0423932672,0.0415849835,0.4043152630,0.3815518022,0.0744606405,0.0700717866,0.0000000000,0.0000000000,0.4771290720,0.3831510246,0.3837481737,0.0267059356,0.1042512208,0.1135657728,0.1157569736,0.1107234284,0.0000070636,-0.0997452363,0.0917026922,-0.1108527258,-0.0662466884,0.0393377803,-0.0026054303,0.0096261175,0.0392806605,0.0003783089
15:24:58:14.315,61,0.0386031121,0.0631804690,0.0157144554,0.0000000000,0.0000000000,0.0885499865,0.0000000000,0.0383251011,0.0631380677,0.1085314900,0.0000000000,0.0000000000,0.0887176618,0.0000000000,0.0494390503,0.0000000000,0.0034882852,0.1801511198,0.0947638452,0.6833384633,0.1693349034,0.0259072855,0.0000000000,0.0304489192,0.0635643676,0.0000000000,0.0000000000,0.0484323055,0.0500243790,0.2676798999,0.2486852407,0.0172931105,0.0366386548,0.0487876534,0.0303514972,0.0426097959,0.0417067707,0.4813170433,0.4630718827,0.0982067361,0.0949411094,0.0000000000,0.0000000000,0.4696501195,0.3833580315,0.3839387596,0.0263445675,0.0990885347,0.1081676111,0.1153609529,0.1104794592,0.0000074977,-0.1003803834,0.0920299739,-0.1115140095,-0.0662487373,0.0386536904,-0.0025601548,0.0095922658,0.0385965332,0.0003704064
15:24:58:15.316,61,0.0278120767,0.0606686883,0.0154859079,0.0000000000,0.0000000000,0.0872884989,0.0000000000,0.0276245233,0.0606313460,0.1086965501,0.0000000000,0.0000000000,0.0874466300,0.0000000000,0.0575891882,0.0000000000,0.0109554594,0.1986088902,0.0882315189,0.7650810480,0.1573028713,0.0241043698,0.0000000000,0.0000000000,0.0153572056,0.0018670373,0.0000000000,0.0481971316,0.0498665981,0.2800646722,0.2724215388,0.0171253309,0.0362365395,0.0487652197,0.0311164781,0.0430472419,0.0420299470,0.5454884171,0.5287367702,0.1210639253,0.1176884472,0.0000000000,0.0000000000,0.4646614790,0.3830777407,0.3836412430,0.0259004459,0.0939033777,0.1025896221,0.1148419529,0.1101825535,0.0000174465,-0.1014852226,0.0920420364,-0.1126367152,-0.0663533360,0.0371193066,-0.0024623091,0.0094533078,0.0370620526,0.0003505142
15:24:58:16.317,61,0.0241541062,0.0587227829,0.0144870039,0.0000000000,0.0000000000,0.0863756761,0.0000000000,0.0240066946,0.0586871393,0.1096718907,0.0000000000,0.0000000000,0.0865268335,0.0000000000,0.0701117069,0.0000000000,0.0191758089,0.2239436656,0.0854374617,0.7900550365,0.1563233882,0.0222581215,0.0000000000,0.0000000000,0.0000000000,0.0605887771,0.0210804921,0.0478669852,0.0495905913,0.2880315781,0.2835841179,0.0169946980,0.0359136909,0.0488771535,0.0324308835,0.0436323136,0.0424617268,0.5695579648,0.5543610454,0.1298051029,0.1267522871,0.0000000000,0.0000000000,0.4610890150,0.3817814589,0.3822645247,0.0254462622,0.0906444266,0.0988059714,0.1143006235,0.1098657921,0.0000790224,-0.1026929915,0.0916714668,-0.1133130342,-0.0669516400,0.0359304696,-0.0024048374,0.0088439127,0.0358731113,0.0003173907
15:24:58:17.319,61,0.0222184062,0.0580724180,0.0138960565,0.0000000000,0.0000000000,0.0856659338,0.0000000000,0.0220931266,0.0580366366,0.1102799922,0.0000000000,0.0000000000,0.0858115330,0.0000000000,0.0760494247,0.0000000000,0.0253297426,0.2342592925,0.0837934390,0.8032073379,0.1628357917,0.0209168922,0.0000000000,0.0000000000,0.0000000000,0.0782194734,0.0347557031,0.0474779308,0.0492568575,0.2929826379,0.2915886343,0.0168780461,0.0355201177,0.0492382608,0.0354199223,0.0443656594,0.0429989919,0.5821490288,0.5676096678,0.1409931183,0.1384489387,0.0000000000,0.0000000000,0.4539963901,0.3749819696,0.3753046095,0.0249524489,0.0886496976,0.0965529680,0.1138789952,0.1096909121,0.0004010033,-0.1036222056,0.0934080780,-0.1147409156,-0.0673238114,0.0355330929,-0.0023914191,0.0084832776,0.0354757011,0.0003010729
15:24:58:18.320,61,0.0212557688,0.0588023439,0.0145098222,0.0000000000,0.0000000000,0.0846154019,0.0000000000,0.0211435687,0.0587664805,0.1097143963,0.0000000000,0.0000000000,0.0847477689,0.0000000000,0.0789976493,0.0000000000,0.0297522377,0.2398748249,0.0828014910,0.8147167563,0.1747933477,0.0199408531,0.0000000000,0.0000000000,0.0000000000,0.0872799903,0.0428465232,0.0470169112,0.0488513000,0.2974993587,0.2998286188,0.0167526547,0.0350258984,0.0501083992,0.0395239219,0.0451833494,0.0435786359,0.5889253020,0.5747552514,0.1558098942,0.1524259746,0.0000000000,0.0000000000,0.4464305043,0.3689621687,0.3692401052,0.0244340990,0.0873015448,0.0947798640,0.1138344258,0.1098754853,0.0020629552,-0.1039434895,0.0962358043,-0.1163546741,-0.0669774711,0.0359791107,-0.0024090237,0.0088578276,0.0359217152,0.0003183212
15:24:58:19.322,61,0.0208711997,0.0586547442,0.0145074697,0.0000000000,0.0000000000,0.0832056105,0.0000000000,0.0207676962,0.0586191379,0.1097537652,0.0000000000,0.0000000000,0.0833241567,0.0000000000,0.0808777511,0.0000000000,0.0321692936,0.2465887070,0.0823136643,0.8203119636,0.1795434803,0.0191627778,0.0000000000,0.0000000000,0.0000000000,0.0920256823,0.0485362113,0.0465632342,0.0484423675,0.3028604686,0.3064670563,0.0166388433,0.0345257670,0.0508573540,0.0419829153,0.0459042452,0.0441254713,0.5928062797,0.5788424611,0.1619009227,0.1584241092,0.0000000000,0.0000000000,0.4419844449,0.3665145934,0.3667687178,0.0239187889,0.0862487406,0.0934825316,0.1140124425,0.1102676243,0.0035703860,-0.1031186879,0.1010165438,-0.1179243699,-0.0670017228,0.0358889513,-0.0024038504,0.0088564213,0.0358315557,0.0003174711
15:24:58:20.324,61,0.0209337138,0.0585382953,0.0143114086,0.0000000000,0.0000000000,0.0814121738,0.0000000000,0.0208371542,0.0585022792,0.1100356430,0.0000000000,0.0000000000,0.0815152079,0.0000000000,0.0820249319,0.0000000000,0.0350994542,0.2548013330,0.0823579952,0.8353679776,0.1839778274,0.0184480045,0.0000000000,0.0000000000,0.0000000000,0.0951537117,0.0653935969,0.0460863262,0.0479754098,0.3123996854,0.3202340901,0.0165130924,0.0340076573,0.0517603233,0.0436883382,0.0465340763,0.0445861034,0.5946862698,0.5809839368,0.1650403142,0.1614656150,0.0000000000,0.0000000000,0.4397867918,0.3651618659,0.3654030263,0.0234479606,0.0854121819,0.0924935564,0.1145611107,0.1109759808,0.0034721582,-0.1023964882,0.1051715016,-0.1197265461,-0.0671739727,0.0358178318,-0.0024052411,0.0087367529,0.0357603766,0.0003125589
15:24:58:21.325,61,0.0208424162,0.0576090440,0.0144371511,0.0000000000,0.0000000000,0.0798510835,0.0000000000,0.0207523499,0.0575754121,0.1099686101,0.0000000000,0.0000000000,0.0799406841,0.0000000000,0.0915126652,0.0000000000,0.0386402048,0.3194893897,0.0853475705,0.8131198287,0.1836635023,0.0176529549,0.0000000000,0.0000000000,0.0000000000,0.0973043591,0.0745172128,0.0457262769,0.0475912504,0.3338621259,0.3478147089,0.0164295919,0.0334958024,0.0522292331,0.0445837751,0.0467884988,0.0446657836,0.5956411958,0.5823591948,0.1645923555,0.1609189063,0.0000000000,0.0000000000,0.4426558912,0.3712097704,0.3713971376,0.0229481813,0.0847007334,0.0916691795,0.1148853004,0.1113173515,0.0031002134,-0.1014276668,0.1086927354,-0.1208327860,-0.0671343952,0.0352502577,-0.0023657030,0.0088136932,0.0351927392,0.0003103021
15:24:58:22.327,61,0.0198119022,0.0546654873,0.0151452720,0.0000000000,0.0000000000,0.0788152516,0.0000000000,0.0197490565,0.0546403676,0.1092958003,0.0000000000,0.0000000000,0.0788980201,0.0000000000,0.1407779753,0.0000000000,0.0414770432,0.4045520723,0.0946165621,0.7098228335,0.1412945092,0.0166421104,0.0000000000,0.0000000000,0.0000000000,0.1050453261,0.0880412310,0.0455076173,0.0473081581,0.3634201586,0.3749185503,0.0164591316,0.0329586677,0.0521220788,0.0448192395,0.0465245023,0.0442012772,0.5962244868,0.5842059851,0.1473721266,0.1440056860,0.0000000000,0.0000000000,0.4574142992,0.3964383006,0.3965120614,0.0223897677,0.0840030760,0.0909285843,0.1145369411,0.1107007638,0.0015087632,-0.1000689119,0.1099439561,-0.1216859967,-0.0667277724,0.0334523804,-0.0022313755,0.0092465617,0.0333946757,0.0003088964
15:24:58:23.328,61,0.0154915825,0.0496313833,0.0157055911,0.0000000000,0.0000000000,0.0781716406,0.0000000000,0.0154683562,0.0496189259,0.1087664217,0.0000000000,0.0000000000,0.0782498419,0.0000000000,0.1590478122,0.0000000000,0.0428886153,0.4360079765,0.0992618948,0.6818916202,0.1300352812,0.0159954466,0.0000000000,0.0000000000,0.0000000000,0.1634089947,0.1411528289,0.0451910086,0.0468960814,0.4024432003,0.4046462476,0.0165644679,0.0321184695,0.0517937467,0.0448225699,0.0454327650,0.0423757881,0.5968419313,0.5877306461,0.1426573545,0.1393156201,0.0000000000,0.0000000000,0.4708439410,0.4096209705,0.4097021222,0.0218041576,0.0832378864,0.0902200937,0.1135006547,0.1092393100,0.0000325985,-0.0988420546,0.1083215550,-0.1221195906,-0.0664110631,0.0303774644,-0.0020165348,0.0095895911,0.0303194821,0.0002908361
15:24:58:24.330,61,0.0132271098,0.0473116450,0.0161608346,0.0000000000,0.0000000000,0.0777525455,0.0000000000,0.0132175609,0.0473053530,0.1083468050,0.0000000000,0.0000000000,0.0778274834,0.0000000000,0.1715802997,0.0000000000,0.0438385233,0.4565666914,0.1048376188,0.6250950098,0.1242092773,0.0154258106,0.0000000000,0.0000000000,0.0000000000,0.1724556237,0.1497486532,0.0450317636,0.0466195643,0.4147734344,0.4146933556,0.0166946538,0.0314833559,0.0499229915,0.0441753045,0.0435920805,0.0400423147,0.5971103907,0.5891658664,0.1344405264,0.1306660920,0.0000000000,0.0000000000,0.4828409851,0.4192073345,0.4193024337,0.0212537758,0.0826324224,0.0896467119,0.1114565283,0.1066001579,0.0000068041,-0.0982668623,0.1049179062,-0.1216945946,-0.0661576316,0.0289605707,-0.0019150986,0.0098679699,0.0289024469,0.0002852833
15:24:58:25.332,61,0.0122177992,0.0476066768,0.0163060930,0.0000000000,0.0000000000,0.0774516314,0.0000000000,0.0122125037,0.0475999340,0.1083038375,0.0000000000,0.0000000000,0.0775242746,0.0000000000,0.1724190563,0.0000000000,0.0443351902,0.4601975977,0.1072297320,0.6083388925,0.1212337464,0.0149769131,0.0000000000,0.0000000000,0.0000000000,0.1346798837,0.1182846725,0.0449489057,0.0464087315,0.4156077504,0.4149525464,0.0167707819,0.0308830738,0.0478517488,0.0430279486,0.0418122038,0.0381419957,0.5906325579,0.5840531588,0.1296001226,0.1254028231,0.0000000000,0.0000000000,0.4867089689,0.4226242304,0.4227241278,0.0207228735,0.0821696892,0.0892306194,0.1104076654,0.1053457558,0.0000056065,-0.0975529552,0.1006179005,-0.1204144880,-0.0661310479,0.0291408617,-0.0019262544,0.0099566141,0.0290827081,0.0002896422
15:24:58:26.333,61,0.0133754369,0.0481091551,0.0168641694,0.0000000000,0.0000000000,0.0774299130,0.0000000000,0.0133337276,0.0481023155,0.1079360768,0.0000000000,0.0000000000,0.0775010213,0.0000000000,0.1471258402,0.0000000000,0.0442606695,0.4410734773,0.1121888310,0.5988054276,0.1212118044,0.0145882694,0.0000000000,0.0000000000,0.0000000000,0.1140214801,0.0993744135,0.0450310037,0.0463637821,0.4031367302,0.3997192979,0.0168500561,0.0304142293,0.0463117324,0.0416442789,0.0401429720,0.0366787650,0.5286079645,0.5166997910,0.1208512709,0.1162387282,0.0000000000,0.0000000000,0.4830260575,0.4132405818,0.4134134054,0.0202415921,0.0820862725,0.0892153755,0.1098241434,0.1046364382,0.0000013825,-0.0971405655,0.0987907648,-0.1189142838,-0.0659058914,0.0294479858,-0.0019399496,0.0102972873,0.0293897688,0.0003027167
15:24:58:27.335,61,0.0168937817,0.0506627150,0.0155707980,0.0000000000,0.0000000000,0.0776637346,0.0000000000,0.0168073382,0.0506469309,0.1094401032,0.0000000000,0.0000000000,0.0777342692,0.0000000000,0.1189979911,0.0000000000,0.0435467288,0.3727016151,0.1142083555,0.5491194725,0.1252076626,0.0140511841,0.0000000000,0.0000000000,0.0000000000,0.0713867024,0.0537119545,0.0452374220,0.0464662239,0.3502895236,0.3477533460,0.0168770477,0.0301119406,0.0447808951,0.0399251990,0.0388830453,0.0356414914,0.4614361227,0.4500830770,0.1129107252,0.1092354953,0.0000000000,0.0000000000,0.4740277529,0.3936496377,0.3938170671,0.0198299531,0.0828983635,0.0909746662,0.1095976681,0.1043690518,0.0000003019,-0.0961001068,0.0998789147,-0.1167916730,-0.0668211356,0.0310076755,-0.0020710870,0.0095071048,0.0309494864,0.0002943296
15:24:58:28.337,61,0.0190160181,0.0536047406,0.0144579057,0.0000000000,0.0000000000,0.0781007558,0.0000000000,0.0188972894,0.0535792932,0.1106900349,0.0000000000,0.0000000000,0.0781720877,0.0000000000,0.0771030262,0.0000000000,0.0394600108,0.2846654952,0.1154626608,0.5350814462,0.1327626109,0.0135357017,0.0000000000,0.0000000000,0.0000000000,0.0199464168,0.0184081420,0.0454856642,0.0466394685,0.3100367785,0.3047299087,0.0168210398,0.0300571676,0.0435051359,0.0377222523,0.0379517600,0.0348383151,0.3893198371,0.3756836653,0.0977577120,0.0950266346,0.0000000000,0.0000000000,0.4663579166,0.3767667115,0.3770000637,0.0195465907,0.0883350298,0.0978440568,0.1096273884,0.1044056192,0.0000000280,-0.0941503197,0.1043860391,-0.1141782552,-0.0675804392,0.0328046456,-0.0022160560,0.0088270968,0.0327465497,0.0002891566
15:24:58:29.338,61,0.0256694909,0.0583999045,0.0151097309,0.0000000000,0.0000000000,0.0784096643,0.0000000000,0.0255016293,0.0583648868,0.1101470590,0.0000000000,0.0000000000,0.0784821361,0.0000000000,0.0618390478,0.0000000000,0.0323241092,0.2336591929,0.1234213188,0.4956263602,0.1823623627,0.0132952714,0.0000000000,0.0000346443,0.0231285822,0.0000000000,0.0000000000,0.0456445068,0.0467170849,0.2900523841,0.2811875045,0.0167804826,0.0301738735,0.0427866913,0.0360902548,0.0373147726,0.0343104079,0.3151858747,0.3008076251,0.0752152056,0.0727309212,0.0000000000,0.0000000000,0.4551799893,0.3649706841,0.3652852178,0.0195449367,0.0944028348,0.1029723957,0.1099402159,0.1047188118,0.0000000086,-0.0921095163,0.1089738086,-0.1113863066,-0.0672421977,0.0357338712,-0.0024020313,0.0092241364,0.0356759876,0.0003292153
15:24:58:30.339,61,0.0277414899,0.0596407428,0.0178488791,0.0000000000,0.0000000000,0.0783365220,0.0000000000,0.0275556501,0.0596105121,0.1073912755,0.0000000000,0.0000000000,0.0784107298,0.0000000000,0.0534273423,0.0000000000,0.0261457227,0.2121309787,0.1364523917,0.5146083832,0.2261119187,0.0133715682,0.0000000000,0.0098616360,0.0370213017,0.0000000000,0.0000000000,0.0456927158,0.0466844179,0.2810351849,0.2709283531,0.0167302676,0.0303683095,0.0424982347,0.0350350961,0.0369264856,0.0340352580,0.2898122072,0.2748809159,0.0657798499,0.0632754490,0.0000000000,0.0000000000,0.4474576414,0.3587316275,0.3591185808,0.0197560117,0.0973984227,0.1053916141,0.1110391021,0.1055619270,0.0000000693,-0.0900642499,0.1125161424,-0.1081369743,-0.0655580461,0.0364924185,-0.0023917155,0.0108960243,0.0364346243,0.0003971604
15:24:58:31.341,61,0.0286305062,0.0613136329,0.0202447865,0.0000000000,0.0000000000,0.0779216066,0.0000000000,0.0284335390,0.0612866543,0.1049763784,0.0000000000,0.0000000000,0.0779978260,0.0000000000,0.0486789756,0.0000000000,0.0211784635,0.2008312196,0.1429276317,0.5168045759,0.2532320321,0.0137430960,0.0000000000,0.0149225015,0.0436912701,0.0000000000,0.0000000000,0.0456650183,0.0465926677,0.2760477066,0.2650434077,0.0167077649,0.0306040756,0.0425066017,0.0342475213,0.0367246978,0.0339460894,0.2767079771,0.2612644732,0.0607582033,0.0580925643,0.0000000000,0.0000000000,0.4434922636,0.3556351364,0.3560537994,0.0201281533,0.0991094783,0.1068848446,0.1130061373,0.1071822941,0.0000001607,-0.0886597782,0.1142872721,-0.1049747914,-0.0640814304,0.0375149287,-0.0024034879,0.0123581635,0.0374572203,0.0004631073
15:24:58:32.342,61,0.0290295780,0.0620849766,0.0217165202,0.0000000000,0.0000000000,0.0775336996,0.0000000000,0.0288268682,0.0620607845,0.1034377292,0.0000000000,0.0000000000,0.0776122883,0.0000000000,0.0460758880,0.0000000000,0.0176722743,0.1951934844,0.1485429704,0.5125740767,0.2645701766,0.0142445862,0.0000000000,0.0175671764,0.0466910265,0.0000000000,0.0000000000,0.0456327386,0.0465080850,0.2732652426,0.2616604865,0.0167315584,0.0309060756,0.0426043905,0.0335830823,0.0365981720,0.0339360535,0.2701952755,0.2542600632,0.0578737259,0.0551553667,0.0000000000,0.0000000000,0.4416007996,0.3540806770,0.3545169830,0.0205553416,0.1003766134,0.1080274284,0.1145542860,0.1085456833,0.0000002778,-0.0874521211,0.1138929427,-0.1022391319,-0.0631410554,0.0379865170,-0.0023980644,0.0132563310,0.0379288904,0.0005030244
15:24:58:33.344,61,0.0291584469,0.0632464513,0.0225516278,0.0000000000,0.0000000000,0.0772241354,0.0000000000,0.0289533082,0.0632224381,0.1025823951,0.0000000000,0.0000000000,0.0773049295,0.0000000000,0.0446866788,0.0000000000,0.0159741677,0.2042434961,0.1533513218,0.4930349290,0.2701256275,0.0146318516,0.0000000000,0.0205527786,0.0479664430,0.0000000000,0.0000000000,0.0456577949,0.0465009585,0.2713970840,0.2595426738,0.0167805739,0.0312443879,0.0425893553,0.0329553783,0.0364120789,0.0338462517,0.2713987827,0.2533385456,0.0562731177,0.0535243079,0.0000000000,0.0000000000,0.4407735467,0.3533745706,0.3538180292,0.0209089443,0.1017786413,0.1096131206,0.1156249270,0.1095227376,0.0000003951,-0.0867103338,0.1128166243,-0.1002820954,-0.0626172349,0.0386962630,-0.0024226746,0.0137657253,0.0386387184,0.0005321380
15:24:58:34.345,61,0.0292831585,0.0650098696,0.0221247990,0.0000000000,0.0000000000,0.0769842193,0.0000000000,0.0290779490,0.0649810508,0.1030460075,0.0000000000,0.0000000000,0.0770656914,0.0000000000,0.0442269295,0.0000000000,0.0153247388,0.2585373521,0.1554850489,0.4712250233,0.2542770505,0.0145768682,0.0000000000,0.0225904603,0.0484025404,0.0000000000,0.0000000000,0.0458310097,0.0466697998,0.2629382908,0.2559481561,0.0168694574,0.0316771083,0.0423228443,0.0323279500,0.0361486524,0.0336411782,0.2863498330,0.2738772631,0.0555912629,0.0528479740,0.0000000000,0.0000000000,0.4403572679,0.3530316949,0.3534736037,0.0211380664,0.1027275547,0.1106958315,0.1161937267,0.1100742146,0.0000004578,-0.0864987895,0.1108705774,-0.0992782488,-0.0628975779,0.0397733562,-0.0025013124,0.0135046141,0.0397159010,0.0005366137
15:24:58:35.347,61,0.0294131953,0.0659429505,0.0211058874,0.0000000000,0.0000000000,0.0768970922,0.0000000000,0.0292104706,0.0659091249,0.1040918827,0.0000000000,0.0000000000,0.0769783705,0.0000000000,0.0482104905,0.0000000000,0.0156807750,0.3096229136,0.1517133862,0.4641636312,0.1745978892,0.0142474836,0.0000000000,0.0231642947,0.0481855422,0.0000000000,0.0000000000,0.0461658798,0.0470017307,0.2600286603,0.2544440329,0.0169067755,0.0321401842,0.0410004072,0.0316430144,0.0357431471,0.0332602374,0.3573625982,0.3461140096,0.0575689375,0.0549350753,0.0000000000,0.0000000000,0.4399842918,0.3528835475,0.3533164263,0.0210735463,0.1030724570,0.1111404002,0.1157631055,0.1098520607,0.0000003775,-0.0868489593,0.1087607592,-0.0990913957,-0.0635345131,0.0403430462,-0.0025628365,0.0128823956,0.0402856022,0.0005192416
15:24:58:36.349,61,0.0290693771,0.0661780685,0.0208686534,0.0000000000,0.0000000000,0.0769505650,0.0000000000,0.0288711116,0.0661430210,0.1043280214,0.0000000000,0.0000000000,0.0770311654,0.0000000000,0.0695721582,0.0000000000,0.0167658590,0.3683971465,0.1332625300,0.4465059638,0.1376383901,0.0140522141,0.0000000000,0.0205984227,0.0429327860,0.0000000000,0.0000000000,0.0466864742,0.0475142337,0.2703677416,0.2621295750,0.0169393104,0.0324360132,0.0381541625,0.0307669006,0.0352040827,0.0327355452,0.4279919863,0.4154030085,0.0624818504,0.0595495068,0.0000000000,0.0000000000,0.4397012889,0.3532457948,0.3536657095,0.0208344031,0.1008401886,0.1093609110,0.1066709459,0.1027907506,0.0000002601,-0.0873827338,0.1065812185,-0.0989015326,-0.0636782795,0.0404865742,-0.0025777766,0.0127375200,0.0404291637,0.0005152341
15:24:58:37.350,61,0.0286711846,0.0662865713,0.0217234436,0.0000000000,0.0000000000,0.0771247223,0.0000000000,0.0284792595,0.0662540644,0.1034197882,0.0000000000,0.0000000000,0.0772043318,0.0000000000,0.0869239643,0.0000000000,0.0183868054,0.3883327842,0.1231836155,0.4128236771,0.1201452613,0.0139196692,0.0000000000,0.0201809816,0.0430001877,0.0000000000,0.0000000000,0.0478867404,0.0487635806,0.2861441076,0.2758897245,0.0169534367,0.0327062495,0.0357010216,0.0298780203,0.0346962251,0.0322244950,0.4748979807,0.4649197757,0.0665501356,0.0635025948,0.0000000000,0.0000000000,0.4368964732,0.3537468612,0.3541518748,0.0205247980,0.0968049914,0.1050215214,0.1011154279,0.0978383869,0.0000001350,-0.0878510103,0.1037021577,-0.0988753513,-0.0631237552,0.0405531228,-0.0025595634,0.0132592199,0.0404957235,0.0005372197
15:24:58:38.352,61,0.0280889831,0.0660703033,0.0224043522,0.0000000000,0.0000000000,0.0773053393,0.0000000000,0.0279041026,0.0660404563,0.1026646122,0.0000000000,0.0000000000,0.0773835182,0.0000000000,0.1096109822,0.0000000000,0.0204231702,0.3986904621,0.1133982763,0.3975708187,0.1099079698,0.0138856387,0.0000000000,0.0197186992,0.0426739901,0.0000000000,0.0000000000,0.0490427278,0.0499620363,0.2979683578,0.2860299051,0.0169679243,0.0329302736,0.0339658819,0.0291050319,0.0342846215,0.0317922048,0.5261601210,0.5152876973,0.0712834299,0.0680866987,0.0000000000,0.0000000000,0.4342113137,0.3556501269,0.3559835255,0.0202058796,0.0919872820,0.0996590629,0.0973374918,0.0943478942,0.0000000114,-0.0876208246,0.1020883396,-0.0986044481,-0.0626631677,0.0404212028,-0.0025326370,0.0136748962,0.0403638370,0.0005522539
15:24:58:39.354,61,0.0274648182,0.0654747561,0.0229290258,0.0000000000,0.0000000000,0.0774664208,0.0000000000,0.0272869579,0.0654478073,0.1020619422,0.0000000000,0.0000000000,0.0775427148,0.0000000000,0.1189682186,0.0000000000,0.0222407840,0.4022567570,0.1056685671,0.3891569972,0.1038873568,0.0139450440,0.0000000000,0.0193506759,0.0424928404,0.0000000000,0.0000000000,0.0498527810,0.0507716350,0.3031135201,0.2902010977,0.0169544704,0.0330719240,0.0326990932,0.0283873305,0.0339305736,0.0314139575,0.5449393988,0.5337613225,0.0763258785,0.0727098733,0.0000000000,0.0000000000,0.4329034686,0.3599832356,0.3602459133,0.0198948849,0.0886706710,0.0957946330,0.0953502879,0.0924949050,0.0000000002,-0.0871591344,0.1007227451,-0.0981411561,-0.0622962117,0.0400575325,-0.0024951485,0.0139953420,0.0400001705,0.0005600965
15:24:58:40.355,61,0.0269917361,0.0655068085,0.0227295179,0.0000000000,0.0000000000,0.0775922760,0.0000000000,0.0268201567,0.0654793307,0.1021841317,0.0000000000,0.0000000000,0.0776664317,0.0000000000,0.1235824302,0.0000000000,0.0234868210,0.3962374926,0.0986942723,0.3766925037,0.0982068628,0.0140517969,0.0000000000,0.0225963183,0.0473068208,0.0000000000,0.0000000000,0.0505572334,0.0514657088,0.3071574867,0.2934115231,0.0169281121,0.0330759399,0.0317512751,0.0277507082,0.0336001217,0.0310620330,0.5545346737,0.5432477593,0.0808279589,0.0768423155,0.0000000000,0.0000000000,0.4318386316,0.3637310863,0.3639514148,0.0195594374,0.0862273797,0.0930601954,0.0939910859,0.0912060887,0.0000000001,-0.0862628669,0.0998894349,-0.0976592749,-0.0623707473,0.0400770158,-0.0024993462,0.0138735585,0.0400196873,0.0005554942
15:24:58:41.356,61,0.0265120529,0.0660020709,0.0225334428,0.0000000000,0.0000000000,0.0776045993,0.0000000000,0.0263462104,0.0659731403,0.1023122221,0.0000000000,0.0000000000,0.0776765198,0.0000000000,0.1258175075,0.0000000000,0.0245644320,0.3813495636,0.0936561599,0.3698181212,0.0945374370,0.0141880279,0.0000000000,0.0267841052,0.0515540466,0.0000000000,0.0000000000,0.0511436798,0.0520368516,0.3092266321,0.2951986790,0.0168823507,0.0329713374,0.0309842695,0.0271929167,0.0332887582,0.0307285506,0.5590900779,0.5477433801,0.0851458833,0.0807272717,0.0000000000,0.0000000000,0.4311212003,0.3672515154,0.3674476445,0.0192171019,0.0845950097,0.0911854580,0.0930494964,0.0903026760,0.0000000000,-0.0855012462,0.1002172828,-0.0969113857,-0.0624481700,0.0403794572,-0.0025213496,0.0137537103,0.0403221883,0.0005548628
15:24:58:42.358,61,0.0260103084,0.0668713748,0.0227056276,0.0000000000,0.0000000000,0.0774626583,0.0000000000,0.0258504376,0.0668414757,0.1020381227,0.0000000000,0.0000000000,0.0775321871,0.0000000000,0.1270052791,0.0000000000,0.0260301419,0.3744591773,0.0902059227,0.3657393157,0.0923485830,0.0142771518,0.0000000000,0.0293460116,0.0542419478,0.0000000000,0.0000000000,0.0516180061,0.0524884313,0.3103812337,0.2963076234,0.0168327894,0.0328088738,0.0303425491,0.0267051328,0.0330203138,0.0304345284,0.5613580346,0.5500316620,0.0890355557,0.0845600441,0.0000000000,0.0000000000,0.4307166338,0.3713615835,0.3715328276,0.0188800115,0.0833270773,0.0897860825,0.0923830047,0.0896617323,0.0000000001,-0.0847695172,0.1009475961,-0.0963575542,-0.0622795261,0.0409104973,-0.0025476557,0.0138585074,0.0408533253,0.0005664632
15:24:58:43.360,61,0.0256716553,0.0677088350,0.0229996350,0.0000000000,0.0000000000,0.0772453472,0.0000000000,0.0255179424,0.0676783994,0.1016608998,0.0000000000,0.0000000000,0.0773125589,0.0000000000,0.1274866611,0.0000000000,0.0278766975,0.3692193627,0.0882960781,0.3641412854,0.0911025032,0.0143438727,0.0000000000,0.0319300070,0.0561771244,0.0000000000,0.0000000000,0.0520096645,0.0528558120,0.3108789921,0.2969471812,0.0167708714,0.0326220989,0.0297993571,0.0262862798,0.0327949934,0.0301823914,0.5623426437,0.5510688424,0.0927327573,0.0880484581,0.0000000000,0.0000000000,0.4306623638,0.3753028810,0.3754563928,0.0185573790,0.0824484527,0.0888318941,0.0920066983,0.0892905816,0.0000000001,-0.0839545950,0.1023123637,-0.0958647877,-0.0620479807,0.0414221436,-0.0025699760,0.0140376613,0.0413650572,0.0005809809
15:24:58:44.362,61,0.0254652873,0.0682210624,0.0235137735,0.0000000000,0.0000000000,0.0769986659,0.0000000000,0.0253176428,0.0681914166,0.1010654867,0.0000000000,0.0000000000,0.0770637244,0.0000000000,0.1275083870,0.0000000000,0.0290568657,0.3667393029,0.0871333629,0.3638625443,0.0903972983,0.0144201592,0.0000000000,0.0340481102,0.0574666485,0.0000000000,0.0000000000,0.0523878448,0.0532102287,0.3110655248,0.2973559797,0.0167175755,0.0324553736,0.0293345340,0.0259157196,0.0325976871,0.0299588032,0.5619547367,0.5507820249,0.0945407152,0.0897774994,0.0000000000,0.0000000000,0.4308032095,0.3784079850,0.3785503209,0.0182573795,0.0818268433,0.0881666541,0.0918068141,0.0890870094,0.0000000002,-0.0831908956,0.1038673818,-0.0953835845,-0.0616837740,0.0417351872,-0.0025742410,0.0143512748,0.0416781753,0.0005984609
15:24:58:45.363,61,0.0253097732,0.0692066476,0.0243911836,0.0000000000,0.0000000000,0.0766902268,0.0000000000,0.0251677148,0.0691780746,0.1001317278,0.0000000000,0.0000000000,0.0767533034,0.0000000000,0.1272095740,0.0000000000,0.0298403036,0.3653274477,0.0864060745,0.3651373386,0.0900513977,0.0145452395,0.0000000000,0.0350864492,0.0582811646,0.0000000000,0.0000000000,0.0527307242,0.0535356142,0.3111599088,0.2976117134,0.0166650247,0.0322872736,0.0289219376,0.0255815964,0.0323978513,0.0297387317,0.5594632626,0.5475603342,0.0957271084,0.0909190699,0.0000000000,0.0000000000,0.4311317801,0.3800418377,0.3801809251,0.0179676563,0.0813214555,0.0876473859,0.0916704610,0.0889514685,0.0000000002,-0.0825904310,0.1051005498,-0.0951167196,-0.0611123219,0.0423375629,-0.0025872770,0.0148864137,0.0422806256,0.0006297589
15:24:58:46.364,61,0.0253305770,0.0701345503,0.0250210222,0.0000000000,0.0000000000,0.0763642266,0.0000000000,0.0251927413,0.0701063424,0.0994843170,0.0000000000,0.0000000000,0.0764260143,0.0000000000,0.1261886656,0.0000000000,0.0301470794,0.3636636436,0.0859049708,0.3707827926,0.0899918526,0.0148195634,0.0000000000,0.0357604735,0.0589452796,0.0000000000,0.0000000000,0.0530188903,0.0538293831,0.3112519383,0.2976666689,0.0166063979,0.0320993476,0.0285832901,0.0253030937,0.0322072655,0.0295409989,0.5545653105,0.5396395922,0.0966476351,0.0917835012,0.0000000000,0.0000000000,0.4312284291,0.3807750046,0.3809166551,0.0176938549,0.0809094533,0.0872640684,0.0915907994,0.0889038518,0.0000000002,-0.0820706189,0.1057875156,-0.0946528986,-0.0607157312,0.0429046378,-0.0026049791,0.0152704483,0.0428477563,0.0006546796
15:24:58:47.367,61,0.0257330369,0.0709290504,0.0255666059,0.0000000000,0.0000000000,0.0761628971,0.0000000000,0.0255986881,0.0709011629,0.0989550725,0.0000000000,0.0000000000,0.0762242228,0.0000000000,0.1240052506,0.0000000000,0.0301662739,0.3614771366,0.0856461525,0.3946049511,0.0903210714,0.0150949024,0.0000000000,0.0358202495,0.0592000037,0.0000000000,0.0000000000,0.0532096587,0.0540407039,0.3114966154,0.2977698743,0.0165554471,0.0318526998,0.0283611305,0.0251260400,0.0320290327,0.0293725990,0.5419211388,0.5249626040,0.0975317135,0.0926179215,0.0000000000,0.0000000000,0.4310232103,0.3797579408,0.3799265623,0.0174277183,0.0806816518,0.0871183947,0.0916112140,0.0889770165,0.0000000003,-0.0814216211,0.1063799560,-0.0938840508,-0.0603914671,0.0433902070,-0.0026204449,0.0156030934,0.0433333702,0.0006765306
15:24:58:48.368,61,0.0262313113,0.0715121999,0.0260833986,0.0000000000,0.0000000000,0.0760015473,0.0000000000,0.0261001047,0.0714849532,0.0984597281,0.0000000000,0.0000000000,0.0760630667,0.0000000000,0.1196981668,0.0000000000,0.0298936293,0.3605378270,0.0859478936,0.4192087352,0.0960102007,0.0152785964,0.0000000000,0.0358012021,0.0595826618,0.0000000000,0.0000000000,0.0533575714,0.0542339869,0.3115837574,0.2976689041,0.0165240690,0.0316603258,0.0282654054,0.0250334013,0.0318863355,0.0292479005,0.5184921622,0.5007479787,0.0981340259,0.0932354927,0.0000000000,0.0000000000,0.4308840036,0.3772566915,0.3774656951,0.0171726197,0.0807696655,0.0873480663,0.0918026567,0.0892564878,0.0000000005,-0.0812122300,0.1068523005,-0.0932810456,-0.0600882247,0.0437466763,-0.0026287502,0.0159182437,0.0436898619,0.0006958792
15:24:58:49.370,61,0.0271524098,0.0726371557,0.0268272515,0.0000000000,0.0000000000,0.0757718831,0.0000000000,0.0270336717,0.0726103485,0.0977666080,0.0000000000,0.0000000000,0.0758335218,0.0000000000,0.1119061783,0.0000000000,0.0294929948,0.3601144552,0.0930349901,0.4506348968,0.1205445156,0.0152486917,0.0000000000,0.0352916718,0.0595461503,0.0000000000,0.0000000000,0.0534152947,0.0543557294,0.3113082349,0.2973694503,0.0165313520,0.0315526202,0.0283634439,0.0250562429,0.0318280943,0.0292078611,0.4824079573,0.4656288624,0.0983083174,0.0934855342,0.0000000000,0.0000000000,0.4307131767,0.3724816144,0.3727376461,0.0169559047,0.0811298862,0.0878619999,0.0922672749,0.0898214281,0.0000000014,-0.0807258785,0.1078501865,-0.0928617492,-0.0596634187,0.0444342569,-0.0026512663,0.0163717065,0.0443774723,0.0007269797
15:24:58:50.371,61,0.0278795771,0.0733782426,0.0275355056,0.0000000000,0.0000000000,0.0755214915,0.0000000000,0.0277635548,0.0733524412,0.0971173942,0.0000000000,0.0000000000,0.0755839497,0.0000000000,0.0956463814,0.0000000000,0.0276654791,0.3544571698,0.1012426317,0.5203178525,0.1361264884,0.0151869385,0.0000000000,0.0317398906,0.0589775257,0.0000000000,0.0000000000,0.0533750132,0.0543954670,0.3085918725,0.2946946323,0.0165755227,0.0315209702,0.0287247244,0.0252557900,0.0318823047,0.0292917266,0.4413501322,0.4188827276,0.0983048603,0.0935663208,0.0000000000,0.0000000000,0.4308470190,0.3677254617,0.3680389822,0.0167948008,0.0826674625,0.0913463831,0.0945579782,0.0929582193,0.0000000145,-0.0800460950,0.1092594191,-0.0925256461,-0.0592660345,0.0448873267,-0.0026605173,0.0168035906,0.0448305607,0.0007537837
15:24:58:51.373,61,0.0280195195,0.0733326003,0.0286254212,0.0000000000,0.0000000000,0.0751856714,0.0000000000,0.0279039927,0.0733105093,0.0960710198,0.0000000000,0.0000000000,0.0752497837,0.0000000000,0.0903412923,0.0000000000,0.0253727846,0.3374023736,0.1042875201,0.5572850108,0.1471271813,0.0151115656,0.0000000000,0.0153899044,0.0400408097,0.0000000000,0.0000000000,0.0531375818,0.0542709604,0.3069300652,0.2929855883,0.0166361108,0.0315156616,0.0293003470,0.0256338101,0.0320516452,0.0294995718,0.4332947135,0.4105491936,0.0985936150,0.0939654261,0.0000000000,0.0000000000,0.4305562675,0.3645556867,0.3649107516,0.0166880284,0.0832517669,0.0925421119,0.0967229083,0.0961882845,0.0000000266,-0.0791069120,0.1104458347,-0.0924527273,-0.0586275421,0.0448599681,-0.0026302820,0.0174687300,0.0448031835,0.0007831388
15:24:58:52.375,61,0.0268884804,0.0717307031,0.0292332843,0.0000000000,0.0000000000,0.0748037025,0.0000000000,0.0267703328,0.0717132837,0.0954591855,0.0000000000,0.0000000000,0.0748705640,0.0000000000,0.0878982246,0.0000000000,0.0226371419,0.3639354408,0.1162225828,0.5780300498,0.1687563509,0.0152709465,0.0000000000,0.0000000000,0.0170455892,0.0185715221,0.0000000000,0.0528644621,0.0541151725,0.3066994548,0.2926332653,0.0168060269,0.0316809304,0.0300986916,0.0260596368,0.0322729498,0.0297465157,0.4403892756,0.4145284891,0.0984255970,0.0938673839,0.0000000000,0.0000000000,0.4302569628,0.3632532656,0.3636230230,0.0166227072,0.0833406523,0.0929779410,0.0977259576,0.0975455716,0.0000006742,-0.0776791722,0.1120773926,-0.0924764723,-0.0582566932,0.0438816473,-0.0025565892,0.0178404581,0.0438247733,0.0007823133
15:24:58:53.376,61,0.0232519414,0.0683987066,0.0284801368,0.0000000000,0.0000000000,0.0743788406,0.0000000000,0.0231348835,0.0683843121,0.0962081179,0.0000000000,0.0000000000,0.0744483694,0.0000000000,0.0940608829,0.0000000000,0.0175817478,0.4538326859,0.1398400068,0.5199200511,0.1754594594,0.0156196281,0.0000000000,0.0000000000,0.0000000000,0.0402620770,0.0073756808,0.0525997467,0.0539761260,0.3206751049,0.3024441302,0.0172333047,0.0318122692,0.0308805909,0.0265061073,0.0322940610,0.0297833234,0.4398338795,0.4126595855,0.0952957943,0.0910341963,0.0000000000,0.0000000000,0.4304811954,0.3634007871,0.3637639582,0.0165359061,0.0830458775,0.0930059180,0.0980073363,0.0980141759,0.0000016457,-0.0769010037,0.1126202121,-0.0927153677,-0.0587188713,0.0418457612,-0.0024571538,0.0173823405,0.0417887121,0.0007267721
15:24:58:54.377,61,0.0188658219,0.0649853572,0.0269344337,0.0000000000,0.0000000000,0.0739058480,0.0000000000,0.0187954195,0.0649719909,0.0977321267,0.0000000000,0.0000000000,0.0739774629,0.0000000000,0.0989144295,0.0000000000,0.0131574748,0.5013538003,0.1488704830,0.4928305149,0.1763280630,0.0161529370,0.0000000000,0.0000000000,0.0000000000,0.0490791053,0.0161201898,0.0524898581,0.0540020913,0.3347940445,0.3130636811,0.0178294219,0.0318936221,0.0315473378,0.0269000176,0.0321451463,0.0296555795,0.4393291771,0.4111324847,0.0913226679,0.0872567892,0.0000000000,0.0000000000,0.4314767420,0.3678120375,0.3681358993,0.0163758639,0.0824949443,0.0927961096,0.0977196768,0.0978400409,0.0000072080,-0.0777250975,0.1106787622,-0.0931270793,-0.0596540943,0.0397599004,-0.0023716798,0.0164403468,0.0397026651,0.0006530393
15:24:58:55.379,61,0.0151830809,0.0609605387,0.0253915004,0.0000000000,0.0000000000,0.0733646005,0.0000000000,0.0151482392,0.0609498024,0.0992459878,0.0000000000,0.0000000000,0.0734372288,0.0000000000,0.1022282317,0.0000000000,0.0109466258,0.5437645912,0.1533746570,0.4826209545,0.1713394523,0.0166957024,0.0000000000,0.0000000000,0.0000000000,0.0542005636,0.0213807561,0.0524322279,0.0540569276,0.3640062809,0.3412908316,0.0185075980,0.0318464525,0.0321599767,0.0272944681,0.0318602882,0.0293886438,0.4395478964,0.4107941091,0.0894224644,0.0854522735,0.0000000000,0.0000000000,0.4349565804,0.3739589751,0.3742417395,0.0161415488,0.0809529871,0.0923398808,0.0969879329,0.0972878635,0.0000338017,-0.0793402940,0.1075913310,-0.0933698341,-0.0605838671,0.0373005867,-0.0022594756,0.0155000323,0.0372431502,0.0005775138
15:24:58:56.381,61,0.0127319936,0.0565995239,0.0236552879,0.0000000000,0.0000000000,0.0728762373,0.0000000000,0.0127159925,0.0565921180,0.1009501070,0.0000000000,0.0000000000,0.0729492679,0.0000000000,0.1056648865,0.0000000000,0.0095282644,0.5624945760,0.1555624157,0.4770899415,0.1607510448,0.0172440354,0.0000000000,0.0000000000,0.0000000000,0.0572547391,0.0243678018,0.0524586923,0.0541727990,0.3832734823,0.3590260446,0.0191902667,0.0317161754,0.0326750688,0.0276367143,0.0314697959,0.0290204603,0.4455570877,0.4143043756,0.0881737173,0.0842469484,0.0000000000,0.0000000000,0.4366375506,0.3781055212,0.3783691227,0.0158512592,0.0793783590,0.0917441174,0.0962498561,0.0966648757,0.0000399493,-0.0810776874,0.1039291024,-0.0936982408,-0.0616300330,0.0346359499,-0.0021341138,0.0144415591,0.0345782898,0.0004995461
15:24:58:57.381,61,0.0111919586,0.0540487021,0.0228267610,0.0000000000,0.0000000000,0.0724376664,0.0000000000,0.0111854374,0.0540440492,0.1017584950,0.0000000000,0.0000000000,0.0725107789,0.0000000000,0.1096084267,0.0000000000,0.0085182441,0.5716940165,0.1563035399,0.4684253037,0.1499301195,0.0177847706,0.0000000000,0.0000000000,0.0000000000,0.0587858781,0.0257396922,0.0526315719,0.0544292592,0.3928376138,0.3673453927,0.0198229328,0.0315881819,0.0330235809,0.0278529637,0.0310221333,0.0286024008,0.4598293006,0.4281030893,0.0871748179,0.0832863376,0.0000000000,0.0000000000,0.4398996830,0.3835937679,0.3838531673,0.0155334966,0.0783051401,0.0911210775,0.0952556953,0.0958470553,0.0000392655,-0.0827640742,0.1010368913,-0.0936637819,-0.0621268079,0.0330774710,-0.0020544229,0.0139364749,0.0330196805,0.0004603304
15:24:58:58.383,61,0.0101526426,0.0527015142,0.0222977232,0.0000000000,0.0000000000,0.0720898211,0.0000000000,0.0101503022,0.0526981540,0.1022735611,0.0000000000,0.0000000000,0.0721634105,0.0000000000,0.1161916032,0.0000000000,0.0076377578,0.5759053230,0.1536315084,0.4531971514,0.1402806789,0.0183248576,0.0000000000,0.0000000000,0.0000000000,0.0594299212,0.0259750094,0.0528182015,0.0547072105,0.3981130719,0.3716491759,0.0203532986,0.0313717276,0.0332460441,0.0280071385,0.0305681285,0.0281854570,0.4741458595,0.4432208240,0.0866178274,0.0827555060,0.0000000000,0.0000000000,0.4409777224,0.3858485520,0.3861055076,0.0151941637,0.0774113163,0.0905002579,0.0944891796,0.0951674357,0.0000337064,-0.0836172998,0.0994921103,-0.0940083936,-0.0624429621,0.0322543606,-0.0020134449,0.0136138480,0.0321965143,0.0004384563
15:24:58:59.385,61,0.0093849963,0.0517923981,0.0226143934,0.0000000000,0.0000000000,0.0718229190,0.0000000000,0.0093843332,0.0517915562,0.1019696891,0.0000000000,0.0000000000,0.0718971118,0.0000000000,0.1263341606,0.0000000000,0.0070901630,0.5613844395,0.1484992951,0.4476759434,0.1341561228,0.0187195223,0.0000000000,0.0000000000,0.0000000000,0.0598725192,0.0258182250,0.0529492088,0.0549229123,0.4008097947,0.3739184439,0.0207451563,0.0310447328,0.0334039256,0.0281545334,0.0301648937,0.0278171655,0.4858477116,0.4583076239,0.0865564570,0.0827322677,0.0000000000,0.0000000000,0.4410796762,0.3868364692,0.3870913684,0.0148696853,0.0766580850,0.0899202898,0.0937747955,0.0945162326,0.0000071300,-0.0842353776,0.0992217883,-0.0946890190,-0.0622585304,0.0316991024,-0.0019729231,0.0138074337,0.0316411965,0.0004370157
15:24:59:00.387,61,0.0088197840,0.0510420129,0.0235586073,0.0000000000,0.0000000000,0.0716820583,0.0000000000,0.0088191424,0.0510448590,0.1010306403,0.0000000000,0.0000000000,0.0717564076,0.0000000000,0.1342753023,0.0000000000,0.0069692191,0.5449672341,0.1396258026,0.4420305192,0.1278363168,0.0188656338,0.0000000000,0.0000000000,0.0000000000,0.0600819811,0.0252545439,0.0530788153,0.0551271029,0.4020659328,0.3750047982,0.0210214090,0.0307057127,0.0334469303,0.0282339547,0.0298366696,0.0275166575,0.5061086416,0.4848548770,0.0867542028,0.0830203071,0.0000000000,0.0000000000,0.4410822392,0.3874290884,0.3876824975,0.0145909833,0.0760332569,0.0893780738,0.0930653214,0.0938629583,0.0000003275,-0.0849679112,0.0995640233,-0.0953017548,-0.0616860725,0.0312409718,-0.0019265353,0.0143841421,0.0311830249,0.0004486709
15:24:59:01.389,61,0.0085816756,0.0511796698,0.0242860820,0.0000000000,0.0000000000,0.0716698840,0.0000000000,0.0085769035,0.0511839576,0.1003167555,0.0000000000,0.0000000000,0.0717435181,0.0000000000,0.1374257058,0.0000000000,0.0073026503,0.4806452394,0.1178905070,0.4181582928,0.1145168990,0.0188149419,0.0000000000,0.0000000000,0.0000000000,0.0573027842,0.0186370742,0.0532704629,0.0553579517,0.3920157850,0.3649432659,0.0211082026,0.0304048248,0.0332613215,0.0281555839,0.0296023171,0.0273099337,0.5243080258,0.5045639873,0.0872637257,0.0841555819,0.0000000000,0.0000000000,0.4410033226,0.3876659870,0.3879185021,0.0143767484,0.0755359307,0.0888596997,0.0923607200,0.0932066739,0.0000000286,-0.0850074142,0.0991250277,-0.0961109102,-0.0612500347,0.0313252658,-0.0019180991,0.0148282722,0.0312673226,0.0004637745
15:24:59:02.390,61,0.0085720588,0.0516701080,0.0257422514,0.0000000000,0.0000000000,0.0717967227,0.0000000000,0.0085616456,0.0516769737,0.0988677815,0.0000000000,0.0000000000,0.0718689039,0.0000000000,0.1388870478,0.0000000000,0.0093029877,0.4262090921,0.1001397967,0.3871921897,0.0978981480,0.0186985005,0.0000000000,0.0000000000,0.0000000000,0.0380412862,0.0113354810,0.0534722134,0.0555609390,0.3758337796,0.3500267267,0.0210486241,0.0300975684,0.0329050720,0.0279628709,0.0294533689,0.0271811169,0.5386786461,0.5203335881,0.0904772207,0.0879625306,0.0000000000,0.0000000000,0.4411457181,0.3880878687,0.3883373439,0.0142040476,0.0751194805,0.0882953554,0.0916422084,0.0925076976,0.0000000048,-0.0840005502,0.0976393446,-0.0967801660,-0.0603647679,0.0316252895,-0.0019085280,0.0157172140,0.0315673724,0.0004962956
15:24:59:03.392,61,0.0110243531,0.0555405878,0.0295630358,0.0000000000,0.0000000000,0.0720603243,0.0000000000,0.0109703699,0.0555504411,0.0950281471,0.0000000000,0.0000000000,0.0721300170,0.0000000000,0.1325257421,0.0000000000,0.0154923443,0.3377346396,0.0838339925,0.3606511354,0.0879579857,0.0185032766,0.0000000000,0.0014893571,0.0493400134,0.0000000000,0.0000000000,0.0536036231,0.0556486361,0.3163473606,0.2962774932,0.0208662804,0.0298541300,0.0324378461,0.0276899487,0.0294205416,0.0271518435,0.5444914103,0.5272833705,0.0984301716,0.0953545794,0.0000000000,0.0000000000,0.4407154620,0.3881300092,0.3883746862,0.0141182421,0.0748723820,0.0877211913,0.0911692083,0.0920239910,0.0000000005,-0.0823470950,0.0956039652,-0.0973351151,-0.0580159426,0.0339910500,-0.0019716735,0.0180486366,0.0339333415,0.0006126525
15:24:59:04.393,61,0.0206159521,0.0639589801,0.0336994231,0.0000000000,0.0000000000,0.0724370554,0.0000000000,0.0205010641,0.0639676973,0.0908259153,0.0000000000,0.0000000000,0.0725034997,0.0000000000,0.1231781766,0.0000000000,0.0201628264,0.2971886992,0.0753032640,0.3022128046,0.0799323469,0.0184422694,0.0000000000,0.0798211321,0.0975082889,0.0000000000,0.0000000000,0.0541063473,0.0560741238,0.2795311213,0.2639271021,0.0206496511,0.0300124511,0.0318243913,0.0272496305,0.0295432247,0.0272587202,0.5478336215,0.5311268568,0.1009145901,0.0976965576,0.0000000000,0.0000000000,0.4396535456,0.3878294528,0.3880681396,0.0141521180,0.0749120489,0.0872807503,0.0907487199,0.0915298238,0.0000000002,-0.0796289742,0.0939046070,-0.0975458249,-0.0554400049,0.0391358100,-0.0021696829,0.0205700938,0.0390785933,0.0008042029
15:24:59:05.394,61,0.0405800678,0.0771543011,0.0367855281,0.0000000000,0.0000000000,0.0728952289,0.0000000000,0.0403546430,0.0771554410,0.0877496675,0.0000000000,0.0000000000,0.0729584545,0.0000000000,0.0886644870,0.0000000000,0.0224141479,0.2179219723,0.0699390024,0.2893365920,0.0763595775,0.0185466018,0.0000000000,0.1154532731,0.1222815141,0.0000000000,0.0000000000,0.0546713173,0.0565654114,0.2473372966,0.2354137748,0.0203880910,0.0302889664,0.0312346686,0.0267862491,0.0297258403,0.0274246074,0.5123296380,0.4939389229,0.1022679731,0.0988413244,0.0000000000,0.0000000000,0.4316858351,0.3740581572,0.3743354380,0.0142792184,0.0753449202,0.0871217847,0.0906795040,0.0913463682,0.0000000002,-0.0763448626,0.0927427486,-0.0979555398,-0.0535436459,0.0471992753,-0.0025278858,0.0224460419,0.0471427701,0.0010588639
15:24:59:06.396,61,0.0482151285,0.0871458575,0.0380027592,0.0000000000,0.0000000000,0.0742145479,0.0000000000,0.0479492731,0.0871391147,0.0865927115,0.0000000000,0.0000000000,0.0742707029,0.0000000000,0.0779949427,0.0000000000,0.0236029793,0.1920177639,0.0660487339,0.2897694707,0.0740405172,0.0189195871,0.0000000000,0.1567102522,0.1534108520,0.0000000000,0.0000000000,0.0553331934,0.0571503043,0.2343465686,0.2221896946,0.0201298837,0.0305975527,0.0307166260,0.0263636652,0.0299295280,0.0276247673,0.4847756624,0.4631659389,0.1031457782,0.0994268432,0.0000000000,0.0000000000,0.4246671200,0.3555583060,0.3559347391,0.0144258700,0.0798962638,0.0878293067,0.0908655599,0.0914158449,0.0000000002,-0.0740155578,0.0942258537,-0.0978123620,-0.0528214872,0.0533046722,-0.0028169840,0.0231816731,0.0532487035,0.0012354506
15:24:59:07.398,61,0.0518935248,0.0918828323,0.0382944569,0.0000000000,0.0000000000,0.0772812217,0.0000000000,0.0516070947,0.0918716043,0.0862971991,0.0000000000,0.0000000000,0.0773325562,0.0000000000,0.0724132434,0.0000000000,0.0240388606,0.1786064208,0.0634891391,0.2858554721,0.0704406425,0.0194957089,0.0000000000,0.1845608354,0.1791832745,0.0000000000,0.0000000000,0.0577502102,0.0592050552,0.2275055647,0.2149737179,0.0199345816,0.0310570709,0.0302287582,0.0259433482,0.0301290695,0.0278357174,0.4717849195,0.4486294985,0.1034674272,0.0994400829,0.0000000000,0.0000000000,0.4210609794,0.3446611464,0.3450605571,0.0145912254,0.0850140676,0.0906689763,0.0909389704,0.0913920701,0.0000000002,-0.0721385852,0.0972132310,-0.0969820321,-0.0526328869,0.0561990738,-0.0029596623,0.0233559124,0.0561433546,0.0013125387
15:24:59:08.399,61,0.0537351817,0.0954455286,0.0382188223,0.0000000000,0.0000000000,0.0813864619,0.0000000000,0.0534352437,0.0954296887,0.0863703117,0.0000000000,0.0000000000,0.0814384893,0.0000000000,0.0696789622,0.0000000000,0.0239432082,0.1719752550,0.0619065724,0.2514016926,0.0658502206,0.0207594261,0.0000000000,0.2082324028,0.2010549754,0.0000000000,0.0000000000,0.0620000735,0.0634488687,0.2239967585,0.2111526728,0.0198148843,0.0316576399,0.0297745336,0.0255341046,0.0302871894,0.0280196499,0.4658782482,0.4419531226,0.1034632474,0.0991324857,0.0000000000,0.0000000000,0.4193329811,0.3394429982,0.3398601711,0.0147091551,0.0895514116,0.0946356654,0.0909228772,0.0912878141,0.0000000003,-0.0707234889,0.1004919112,-0.0960901752,-0.0526709259,0.0583757311,-0.0030767682,0.0233068727,0.0583202131,0.0013606811
15:24:59:09.401,61,0.0547187515,0.0992332101,0.0388121158,0.0000000000,0.0000000000,0.0850850269,0.0000000000,0.0544078387,0.0992155522,0.0857765675,0.0000000000,0.0000000000,0.0851402581,0.0000000000,0.0683499575,0.0000000000,0.0236442629,0.1689608991,0.0608997904,0.2417804152,0.0630357787,0.0221801400,0.0000000000,0.2341178805,0.2235855609,0.0000000000,0.0000000000,0.0659727082,0.0674002245,0.2219666243,0.2087722570,0.0197681300,0.0324561037,0.0293897670,0.0251584332,0.0304338150,0.0281980224,0.4624038637,0.4379817545,0.1032651886,0.0986412838,0.0000000000,0.0000000000,0.4188480079,0.3368861079,0.3373132348,0.0148146516,0.0973400697,0.1027071923,0.0910967365,0.0913714543,0.0000000007,-0.0698105469,0.1036600247,-0.0949175060,-0.0523016378,0.0606904291,-0.0031766519,0.0236654188,0.0606351122,0.0014365817
15:24:59:10.403,61,0.0551535636,0.1011357829,0.0398263223,0.0000000000,0.0000000000,0.0876105577,0.0000000000,0.0548342131,0.1011204571,0.0848401338,0.0000000000,0.0000000000,0.0876666382,0.0000000000,0.0677723959,0.0000000000,0.0234371964,0.1692583412,0.0601817854,0.2371889651,0.0613980629,0.0229560435,0.0000000000,0.2498106956,0.2424400598,0.0000000000,0.0000000000,0.0685914084,0.0700705871,0.2205682546,0.2066951990,0.0197268240,0.0331780203,0.0290323440,0.0248106513,0.0305953119,0.0283821486,0.4608625770,0.4363949895,0.1032160744,0.0983582512,0.0000000000,0.0000000000,0.4212927222,0.3363755345,0.3368145525,0.0149216913,0.1056935564,0.1116301641,0.0915852636,0.0917810947,0.0000000014,-0.0689153224,0.1051677838,-0.0938119814,-0.0517269596,0.0618538186,-0.0032021571,0.0242820960,0.0617985763,0.0015023634
15:24:59:11.404,61,0.0553573407,0.1029788479,0.0402313322,0.0000000000,0.0000000000,0.0892513394,0.0000000000,0.0550339632,0.1029630825,0.0845570490,0.0000000000,0.0000000000,0.0893085971,0.0000000000,0.0677098110,0.0000000000,0.0233208500,0.1728487015,0.0596326217,0.2416937798,0.0602752082,0.0234395713,0.0000000000,0.2561733425,0.2498745173,0.0000000000,0.0000000000,0.0700531006,0.0715532452,0.2197099030,0.2055181861,0.0196639746,0.0338063687,0.0286858622,0.0244894885,0.0307696220,0.0285753179,0.4626154304,0.4415786266,0.1034148112,0.0983706266,0.0000000000,0.0000000000,0.4288773537,0.3406202197,0.3410504460,0.0150317196,0.1102389693,0.1168552041,0.0925950408,0.0926031247,0.0000000021,-0.0680509582,0.1046672761,-0.0930132717,-0.0515507422,0.0629803464,-0.0032495323,0.0245273057,0.0629251525,0.0015452686
15:24:59:12.406,61,0.0553225018,0.1031249687,0.0401673988,0.0000000000,0.0000000000,0.0903297812,0.0000000000,0.0549985543,0.1031085998,0.0846668929,0.0000000000,0.0000000000,0.0903879404,0.0000000000,0.0680259690,0.0000000000,0.0230317377,0.1865259707,0.0593537055,0.2474245131,0.0595237948,0.0236490276,0.0000000000,0.2474699765,0.2503962219,0.0000000000,0.0000000000,0.0709849894,0.0725437030,0.2197852582,0.2052711248,0.0195655543,0.0343414545,0.0283347256,0.0241736602,0.0308867656,0.0287206657,0.4674313068,0.4474114776,0.1035204008,0.0983840153,0.0000000000,0.0000000000,0.4402332902,0.3500224054,0.3504338861,0.0151088238,0.1122538224,0.1191808358,0.0932743549,0.0932641625,0.0000000027,-0.0677300543,0.1028597653,-0.0923098996,-0.0516174212,0.0630695820,-0.0032583536,0.0244881902,0.0630143732,0.0015449981
15:24:59:13.407,61,0.0550752953,0.1032043844,0.0399545692,0.0000000000,0.0000000000,0.0910161510,0.0000000000,0.0547518991,0.1031868905,0.0848895013,0.0000000000,0.0000000000,0.0910748541,0.0000000000,0.0704929456,0.0000000000,0.0225934293,0.2039829046,0.0591483489,0.2531635761,0.0590466633,0.0236215238,0.0000000000,0.2002057433,0.2192685008,0.0000000000,0.0000000000,0.0714761093,0.0731214285,0.2272598892,0.2090528607,0.0194367673,0.0346894041,0.0279992148,0.0239149518,0.0309728943,0.0288418792,0.4854577184,0.4645586312,0.1039147750,0.0987685248,0.0000000000,0.0000000000,0.4576104879,0.3615556955,0.3619394302,0.0151354475,0.1128575653,0.1200541034,0.0937293842,0.0937618986,0.0000000024,-0.0678762719,0.1016649306,-0.0917619914,-0.0517529733,0.0631178990,-0.0032694119,0.0243583620,0.0630627051,0.0015379905
15:24:59:14.408,61,0.0545625575,0.1032065153,0.0398048833,0.0000000000,0.0000000000,0.0915071443,0.0000000000,0.0542406067,0.1031883210,0.0850288719,0.0000000000,0.0000000000,0.0915661082,0.0000000000,0.0774031058,0.0000000000,0.0220727138,0.2195914388,0.0589567982,0.2548459172,0.0585538074,0.0234627463,0.0000000000,0.1871168464,0.2098637372,0.0000000000,0.0000000000,0.0718289092,0.0735607296,0.2400027812,0.2180974185,0.0193112139,0.0349947363,0.0276286285,0.0236367956,0.0310317185,0.0289368350,0.5090942979,0.4873970747,0.1040496826,0.0989591181,0.0000000000,0.0000000000,0.4857958853,0.3787933886,0.3791313171,0.0151205799,0.1108716875,0.1190618873,0.0937060341,0.0938069448,0.0000000016,-0.0685394779,0.1007876769,-0.0913066790,-0.0518379323,0.0631190464,-0.0032748342,0.0242671017,0.0630638748,0.0015322578
15:24:59:15.411,61,0.0540158823,0.1042778194,0.0401569642,0.0000000000,0.0000000000,0.0916991159,0.0000000000,0.0536957942,0.1042599902,0.0847251266,0.0000000000,0.0000000000,0.0917576849,0.0000000000,0.0812942460,0.0000000000,0.0215708911,0.2255758047,0.0587418750,0.2553237975,0.0580946393,0.0231390595,0.0000000000,0.1789384782,0.2024458945,0.0000000000,0.0000000000,0.0720202625,0.0738342553,0.2478721291,0.2252095640,0.0191969685,0.0352143981,0.0272733215,0.0233735815,0.0310661439,0.0290070064,0.5170747638,0.4953698516,0.1040143892,0.0990472287,0.0000000000,0.0000000000,0.5220851302,0.4063399136,0.4066316485,0.0150758531,0.1070708856,0.1159984767,0.0934072956,0.0936075374,0.0000000009,-0.0690495521,0.1000833809,-0.0911654085,-0.0516506173,0.0637739673,-0.0032969592,0.0244807322,0.0637188256,0.0015618408
15:24:59:16.411,61,0.0536626540,0.1080840006,0.0417684503,0.0000000000,0.0000000000,0.0915212631,0.0000000000,0.0533441529,0.1080698445,0.0831711292,0.0000000000,0.0000000000,0.0915791914,0.0000000000,0.0830413029,0.0000000000,0.0207039900,0.2285095453,0.0586567335,0.2560088933,0.0578181893,0.0227830783,0.0000000000,0.1642400175,0.1908207536,0.0000000000,0.0000000000,0.0719999075,0.0739062056,0.2512972057,0.2281194031,0.0190993585,0.0354132168,0.0269223489,0.0230908711,0.0310465936,0.0290264655,0.5200594664,0.4976594746,0.1035630330,0.0987285376,0.0000000000,0.0000000000,0.5810557008,0.4550867379,0.4553349018,0.0150704831,0.1028224751,0.1119812652,0.0928606093,0.0931632146,0.0000000003,-0.0688827261,0.1004991978,-0.0912650600,-0.0506955869,0.0661011636,-0.0033544765,0.0254592951,0.0660462007,0.0016837552
15:24:59:17.414,61,0.0680774078,0.1231164411,0.0441997536,0.0000000000,0.0000000000,0.0914205387,0.0000000000,0.0679684207,0.1231001467,0.0808404684,0.0000000000,0.0000000000,0.0914780051,0.0000000000,0.0839027762,0.0000000000,0.0199624095,0.2299891114,0.0587897524,0.2609457672,0.0577248782,0.0222702380,0.0000000000,0.1514641196,0.1812192202,0.0000000000,0.0000000000,0.0718499348,0.0738437176,0.2563680708,0.2328590304,0.0190270133,0.0355479643,0.0266299937,0.0228221286,0.0309727546,0.0290058497,0.5040541291,0.4807929695,0.1008619368,0.0971556306,0.0000000000,0.0000000000,0.6361698508,0.5038336515,0.5040144920,0.0150577594,0.0999407023,0.1093319058,0.0921617672,0.0926569551,0.0000000070,-0.0677174777,0.1010293886,-0.0916224122,-0.0492429771,0.0752890557,-0.0037129601,0.0269237533,0.0752348825,0.0020291880
15:24:59:18.416,61,0.1370427459,0.1599413455,0.0463900194,0.0000000000,0.0000000000,0.0913590193,0.0000000000,0.1369494349,0.1599060893,0.0788405463,0.0000000000,0.0000000000,0.0914164558,0.0000000000,0.0808555409,0.0000000000,0.0178454053,0.2197970301,0.0601436533,0.3092218637,0.0586850159,0.0216692667,0.0000000000,0.1296272278,0.1647275090,0.0000000000,0.0000000000,0.0713758618,0.0734585673,0.2585617900,0.2348400652,0.0189781114,0.0356501266,0.0264939629,0.0225977525,0.0308167003,0.0289145317,0.4199074507,0.3981421292,0.0911086574,0.0887824744,0.0000000000,0.0000000000,0.6778726578,0.5355039835,0.5356597900,0.0150808301,0.0983577520,0.1078334898,0.0915973410,0.0922782496,0.0000000365,-0.0659481063,0.1025799513,-0.0919339359,-0.0479311906,0.0977937505,-0.0047005359,0.0282028709,0.0977416188,0.0027650325
15:24:59:19.417,61,0.2606465220,0.2453794479,0.0466127731,0.0000000000,0.0000000000,0.0917489678,0.0000000000,0.2603765130,0.2452742755,0.0788388699,0.0000000000,0.0000000000,0.0918058157,0.0000000000,0.0773814917,0.0000000000,0.0167917013,0.2026167363,0.0680728555,0.3323672414,0.0686329082,0.0208345111,0.0000000000,0.1016323864,0.1449391842,0.0000000000,0.0000000000,0.0685292482,0.0707842037,0.2600228786,0.2360171527,0.0189519059,0.0356967784,0.0265472922,0.0224314295,0.0307066143,0.0288756937,0.3969760537,0.3757470250,0.0841308162,0.0826959312,0.0000000000,0.0000000000,0.7211787701,0.5776837468,0.5778309107,0.0151055763,0.0976214111,0.1070290357,0.0916419327,0.0924520567,0.0000002403,-0.0643085465,0.1066680849,-0.0917230472,-0.0476199575,0.1500008553,-0.0071942504,0.0281547587,0.1499536633,0.0042532533
15:24:59:20.418,61,0.3893527687,0.3461369872,0.0482467487,0.0000000000,0.0000000000,0.0930850431,0.0000000000,0.3888097107,0.3459749818,0.0773523673,0.0000000000,0.0000000000,0.0931425095,0.0000000000,0.0751224384,0.0000000000,0.0154504748,0.1850836128,0.0746804699,0.3450252712,0.0844679475,0.0200930294,0.0000000000,0.0751784742,0.1208603084,0.0000000000,0.0000000000,0.0633651242,0.0660340041,0.2607943416,0.2364197671,0.0189364050,0.0357072838,0.0267865136,0.0223047603,0.0307228956,0.0289530698,0.3854210973,0.3650088608,0.0775674284,0.0765782967,0.0000000000,0.0000000000,0.7637612820,0.6193979979,0.6195864677,0.0151559645,0.0970216691,0.1061972305,0.0917127728,0.0925966948,0.0000006346,-0.0632792041,0.1090690866,-0.0908731744,-0.0461997576,0.2115732878,-0.0099192876,0.0288157016,0.2115322053,0.0061870874
15:24:59:21.420,61,0.4803208113,0.4071253240,0.0588751286,0.0000000000,0.0000000000,0.1028301045,0.0000000000,0.4775711596,0.4071160257,0.0665413588,0.0000000000,0.0000000000,0.1028941199,0.0000000000,0.0738312081,0.0000000000,0.0131039973,0.1707915813,0.0784063190,0.3507177532,0.0920338035,0.0194745362,0.0000000000,0.0642928779,0.1119932979,0.0000000000,0.0000000000,0.0593837649,0.0622041933,0.2612074614,0.2363695949,0.0189706665,0.0356610157,0.0272169411,0.0222847275,0.0308858473,0.0291468576,0.3796112239,0.3607877195,0.0740468130,0.0734121129,0.0000000000,0.0000000000,0.7895047069,0.6415316463,0.6418300271,0.0152389435,0.0968873799,0.1056779549,0.0917770118,0.0926719457,0.0000007257,-0.0626221001,0.1099172458,-0.0900651962,-0.0393966138,0.2488902509,-0.0100101242,0.0348578058,0.2488530576,0.0088560609
15:24:59:22.422,61,0.5886617899,0.4279726446,0.0681443512,0.0000000000,0.0000000000,0.1267712265,0.0000000000,0.5781232715,0.4281432033,0.0563130379,0.0000000000,0.0000000000,0.1268488169,0.0000000000,0.0728178099,0.0000000000,0.0113630407,0.1592229158,0.0861504152,0.3534039855,0.1140071899,0.0189179964,0.0000000000,0.0483246259,0.0936125591,0.0000000000,0.0000000000,0.0562169999,0.0587361343,0.2615096867,0.2363634855,0.0190931857,0.0356358849,0.0282050353,0.0223885365,0.0313034654,0.0295183603,0.3713075221,0.3577516079,0.0699959844,0.0698360652,0.0000000000,0.0000000000,0.8047337532,0.6562724710,0.6567239761,0.0155413663,0.0988511592,0.1057029143,0.0919649303,0.0927588642,0.0000007151,-0.0609832965,0.1077763587,-0.0887451321,-0.0332294255,0.2616856098,-0.0088978764,0.0402117744,0.2616500258,0.0107649611
15:24:59:23.422,61,0.6236106753,0.4195297062,0.0835948512,0.0000000000,0.0000000000,0.1496670246,0.0000000000,0.6099324226,0.4199890792,0.0405754931,0.0000000000,0.0000000000,0.1498277336,0.0000000000,0.0722103044,0.0000000000,0.0102837831,0.1550536007,0.0964684710,0.3730386496,0.1359272003,0.0185401756,0.0000000000,0.0374231711,0.0802056864,0.0000000000,0.0000000000,0.0541432761,0.0565105714,0.2619863153,0.2365950197,0.0192246772,0.0357259288,0.0292283837,0.0225515720,0.0318555236,0.0300171841,0.3683247566,0.3563267887,0.0675550625,0.0673784763,0.0000000000,0.0000000000,0.8165056109,0.6656478643,0.6661710739,0.0159341022,0.1059636697,0.1074170917,0.0922188312,0.0929594338,0.0000005305,-0.0569659881,0.1011743173,-0.0867536590,-0.0239747390,0.2566321790,-0.0062907315,0.0493960604,0.2565961480,0.0129545461
15:24:59:24.424,61,0.5174931288,0.3831712902,0.0887924656,0.0000000000,0.0000000000,0.1678238213,0.0000000000,0.5101497769,0.3836876154,0.0362486914,0.0000000000,0.0000000000,0.1680437475,0.0000000000,0.0713987797,0.0000000000,0.0091332905,0.1598695219,0.1453797072,0.3937635720,0.1786588728,0.0183328055,0.0000000000,0.0289308671,0.0681967065,0.0000000000,0.0000000000,0.0527512170,0.0551084839,0.2625317276,0.2368282080,0.0194291007,0.0361770131,0.0303394813,0.0226495881,0.0323621519,0.0305117778,0.3590473831,0.3405621350,0.0605445392,0.0596998893,0.0000000000,0.0000000000,0.8241092563,0.6701697707,0.6707292795,0.0164260585,0.1197033897,0.1168147549,0.0926922187,0.0934745893,0.0000002828,-0.0504461266,0.0933190510,-0.0843014941,-0.0215375405,0.2344368249,-0.0051433314,0.0527597852,0.2343983054,0.0125918733
15:24:59:25.427,61,0.4157584310,0.3366155326,0.0962894410,0.0000000000,0.0000000000,0.1813591719,0.0000000000,0.4138608575,0.3371969461,0.0296338126,0.0000000000,0.0000000000,0.1815759987,0.0000000000,0.0689566135,0.0000000000,0.0085184602,0.2091025710,0.2231327742,0.4027831256,0.2475847900,0.0184149891,0.0000000000,0.0223957766,0.0411618464,0.0000000000,0.0000000000,0.0517631918,0.0540660247,0.2632875443,0.2380030006,0.0198847614,0.0436074138,0.0311250798,0.0224875435,0.0327710025,0.0309613217,0.3283111751,0.2985832393,0.0464859568,0.0445057787,0.0000000000,0.0000000000,0.8280821443,0.6702021360,0.6708334684,0.0171447545,0.1481370032,0.1345206350,0.0952256992,0.0971901044,0.0000001872,-0.0406664126,0.0875373036,-0.0813860670,-0.0177195556,0.2060147375,-0.0037028154,0.0575793423,0.2059729844,0.0120231742
15:24:59:26.428,61,0.3396677971,0.2820849717,0.1102268025,0.0000000000,0.0000000000,0.2068985552,0.0000000000,0.3382596374,0.2827739120,0.0158910230,0.0000000000,0.0000000000,0.2071012259,0.0000000000,0.0652918145,0.0000000000,0.0083938129,0.2337122858,0.2585422993,0.4051766098,0.3374740779,0.0193617214,0.0000000000,0.0148371784,0.0196502432,0.0000000000,0.0000000000,0.0509610735,0.0531721674,0.2638493180,0.2400636673,0.0217593275,0.0527247004,0.0318858325,0.0221815817,0.0331783593,0.0314355008,0.2682973444,0.2423581481,0.0359016173,0.0339871496,0.0000000000,0.0000000000,0.8314752579,0.6591284871,0.6600651145,0.0206585806,0.1682258248,0.1494504511,0.0971805006,0.1006885245,0.0000001705,-0.0270894207,0.0826203749,-0.0792248920,-0.0095628062,0.1727447212,-0.0016685275,0.0663350523,0.1726995409,0.0115623036
15:24:59:27.430,61,0.2850126028,0.2312072068,0.1416772306,0.0000000000,0.0000000000,0.2240357697,0.0000000000,0.2837322056,0.2321338356,0.0000000000,0.0151705183,0.0000000000,0.2242217064,0.0000000000,0.0636909977,0.0000000000,0.0083591342,0.2678782046,0.2894558012,0.3998104036,0.3678734899,0.0215039384,0.0000000000,0.0069773388,0.0103263874,0.0000000000,0.0000000000,0.0503368825,0.0524903983,0.2641777396,0.2411477417,0.0258093253,0.0614224859,0.0327039361,0.0218447596,0.0335840695,0.0319075361,0.2506896853,0.2248633206,0.0303739719,0.0285585914,0.0000000000,0.0000000000,0.8340016603,0.6498422623,0.6510057449,0.0242771301,0.1820872575,0.1604419351,0.0980711952,0.1022669151,0.0000003769,-0.0063861664,0.0792705566,-0.0770746991,0.0091741234,0.1418085247,0.0013097411,0.0856818035,0.1417599767,0.0122127105
15:24:59:28.432,61,0.2082811147,0.1823954582,0.1678044349,0.0000000000,0.0000000000,0.2300752401,0.0000000000,0.2078113854,0.1833766103,0.0000000000,0.0412243158,0.0000000000,0.2302520126,0.0000000000,0.0629898608,0.0000000000,0.0087193437,0.2894406021,0.3125439286,0.3972271681,0.4053395987,0.0225412846,0.0000000000,0.0000000000,0.0000000000,0.0459460132,0.0255685635,0.0497452840,0.0518603213,0.2647217512,0.2465828955,0.0312123578,0.0671892390,0.0349288620,0.0215646923,0.0340336151,0.0324176960,0.2418213487,0.2160059065,0.0269789323,0.0254103914,0.0000000000,0.0000000000,0.8354670405,0.6462291479,0.6474708915,0.0290280357,0.1875225604,0.1646952927,0.0983744040,0.1032864228,0.0000044057,0.0191151984,0.0763353780,-0.0747778565,0.0250246394,0.1120536253,0.0028155958,0.1018680781,0.1120020971,0.0114370836
15:24:59:29.433,61,0.1711680889,0.1588915884,0.1968785822,0.0000000000,0.0000000000,0.2317543626,0.0000000000,0.1706614196,0.1599826962,0.0000000000,0.0698450357,0.0000000000,0.2318914682,0.0000000000,0.0623153113,0.0000000000,0.0092063723,0.2929991484,0.3208750188,0.3445814550,0.4186811149,0.0230456423,0.0000000000,0.0000000000,0.0000000000,0.0552091077,0.0350572914,0.0491568260,0.0512517914,0.2636174560,0.2478652447,0.0356429480,0.0702100024,0.0367177501,0.0212591551,0.0344449393,0.0328792073,0.2292744815,0.2057510912,0.0242301803,0.0230522566,0.0000000000,0.0000000000,0.8356664777,0.6426054835,0.6440019608,0.0339653678,0.1895457059,0.1658096164,0.0980449393,0.1037087366,0.0000104318,0.0446285456,0.0735427886,-0.0734470040,0.0424622074,0.0978163406,0.0041655186,0.1196975186,0.0977630839,0.0117108747
15:24:59:30.433,61,0.1509372890,0.1494967639,0.2212760895,0.0000000000,0.0000000000,0.2306376845,0.0000000000,0.1501920819,0.1507064551,0.0000000000,0.0939678252,0.0000000000,0.2307304591,0.0000000000,0.0613334514,0.0000000000,0.0095592439,0.2707244754,0.3140780926,0.3454639018,0.4433647692,0.0231714658,0.0000000000,0.0000000000,0.0000000000,0.0157877002,0.0061180023,0.0486812294,0.0508227386,0.2577745318,0.2453701943,0.0376445800,0.0718582496,0.0389890857,0.0210233629,0.0350301117,0.0335003585,0.2243932486,0.2015388161,0.0226650834,0.0216426179,0.0000000000,0.0000000000,0.8246158957,0.6296685338,0.6317893863,0.0384982303,0.1910915226,0.1666947007,0.0978158489,0.1043581143,0.0000121425,0.0672560185,0.0716911629,-0.0706326738,0.0571583472,0.0922123492,0.0052827685,0.1346032023,0.0921583176,0.0124018760
15:24:59:31.436,61,0.1272560805,0.1409223527,0.2505826652,0.0000000000,0.0000000000,0.2301569432,0.0000000000,0.1247280687,0.1422661394,0.0000000000,0.1236027032,0.0000000000,0.2302245796,0.0000000000,0.0606336445,0.0000000000,0.0098233847,0.2643665671,0.3096152842,0.3481103480,0.4507499337,0.0230441000,0.0000000000,0.0000000000,0.0065630758,0.0073054903,0.0000000000,0.0484018661,0.0506248102,0.2548350394,0.2436620295,0.0390054174,0.0729912445,0.0407798365,0.0208280049,0.0357179902,0.0341953821,0.2219304591,0.1995469034,0.0215642359,0.0206524096,0.0000000000,0.0000000000,0.8178880811,0.6164178252,0.6195428967,0.0417650826,0.1985826790,0.1676709801,0.0975515842,0.1049955487,0.0000125369,0.0846690461,0.0696762428,-0.0673531517,0.0752191097,0.0871525183,0.0065658926,0.1525009722,0.0870979205,0.0132638775
15:24:59:32.437,61,0.1113737151,0.1318521202,0.2636519670,0.0000000000,0.0000000000,0.2276358455,0.0000000000,0.1088021994,0.1331983805,0.0000000000,0.1369054168,0.0000000000,0.2276767641,0.0000000000,0.0600099973,0.0000000000,0.0100433975,0.2618217468,0.3086081147,0.3567191064,0.4550301433,0.0229763705,0.0000000000,0.0000000000,0.0145622408,0.0032348628,0.0000000000,0.0482671782,0.0505957790,0.2521058917,0.2407335341,0.0400445499,0.0740545467,0.0418791808,0.0206281655,0.0363990031,0.0348671973,0.2210641205,0.1991211176,0.0207476448,0.0199207477,0.0000000000,0.0000000000,0.8094522357,0.6036242247,0.6074196696,0.0437995568,0.2037506402,0.1690661162,0.0973762348,0.1061041877,0.0000090565,0.0979363844,0.0671664402,-0.0644330010,0.0833534226,0.0816503614,0.0068130023,0.1605291516,0.0815952495,0.0130705098
15:24:59:33.438,61,0.1034083515,0.1260701269,0.2711920440,0.0000000000,0.0000000000,0.2263569832,0.0000000000,0.1009884328,0.1274072230,0.0000000000,0.1445921361,0.0000000000,0.2263834327,0.0000000000,0.0587398335,0.0000000000,0.0104627851,0.2602133453,0.3079228997,0.3721587062,0.4993550777,0.0226876400,0.0000000000,0.0000000000,0.0181044824,0.0025080116,0.0000000000,0.0480931737,0.0505149439,0.2507401407,0.2395312935,0.0407377668,0.0744880959,0.0431052037,0.0205116030,0.0371131040,0.0355724208,0.2200889587,0.1984718293,0.0201482922,0.0193981584,0.0000000000,0.0000000000,0.8019979596,0.5876677036,0.5919318199,0.0458633117,0.2091928720,0.1720218807,0.0974339768,0.1100882441,0.0000030921,0.1075628474,0.0659045130,-0.0626144037,0.0880582556,0.0781320035,0.0068851868,0.1651662886,0.0780765265,0.0128624961
15:24:59:34.442,61,0.0907163396,0.1200722754,0.2782696784,0.0000000000,0.0000000000,0.2251480669,0.0000000000,0.0894520953,0.1213887483,0.0000000000,0.1521266252,0.0000000000,0.2251633555,0.0000000000,0.0579080768,0.0000000000,0.0148611842,0.2602819502,0.3079020083,0.4314654469,0.5073297620,0.0216264538,0.0000000000,0.0000000000,0.0161215048,0.0119136665,0.0000000000,0.0479354821,0.0504316427,0.2505808473,0.2434765995,0.0409210175,0.0743229017,0.0439612940,0.0204840638,0.0377046391,0.0361375473,0.2212094516,0.2006760091,0.0198861305,0.0192083325,0.0000000000,0.0000000000,0.7957559824,0.5716684461,0.5758535862,0.0466959327,0.2134896517,0.1746812612,0.0976481736,0.1138514802,0.0000014010,0.1161150783,0.0662138090,-0.0612460226,0.0926727802,0.0744723231,0.0069043413,0.1695238203,0.0744166523,0.0125776231
15:24:59:35.443,61,0.0865152106,0.1216178983,0.2795586586,0.0000000000,0.0000000000,0.2247105539,0.0000000000,0.0855750591,0.1229555532,0.0000000000,0.1536638439,0.0000000000,0.2247197330,0.0000000000,0.0574470609,0.0000000000,0.0244517587,0.3132670224,0.3179962337,0.4850822687,0.4324279726,0.0179059263,0.0000000000,0.0000000000,0.0139844744,0.0151252821,0.0000000000,0.0480481908,0.0505922697,0.2617659569,0.2679150403,0.0406301543,0.0740589499,0.0442865267,0.0204694644,0.0380565785,0.0364567973,0.2765909135,0.2551466525,0.0201444179,0.0195598137,0.0000000000,0.0000000000,0.7902767062,0.5565814376,0.5599737167,0.0455679819,0.2188421190,0.1806595773,0.0978264809,0.1157777533,0.0000007816,0.1221436784,0.0687754229,-0.0606869161,0.0936024860,0.0754401460,0.0070643672,0.1702969819,0.0753846541,0.0127993757
15:24:59:36.444,61,0.0846497416,0.1225495636,0.2780027390,0.0000000000,0.0000000000,0.2272015512,0.0000000000,0.0838995799,0.1238861158,0.0000000000,0.1522740275,0.0000000000,0.2272014916,0.0000000000,0.0626937523,0.0000000000,0.0303873215,0.3947326839,0.3021135628,0.5034331083,0.2964805365,0.0139970370,0.0000000000,0.0000000000,0.0000000000,0.0507585704,0.0093627321,0.0492089391,0.0516651645,0.2796369195,0.2831256688,0.0401805378,0.0737904087,0.0440663844,0.0204917751,0.0381567627,0.0365181640,0.3233245313,0.2932596803,0.0231403653,0.0235989951,0.0000000000,0.0000000000,0.7804693580,0.5401057005,0.5423387885,0.0383697860,0.2207321972,0.1831386983,0.0973942354,0.1164444238,0.0000000867,0.1269675940,0.0739014074,-0.0623808280,0.0927519128,0.0760050565,0.0070529799,0.1693419516,0.0759497061,0.0128240567
15:24:59:37.446,61,0.0833772570,0.1177873835,0.2768487036,0.0000000000,0.0000000000,0.2281821072,0.0000000000,0.0827472061,0.1190680414,0.0000000000,0.1513484418,0.0000000000,0.2281780988,0.0000000000,0.1124010384,0.0000000000,0.0381916836,0.5043810606,0.2246341705,0.5127665997,0.2050244957,0.0111875525,0.0000000000,0.0000000000,0.0000000000,0.0709618777,0.0307524875,0.0564730838,0.0577775314,0.3424953818,0.3448015153,0.0395896323,0.0736048073,0.0412301719,0.0204340462,0.0379028805,0.0362123251,0.4520849586,0.4193597138,0.0313536897,0.0338232927,0.0000000000,0.0000000000,0.7763848305,0.5347759128,0.5366205573,0.0312106702,0.1882867366,0.1733530015,0.0915138051,0.1137812436,0.0000000238,0.1298288703,0.0799586549,-0.0648736283,0.0922083631,0.0730453879,0.0067377412,0.1686754525,0.0729898959,0.0122744981
15:24:59:38.450,61,0.0676701367,0.1119800285,0.2757823467,0.0000000000,0.0000000000,0.2288106084,0.0000000000,0.0677175969,0.1131956801,0.0000000000,0.1505007446,0.0000000000,0.2288043201,0.0000000000,0.1746443659,0.0000000000,0.0426653251,0.5917271972,0.1438211650,0.3678719699,0.1138604656,0.0096933600,0.0000000000,0.0000000000,0.0000000000,0.0655573756,0.0307754949,0.0819214582,0.0841777325,0.4338153601,0.4328596592,0.0383296050,0.0732533932,0.0354285985,0.0201642998,0.0375270806,0.0357771330,0.6039610505,0.5746399760,0.0346473046,0.0375650488,0.0000000000,0.0000000000,0.7752736211,0.5523213744,0.5530130863,0.0260646231,0.1596589684,0.1448759288,0.0832338855,0.1032809243,0.0000000013,0.1282461584,0.0832541510,-0.0682457164,0.0917153656,0.0694396272,0.0063699116,0.1680681109,0.0693838820,0.0116245337
15:24:59:39.449,61,0.0634797961,0.1151193157,0.2676226199,0.0000000000,0.0000000000,0.2314639688,0.0000000000,0.0637044758,0.1163230911,0.0000000000,0.1420367956,0.0000000000,0.2314523458,0.0000000000,0.1944032013,0.0000000000,0.0530161932,0.6328194737,0.1173268110,0.3298210502,0.0820676237,0.0084511554,0.0000000000,0.0060811993,0.0321913362,0.0000000000,0.0000000000,0.0985722169,0.0992457643,0.4908987880,0.5075062513,0.0363013223,0.0732592195,0.0318120979,0.0198398158,0.0371269993,0.0352974795,0.6576070786,0.6432908177,0.0386338048,0.0420507193,0.0000000000,0.0000000000,0.7751218677,0.5578439236,0.5582355857,0.0226229858,0.1544675231,0.1399088651,0.0808232874,0.1006275415,0.0000000001,0.1218341962,0.0841830000,-0.0709549040,0.0865458474,0.0713251382,0.0061755888,0.1630736738,0.0712694898,0.0115898475
15:24:59:40.450,61,0.0728432387,0.1135599390,0.2580440938,0.0000000000,0.0000000000,0.2421898991,0.0000000000,0.0728316978,0.1146974787,0.0000000000,0.1323325187,0.0000000000,0.2421763837,0.0000000000,0.2268643826,0.0000000000,0.0580112375,0.6643728018,0.1033303663,0.2760563195,0.0658691898,0.0072134919,0.0000000000,0.1378082484,0.1564597636,0.0000000000,0.0000000000,0.1213980243,0.1212064177,0.5203190446,0.5343406200,0.0350035802,0.0820093900,0.0292759873,0.0194395501,0.0368693992,0.0349574387,0.7267186046,0.7254134417,0.0416478589,0.0461835861,0.0000000000,0.0000000000,0.7755545974,0.5608143210,0.5610622764,0.0205715001,0.1822888255,0.1691744030,0.0833509713,0.1056155190,0.0000000001,0.1099269465,0.0850903243,-0.0730220675,0.0806385651,0.0702935085,0.0056715100,0.1572478861,0.0702378228,0.0110169677
15:24:59:41.452,61,0.0809070244,0.1095306277,0.2384846658,0.0000000000,0.0000000000,0.2591454387,0.0000000000,0.0808863938,0.1105303168,0.0000000000,0.1125418320,0.0000000000,0.2591390312,0.0000000000,0.2657279670,0.0000000000,0.0604072511,0.6788316369,0.0960902646,0.2566995621,0.0581483915,0.0059155920,0.0000000000,0.2241767496,0.2446314543,0.0000000000,0.0000000000,0.1329765916,0.1332507133,0.5335654020,0.5443382859,0.0341157354,0.0965050980,0.0277615655,0.0190201774,0.0367787778,0.0348080657,0.7522346377,0.7553146482,0.0446016602,0.0506144799,0.0000000000,0.0000000000,0.7760818005,0.5626630783,0.5628380775,0.0192516521,0.2092039287,0.2006332874,0.0942082182,0.1186790988,0.0000000004,0.0972648561,0.0845663399,-0.0738728642,0.0685909912,0.0676785111,0.0046455599,0.1453537047,0.0676226318,0.0098092696
15:24:59:42.452,61,0.0890700668,0.1045516506,0.2157260627,0.0000000000,0.0000000000,0.2792625725,0.0000000000,0.0890399963,0.1053981408,0.0000000000,0.0895176306,0.0000000000,0.2792588174,0.0000000000,0.2790457904,0.0000000000,0.0618040524,0.6831097603,0.0922139809,0.2467597425,0.0554462112,0.0042140489,0.0000000000,0.2682861984,0.2874370217,0.0000000000,0.0000000000,0.1397847384,0.1404026300,0.5340749621,0.5354618430,0.0333591066,0.1011230499,0.0267517772,0.0186873619,0.0368450359,0.0348375402,0.7649648190,0.7703251839,0.0503211059,0.0584100336,0.0000000000,0.0000000000,0.7792990208,0.5634702444,0.5636142492,0.0182995889,0.2417480052,0.2356540412,0.1038582399,0.1287870705,0.0000000084,0.0853152275,0.0851078182,-0.0732583553,0.0545697957,0.0644801706,0.0035217919,0.1315093189,0.0644240156,0.0084594646
15:24:59:43.454,61,0.1019673124,0.1079825535,0.1937969029,0.0000000000,0.0000000000,0.2973327041,0.0000000000,0.1019564718,0.1087412387,0.0000000000,0.0673352927,0.0000000000,0.2973560393,0.0000000000,0.2860049009,0.0000000000,0.0623284765,0.6272410154,0.0901606828,0.2415403724,0.0539812446,0.0019387980,0.0000000000,0.3292123377,0.3435111642,0.0000000000,0.0000000000,0.1431370825,0.1441864967,0.5140570402,0.5224481225,0.0326468013,0.1031438336,0.0260147918,0.0183953606,0.0370415114,0.0350048393,0.7666040659,0.7719846368,0.0555250756,0.0640644357,0.0000000000,0.0000000000,0.7798753977,0.5599227548,0.5601422787,0.0175559912,0.2625077665,0.2647878528,0.1124989167,0.1376425624,0.0000000085,0.0752742067,0.0866992250,-0.0722015351,0.0410420261,0.0664823130,0.0027318222,0.1181251332,0.0664263666,0.0078397617
15:24:59:44.457,61,0.1068285555,0.1185934395,0.1757692397,0.0000000000,0.0000000000,0.3034254014,0.0000000000,0.1068139672,0.1193155795,0.0000000000,0.0489081517,0.0000000000,0.3034673929,0.0000000000,0.2886668146,0.0000000000,0.0602612980,0.5367827415,0.0885282680,0.2391634434,0.0531255640,0.0009539309,0.0000000000,0.3493418097,0.3636831939,0.0000000000,0.0000000000,0.1427563578,0.1455435902,0.4499427378,0.4486090541,0.0318830721,0.0870396867,0.0255028326,0.0182387736,0.0373590775,0.0353049710,0.7482520938,0.7427222133,0.0743127465,0.0794679746,0.0000000000,0.0000000000,0.7749068737,0.5520872474,0.5524988770,0.0169641916,0.2728369832,0.2790496647,0.1162324250,0.1412146837,0.0000000084,0.0644905865,0.0896191821,-0.0704661831,0.0297969449,0.0729181767,0.0021762725,0.1070886105,0.0728627518,0.0078015178
15:24:59:45.458,61,0.1106596887,0.1331252754,0.1568335295,0.0000000000,0.0000000000,0.2965699136,0.0000000000,0.1105893925,0.1338033676,0.0000000000,0.0296953060,0.0000000000,0.2967392802,0.0000000000,0.2708620131,0.0000000000,0.0538247228,0.4770287871,0.0873747244,0.2442901284,0.0525952391,0.0007558432,0.0000000000,0.3587345481,0.3732228279,0.0000000000,0.0000000000,0.1312627196,0.1373091042,0.4186063409,0.4060924351,0.0309400242,0.0755435228,0.0251036100,0.0181610640,0.0376282744,0.0355797000,0.7245504260,0.7186332345,0.0866156444,0.0889996961,0.0000000000,0.0000000000,0.7667255402,0.5423129201,0.5429797173,0.0165071860,0.2778457105,0.2856472135,0.1183104813,0.1428081095,0.0000000081,0.0518549606,0.0935484841,-0.0685821101,0.0180792604,0.0817492008,0.0014811850,0.0954865739,0.0816945881,0.0078061037
15:24:59:46.460,61,0.1384810358,0.1514774412,0.1349018663,0.0000000000,0.0000000000,0.2874777913,0.0000000000,0.1381951272,0.1520762146,0.0000000000,0.0077269445,0.0000000000,0.2877102792,0.0000000000,0.2168576717,0.0000000000,0.0476604439,0.4034568369,0.0832976252,0.2450090051,0.0519770756,0.0010362859,0.0000000000,0.3630530834,0.3775065839,0.0000000000,0.0000000000,0.1166256592,0.1213952973,0.3743273020,0.3578018546,0.0294622853,0.0630210713,0.0247402787,0.0181302112,0.0377172008,0.0357079655,0.6948437095,0.6807808280,0.0985537395,0.0983217955,0.0000000000,0.0000000000,0.7558118701,0.5281910300,0.5291013122,0.0161015112,0.2783835232,0.2865924537,0.1192409769,0.1417876929,0.0000000000,0.0342454128,0.0976938754,-0.0660896376,0.0046997690,0.0928990990,0.0004378631,0.0820535347,0.0928455889,0.0076315571
15:24:59:47.461,61,0.1508861929,0.1659887284,0.1136977375,0.0000000000,0.0000000000,0.2771529257,0.0000000000,0.1505492330,0.1664677113,0.0133745214,0.0000000000,0.0000000000,0.2773536742,0.0000000000,0.1964555532,0.0000000000,0.0452224351,0.3511646390,0.0776156113,0.2449078113,0.0510894209,0.0016612718,0.0000000000,0.3648523688,0.3768389821,0.0000000000,0.0000000000,0.1065460071,0.1098429263,0.3390215337,0.3243777752,0.0280887671,0.0570924319,0.0243551005,0.0180755462,0.0376909636,0.0357181020,0.6731964946,0.6613391638,0.1063856706,0.1039403230,0.0000000000,0.0000000000,0.7495644093,0.5200471282,0.5211045742,0.0157670807,0.2735543847,0.2753545940,0.1195918545,0.1379964352,0.0000000028,0.0164058004,0.1022395119,-0.0631156042,-0.0081278244,0.1016927212,-0.0008293923,0.0690966845,0.1016401276,0.0070415577
15:24:59:48.464,61,0.1572379768,0.1699389219,0.0983073413,0.0000000000,0.0000000000,0.2670255899,0.0000000000,0.1568860561,0.1703035235,0.0284333285,0.0000000000,0.0000000000,0.2672265768,0.0000000000,0.1876250505,0.0000000000,0.0401620902,0.3227744102,0.0722323507,0.2394163609,0.0495841540,0.0024755737,0.0000000000,0.3175432086,0.3358870149,0.0000000000,0.0000000000,0.0994003788,0.1029916778,0.3308050632,0.3117153943,0.0271823928,0.0538764633,0.0240715053,0.0181028172,0.0376023352,0.0356995277,0.6646956205,0.6527306437,0.1099893898,0.1069588661,0.0000000000,0.0000000000,0.7446939349,0.5148351789,0.5159569383,0.0154525358,0.2273191810,0.2366222143,0.1183028892,0.1302212626,0.0000000231,-0.0002679504,0.1060698852,-0.0625613183,-0.0172750186,0.1040480807,-0.0018038555,0.0597288758,0.1039959192,0.0062302626
15:24:59:49.465,61,0.1604798734,0.1744714975,0.0852217004,0.0000000000,0.0000000000,0.2569117248,0.0000000000,0.1601286083,0.1747355461,0.0415362082,0.0000000000,0.0000000000,0.2571598589,0.0000000000,0.1821539253,0.0000000000,0.0339641795,0.2887028456,0.0679845139,0.2377129197,0.0484824255,0.0032509912,0.0000000000,0.2731049657,0.3080176711,0.0000000000,0.0000000000,0.0925426334,0.0965581536,0.3297668099,0.3054270744,0.0263649039,0.0515390560,0.0238050744,0.0181450360,0.0374003500,0.0355969518,0.6417860985,0.6256352067,0.1119590178,0.1087258831,0.0000000000,0.0000000000,0.7390432358,0.5054383874,0.5064067841,0.0151954032,0.2084111124,0.2190314978,0.1125417650,0.1212073267,0.0000002729,-0.0119792745,0.1100065857,-0.0625118688,-0.0252285935,0.1067739874,-0.0027037477,0.0517633185,0.1067220718,0.0055428250
15:24:59:50.465,61,0.1603295207,0.1710074097,0.0832810998,0.0000000000,0.0000000000,0.2490934432,0.0000000000,0.1600965261,0.1712532043,0.0432395935,0.0000000000,0.0000000000,0.2493687868,0.0000000000,0.1751797944,0.0000000000,0.0291509982,0.2736997604,0.0660585687,0.2373621911,0.0478285737,0.0036470457,0.0000000000,0.2568721771,0.2972347736,0.0000000000,0.0000000000,0.0884866714,0.0931331366,0.3285072148,0.3023724556,0.0256494489,0.0501203723,0.0236240886,0.0182290319,0.0371202305,0.0354274325,0.5875363350,0.5793809295,0.1128292307,0.1097452119,0.0000000000,0.0000000000,0.7365686297,0.4989198446,0.4997149110,0.0149977133,0.1976764202,0.2102264762,0.1085270271,0.1169308349,0.0000307789,-0.0218466856,0.1156664491,-0.0622660331,-0.0262691285,0.1046488732,-0.0027587900,0.0505959690,0.1045968309,0.0053092474
15:24:59:51.468,61,0.1593867093,0.1698468924,0.0791658014,0.0000000000,0.0000000000,0.2449508011,0.0000000000,0.1592497975,0.1700597256,0.0469841473,0.0000000000,0.0000000000,0.2452429831,0.0000000000,0.1629551500,0.0000000000,0.0254209861,0.2552706003,0.0651005954,0.2535259724,0.0475517660,0.0038599742,0.0000000000,0.2416729033,0.2863564193,0.0000000000,0.0000000000,0.0854885653,0.0905265585,0.3278562725,0.3007843494,0.0250149798,0.0491828658,0.0235342495,0.0183538385,0.0367708877,0.0351946726,0.5430495739,0.5299635530,0.1129647419,0.1101670936,0.0000000000,0.0000000000,0.7341839075,0.4933828413,0.4939977229,0.0148705291,0.1914521754,0.2054211497,0.1061258838,0.1146076843,0.0000324133,-0.0281428266,0.1230588332,-0.0632814988,-0.0285462141,0.1039260849,-0.0029770103,0.0480993763,0.1038741544,0.0050123543
15:24:59:52.468,61,0.1547711343,0.1696931273,0.0762747377,0.0000000000,0.0000000000,0.2387511581,0.0000000000,0.1547244787,0.1698831171,0.0497760288,0.0000000000,0.0000000000,0.2390564233,0.0000000000,0.1540669948,0.0000000000,0.0233231094,0.2408084124,0.0645713285,0.2624358535,0.0474586077,0.0040749498,0.0000000000,0.2273628414,0.2699031234,0.0000000000,0.0000000000,0.0829760283,0.0880813450,0.3277354538,0.3002606630,0.0244352464,0.0484037325,0.0235226192,0.0185211971,0.0363937356,0.0349311419,0.5240167975,0.5107194781,0.1128201708,0.1103177071,0.0000000000,0.0000000000,0.7310163379,0.4878739715,0.4883687198,0.0147828013,0.1857819557,0.2004604638,0.1046731472,0.1131611317,0.0000326425,-0.0321961828,0.1317130178,-0.0639574006,-0.0302428100,0.1038233414,-0.0031507500,0.0463432893,0.1037714481,0.0048246831
15:24:59:53.470,61,0.1530371755,0.1771789044,0.0778838694,0.0000000000,0.0000000000,0.2284011692,0.0000000000,0.1530191153,0.1773855537,0.0483852625,0.0000000000,0.0000000000,0.2286625355,0.0000000000,0.1427643746,0.0000000000,0.0220647138,0.2274769396,0.0642096996,0.2708837986,0.0475533940,0.0042729694,0.0000000000,0.2168656439,0.2549384236,0.0000000000,0.0000000000,0.0805090889,0.0854127407,0.3274402320,0.2999997735,0.0238655582,0.0476295538,0.0235637780,0.0187123120,0.0360104442,0.0346411727,0.5068792701,0.4935798645,0.1126298234,0.1103625074,0.0000000000,0.0000000000,0.7236889601,0.4676076174,0.4681936204,0.0147540485,0.1791911125,0.1911652833,0.1036883518,0.1121673733,0.0000324282,-0.0339369699,0.1393302977,-0.0642430559,-0.0293834750,0.1084056646,-0.0031974004,0.0472979471,0.1083540916,0.0051431144
15:24:59:54.473,61,0.1521216631,0.1844270378,0.0777539313,0.0000000000,0.0000000000,0.2161151767,0.0000000000,0.1521164477,0.1846365780,0.0485900789,0.0000000000,0.0000000000,0.2163169682,0.0000000000,0.1373261958,0.0000000000,0.0213167351,0.2221600115,0.0639676899,0.2754575312,0.0478149354,0.0044776145,0.0000000000,0.2105721533,0.2439959496,0.0000000000,0.0000000000,0.0784939900,0.0830628127,0.3271386921,0.3000710309,0.0233129188,0.0467118956,0.0236632861,0.0189364403,0.0356208980,0.0343240425,0.4963058829,0.4833210707,0.1125337332,0.1104034558,0.0000000000,0.0000000000,0.7180122137,0.4535800517,0.4542919695,0.0147424163,0.1729590297,0.1817703098,0.1029658616,0.1113490239,0.0000020110,-0.0348073244,0.1458177567,-0.0646476522,-0.0294933412,0.1128373370,-0.0033416497,0.0471958481,0.1127861887,0.0053436910
15:24:59:55.474,61,0.1512407213,0.1851161569,0.0790792257,0.0000000000,0.0000000000,0.2052197903,0.0000000000,0.1512366682,0.1853374392,0.0473322272,0.0000000000,0.0000000000,0.2053607404,0.0000000000,0.1344631165,0.0000000000,0.0211255588,0.2190321833,0.0636576563,0.2785843909,0.0481857024,0.0045852093,0.0000000000,0.2075758129,0.2393641621,0.0000000000,0.0000000000,0.0769464746,0.0811004192,0.3264688849,0.3001807928,0.0227505565,0.0456646383,0.0237581432,0.0191515777,0.0352509208,0.0339964628,0.4916316271,0.4788226485,0.1126494929,0.1106012464,0.0000000000,0.0000000000,0.7132157087,0.4426991045,0.4435345531,0.0147548057,0.1689922065,0.1751815379,0.1023885459,0.1106258407,0.0000004811,-0.0366261378,0.1520870328,-0.0650510713,-0.0287284516,0.1132631451,-0.0032673995,0.0479979888,0.1132119745,0.0054551335
15:24:59:56.475,61,0.1486788839,0.1826085448,0.0796981826,0.0000000000,0.0000000000,0.1984073967,0.0000000000,0.1486241370,0.1828335822,0.0466758534,0.0000000000,0.0000000000,0.1985227466,0.0000000000,0.1329215467,0.0000000000,0.0212725382,0.2171979100,0.0632578880,0.2817762196,0.0486454256,0.0045306049,0.0000000000,0.2059379369,0.2368500680,0.0000000000,0.0000000000,0.0757801682,0.0796793923,0.3258414268,0.3005402684,0.0221857652,0.0445278324,0.0238617454,0.0193775315,0.0349270180,0.0337001868,0.4897078574,0.4780959189,0.1130789593,0.1111158729,0.0000000000,0.0000000000,0.7092719674,0.4371781945,0.4380417764,0.0147865629,0.1657986045,0.1709096730,0.1018977985,0.1099790558,0.0000003037,-0.0380605757,0.1573739201,-0.0665596873,-0.0283349622,0.1117317230,-0.0031787187,0.0483820289,0.1116804555,0.0054237344
15:24:59:57.477,61,0.1440535188,0.1815752536,0.0792652220,0.0000000000,0.0000000000,0.1922881007,0.0000000000,0.1439737529,0.1817961186,0.0470415689,0.0000000000,0.0000000000,0.1923906803,0.0000000000,0.1311594844,0.0000000000,0.0216115899,0.2138769627,0.0628553182,0.2868493795,0.0492291972,0.0044275881,0.0000000000,0.2049167156,0.2352057546,0.0000000000,0.0000000000,0.0746743530,0.0783181936,0.3248324096,0.3009181321,0.0216425955,0.0434748903,0.0239998642,0.0196185913,0.0346346796,0.0334251449,0.4881176054,0.4769337177,0.1135061905,0.1115996540,0.0000000000,0.0000000000,0.7041766644,0.4322067201,0.4330357313,0.0148537578,0.1622318029,0.1670258939,0.1015043706,0.1094414219,0.0000005579,-0.0399584696,0.1613347828,-0.0687090755,-0.0285589974,0.1110984311,-0.0031855351,0.0481225923,0.1110471040,0.0053638276
15:24:59:58.479,61,0.1377621889,0.1822180450,0.0789006203,0.0000000000,0.0000000000,0.1841747165,0.0000000000,0.1376774460,0.1824363321,0.0473756604,0.0000000000,0.0000000000,0.1842642128,0.0000000000,0.1260710061,0.0000000000,0.0220566671,0.2095229030,0.0626975521,0.3083330095,0.0513127521,0.0043783030,0.0000000000,0.2038462907,0.2300406396,0.0000000000,0.0000000000,0.0732666925,0.0765610039,0.3221678734,0.3010938168,0.0211522691,0.0426230505,0.0242376011,0.0199052561,0.0343473442,0.0331423953,0.4583045542,0.4488115907,0.1138131022,0.1118937209,0.0000000000,0.0000000000,0.6987877488,0.4295541644,0.4303571284,0.0149754761,0.1601046324,0.1645003855,0.1013215333,0.1091221571,0.0000012601,-0.0407436490,0.1654361784,-0.0708948448,-0.0287605729,0.1114903316,-0.0032194224,0.0478991456,0.1114390269,0.0053579397
15:24:59:59.480,61,0.1351386309,0.1847169250,0.0797076225,0.0000000000,0.0000000000,0.1759359986,0.0000000000,0.1350555569,0.1849436760,0.0465957448,0.0000000000,0.0000000000,0.1760195345,0.0000000000,0.1114075035,0.0000000000,0.0225222427,0.2004549205,0.0629604831,0.3680393398,0.0628376082,0.0042282748,0.0000000000,0.2016148865,0.2244967371,0.0000000000,0.0000000000,0.0702897683,0.0731202736,0.3101094067,0.2995906472,0.0206517838,0.0418166183,0.0245637279,0.0202128552,0.0340351760,0.0328403302,0.4112785757,0.3996838033,0.1139215827,0.1120126024,0.0000000000,0.0000000000,0.6948204041,0.4238226116,0.4245944321,0.0151888467,0.1592031121,0.1634515822,0.1015172750,0.1092464328,0.0000019515,-0.0402153395,0.1690423340,-0.0728795603,-0.0282822195,0.1130210757,-0.0032097278,0.0483807400,0.1129699126,0.0054867417
15:25:00:00.481,61,0.1339106262,0.1872956753,0.0804390684,0.0000000000,0.0000000000,0.1715529561,0.0000000000,0.1338284910,0.1875303835,0.0459110700,0.0000000000,0.0000000000,0.1716445088,0.0000000000,0.1043372527,0.0000000000,0.0228934214,0.1969438791,0.0645727962,0.3853447139,0.0723838359,0.0041131144,0.0000000000,0.2001297027,0.2216968685,0.0000000000,0.0000000000,0.0678718463,0.0704542845,0.3024492860,0.2953716815,0.0201859586,0.0411315970,0.0249475073,0.0205250438,0.0337564945,0.0325763188,0.3965915442,0.3846715689,0.1137565821,0.1118517444,0.0000000000,0.0000000000,0.6910092831,0.4166212380,0.4173623025,0.0154563878,0.1595033109,0.1641315371,0.1020015180,0.1096702367,0.0000026968,-0.0388810225,0.1726904660,-0.0739637613,-0.0278616119,0.1146004945,-0.0032065802,0.0488159209,0.1145494878,0.0056141354
15:25:00:01.484,61,0.1337268353,0.1910684854,0.0812527165,0.0000000000,0.0000000000,0.1682791859,0.0000000000,0.1336461455,0.1913129538,0.0451556854,0.0000000000,0.0000000000,0.1683771312,0.0000000000,0.0994130075,0.0000000000,0.0232067015,0.1948602051,0.0689863190,0.3921520710,0.0795759782,0.0040086256,0.0000000000,0.1974450052,0.2179385424,0.0000000000,0.0000000000,0.0662078336,0.0685684755,0.2948455811,0.2884608507,0.0198048744,0.0406184532,0.0253656078,0.0207995400,0.0335337184,0.0323618874,0.3852180243,0.3747068942,0.1119010597,0.1101367027,0.0000000000,0.0000000000,0.6878976822,0.4112080634,0.4119549990,0.0157666001,0.1599589586,0.1646518260,0.1025801003,0.1101690307,0.0000037301,-0.0371044539,0.1752033830,-0.0745150819,-0.0273958389,0.1169105172,-0.0032171202,0.0492964908,0.1168597266,0.0057847337
15:25:00:02.485,61,0.1378055364,0.1928844005,0.0819032490,0.0000000000,0.0000000000,0.1664817333,0.0000000000,0.1377264410,0.1931360662,0.0445240252,0.0000000000,0.0000000000,0.1665816307,0.0000000000,0.0939583853,0.0000000000,0.0234554540,0.1919993162,0.0851443112,0.3780318797,0.0900531784,0.0040690671,0.0000000000,0.1926288158,0.2074394822,0.0000000000,0.0000000000,0.0647886544,0.0667974427,0.2892196476,0.2827973068,0.0195791218,0.0403366052,0.0259014145,0.0210405160,0.0333795138,0.0322100073,0.3420661390,0.3346337378,0.1004315540,0.0979134291,0.0000000000,0.0000000000,0.6847628355,0.4075045884,0.4082973003,0.0161484350,0.1654572636,0.1676127613,0.1043030545,0.1110885441,0.0000065163,-0.0356978104,0.1766182780,-0.0747761130,-0.0270090681,0.1180233583,-0.0032021846,0.0496846698,0.1179726571,0.0058862860
15:25:00:03.487,61,0.1458068192,0.1949425340,0.0829764903,0.0000000000,0.0000000000,0.1652030200,0.0000000000,0.1457306594,0.1952056140,0.0434249565,0.0000000000,0.0000000000,0.1653020382,0.0000000000,0.0899948627,0.0000000000,0.0237692669,0.1905217320,0.1409091651,0.3457920551,0.1087735742,0.0043415301,0.0000000000,0.1750352383,0.1685252339,0.0000000000,0.0000000000,0.0637686327,0.0651649013,0.2852863669,0.2794682086,0.0197008792,0.0408978127,0.0264716763,0.0210734420,0.0333031192,0.0321262479,0.3093802035,0.2992960811,0.0676852539,0.0648237020,0.0000000000,0.0000000000,0.6835097671,0.4055459797,0.4063597620,0.0166768786,0.1740993857,0.1702877730,0.1065765470,0.1118576527,0.0000061317,-0.0344883315,0.1772270203,-0.0742104277,-0.0263383798,0.1192859039,-0.0031564089,0.0503281727,0.1192353219,0.0060268790
15:25:00:04.489,61,0.1521830708,0.1946505755,0.0838963017,0.0000000000,0.0000000000,0.1642405391,0.0000000000,0.1521010846,0.1949218363,0.0424824804,0.0000000000,0.0000000000,0.1643393934,0.0000000000,0.0846953616,0.0000000000,0.0236296505,0.1903143078,0.2038662583,0.3352736235,0.1520389616,0.0048937188,0.0000000000,0.1591749489,0.1530928165,0.0000000000,0.0000000000,0.0629115403,0.0637118295,0.2835518420,0.2777465284,0.0213182084,0.0503546000,0.0271359701,0.0208824519,0.0333878808,0.0322186872,0.2646180391,0.2518871725,0.0483811684,0.0462741069,0.0000000000,0.0000000000,0.6830381155,0.4038405716,0.4047067165,0.0181302633,0.1954791397,0.1836879849,0.1121226624,0.1148535535,0.0000053785,-0.0330366008,0.1764885932,-0.0726623386,-0.0257672854,0.1191107184,-0.0030834058,0.0508871637,0.1190601289,0.0060847211
15:25:00:05.491,61,0.1546903849,0.1926294863,0.0849046260,0.0000000000,0.0000000000,0.1637664139,0.0000000000,0.1546078473,0.1929082423,0.0414292179,0.0000000000,0.0000000000,0.1638668478,0.0000000000,0.0829578340,0.0000000000,0.0206578616,0.1925782859,0.2244445980,0.2693661749,0.1647059321,0.0077878037,0.0000000000,0.1106348634,0.1069507375,0.0000000000,0.0000000000,0.0621703602,0.0626104176,0.2891136706,0.2774125040,0.0392788947,0.0692335218,0.0292362217,0.0205732211,0.0337651968,0.0326445699,0.2386293560,0.2222357541,0.0338513926,0.0322905295,0.0000000000,0.0000000000,0.6831728816,0.4026235342,0.4035367072,0.0215554237,0.2017062455,0.1874200553,0.1141854227,0.1161210388,0.0000042542,-0.0315530188,0.1751173437,-0.0697287619,-0.0251321159,0.1178783551,-0.0029760087,0.0515063033,0.1178276464,0.0060943384
15:25:00:06.491,61,0.1561125666,0.1887575984,0.0854657143,0.0000000000,0.0000000000,0.1635925025,0.0000000000,0.1560302824,0.1890377998,0.0408544429,0.0000000000,0.0000000000,0.1636966765,0.0000000000,0.0841268674,0.0000000000,0.0150308497,0.2221017927,0.2461809516,0.2498747706,0.1709926128,0.0119831311,0.0000000000,0.0880480558,0.0857470855,0.0000000000,0.0000000000,0.0617866069,0.0620168708,0.3221464753,0.2954188585,0.0597754084,0.0905106217,0.0317823365,0.0201974791,0.0342892259,0.0332369804,0.2277757525,0.2102499902,0.0261835717,0.0248914640,0.0000000000,0.0000000000,0.6832439899,0.4012997448,0.4022888839,0.0241700038,0.2047462165,0.1892902702,0.1154789031,0.1170305535,0.0000012500,-0.0307155885,0.1727829874,-0.0666761622,-0.0247903168,0.1155122742,-0.0028760880,0.0518610477,0.1154613942,0.0060119326
15:25:00:07.493,61,0.1564316452,0.1805792898,0.0864260569,0.0000000000,0.0000000000,0.1637168229,0.0000000000,0.1563512981,0.1808599979,0.0399103649,0.0000000000,0.0000000000,0.1638274640,0.0000000000,0.0944186524,0.0000000000,0.0116957314,0.2466109842,0.2762884796,0.2402213216,0.1736227572,0.0146528855,0.0000000000,0.0625624359,0.0645297319,0.0000000000,0.0000000000,0.0617319793,0.0618397743,0.3511486650,0.3315451443,0.0706954077,0.1032696962,0.0337557606,0.0198006481,0.0347786844,0.0338029377,0.2232140899,0.2054101676,0.0222331323,0.0210664552,0.0000000000,0.0000000000,0.6831815839,0.4002223015,0.4012682736,0.0255918037,0.2062775791,0.1904645860,0.1163903624,0.1178181022,0.0000027294,-0.0300362576,0.1689734757,-0.0641654879,-0.0242311899,0.1105136797,-0.0026885634,0.0524734966,0.1104622856,0.0058172974
15:25:00:08.494,61,0.1542081535,0.1702170521,0.0875736624,0.0000000000,0.0000000000,0.1638743430,0.0000000000,0.1541554481,0.1704968214,0.0387809053,0.0000000000,0.0000000000,0.1639924347,0.0000000000,0.1113481596,0.0000000000,0.0096893637,0.2942983210,0.3098332584,0.2432905883,0.1747175604,0.0160618331,0.0000000000,0.0516339950,0.0562633537,0.0000000000,0.0000000000,0.0623273142,0.0624396242,0.3678186238,0.3460982442,0.0765561163,0.1200475097,0.0348633789,0.0193728469,0.0351896100,0.0343054272,0.2554943860,0.2399556935,0.0199391302,0.0188567005,0.0000000000,0.0000000000,0.6829362512,0.3987151086,0.3997734785,0.0264355447,0.2065658122,0.1909642369,0.1167570502,0.1182361916,0.0000115984,-0.0291177519,0.1661998481,-0.0634856373,-0.0235615168,0.1041796207,-0.0024633161,0.0532065108,0.1041275859,0.0055576954
15:25:00:09.496,61,0.1532274783,0.1654626429,0.0861821026,0.0000000000,0.0000000000,0.1640160233,0.0000000000,0.1531830728,0.1657264978,0.0402631313,0.0000000000,0.0000000000,0.1641369760,0.0000000000,0.1328261942,0.0000000000,0.0086699165,0.3382814527,0.3461866081,0.2652389407,0.1742248684,0.0164565351,0.0000000000,0.0467469394,0.0535095781,0.0000000000,0.0000000000,0.0676891953,0.0686630383,0.3787604272,0.3631352484,0.0794444382,0.1388922185,0.0354235023,0.0188945923,0.0355071165,0.0346995629,0.3098845482,0.2967031002,0.0186069738,0.0176041536,0.0000000000,0.0000000000,0.6827323437,0.3963228464,0.3973557055,0.0267359018,0.2064988464,0.1913267374,0.1168134883,0.1183702573,0.0000308508,-0.0281757265,0.1635813266,-0.0646864548,-0.0244693942,0.1012669727,-0.0024861936,0.0523767173,0.1012146771,0.0053169872
15:25:00:10.498,61,0.1523760408,0.1623539478,0.0832139552,0.0000000000,0.0000000000,0.1645628661,0.0000000000,0.1523374170,0.1625917554,0.0434495285,0.0000000000,0.0000000000,0.1646888852,0.0000000000,0.1179719865,0.0000000000,0.0086937780,0.3589881659,0.3581035435,0.3703230917,0.1871598214,0.0130998557,0.0000000000,0.0436756536,0.0520987660,0.0000000000,0.0000000000,0.0694662407,0.0705934539,0.3829541802,0.3692778945,0.0533598140,0.1010223851,0.0356844142,0.0185976382,0.0354919359,0.0347479917,0.3168007135,0.3071278930,0.0183575712,0.0174559709,0.0000000000,0.0000000000,0.6798332930,0.3735662997,0.3743199706,0.0266509056,0.2066128850,0.1937680840,0.1166453883,0.1182789207,0.0000303645,-0.0269185174,0.1615944207,-0.0660395250,-0.0264109708,0.0993564203,-0.0026324564,0.0505825095,0.0993038118,0.0050374223
15:25:00:11.499,61,0.1230054721,0.1576704085,0.0829344764,0.0000000000,0.0000000000,0.1650227159,0.0000000000,0.1230213866,0.1579022557,0.0437322333,0.0000000000,0.0000000000,0.1651511788,0.0000000000,0.1712202132,0.0000000000,0.0152630098,0.4909649789,0.2607649565,0.4095345140,0.1906420887,0.0105919549,0.0000000000,0.0000000000,0.0000000000,0.0485271476,0.0143844429,0.0707566664,0.0720979124,0.3852858543,0.3767540157,0.0435569733,0.0855286717,0.0356114693,0.0185694490,0.0353304036,0.0345843248,0.4095536768,0.4029932916,0.0325323530,0.0349221267,0.0000000000,0.0000000000,0.6787967086,0.3678169847,0.3684926927,0.0258373655,0.1568556279,0.1670518368,0.1081994027,0.1119982898,0.0000286182,-0.0273712948,0.1602652520,-0.0680870563,-0.0265902970,0.0964912176,-0.0025734135,0.0504267924,0.0964383483,0.0048761033
15:25:00:12.501,61,0.0735037848,0.1455223560,0.0808246806,0.0000000000,0.0000000000,0.1657338738,0.0000000000,0.0734767541,0.1457297653,0.0458548628,0.0000000000,0.0000000000,0.1658728421,0.0000000000,0.1899907738,0.0000000000,0.0205034409,0.6081418395,0.2214236408,0.4237256646,0.1845833808,0.0087451721,0.0000000000,0.0000000000,0.0000000000,0.0980350450,0.0767585561,0.0717953071,0.0733390301,0.4218228459,0.4266738296,0.0388033725,0.0787293315,0.0352000296,0.0185536444,0.0349365808,0.0341527089,0.4940176010,0.4924598336,0.0380529687,0.0414841212,0.0000000000,0.0000000000,0.6798751950,0.3915494978,0.3919287324,0.0246231146,0.1354670227,0.1428698897,0.1007409915,0.1062679291,0.0000196866,-0.0281365644,0.1569603086,-0.0705442354,-0.0279001929,0.0890560076,-0.0024909410,0.0491778851,0.0890024453,0.0043867496
15:25:00:13.503,61,0.0577305220,0.1340698153,0.0786037594,0.0000000000,0.0000000000,0.1655696183,0.0000000000,0.0577072725,0.1342550665,0.0480118543,0.0000000000,0.0000000000,0.1657153517,0.0000000000,0.1950289458,0.0000000000,0.0238646083,0.6624752283,0.1997079253,0.4354324937,0.1783776432,0.0076261116,0.0000000000,0.0000000000,0.0000000000,0.1425579488,0.1168566421,0.0721569136,0.0737256035,0.4622503519,0.4594877660,0.0360885002,0.0687218010,0.0347808711,0.0186934415,0.0343288369,0.0332372524,0.5170663595,0.5115923882,0.0433944315,0.0468538031,0.0000000000,0.0000000000,0.6830453873,0.4089862406,0.4093200862,0.0232148431,0.1187500060,0.1268160790,0.0974159464,0.1038119271,0.0000002432,-0.0294128228,0.1521528810,-0.0731059015,-0.0292301737,0.0820468739,-0.0024032937,0.0478552394,0.0819926783,0.0039310749
15:25:00:14.504,61,0.0493950658,0.1253625602,0.0761247650,0.0000000000,0.0000000000,0.1650957614,0.0000000000,0.0493722223,0.1255281270,0.0502631664,0.0000000000,0.0000000000,0.1652501076,0.0000000000,0.1915939897,0.0000000000,0.0257068444,0.6922033429,0.1894977689,0.4559580982,0.1759251654,0.0069635608,0.0000000000,0.0000000000,0.0000000000,0.1630525291,0.1376154125,0.0721230507,0.0736746863,0.4758393466,0.4740448594,0.0345951505,0.0634774044,0.0344269760,0.0189452190,0.0336990878,0.0324803740,0.5238955617,0.5170583725,0.0475646965,0.0507234260,0.0000000000,0.0000000000,0.6852270961,0.4211081266,0.4213931859,0.0220898166,0.1113689840,0.1199440658,0.0955428034,0.1023224071,0.0000002059,-0.0315456688,0.1472179890,-0.0758230910,-0.0306137707,0.0767167956,-0.0023528372,0.0463655852,0.0766621828,0.0035601759
15:25:00:15.506,61,0.0454390943,0.1224805862,0.0738340020,0.0000000000,0.0000000000,0.1639003158,0.0000000000,0.0454172753,0.1226315945,0.0524944216,0.0000000000,0.0000000000,0.1640702784,0.0000000000,0.1894511729,0.0000000000,0.0270663425,0.7046678066,0.1842591166,0.4697233140,0.1745693088,0.0065015201,0.0000000000,0.0000000000,0.0000000000,0.1726349592,0.1458603889,0.0718322024,0.0733443797,0.4825162590,0.4809307754,0.0337011479,0.0595846400,0.0341811217,0.0193031970,0.0331011526,0.0317815728,0.5210046768,0.5140463710,0.0515404381,0.0542712994,0.0000000000,0.0000000000,0.6861442924,0.4261720479,0.4264369309,0.0211998373,0.1074271724,0.1162119359,0.0944208205,0.1013535708,0.0000000663,-0.0331430994,0.1436386853,-0.0784718320,-0.0319770575,0.0749497861,-0.0024007573,0.0449763648,0.0748950243,0.0033736678
15:25:00:16.507,61,0.0518743545,0.1248045266,0.0735703632,0.0000000000,0.0000000000,0.1611106545,0.0000000000,0.0518712439,0.1249549314,0.0527537242,0.0000000000,0.0000000000,0.1612918377,0.0000000000,0.1887350231,0.0000000000,0.0281023812,0.6475164294,0.1818086356,0.4881751239,0.1739356518,0.0061847558,0.0000000000,0.0000000000,0.0000000000,0.1756966412,0.1482722908,0.0713018626,0.0727043524,0.4802725017,0.4805544615,0.0329886116,0.0536524542,0.0341541544,0.0198580958,0.0325669870,0.0311760735,0.4985420704,0.4891013503,0.0601548888,0.0621363930,0.0000000000,0.0000000000,0.6828127503,0.4268375039,0.4271044731,0.0203970391,0.1054411232,0.1143533289,0.0938995406,0.1008446813,0.0000000657,-0.0355551131,0.1410540491,-0.0803642944,-0.0321315527,0.0763701349,-0.0024582450,0.0448109508,0.0763155073,0.0034252650
15:25:00:17.509,61,0.0639106482,0.1269780397,0.0736180395,0.0000000000,0.0000000000,0.1585488617,0.0000000000,0.0639107153,0.1271295249,0.0527352169,0.0000000000,0.0000000000,0.1587412655,0.0000000000,0.1881578267,0.0000000000,0.0288519971,0.5616995692,0.1806495339,0.4980459213,0.1739512086,0.0058709048,0.0000000000,0.0000000000,0.0000000000,0.1471432894,0.1121099368,0.0706671774,0.0720442832,0.4361924529,0.4389694333,0.0322469994,0.0484701321,0.0343035236,0.0207738467,0.0322293527,0.0307858083,0.4727625549,0.4654770792,0.0707245320,0.0719339922,0.0000000000,0.0000000000,0.6692500710,0.4146017432,0.4148768783,0.0197155736,0.1048751026,0.1140271872,0.0937244147,0.1005804688,0.0000000658,-0.0377191864,0.1403749436,-0.0814349875,-0.0321169868,0.0776991695,-0.0025000621,0.0448353998,0.0776446536,0.0034870591
15:25:00:18.511,61,0.0808906406,0.1289867312,0.0745365843,0.0000000000,0.0000000000,0.1569714993,0.0000000000,0.0808904395,0.1291445047,0.0518744476,0.0000000000,0.0000000000,0.1571790725,0.0000000000,0.1614793688,0.0000000000,0.0288351998,0.4784798622,0.1796247512,0.5022084713,0.1742971838,0.0056397379,0.0000000000,0.0000000000,0.0000000000,0.1137139350,0.0708459616,0.0699994937,0.0714138374,0.4041684568,0.3903214931,0.0314897411,0.0461594760,0.0344730914,0.0215026047,0.0320922509,0.0306324605,0.4399586618,0.4204824865,0.0756463930,0.0767797455,0.0000000000,0.0000000000,0.6442862153,0.3847662508,0.3851894736,0.0192005038,0.1094621792,0.1206426993,0.0939197093,0.1007240042,0.0000000547,-0.0387789719,0.1404966414,-0.0822299719,-0.0315897092,0.0789293498,-0.0024981252,0.0453904420,0.0788749158,0.0035863635
15:25:00:19.512,61,0.0975145400,0.1317102760,0.0759664476,0.0000000000,0.0000000000,0.1561107785,0.0000000000,0.0975145176,0.1318778247,0.0505718254,0.0000000000,0.0000000000,0.1563270092,0.0000000000,0.1296579987,0.0000000000,0.0272889361,0.3936600089,0.1735935956,0.5025178194,0.1744667739,0.0055843219,0.0000000000,0.0000000000,0.0000000000,0.0768987983,0.0355955437,0.0687930956,0.0704483688,0.3702095151,0.3553738296,0.0303955097,0.0447393805,0.0346062891,0.0221172888,0.0320587419,0.0306350999,0.4023886621,0.3801647127,0.0788425580,0.0797567517,0.0000000000,0.0000000000,0.6225513816,0.3586314917,0.3592026830,0.0188588705,0.1249643937,0.1361480802,0.0957531407,0.1023638323,0.0000000363,-0.0380622409,0.1407063156,-0.0820987970,-0.0307923518,0.0805978701,-0.0024867877,0.0462550372,0.0805435628,0.0037322743
15:25:00:20.514,61,0.1098401174,0.1391802877,0.0781609789,0.0000000000,0.0000000000,0.1555577368,0.0000000000,0.1098398864,0.1393654794,0.0486372598,0.0000000000,0.0000000000,0.1557793617,0.0000000000,0.1043794006,0.0000000000,0.0242929403,0.3308797479,0.1611954570,0.4767245650,0.1729852557,0.0057972348,0.0000000000,0.0000000000,0.0440246165,0.0018499554,0.0000000000,0.0672576576,0.0688881651,0.3451142609,0.3241056502,0.0291775204,0.0437851883,0.0346987695,0.0226014089,0.0319754593,0.0306295175,0.3553804755,0.3275070786,0.0806295723,0.0813602880,0.0000000000,0.0000000000,0.6074041724,0.3408456147,0.3415109515,0.0186683349,0.1385963708,0.1495364904,0.0991215035,0.1050017029,0.0000000600,-0.0360926762,0.1420588791,-0.0816282034,-0.0296031795,0.0851709396,-0.0025270705,0.0475732386,0.0851169229,0.0040575429
15:25:00:21.515,61,0.1186662167,0.1483685821,0.0801546127,0.0000000000,0.0000000000,0.1551396549,0.0000000000,0.1186642051,0.1485727578,0.0468618684,0.0000000000,0.0000000000,0.1553643346,0.0000000000,0.0925574601,0.0000000000,0.0223976281,0.2971347868,0.1486534774,0.4656921625,0.1658536494,0.0061253835,0.0000000000,0.0477454104,0.0694044158,0.0000000000,0.0000000000,0.0657109097,0.0671730638,0.3305849731,0.3097846508,0.0280749667,0.0430398360,0.0347623006,0.0229896232,0.0318920165,0.0306283664,0.3395394683,0.3100095689,0.0817352012,0.0822647586,0.0000000000,0.0000000000,0.5962299109,0.3279641271,0.3287003040,0.0185897127,0.1461652815,0.1567884535,0.1016844437,0.1068888232,0.0000002184,-0.0344692953,0.1444132179,-0.0807755142,-0.0285084397,0.0907949358,-0.0025952007,0.0487625450,0.0907413885,0.0044351774
15:25:00:22.516,61,0.1232971549,0.1554182619,0.0815828070,0.0000000000,0.0000000000,0.1548525691,0.0000000000,0.1232922301,0.1556375623,0.0455196761,0.0000000000,0.0000000000,0.1550797522,0.0000000000,0.0868593976,0.0000000000,0.0213760566,0.2782798707,0.1403656304,0.4607592821,0.1634613574,0.0065775174,0.0000000000,0.0729516074,0.0862574950,0.0000000000,0.0000000000,0.0641564205,0.0654324591,0.3230302036,0.3027105331,0.0268964171,0.0423960090,0.0348428376,0.0233578328,0.0318597443,0.0306640342,0.3320014775,0.3040729761,0.0827007815,0.0829698145,0.0000000000,0.0000000000,0.5905311704,0.3190025389,0.3198118210,0.0185907092,0.1517317593,0.1609761715,0.1053982228,0.1095391735,0.0000003009,-0.0334401801,0.1486922503,-0.0796374157,-0.0276807789,0.0951101258,-0.0026403465,0.0496114902,0.0950569287,0.0047281962
15:25:00:23.518,61,0.1258626580,0.1617843658,0.0833061934,0.0000000000,0.0000000000,0.1545368880,0.0000000000,0.1258562058,0.1620215923,0.0437627248,0.0000000000,0.0000000000,0.1547665447,0.0000000000,0.0838199556,0.0000000000,0.0206503551,0.2327676415,0.1351369321,0.4541770816,0.1619997323,0.0072352113,0.0000000000,0.1153387874,0.1176886857,0.0000000000,0.0000000000,0.0624963157,0.0634843186,0.3160327971,0.2972458899,0.0257441942,0.0419028588,0.0348578542,0.0235881805,0.0318934992,0.0307563320,0.3346539736,0.3100343347,0.0831816941,0.0831550658,0.0000000000,0.0000000000,0.5876924992,0.3125301600,0.3134042323,0.0187399816,0.1565033495,0.1635135263,0.1092562079,0.1127096042,0.0000006221,-0.0336607955,0.1545990258,-0.0784638822,-0.0266022682,0.0990085080,-0.0026421736,0.0506403260,0.0989557132,0.0050253803
15:25:00:24.520,61,0.1275145262,0.1650047898,0.0845736936,0.0000000000,0.0000000000,0.1543069333,0.0000000000,0.1275068521,0.1652548015,0.0423775725,0.0000000000,0.0000000000,0.1545400769,0.0000000000,0.0819895044,0.0000000000,0.0198902562,0.1999006271,0.1326613575,0.4378510416,0.1617882401,0.0090554170,0.0000000000,0.1271865666,0.1284368336,0.0000000000,0.0000000000,0.0598414913,0.0605324209,0.3066084385,0.2875438929,0.0248744041,0.0415241122,0.0350094251,0.0237963665,0.0320871510,0.0310172699,0.3340937495,0.3103101850,0.0829731449,0.0819699839,0.0000000000,0.0000000000,0.5865278840,0.3065522313,0.3074583411,0.0191448722,0.1607535183,0.1652815342,0.1128458828,0.1160631627,0.0000007270,-0.0339337774,0.1603001505,-0.0769733638,-0.0257551670,0.1009820327,-0.0026093910,0.0514006838,0.1009294689,0.0052031926
15:25:00:25.522,61,0.1290461272,0.1686531752,0.0853194743,0.0000000000,0.0000000000,0.1542084217,0.0000000000,0.1290372908,0.1689126343,0.0414797217,0.0000000000,0.0000000000,0.1544426084,0.0000000000,0.0812477395,0.0000000000,0.0195770394,0.1855467260,0.1301916540,0.4269680977,0.1615278274,0.0098351762,0.0000000000,0.1326911449,0.1342406869,0.0000000000,0.0000000000,0.0577144995,0.0584063008,0.2976195514,0.2828171253,0.0241497438,0.0411843918,0.0352661274,0.0240525119,0.0323979743,0.0313652493,0.3335879445,0.3105461299,0.0827460885,0.0813690424,0.0000000000,0.0000000000,0.5859866142,0.3028685451,0.3037486374,0.0196859743,0.1630541831,0.1664206386,0.1151873097,0.1184906289,0.0000011730,-0.0338534936,0.1643565595,-0.0755609572,-0.0252037290,0.1032157689,-0.0026104173,0.0518421158,0.1031634808,0.0053648110
15:25:00:26.523,61,0.1303540766,0.1723091900,0.0855001584,0.0000000000,0.0000000000,0.1541951001,0.0000000000,0.1303423196,0.1725737005,0.0411666557,0.0000000000,0.0000000000,0.1544280201,0.0000000000,0.0808127448,0.0000000000,0.0195308905,0.1768521965,0.1208592430,0.4051494300,0.1528208703,0.0104186693,0.0000000000,0.1399930865,0.1447508782,0.0000000000,0.0000000000,0.0564924069,0.0571700223,0.2905853987,0.2788562179,0.0235120803,0.0408126935,0.0354533307,0.0242753569,0.0326714888,0.0316582695,0.3331621885,0.3107580543,0.0827183947,0.0810596347,0.0000000000,0.0000000000,0.5857685804,0.2996585667,0.3005356491,0.0201683883,0.1644994318,0.1672166735,0.1164437756,0.1197572351,0.0000023527,-0.0336292088,0.1678914577,-0.0747018382,-0.0250076484,0.1054523885,-0.0026466530,0.0519397557,0.1054003760,0.0054923068
15:25:00:27.525,61,0.1321934909,0.1749188751,0.0846429840,0.0000000000,0.0000000000,0.1543998569,0.0000000000,0.1321780682,0.1751789153,0.0419605821,0.0000000000,0.0000000000,0.1546310633,0.0000000000,0.0805010647,0.0000000000,0.0195816848,0.1710624546,0.1144867837,0.3964001238,0.1452727914,0.0108041624,0.0000000000,0.1483198553,0.1552386731,0.0000000000,0.0000000000,0.0555978753,0.0562817305,0.2868331969,0.2765673697,0.0229290649,0.0404265970,0.0356157124,0.0244860165,0.0329292156,0.0319218338,0.3326383829,0.3108565807,0.0828239545,0.0809578151,0.0000000000,0.0000000000,0.5854529142,0.2975186706,0.2983904481,0.0206062142,0.1659910381,0.1680491567,0.1173194274,0.1206538528,0.0000029794,-0.0335266180,0.1696662009,-0.0745206326,-0.0254856125,0.1070456058,-0.0027382877,0.0514103100,0.1069937795,0.0055191815
15:25:00:28.526,61,0.1336632222,0.1770134270,0.0837226287,0.0000000000,0.0000000000,0.1545578390,0.0000000000,0.1336449385,0.1772677153,0.0428484827,0.0000000000,0.0000000000,0.1547860503,0.0000000000,0.0801720172,0.0000000000,0.0196978170,0.1665612161,0.1096226126,0.3902526200,0.1395024657,0.0110860625,0.0000000000,0.1540163606,0.1618064642,0.0000000000,0.0000000000,0.0548863709,0.0555848964,0.2847029269,0.2751055062,0.0223915856,0.0399995446,0.0357722566,0.0246995948,0.0331671089,0.0321636982,0.3319501579,0.3107528687,0.0830581337,0.0810226426,0.0000000000,0.0000000000,0.5851336718,0.2948575318,0.2957344055,0.0209963750,0.1670275927,0.1688102037,0.1179668829,0.1213266104,0.0000036382,-0.0339282937,0.1713343114,-0.0749961883,-0.0260212999,0.1083235070,-0.0028294688,0.0508442819,0.1082718372,0.0055241794
15:25:00:29.528,61,0.1346858442,0.1782704890,0.0827168375,0.0000000000,0.0000000000,0.1547660381,0.0000000000,0.1346665919,0.1785174906,0.0438406728,0.0000000000,0.0000000000,0.1549901813,0.0000000000,0.0799172446,0.0000000000,0.0198727269,0.1643603444,0.1058548838,0.3875332773,0.1363310963,0.0112433787,0.0000000000,0.1574400961,0.1668574661,0.0000000000,0.0000000000,0.0543241724,0.0550369844,0.2832768261,0.2739721835,0.0218735151,0.0395761840,0.0358788893,0.0249072220,0.0333974808,0.0323958211,0.3316252232,0.3109723628,0.0835617185,0.0813894495,0.0000000000,0.0000000000,0.5846441388,0.2934224904,0.2942895591,0.0213355627,0.1679222286,0.1695650667,0.1185468286,0.1219293773,0.0000034777,-0.0346557572,0.1731595546,-0.0758805573,-0.0266216230,0.1090889499,-0.0029153475,0.0502292775,0.1090373248,0.0054963073
15:25:00:30.529,61,0.1357203424,0.1800389141,0.0816178471,0.0000000000,0.0000000000,0.1547883004,0.0000000000,0.1356990337,0.1802779883,0.0449637398,0.0000000000,0.0000000000,0.1550079882,0.0000000000,0.0797821954,0.0000000000,0.0200486202,0.1682772934,0.1018837914,0.3974972963,0.1320696920,0.0112411361,0.0000000000,0.1587252468,0.1696935594,0.0000000000,0.0000000000,0.0539738499,0.0547035001,0.2828084230,0.2734628916,0.0213212091,0.0390929580,0.0357855856,0.0250442158,0.0334628075,0.0324688964,0.3401226103,0.3240923584,0.0880803689,0.0853761286,0.0000000000,0.0000000000,0.5841829181,0.2926079929,0.2934736907,0.0214475915,0.1683801711,0.1700893044,0.1189118624,0.1223339736,0.0000022976,-0.0357554778,0.1749747097,-0.0770697892,-0.0273003615,0.1101667807,-0.0030194353,0.0495560318,0.1101152599,0.0054767416
15:25:00:31.530,61,0.1363912225,0.1819202751,0.0806290284,0.0000000000,0.0000000000,0.1545593739,0.0000000000,0.1363689005,0.1821523011,0.0459742695,0.0000000000,0.0000000000,0.1547739059,0.0000000000,0.0824191645,0.0000000000,0.0199943800,0.2336675525,0.1001938879,0.4000425041,0.1238318235,0.0111921960,0.0000000000,0.1586604118,0.1709620357,0.0000000000,0.0000000000,0.0541449934,0.0549501441,0.2935583293,0.2798255384,0.0208658911,0.0387669057,0.0355887525,0.0251565520,0.0334400833,0.0324528739,0.3638179302,0.3472075462,0.0933905691,0.0902521759,0.0000000000,0.0000000000,0.5839135647,0.2971140742,0.2979753017,0.0213644169,0.1682167798,0.1702020764,0.1189483255,0.1224051341,0.0000036861,-0.0370354764,0.1760077477,-0.0781752542,-0.0279103629,0.1113140583,-0.0031192969,0.0489494205,0.1112626046,0.0054665878
15:25:00:32.533,61,0.1369193047,0.1843312681,0.0787569880,0.0000000000,0.0000000000,0.1541245729,0.0000000000,0.1368962228,0.1845487505,0.0478390791,0.0000000000,0.0000000000,0.1543319672,0.0000000000,0.1093993410,0.0000000000,0.0199548211,0.2994773388,0.0991466194,0.3900855482,0.1138858944,0.0111272736,0.0000000000,0.1566244960,0.1713432521,0.0000000000,0.0000000000,0.0554861613,0.0571475662,0.3174783289,0.3053679168,0.0205058958,0.0385189839,0.0353236273,0.0252828784,0.0333952196,0.0324022956,0.4123503566,0.3985729814,0.1017467156,0.0980850607,0.0000000000,0.0000000000,0.5853288770,0.3128310740,0.3136224151,0.0211078357,0.1646468341,0.1694045812,0.1185995936,0.1221107990,0.0000042847,-0.0380805247,0.1759240180,-0.0796752796,-0.0290376749,0.1127821654,-0.0032884146,0.0478050038,0.1127309054,0.0054099327
15:25:00:33.534,61,0.1373695284,0.1865156740,0.0775815099,0.0000000000,0.0000000000,0.1528995484,0.0000000000,0.1373459101,0.1867243201,0.0489916056,0.0000000000,0.0000000000,0.1530776769,0.0000000000,0.1273450553,0.0000000000,0.0203084107,0.3305453062,0.0985347852,0.3835477531,0.1101753116,0.0110942079,0.0000000000,0.1537118703,0.1704385877,0.0000000000,0.0000000000,0.0580795072,0.0602463819,0.3287314773,0.3189789951,0.0201996602,0.0383600481,0.0350009464,0.0253858082,0.0333980396,0.0323732831,0.4536135495,0.4402822554,0.1073028892,0.1030394807,0.0000000000,0.0000000000,0.5895811319,0.3306957781,0.3314420879,0.0207620561,0.1588404179,0.1645853817,0.1180905476,0.1216071099,0.0000039904,-0.0392229781,0.1749534160,-0.0812429190,-0.0297327396,0.1141140535,-0.0034072134,0.0470843464,0.1140629128,0.0053919461
15:25:00:34.536,61,0.1374689043,0.1868055761,0.0776773989,0.0000000000,0.0000000000,0.1503379643,0.0000000000,0.1374454051,0.1870153099,0.0488550141,0.0000000000,0.0000000000,0.1504747868,0.0000000000,0.1472682506,0.0000000000,0.0220807064,0.3479454517,0.0979164019,0.3722641170,0.1070925668,0.0110431854,0.0000000000,0.1516199857,0.1687332392,0.0000000000,0.0000000000,0.0611489937,0.0634174272,0.3365185261,0.3294250369,0.0199361090,0.0382842943,0.0346249864,0.0254530348,0.0335000977,0.0324209556,0.4931106865,0.4825771451,0.1112184450,0.1067528650,0.0000000000,0.0000000000,0.5962466598,0.3460937142,0.3467616439,0.0203932729,0.1516750455,0.1568616927,0.1171964258,0.1205668896,0.0000039407,-0.0398733914,0.1734541059,-0.0819742158,-0.0296492372,0.1142916083,-0.0034029796,0.0471415929,0.1142405123,0.0054069743
15:25:00:35.537,61,0.1375544518,0.1877650321,0.0772256777,0.0000000000,0.0000000000,0.1468561292,0.0000000000,0.1375319362,0.1879714429,0.0492691807,0.0000000000,0.0000000000,0.1469552517,0.0000000000,0.1577276438,0.0000000000,0.0248151626,0.3563281000,0.0970242098,0.3601951897,0.1033952087,0.0109542506,0.0000000000,0.1501843631,0.1676198244,0.0000000000,0.0000000000,0.0635662451,0.0658039078,0.3436117768,0.3383298218,0.0197082423,0.0382296890,0.0342520103,0.0255165901,0.0336778574,0.0325302407,0.5093679428,0.4993546605,0.1133812144,0.1089883819,0.0000000000,0.0000000000,0.6005528569,0.3577727377,0.3583458364,0.0200187359,0.1444440186,0.1493733674,0.1156679764,0.1190695241,0.0000016124,-0.0396937095,0.1722469330,-0.0825492889,-0.0298985783,0.1148767918,-0.0034493143,0.0468642861,0.1148257777,0.0054029729
15:25:00:36.539,61,0.1377541423,0.1886880398,0.0770196617,0.0000000000,0.0000000000,0.1439335793,0.0000000000,0.1377329826,0.1888931990,0.0494353399,0.0000000000,0.0000000000,0.1440078020,0.0000000000,0.1627069563,0.0000000000,0.0272809640,0.3602682352,0.0953298807,0.3541354835,0.1000041589,0.0106479265,0.0000000000,0.1490212232,0.1669219881,0.0000000000,0.0000000000,0.0648862422,0.0671304390,0.3467424512,0.3421697617,0.0194980875,0.0381306969,0.0339189917,0.0256087538,0.0338826068,0.0326606967,0.5174209476,0.5078552365,0.1152373999,0.1117464676,0.0000000000,0.0000000000,0.6025810242,0.3673344851,0.3678130209,0.0196604729,0.1405051947,0.1457858235,0.1145554706,0.1181377321,0.0000002243,-0.0388333574,0.1715347171,-0.0825473294,-0.0299974587,0.1154404730,-0.0034778505,0.0467362218,0.1153895259,0.0054149078
15:25:00:37.542,61,0.1380304694,0.1900393516,0.0767592639,0.0000000000,0.0000000000,0.1420212239,0.0000000000,0.1380107552,0.1902431399,0.0496376231,0.0000000000,0.0000000000,0.1420812756,0.0000000000,0.1650557518,0.0000000000,0.0285583679,0.3467205763,0.0932949185,0.3511962593,0.0976364389,0.0102721322,0.0000000000,0.1460882276,0.1661229432,0.0000000000,0.0000000000,0.0656556115,0.0679073483,0.3483517170,0.3440538347,0.0193028748,0.0379678123,0.0336401314,0.0257230438,0.0340392031,0.0327563994,0.5171410441,0.5081062913,0.1166012734,0.1137856022,0.0000000000,0.0000000000,0.6064556241,0.3808048666,0.3812064826,0.0193405952,0.1378680915,0.1435772479,0.1135401130,0.1173523366,0.0000001193,-0.0369145311,0.1714095324,-0.0820202082,-0.0301173143,0.1162658930,-0.0035169336,0.0465737395,0.1162150353,0.0054350495
15:25:00:38.542,61,0.1385204494,0.1925011873,0.0764860287,0.0000000000,0.0000000000,0.1405332536,0.0000000000,0.1385021806,0.1927040070,0.0498362519,0.0000000000,0.0000000000,0.1405869126,0.0000000000,0.1622495353,0.0000000000,0.0291903317,0.3023784757,0.0899288431,0.3496333659,0.0947734565,0.0098659070,0.0000000000,0.1425886899,0.1654295176,0.0000000000,0.0000000000,0.0659713671,0.0682472661,0.3488740623,0.3440141082,0.0191036873,0.0377200656,0.0333763994,0.0258180462,0.0341134332,0.0327942967,0.4980498850,0.4861583412,0.1176050082,0.1150834039,0.0000000000,0.0000000000,0.6149004698,0.3988097310,0.3991905451,0.0190620422,0.1358948350,0.1421108693,0.1126724482,0.1166776568,0.0000002289,-0.0354925357,0.1720876545,-0.0818392485,-0.0302324854,0.1177702472,-0.0035764806,0.0463997610,0.1177195683,0.0054855086
15:25:00:39.544,61,0.1429590732,0.1982000470,0.0769407973,0.0000000000,0.0000000000,0.1382169724,0.0000000000,0.1429524273,0.1984104216,0.0492579192,0.0000000000,0.0000000000,0.1382694393,0.0000000000,0.1358584613,0.0000000000,0.0294009410,0.2449580282,0.0876665041,0.3491000235,0.0935026631,0.0093593895,0.0000000000,0.1314237565,0.1606484056,0.0000000000,0.0000000000,0.0657750145,0.0680705979,0.3227089643,0.3092859685,0.0189213734,0.0374785438,0.0331480578,0.0258477833,0.0341040008,0.0327596292,0.4410147369,0.4301450551,0.1176775023,0.1153354347,0.0000000000,0.0000000000,0.6227011681,0.4175498486,0.4179127812,0.0189180765,0.1304968148,0.1363800317,0.1110644117,0.1157453656,0.0000003212,-0.0346775837,0.1737016886,-0.0812205598,-0.0298691466,0.1212563813,-0.0036391234,0.0466561429,0.1212060824,0.0056807422
15:25:00:40.545,61,0.1717883945,0.2088851631,0.0782278180,0.0000000000,0.0000000000,0.1362492740,0.0000000000,0.1717748791,0.2091140300,0.0478873700,0.0000000000,0.0000000000,0.1363008320,0.0000000000,0.1077525765,0.0000000000,0.0293536149,0.2170505673,0.0864794850,0.3614598811,0.0932023898,0.0087048458,0.0000000000,0.1249845624,0.1549134851,0.0000000000,0.0000000000,0.0646452308,0.0670270771,0.2983989716,0.2914359570,0.0187396631,0.0372214876,0.0330039151,0.0258421563,0.0340069197,0.0326371416,0.3783285618,0.3690490723,0.1129344329,0.1110246554,0.0000000000,0.0000000000,0.6357341409,0.4373191893,0.4378269911,0.0188769456,0.1283646822,0.1334837228,0.1101245359,0.1150195599,0.0000008521,-0.0345741175,0.1779124141,-0.0802765265,-0.0290143210,0.1277945936,-0.0037276507,0.0473978631,0.1277449429,0.0060856361
15:25:00:41.547,61,0.1869345754,0.2225421518,0.0793306604,0.0000000000,0.0000000000,0.1341925710,0.0000000000,0.1869117618,0.2227907777,0.0467079282,0.0000000000,0.0000000000,0.1342425942,0.0000000000,0.0971604660,0.0000000000,0.0293641444,0.1948675811,0.0863442197,0.3648187518,0.0977630690,0.0082821036,0.0000000000,0.1222719401,0.1501501203,0.0000000000,0.0000000000,0.0634045228,0.0657403395,0.2885097265,0.2833295763,0.0186961927,0.0371501185,0.0331464335,0.0258881766,0.0340448059,0.0326252989,0.3485080004,0.3406179547,0.0982958004,0.0948087871,0.0000000000,0.0000000000,0.6675481200,0.4765137434,0.4771118164,0.0190760139,0.1276120394,0.1322316378,0.1094966754,0.1145090237,0.0000021458,-0.0343968086,0.1823490560,-0.0773673505,-0.0282683559,0.1361498833,-0.0038721566,0.0480128974,0.1361010969,0.0065726372
15:25:00:42.549,61,0.1946953833,0.2341761589,0.0803766251,0.0000000000,0.0000000000,0.1324465126,0.0000000000,0.1946727484,0.2344435602,0.0456653126,0.0000000000,0.0000000000,0.1324990243,0.0000000000,0.0838432387,0.0000000000,0.0288850944,0.1559296846,0.1093982533,0.3660902679,0.1432939917,0.0085376250,0.0000000000,0.1310266852,0.1484354734,0.0000000000,0.0000000000,0.0618017204,0.0637957156,0.2777106166,0.2690023184,0.0188323110,0.0375125296,0.0336537659,0.0259086192,0.0344663002,0.0329949372,0.2943107486,0.2799322605,0.0760527030,0.0708554089,0.0000000000,0.0000000000,0.6808657050,0.4931633770,0.4938351810,0.0212479234,0.1445904672,0.1394722462,0.1096945107,0.1147232875,0.0000021371,-0.0312963016,0.1878762543,-0.0708586127,-0.0276096985,0.1432684064,-0.0039823586,0.0485973842,0.1432203650,0.0070052445
15:25:00:43.550,61,0.1982204169,0.2455353290,0.0857631266,0.0000000000,0.0000000000,0.1276234537,0.0000000000,0.1981976479,0.2458718568,0.0402784385,0.0000000000,0.0000000000,0.1276772469,0.0000000000,0.0718228817,0.0000000000,0.0271667279,0.1429176778,0.1297612637,0.3173388243,0.1746367365,0.0091885468,0.0000000000,0.1351936609,0.1472696215,0.0000000000,0.0000000000,0.0592115447,0.0605946407,0.2688879669,0.2592883706,0.0198032260,0.0382669531,0.0395895056,0.0259746518,0.0362969302,0.0344971716,0.2285739779,0.2150470763,0.0566254109,0.0527796559,0.0000000000,0.0000000000,0.6956529617,0.5095038414,0.5102092624,0.0271158349,0.1558311731,0.1472850144,0.1164892167,0.1218598112,0.0000020664,-0.0267253220,0.1944573522,-0.0611614585,-0.0243276432,0.1502393633,-0.0036823403,0.0518009961,0.1501919925,0.0078354618
15:25:00:44.551,61,0.1972477138,0.2540757358,0.0910097957,0.0000000000,0.0000000000,0.1212265640,0.0000000000,0.1972306371,0.2544818521,0.0350799821,0.0000000000,0.0000000000,0.1212864518,0.0000000000,0.0648571253,0.0000000000,0.0216790102,0.1361137778,0.1384236366,0.2979874313,0.1930898428,0.0109024998,0.0000000000,0.1378178000,0.1465651244,0.0000000000,0.0000000000,0.0573256612,0.0584134124,0.2520228326,0.2392801791,0.0226045810,0.0411907025,0.0426015258,0.0259061791,0.0385484099,0.0366790108,0.2069830894,0.1931586117,0.0457632393,0.0423366837,0.0000000000,0.0000000000,0.7049141526,0.5194755793,0.5201959610,0.0332947895,0.1606980413,0.1510766149,0.1214435026,0.1273606271,0.0000015445,-0.0211718604,0.1990998834,-0.0508216210,-0.0211707000,0.1554892808,-0.0033183442,0.0549257770,0.1554423720,0.0086026900
15:25:00:45.552,61,0.1963939667,0.2609447539,0.0942517444,0.0000000000,0.0000000000,0.1165487394,0.0000000000,0.1963563710,0.2613976598,0.0319713168,0.0000000000,0.0000000000,0.1166041866,0.0000000000,0.0615161248,0.0000000000,0.0159386192,0.1332562417,0.1517899632,0.2760365903,0.2125721127,0.0141045675,0.0000000000,0.1387375742,0.1457678378,0.0000000000,0.0000000000,0.0561457053,0.0571190715,0.2437876463,0.2290633172,0.0285429526,0.0487403758,0.0442271605,0.0256754141,0.0407129452,0.0389524885,0.1961753517,0.1820587963,0.0386692062,0.0356538892,0.0000000000,0.0000000000,0.7149791718,0.5294397473,0.5302832127,0.0390425734,0.1649720520,0.1548538208,0.1273562759,0.1338749081,0.0000002092,-0.0166869760,0.2018345892,-0.0429029055,-0.0192816798,0.1597086787,-0.0031057019,0.0568444058,0.1596621871,0.0091486331
15:25:00:46.555,61,0.1858802289,0.2639830709,0.0988319293,0.0000000000,0.0000000000,0.1112972200,0.0000000000,0.1857940555,0.2644958496,0.0275034644,0.0000000000,0.0000000000,0.1113478839,0.0000000000,0.0596909039,0.0000000000,0.0120048048,0.1450114101,0.1707265526,0.2680922449,0.2458041310,0.0178584885,0.0000000000,0.1307900995,0.1374055892,0.0000000000,0.0000000000,0.0551690422,0.0561265349,0.2394844145,0.2236280292,0.0331341363,0.0562756695,0.0452396311,0.0253157392,0.0422280543,0.0406687856,0.1922181696,0.1767258197,0.0341581814,0.0314780809,0.0000000000,0.0000000000,0.7430701852,0.5496826768,0.5506945848,0.0441403054,0.1672133058,0.1573729813,0.1297789663,0.1368390918,0.0000000762,-0.0134076523,0.2038022280,-0.0345453098,-0.0165820718,0.1615937650,-0.0027029985,0.0595887825,0.1615473181,0.0097049838
15:25:00:47.556,61,0.1826369911,0.2691514492,0.1001877710,0.0000000000,0.0000000000,0.1070010215,0.0000000000,0.1825295389,0.2696886659,0.0262669232,0.0000000000,0.0000000000,0.1070433781,0.0000000000,0.0587894991,0.0000000000,0.0096077230,0.1896779239,0.2161449641,0.2642021179,0.2593855858,0.0203370079,0.0000000000,0.1094458774,0.1204870194,0.0000000000,0.0000000000,0.0544930212,0.0554900430,0.2374778539,0.2210878432,0.0383600444,0.0684836805,0.0457343124,0.0247883201,0.0431576930,0.0416620038,0.1948250085,0.1777937710,0.0306822658,0.0283831973,0.0000000000,0.0000000000,0.7559817433,0.5614292026,0.5626197457,0.0464666896,0.1685523242,0.1586954594,0.1311312765,0.1384843737,0.0000002827,-0.0088316379,0.2045435458,-0.0268129259,-0.0158282854,0.1647642702,-0.0026316787,0.0603748709,0.1647181511,0.0100293327
15:25:00:48.558,61,0.1782117635,0.2641227841,0.1004530787,0.0000000000,0.0000000000,0.1051732525,0.0000000000,0.1780382246,0.2646554410,0.0259665810,0.0000000000,0.0000000000,0.1052112430,0.0000000000,0.0680301860,0.0000000000,0.0085694660,0.2532380223,0.2810578346,0.2693854272,0.2658815384,0.0214084275,0.0000000000,0.0817926601,0.0937420651,0.0000000000,0.0000000000,0.0541884750,0.0552106313,0.2502467334,0.2369862348,0.0453455076,0.0957949385,0.0457191467,0.0239260439,0.0436877720,0.0422117785,0.2353837788,0.2223777026,0.0279083792,0.0260936748,0.0000000000,0.0000000000,0.7660334110,0.5712476969,0.5725836158,0.0476965755,0.1709656715,0.1596840173,0.1316868663,0.1392463148,0.0000016784,-0.0038195490,0.2065950036,-0.0186740272,-0.0156552251,0.1616887897,-0.0025534565,0.0605653487,0.1616424024,0.0098697385
15:25:00:49.559,61,0.1726390719,0.2605787814,0.1021963805,0.0000000000,0.0000000000,0.1045171469,0.0000000000,0.1724465042,0.2611269653,0.0243013259,0.0000000000,0.0000000000,0.1045516282,0.0000000000,0.0813002065,0.0000000000,0.0084459800,0.3208981454,0.3439583778,0.3349049687,0.2756299078,0.0209619179,0.0000000000,0.0460445955,0.0616386384,0.0000000000,0.0000000000,0.0542325489,0.0552593581,0.3072402179,0.2987635434,0.0480856448,0.1061443612,0.0454276949,0.0229860395,0.0438588746,0.0423833653,0.2485125661,0.2368025035,0.0261767525,0.0246908702,0.0000000000,0.0000000000,0.7894605398,0.5895059705,0.5909714103,0.0480371788,0.1757821441,0.1607455015,0.1317704320,0.1394865960,0.0000017685,0.0015009181,0.2090793401,-0.0109904269,-0.0146563631,0.1595306844,-0.0023580899,0.0616379865,0.1594839841,0.0099078715
15:25:00:50.562,61,0.1578227729,0.2564697564,0.1057893038,0.0000000000,0.0000000000,0.1045333296,0.0000000000,0.1576330811,0.2570541501,0.0206245631,0.0000000000,0.0000000000,0.1045652330,0.0000000000,0.0871089175,0.0000000000,0.0127495890,0.3561946154,0.3419658542,0.4624471366,0.2787892222,0.0149214128,0.0000000000,0.0119834784,0.0060027419,0.0000000000,0.0000000000,0.0550699458,0.0562747084,0.3285724521,0.3345933557,0.0457952172,0.0984915793,0.0446813218,0.0223918781,0.0435408913,0.0420354903,0.3101951480,0.2969793379,0.0259898435,0.0247306358,0.0000000000,0.0000000000,0.8116286397,0.6249513030,0.6261559725,0.0403167382,0.1767538637,0.1607553065,0.1271860898,0.1347346306,0.0000018049,0.0050064353,0.2113481611,-0.0064140749,-0.0124438144,0.1570376903,-0.0019703186,0.0638304725,0.1569908112,0.0100967400
15:25:00:51.563,61,0.1518709660,0.2510879934,0.1090866253,0.0000000000,0.0000000000,0.1047517285,0.0000000000,0.1516876519,0.2517011762,0.0172737353,0.0000000000,0.0000000000,0.1047816053,0.0000000000,0.0918878093,0.0000000000,0.0167857334,0.3763926625,0.3284209967,0.4999567866,0.2791380286,0.0115352012,0.0000000000,0.0000000000,0.0000000000,0.0508739315,0.0530971698,0.0558338426,0.0571390353,0.3416348100,0.3502540588,0.0436040424,0.0926138833,0.0439255200,0.0219311342,0.0430231988,0.0414831899,0.3277873695,0.3142268062,0.0268273819,0.0257243719,0.0000000000,0.0000000000,0.8252624273,0.6429159045,0.6438805461,0.0357045345,0.1687849611,0.1554150134,0.1212980822,0.1286638975,0.0000016047,0.0077918908,0.2102616727,-0.0016003124,-0.0104274368,0.1537639201,-0.0016160902,0.0658537820,0.1537167579,0.0101955952
15:25:00:52.564,61,0.1370536387,0.2421236485,0.1113003045,0.0000000000,0.0000000000,0.1051519886,0.0000000000,0.1369792968,0.2427442670,0.0150020169,0.0000000000,0.0000000000,0.1051806882,0.0000000000,0.0963570774,0.0000000000,0.0202770811,0.3864324689,0.3224270940,0.5112941861,0.2703818977,0.0092278933,0.0000000000,0.0000000000,0.0000000000,0.0697087720,0.0669143051,0.0570476353,0.0584402755,0.3489591181,0.3589714766,0.0418284647,0.0893412530,0.0431195460,0.0215353090,0.0423853248,0.0408232622,0.3369213641,0.3232405782,0.0274995808,0.0267544258,0.0000000000,0.0000000000,0.8312073946,0.6515250206,0.6523157954,0.0327694863,0.1626266688,0.1519003958,0.1167193502,0.1244878992,0.0000002668,0.0098999925,0.2068140060,0.0027103077,-0.0090636425,0.1482902020,-0.0013539691,0.0672460571,0.1482424438,0.0100344867
15:25:00:53.567,61,0.1243473291,0.2328573763,0.1145561412,0.0000000000,0.0000000000,0.1070887074,0.0000000000,0.1243333519,0.2334941924,0.0116043659,0.0000000000,0.0000000000,0.1071197316,0.0000000000,0.1009941921,0.0000000000,0.0231460072,0.3909222186,0.3125639260,0.5105097294,0.2622633874,0.0075157490,0.0000000000,0.0000000000,0.0000000000,0.0735059083,0.0633325577,0.0578848533,0.0592815392,0.3545372188,0.3645655811,0.0400838330,0.0868339166,0.0423924588,0.0212022327,0.0417968184,0.0402377844,0.3416116536,0.3277778029,0.0284625869,0.0280705076,0.0000000000,0.0000000000,0.8371676803,0.6561274529,0.6568322182,0.0311020147,0.1603086591,0.1504095942,0.1139467731,0.1223854721,0.0000002841,0.0094817290,0.2010799646,0.0070589995,-0.0070167179,0.1426370442,-0.0010076786,0.0692704767,0.1425887495,0.0099364016
15:25:00:54.567,61,0.1085751876,0.2275467813,0.1206956878,0.0000000000,0.0000000000,0.1074597090,0.0000000000,0.1085757986,0.2282368988,0.0053063785,0.0000000000,0.0000000000,0.1074917391,0.0000000000,0.1073096395,0.0000000000,0.0242972262,0.3661182225,0.3095234334,0.4588761926,0.2575120926,0.0063761245,0.0000000000,0.0000000000,0.0000000000,0.0428106897,0.0264067668,0.0585231148,0.0598886460,0.3575728238,0.3670815527,0.0390096307,0.0856174380,0.0418169796,0.0208920725,0.0412525833,0.0397408567,0.3439804018,0.3297275603,0.0290669762,0.0288248677,0.0000000000,0.0000000000,0.8406413198,0.6582918763,0.6589374542,0.0301186200,0.1587464213,0.1492985785,0.1124734208,0.1213114336,0.0000003251,0.0093073547,0.1973090023,0.0123674106,-0.0032100286,0.1394227147,-0.0004504728,0.0730164200,0.1393741816,0.0102335578
15:25:00:55.569,61,0.1013442576,0.2228996158,0.1264107227,0.0000000000,0.0000000000,0.1081103534,0.0000000000,0.1013508588,0.2236373276,0.0000000000,0.0005725438,0.0000000000,0.1081435084,0.0000000000,0.1156556755,0.0000000000,0.0250772387,0.3329504728,0.3039366901,0.4454909563,0.2321073860,0.0055556134,0.0000000000,0.0000000000,0.0000000000,0.0323331803,0.0101710279,0.0589541569,0.0602632761,0.3613970876,0.3685657382,0.0381425954,0.0847905129,0.0413417369,0.0206258856,0.0407625586,0.0393179581,0.3456099927,0.3308161497,0.0296182521,0.0294749513,0.0000000000,0.0000000000,0.8452950120,0.6599408388,0.6605417728,0.0294975713,0.1580385715,0.1487619132,0.1113821194,0.1206051633,0.0000003376,0.0103263492,0.1959940344,0.0156104872,0.0003464886,0.1366122812,0.0000476313,0.0765037835,0.1365635693,0.0105024287
15:25:00:56.571,61,0.0960641205,0.2190697640,0.1295013726,0.0000000000,0.0000000000,0.1084146649,0.0000000000,0.0960687175,0.2198284268,0.0000000000,0.0036613916,0.0000000000,0.1084489971,0.0000000000,0.1185149401,0.0000000000,0.0255209599,0.2911029458,0.2797350585,0.4403830767,0.2243896723,0.0050183525,0.0000000000,0.0000000000,0.0126570771,0.0203727465,0.0000000000,0.0590166003,0.0602712855,0.3630890548,0.3690539300,0.0373305120,0.0816834718,0.0411313176,0.0205081757,0.0403874405,0.0390207954,0.3465036154,0.3310748339,0.0304542184,0.0304480214,0.0000000000,0.0000000000,0.8518006802,0.6644278169,0.6648849845,0.0291465912,0.1580288261,0.1487716138,0.1108620390,0.1205248311,0.0000004309,0.0121147064,0.1952185631,0.0200580899,0.0022164814,0.1342858970,0.0002994440,0.0783991516,0.1342369318,0.0105764968
15:25:00:57.572,61,0.0950846598,0.2191917598,0.1288296580,0.0000000000,0.0000000000,0.1088464335,0.0000000000,0.0950895548,0.2199439257,0.0000000000,0.0029565217,0.0000000000,0.1088834405,0.0000000000,0.1201420352,0.0000000000,0.0253874306,0.2772048414,0.2691837847,0.4374672771,0.2043683082,0.0050178911,0.0000000000,0.0006387001,0.0384728573,0.0000000000,0.0000000000,0.0591068119,0.0603646263,0.3734348714,0.3697541356,0.0367948189,0.0790315047,0.0412633568,0.0205718838,0.0401194952,0.0388454273,0.3481412232,0.3313524127,0.0316149443,0.0313680135,0.0000000000,0.0000000000,0.8564434648,0.6734418273,0.6737865806,0.0290539041,0.1681291759,0.1594567746,0.1109058708,0.1217128932,0.0000010742,0.0158070009,0.1947096139,0.0236653350,0.0017897600,0.1343563199,0.0002419229,0.0779917166,0.1343073845,0.0105272336
15:25:00:58.574,61,0.0978249535,0.2161540836,0.1285478920,0.0000000000,0.0000000000,0.1094312668,0.0000000000,0.0978280902,0.2168947309,0.0000000000,0.0025591438,0.0000000000,0.1094705313,0.0000000000,0.1205793470,0.0000000000,0.0253419168,0.2521360815,0.2589239180,0.4342406690,0.1893357486,0.0050430330,0.0000000000,0.0242665671,0.0537413359,0.0000000000,0.0000000000,0.0590059124,0.0602920316,0.3777372241,0.3719206154,0.0364871658,0.0740649477,0.0417964160,0.0207850989,0.0398369320,0.0386216268,0.3443237841,0.3257702887,0.0324249528,0.0320861079,0.0000000000,0.0000000000,0.8586282134,0.6854374409,0.6857616305,0.0290576108,0.1857596636,0.1754229218,0.1116122827,0.1252872199,0.0000011906,0.0205238722,0.1908615530,0.0256979391,0.0015495907,0.1324936152,0.0002065207,0.0778405070,0.1324444264,0.0103594093
15:25:00:59.575,61,0.1171919852,0.2163043171,0.1274844706,0.0000000000,0.0000000000,0.1108458340,0.0000000000,0.1171916947,0.2170346826,0.0000000000,0.0014772522,0.0000000000,0.1108933911,0.0000000000,0.1204257086,0.0000000000,0.0255128555,0.2309298068,0.2166623324,0.4040895402,0.1446384639,0.0053040492,0.0000000000,0.0801842362,0.0924533159,0.0000000000,0.0000000000,0.0590282977,0.0603620857,0.3798348606,0.3730358183,0.0362259820,0.0707718879,0.0422467031,0.0210015289,0.0394965708,0.0383057185,0.3428946733,0.3239093721,0.0332495570,0.0327684619,0.0000000000,0.0000000000,0.8599721193,0.6930798888,0.6934244037,0.0289096031,0.1938291043,0.1827391088,0.1118027568,0.1263659596,0.0000012080,0.0263067354,0.1844907850,0.0276552401,0.0008944828,0.1325789988,0.0001192894,0.0771956444,0.1325297952,0.0102804666
15:25:01:00.577,61,0.1225744784,0.2145232260,0.1275120974,0.0000000000,0.0000000000,0.1133337468,0.0000000000,0.1225731447,0.2152488083,0.0000000000,0.0014829400,0.0000000000,0.1133876666,0.0000000000,0.1200073510,0.0000000000,0.0259996466,0.2219925970,0.1981163770,0.3944431543,0.1303765029,0.0057494524,0.0000000000,0.0994004384,0.1076944694,0.0000000000,0.0000000000,0.0591384284,0.0605098382,0.3805812597,0.3736622036,0.0360059142,0.0673848912,0.0426511131,0.0212702733,0.0391116589,0.0379198901,0.3411117196,0.3224888742,0.0357505158,0.0342328325,0.0000000000,0.0000000000,0.8608736396,0.6970137954,0.6973677874,0.0285273939,0.1987425983,0.1868951917,0.1116917953,0.1266647428,0.0000010751,0.0340038799,0.1760057956,0.0299974289,0.0008980569,0.1314881146,0.0001187690,0.0772235170,0.1314387769,0.0101985270
15:25:01:01.578,61,0.1251478344,0.2116627395,0.1277453601,0.0000000000,0.0000000000,0.1179772839,0.0000000000,0.1251458526,0.2123825252,0.0000000000,0.0016766625,0.0000000000,0.1180279255,0.0000000000,0.1198032796,0.0000000000,0.0271364283,0.2179064155,0.1898213029,0.3898993134,0.1229076833,0.0063720308,0.0000000000,0.1094439700,0.1153872237,0.0000000000,0.0000000000,0.0594654195,0.0608530566,0.3810068071,0.3743028939,0.0358866230,0.0657272711,0.0430183560,0.0215783622,0.0387738608,0.0375737213,0.3413896859,0.3225098848,0.0386937708,0.0361788906,0.0000000000,0.0000000000,0.8616275191,0.7014660239,0.7018064857,0.0280792359,0.2088224888,0.1946550310,0.1116745546,0.1268124729,0.0000003516,0.0391914397,0.1678819060,0.0325881056,0.0010156074,0.1297371686,0.0001325063,0.0773825124,0.1296876818,0.0100817932
15:25:01:02.580,61,0.1267506927,0.2088974714,0.1278425455,0.0000000000,0.0000000000,0.1279050410,0.0000000000,0.1267484277,0.2096103132,0.0000000000,0.0017750858,0.0000000000,0.1279515624,0.0000000000,0.1223921552,0.0000000000,0.0279022958,0.2216930091,0.1882807016,0.3877896667,0.1189391539,0.0078718374,0.0000000000,0.1148973331,0.1192095503,0.0000000000,0.0000000000,0.0602620617,0.0615897626,0.3844984770,0.3795969188,0.0360579565,0.0651016384,0.0434363745,0.0218899306,0.0385934599,0.0374033116,0.3578411639,0.3346613944,0.0401326716,0.0372346155,0.0000000000,0.0000000000,0.8626713157,0.7037360668,0.7040619850,0.0277776793,0.2363236696,0.2177931368,0.1120764241,0.1272664368,0.0000003260,0.0424796492,0.1591068804,0.0358634256,0.0010754615,0.1280437559,0.0001384636,0.0774583146,0.1279941052,0.0099584097
15:25:01:03.581,61,0.1028047949,0.2007163763,0.1278537214,0.0000000000,0.0000000000,0.1314998269,0.0000000000,0.1027693450,0.2014059424,0.0000000000,0.0017148559,0.0000000000,0.1315496117,0.0000000000,0.1250714362,0.0000000000,0.0280525219,0.2243930101,0.1871405691,0.3866602480,0.1165430248,0.0126087749,0.0000000000,0.1244164482,0.1291368455,0.0000000000,0.0000000000,0.0617353059,0.0630555376,0.3877724707,0.3813700378,0.0362625197,0.0649367347,0.0437759012,0.0221540108,0.0384176448,0.0372754075,0.3632701933,0.3380355537,0.0411803126,0.0380531251,0.0000000000,0.0000000000,0.8635016680,0.7046383023,0.7049571276,0.0273720995,0.2438624352,0.2243369520,0.1121419072,0.1273397356,0.0000003822,0.0438822061,0.1508323252,0.0390538946,0.0010396278,0.1230319664,0.0001285567,0.0775138885,0.1229818165,0.0095712664
15:25:01:04.583,61,0.0965901390,0.1828424484,0.1234281659,0.0000000000,0.0000000000,0.1475024223,0.0000000000,0.0965441465,0.1834425628,0.0025292558,0.0000000000,0.0000000000,0.1475608498,0.0000000000,0.1287044138,0.0000000000,0.0282243658,0.2264322490,0.1866798997,0.3861270249,0.1132272780,0.0151109574,0.0000000000,0.1340309829,0.1378245354,0.0000000000,0.0000000000,0.0630334169,0.0641942397,0.3892867565,0.3822735846,0.0364967473,0.0651285872,0.0439109355,0.0223268028,0.0382282436,0.0371419974,0.3710239828,0.3426619768,0.0419930331,0.0387309007,0.0000000000,0.0000000000,0.8647753596,0.7055156827,0.7058273554,0.0268878378,0.2480857074,0.2282390893,0.1121964976,0.1273488849,0.0000010704,0.0439555682,0.1462479383,0.0406798907,-0.0015353443,0.1120588407,-0.0001727726,0.0749272779,0.1120076776,0.0084196217
15:25:01:05.585,61,0.0924253613,0.1629168987,0.1199486777,0.0000000000,0.0000000000,0.1682703942,0.0000000000,0.0923642367,0.1634368002,0.0057838382,0.0000000000,0.0000000000,0.1683894992,0.0000000000,0.1325346529,0.0000000000,0.0280380901,0.2307076454,0.1864361167,0.3836612403,0.1054878458,0.0188461561,0.0000000000,0.1412098408,0.1434717178,0.0000000000,0.0000000000,0.0647644177,0.0657786131,0.3906798959,0.3826223016,0.0367792733,0.0656247512,0.0438564420,0.0224038903,0.0379751399,0.0369601995,0.3832845092,0.3497929871,0.0425890125,0.0392136313,0.0000000000,0.0000000000,0.8656132221,0.7059484124,0.7062553763,0.0263271462,0.2503576875,0.2306158245,0.1118805856,0.1268963516,0.0000013710,0.0439193733,0.1401048750,0.0415234268,-0.0035155525,0.0998384953,-0.0003521575,0.0729092658,0.0997862592,0.0072929929
15:25:01:06.587,61,0.0807539076,0.1421499401,0.1176624894,0.0000000000,0.0000000000,0.1835294813,0.0000000000,0.0806682110,0.1426017433,0.0079264231,0.0000000000,0.0000000000,0.1836702228,0.0000000000,0.1341729164,0.0000000000,0.0277206525,0.2322593927,0.1867150366,0.3813256025,0.1026982740,0.0216039065,0.0000000000,0.1479649991,0.1482904702,0.0000000000,0.0000000000,0.0657886416,0.0667392910,0.3907312453,0.3756169081,0.0370672084,0.0670194030,0.0436862595,0.0223944522,0.0377352275,0.0367995612,0.3875957131,0.3525038362,0.0429492518,0.0394858159,0.0000000000,0.0000000000,0.8662734032,0.7060236335,0.7063284516,0.0258323979,0.2528380752,0.2352526635,0.1115402430,0.1263941377,0.0000019545,0.0441965871,0.1333060414,0.0415288731,-0.0048236181,0.0871114656,-0.0004212569,0.0716046542,0.0870581195,0.0062441430
15:25:01:07.588,61,0.0672517791,0.1221416146,0.1183778644,0.0000000000,0.0000000000,0.1924322844,0.0000000000,0.0671069995,0.1225483790,0.0068846806,0.0000000000,0.0000000000,0.1925669014,0.0000000000,0.1355468482,0.0000000000,0.0274155699,0.2381239831,0.1866887212,0.3807420135,0.1010088250,0.0231646318,0.0000000000,0.1502922922,0.1498607248,0.0000000000,0.0000000000,0.0665226430,0.0674443319,0.3886483014,0.3694285750,0.0372237898,0.0677763075,0.0433590412,0.0223420877,0.0374580026,0.0365911536,0.4011132121,0.3642872572,0.0433426313,0.0397942737,0.0000000000,0.0000000000,0.8674985766,0.7066195011,0.7069250941,0.0253145229,0.2534333766,0.2365118414,0.1109270155,0.1249018982,0.0000063062,0.0450055785,0.1266623288,0.0409588069,-0.0041938336,0.0748612061,-0.0003145423,0.0721113831,0.0748068616,0.0053997762
15:25:01:08.590,61,0.0626080781,0.1227575988,0.1160834730,0.0000000000,0.0000000000,0.1966238320,0.0000000000,0.0624491423,0.1231527254,0.0093227290,0.0000000000,0.0000000000,0.1967583597,0.0000000000,0.1360055953,0.0000000000,0.0273075067,0.2403779775,0.1867505014,0.3806495965,0.0999927968,0.0242178943,0.0000000000,0.1501658708,0.1491438448,0.0000000000,0.0000000000,0.0669876337,0.0678744912,0.3815391064,0.3633675575,0.0372399092,0.0683098435,0.0428603999,0.0221923497,0.0370921753,0.0362801291,0.4054026604,0.3680500090,0.0436251946,0.0400028154,0.0000000000,0.0000000000,0.8680289984,0.7069242597,0.7072295547,0.0248032641,0.2525477111,0.2363546938,0.1102825627,0.1232129186,0.0000056440,0.0458639599,0.1203166470,0.0402202755,-0.0056788237,0.0752309486,-0.0004280288,0.0707117543,0.0751765817,0.0053214170
15:25:01:09.591,61,0.0626257434,0.1278043389,0.1140667722,0.0000000000,0.0000000000,0.1990938932,0.0000000000,0.0624878109,0.1281994879,0.0115595991,0.0000000000,0.0000000000,0.1992290467,0.0000000000,0.1348427236,0.0000000000,0.0271938592,0.2520954311,0.1865646690,0.3879865408,0.0994546339,0.0247455165,0.0000000000,0.1477692425,0.1486887783,0.0000000000,0.0000000000,0.0673284158,0.0682163239,0.3674075603,0.3516759872,0.0370062627,0.0685701445,0.0418456644,0.0219579488,0.0366124250,0.0358409584,0.4079829156,0.3718066216,0.0440050922,0.0403364077,0.0000000000,0.0000000000,0.8680049777,0.7067702413,0.7070746422,0.0242616069,0.2478678375,0.2344259024,0.1095021144,0.1213602573,0.0000053092,0.0456216857,0.1156560481,0.0395819992,-0.0070397155,0.0783145726,-0.0005524374,0.0694668442,0.0782603696,0.0054431930
15:25:01:10.593,61,0.0620705858,0.1297209710,0.1122691482,0.0000000000,0.0000000000,0.1999088526,0.0000000000,0.0619370677,0.1301095635,0.0134097096,0.0000000000,0.0000000000,0.2000438422,0.0000000000,0.1266153306,0.0000000000,0.0272251461,0.2907037437,0.1865143329,0.4079101980,0.1014047936,0.0245585591,0.0000000000,0.1455908269,0.1483653635,0.0000000000,0.0000000000,0.0675464943,0.0684695691,0.3278757334,0.3229338229,0.0364750884,0.0686178282,0.0396495499,0.0216345172,0.0360320285,0.0352749489,0.4094229639,0.3755508661,0.0445130058,0.0408559963,0.0000000000,0.0000000000,0.8664446473,0.7046719790,0.7049596310,0.0237038229,0.2373182625,0.2293826193,0.1088079363,0.1202182919,0.0000045511,0.0446140580,0.1125680879,0.0391085669,-0.0081656650,0.0794820711,-0.0006503868,0.0683657750,0.0794279724,0.0054373117
15:25:01:11.594,61,0.0615112893,0.1311853081,0.1105578989,0.0000000000,0.0000000000,0.1992604136,0.0000000000,0.0613813512,0.1315665990,0.0151985753,0.0000000000,0.0000000000,0.1993896514,0.0000000000,0.1231092885,0.0000000000,0.0276133716,0.3027269542,0.1860132068,0.4302900434,0.1054309607,0.0225871690,0.0000000000,0.1441370100,0.1480955034,0.0000000000,0.0000000000,0.0677154362,0.0686828941,0.3157172501,0.3135383725,0.0355148651,0.0685033500,0.0375600159,0.0212979950,0.0354683436,0.0346985087,0.4122689962,0.3878882527,0.0461101905,0.0427113138,0.0000000000,0.0000000000,0.8625608683,0.6996681094,0.6999288201,0.0231744945,0.2322845906,0.2262580693,0.1082571745,0.1193638593,0.0000000728,0.0408058465,0.1116689816,0.0384810828,-0.0092543121,0.0803729147,-0.0007453910,0.0673189163,0.0803188682,0.0054144915
15:25:01:12.596,61,0.0612882227,0.1356242150,0.1105196700,0.0000000000,0.0000000000,0.1922213882,0.0000000000,0.0611637123,0.1360146552,0.0152744334,0.0000000000,0.0000000000,0.1923329383,0.0000000000,0.1220920160,0.0000000000,0.0298329946,0.3325572610,0.1634329855,0.4388332963,0.1067347080,0.0187396891,0.0000000000,0.1391613930,0.1476478577,0.0000000000,0.0000000000,0.0679542422,0.0690043271,0.3092603087,0.3087788820,0.0340091214,0.0680873841,0.0353782326,0.0209904406,0.0349526629,0.0341350250,0.4681214094,0.4517203867,0.0558822826,0.0527916588,0.0000000000,0.0000000000,0.8558595777,0.6954332590,0.6956626773,0.0226061139,0.2117084712,0.2102922350,0.1076301113,0.1184529662,0.0000000093,0.0351353399,0.1129065305,0.0382901691,-0.0092984308,0.0830902234,-0.0007743805,0.0672807097,0.0830364227,0.0055953441
15:25:01:13.598,61,0.0616291128,0.1405896991,0.1097188964,0.0000000000,0.0000000000,0.1798777729,0.0000000000,0.0615108199,0.1409853250,0.0161731243,0.0000000000,0.0000000000,0.1799786687,0.0000000000,0.1331823766,0.0000000000,0.0324708149,0.3439664245,0.1376743466,0.4420272708,0.1071104184,0.0154526746,0.0000000000,0.1288187057,0.1470263451,0.0000000000,0.0000000000,0.0680776760,0.0692524388,0.3059143126,0.3063538671,0.0319381282,0.0658139884,0.0336880051,0.0207573846,0.0345235020,0.0336307846,0.5282503963,0.5163133144,0.0696165785,0.0673405454,0.0000000000,0.0000000000,0.8491674662,0.6934897304,0.6937084198,0.0220289622,0.1910382360,0.1910361499,0.1065150872,0.1170302704,0.0000000065,0.0294256024,0.1141185686,0.0375483930,-0.0098429816,0.0861272141,-0.0008498371,0.0667760670,0.0860736743,0.0057575526
15:25:01:14.599,61,0.0617391430,0.1430849880,0.1101656705,0.0000000000,0.0000000000,0.1705292165,0.0000000000,0.0616256446,0.1434888095,0.0157475416,0.0000000000,0.0000000000,0.1706117690,0.0000000000,0.1432177424,0.0000000000,0.0395385697,0.3506089151,0.1189161539,0.4360382557,0.1066915467,0.0132932123,0.0000000000,0.1187210530,0.1411492974,0.0000000000,0.0000000000,0.0679387748,0.0692111850,0.3044653535,0.3060591221,0.0294541549,0.0595008954,0.0323320068,0.0205914099,0.0341597982,0.0331742242,0.5602794886,0.5491384268,0.0853118300,0.0820282847,0.0000000000,0.0000000000,0.8465225101,0.6925113797,0.6927266717,0.0214622915,0.1777246594,0.1749845296,0.1056322008,0.1158532724,0.0000000010,0.0248158481,0.1148859560,0.0361719951,-0.0095826946,0.0876563638,-0.0008421292,0.0670391023,0.0876029283,0.0058834138
15:25:01:15.602,61,0.0614953414,0.1452980638,0.1102458760,0.0000000000,0.0000000000,0.1646797359,0.0000000000,0.0613857657,0.1457070708,0.0157265030,0.0000000000,0.0000000000,0.1647460014,0.0000000000,0.1519790441,0.0000000000,0.0428660922,0.3541891873,0.1077775434,0.3933223486,0.0999305025,0.0120546538,0.0000000000,0.1158596873,0.1397782266,0.0000000000,0.0000000000,0.0679350123,0.0692909509,0.3068389595,0.3105892539,0.0274576675,0.0564509779,0.0307862852,0.0203579385,0.0338539407,0.0327746905,0.5984298587,0.5843442082,0.0907680169,0.0872915611,0.0000000000,0.0000000000,0.8451444507,0.6919106245,0.6921272874,0.0209366735,0.1675228924,0.1640153974,0.1035440490,0.1131619513,0.0000000001,0.0225324444,0.1151834056,0.0348240100,-0.0095687434,0.0890114605,-0.0008539713,0.0670798868,0.0889581442,0.0059785354
15:25:01:16.603,61,0.0610146970,0.1460325420,0.1108510718,0.0000000000,0.0000000000,0.1611970216,0.0000000000,0.0609103218,0.1464472264,0.0151543757,0.0000000000,0.0000000000,0.1612537652,0.0000000000,0.1637913138,0.0000000000,0.0452375151,0.3564499915,0.0990999565,0.3817278445,0.0939486921,0.0111548398,0.0000000000,0.1153937578,0.1393837780,0.0000000000,0.0000000000,0.0679711923,0.0693964958,0.3170494735,0.3211100996,0.0258750133,0.0543108359,0.0295548942,0.0201284122,0.0336545371,0.0324819721,0.6232982278,0.6101745367,0.0938820168,0.0903256685,0.0000000000,0.0000000000,0.8442016244,0.6912167668,0.6914364100,0.0204592533,0.1602879614,0.1568120867,0.1016995460,0.1110662594,0.0000000000,0.0209431704,0.1147665754,0.0334990807,-0.0092202611,0.0894633383,-0.0008270713,0.0674454123,0.0894100443,0.0060417615
15:25:01:17.604,61,0.0606720336,0.1469766796,0.1114238203,0.0000000000,0.0000000000,0.1590236276,0.0000000000,0.0605737753,0.1473973244,0.0146515490,0.0000000000,0.0000000000,0.1590750515,0.0000000000,0.1768855155,0.0000000000,0.0465419367,0.3577319384,0.0921514332,0.3719528019,0.0870626047,0.0105255004,0.0000000000,0.1162908748,0.1403560489,0.0000000000,0.0000000000,0.0681271181,0.0696367398,0.3391613960,0.3387123048,0.0247981697,0.0528922006,0.0286263116,0.0199251790,0.0335676596,0.0323157497,0.6409512162,0.6263818145,0.0957936943,0.0922275707,0.0000000000,0.0000000000,0.8424510360,0.6868115664,0.6870618463,0.0200174227,0.1538269520,0.1513379216,0.1003840491,0.1096812189,0.0000000000,0.0202743653,0.1148763001,0.0330756381,-0.0089138662,0.0900435001,-0.0008048011,0.0677903667,0.0899902210,0.0061122309
15:25:01:18.607,61,0.0608538687,0.1471605450,0.1115386263,0.0000000000,0.0000000000,0.1580356061,0.0000000000,0.0607620664,0.1475823671,0.0145456335,0.0000000000,0.0000000000,0.1580845714,0.0000000000,0.1924073100,0.0000000000,0.0475082137,0.3584631979,0.0882282555,0.3679255247,0.0830754638,0.0101018762,0.0000000000,0.1163873821,0.1404291689,0.0000000000,0.0000000000,0.0682381317,0.0698214322,0.3520388603,0.3514248729,0.0239561964,0.0517202243,0.0279077776,0.0198154505,0.0335820466,0.0322543159,0.6489027143,0.6340398788,0.0988812372,0.0952817127,0.0000000000,0.0000000000,0.8378257155,0.6812945604,0.6815695167,0.0196247026,0.1508030593,0.1486499012,0.0994848683,0.1087412238,0.0000000000,0.0191560686,0.1162530184,0.0338992625,-0.0088493386,0.0901564732,-0.0007999832,0.0678595304,0.0901032090,0.0061261812
15:25:01:19.607,61,0.0608817972,0.1476122290,0.1123815700,0.0000000000,0.0000000000,0.1572406888,0.0000000000,0.0607962422,0.1480408460,0.0137237078,0.0000000000,0.0000000000,0.1572880745,0.0000000000,0.2013421059,0.0000000000,0.0481370091,0.3592543602,0.0862907469,0.3662557006,0.0810833126,0.0098197460,0.0000000000,0.1148968041,0.1399804950,0.0000000000,0.0000000000,0.0683474243,0.0699989423,0.3604086041,0.3580728173,0.0232800413,0.0508792140,0.0273255911,0.0197431464,0.0336266868,0.0322319232,0.6530638337,0.6380531192,0.1002700329,0.0966910720,0.0000000000,0.0000000000,0.8318750858,0.6758546829,0.6761562228,0.0192698948,0.1477416307,0.1457179189,0.0987253040,0.1079712287,0.0000000000,0.0175960306,0.1182879657,0.0354084112,-0.0083490787,0.0904361680,-0.0007571150,0.0683706552,0.0903829262,0.0061915172
15:25:01:20.609,61,0.0604599677,0.1473966241,0.1136633754,0.0000000000,0.0000000000,0.1565507650,0.0000000000,0.0603801645,0.1478336602,0.0124641778,0.0000000000,0.0000000000,0.1565969586,0.0000000000,0.2085300386,0.0000000000,0.0486963578,0.3637550473,0.0854153782,0.3700491190,0.0800687671,0.0095375692,0.0000000000,0.1112641469,0.1384837925,0.0000000000,0.0000000000,0.0684501827,0.0701711997,0.3642973602,0.3614422679,0.0227202587,0.0502701923,0.0268382300,0.0196918957,0.0336919613,0.0322326608,0.6553204060,0.6403458118,0.1010947451,0.0975787640,0.0000000000,0.0000000000,0.8286586404,0.6719859242,0.6723059416,0.0189549942,0.1460279822,0.1438538879,0.0980088189,0.1072523743,0.0000000001,0.0167130679,0.1213147268,0.0368022323,-0.0075829071,0.0903090462,-0.0006866663,0.0691512972,0.0902557746,0.0062532392
15:25:01:21.610,61,0.0589923263,0.1459197998,0.1153702140,0.0000000000,0.0000000000,0.1557881683,0.0000000000,0.0589396991,0.1463652253,0.0107584493,0.0000000000,0.0000000000,0.1558340490,0.0000000000,0.2125722617,0.0000000000,0.0491406024,0.3703027666,0.0853136256,0.3783099651,0.0797561184,0.0091956938,0.0000000000,0.0974080414,0.1301114559,0.0000000000,0.0000000000,0.0685395896,0.0703262463,0.3664628267,0.3633664548,0.0222541876,0.0498730391,0.0264207721,0.0196450651,0.0337405019,0.0322135165,0.6561824679,0.6413868070,0.1013189331,0.0979258791,0.0000000000,0.0000000000,0.8259283900,0.6694149971,0.6697422266,0.0186750758,0.1432237625,0.1411682665,0.0968858749,0.1061690450,0.0000000001,0.0163103454,0.1236446723,0.0376225524,-0.0065457118,0.0894113407,-0.0005868212,0.0701954067,0.0893579796,0.0062840222
15:25:01:22.612,61,0.0579300150,0.1430063993,0.1163720563,0.0000000000,0.0000000000,0.1550534964,0.0000000000,0.0578972697,0.1434517652,0.0097030448,0.0000000000,0.0000000000,0.1551007777,0.0000000000,0.2150976062,0.0000000000,0.0494465940,0.3799736202,0.0873191282,0.3901631534,0.0801919103,0.0088454280,0.0000000000,0.0769007280,0.1133653894,0.0000000000,0.0000000000,0.0685892850,0.0704427063,0.3677966595,0.3645689487,0.0218701363,0.0496459678,0.0260722395,0.0196077358,0.0337592252,0.0321721956,0.6535122395,0.6404073834,0.1010682657,0.0978381410,0.0000000000,0.0000000000,0.8244390488,0.6680397987,0.6683685184,0.0184182283,0.1400018632,0.1385306716,0.0952010378,0.1045534909,0.0000000001,0.0166013893,0.1248474643,0.0379530378,-0.0059045102,0.0876312181,-0.0005187449,0.0708161145,0.0875777081,0.0062125432
15:25:01:23.613,61,0.0571663827,0.1408258826,0.1166016534,0.0000000000,0.0000000000,0.1538207382,0.0000000000,0.0571420342,0.1412675381,0.0094085839,0.0000000000,0.0000000000,0.1538827866,0.0000000000,0.2167730629,0.0000000000,0.0494778827,0.4025730789,0.0921273977,0.3979767561,0.0853642300,0.0084612165,0.0000000000,0.0437606536,0.0869920775,0.0000000000,0.0000000000,0.0685697719,0.0705102980,0.3684213758,0.3650236726,0.0215380006,0.0495415777,0.0257523060,0.0195608884,0.0337533616,0.0321209766,0.6509876847,0.6388236880,0.0996956006,0.0974129215,0.0000000000,0.0000000000,0.8235716224,0.6673417687,0.6676675677,0.0181741510,0.1345418394,0.1348508000,0.0926055238,0.1021299437,0.0000000001,0.0169823319,0.1254408211,0.0379327387,-0.0057259905,0.0862968415,-0.0004953624,0.0709640533,0.0862432346,0.0061301645
15:25:01:24.615,61,0.0562222227,0.1389627755,0.1164781675,0.0000000000,0.0000000000,0.1512964070,0.0000000000,0.0562074557,0.1393991709,0.0094606634,0.0000000000,0.0000000000,0.1513856947,0.0000000000,0.2173810750,0.0000000000,0.0492197126,0.4320130944,0.1015904397,0.4030562043,0.0951985568,0.0079744281,0.0000000000,0.0311823357,0.0771335885,0.0000000000,0.0000000000,0.0685313940,0.0705855191,0.3683368266,0.3645163178,0.0212942567,0.0495395362,0.0254679844,0.0194986854,0.0337053202,0.0320272893,0.6411443353,0.6308131218,0.0951066613,0.0949015692,0.0000000000,0.0000000000,0.8232190609,0.6671125889,0.6674332619,0.0179131702,0.1291317940,0.1313139498,0.0892318711,0.0991072580,0.0000000002,0.0174689647,0.1247086972,0.0377778597,-0.0057582497,0.0851555169,-0.0004915327,0.0708958283,0.0851018354,0.0060428344
15:25:01:25.617,61,0.0556103960,0.1388798952,0.1161553487,0.0000000000,0.0000000000,0.1467652470,0.0000000000,0.0555996969,0.1393139362,0.0097421911,0.0000000000,0.0000000000,0.1468827873,0.0000000000,0.2172569782,0.0000000000,0.0489755012,0.4675383866,0.1122494191,0.4119373262,0.1083700731,0.0074022035,0.0000000000,0.0079042492,0.0278433729,0.0000000000,0.0000000000,0.0684178844,0.0705843940,0.3683137894,0.3644064665,0.0211155917,0.0494872294,0.0252250768,0.0194372050,0.0335893892,0.0318616331,0.6310455203,0.6221487522,0.0896984637,0.0908260196,0.0000000000,0.0000000000,0.8242290020,0.6677855253,0.6680856943,0.0175928418,0.1224704236,0.1255503297,0.0855265111,0.0956098586,0.0000000009,0.0179940984,0.1235101968,0.0373995006,-0.0059296293,0.0851035491,-0.0005058512,0.0706996545,0.0850498900,0.0060224454
15:25:01:26.618,61,0.0563581511,0.1401553601,0.1156152338,0.0000000000,0.0000000000,0.1383340508,0.0000000000,0.0563513860,0.1405888647,0.0101883411,0.0000000000,0.0000000000,0.1384571493,0.0000000000,0.2162621468,0.0000000000,0.0489179976,0.5121890903,0.1270894706,0.4493633509,0.1283507198,0.0067746560,0.0000000000,0.0000000000,0.0000000000,0.0632468015,0.0162405334,0.0681933835,0.0704388916,0.3706498146,0.3701507449,0.0210918505,0.0492388308,0.0251664072,0.0194934309,0.0333948210,0.0316105001,0.6135981679,0.6060013175,0.0861533284,0.0877809227,0.0000000000,0.0000000000,0.8339935541,0.6757379174,0.6759845614,0.0172032267,0.1135236919,0.1163297370,0.0822610408,0.0922895148,0.0000000011,0.0188698415,0.1224130541,0.0372950844,-0.0062007662,0.0858825147,-0.0005338471,0.0703662187,0.0858289748,0.0060492656
15:25:01:27.620,61,0.0845759511,0.1487661600,0.1156725883,0.0000000000,0.0000000000,0.1262291521,0.0000000000,0.0845537558,0.1492202580,0.0100001870,0.0000000000,0.0000000000,0.1263408661,0.0000000000,0.2127627730,0.0000000000,0.0486985445,0.5359005928,0.1412829906,0.4737092257,0.1418189406,0.0063459873,0.0000000000,0.0000000000,0.0000000000,0.0900033861,0.0546033643,0.0678715184,0.0701690018,0.3858615458,0.3854377270,0.0212304275,0.0489041768,0.0252771862,0.0196395721,0.0330853909,0.0312585346,0.5994020104,0.5867830515,0.0833474547,0.0850096494,0.0000000000,0.0000000000,0.8512506485,0.6947361827,0.6949951649,0.0167831108,0.1050956398,0.1070483774,0.0803757906,0.0905775875,0.0000000012,0.0200373102,0.1201756373,0.0363203436,-0.0060834060,0.0911551714,-0.0005560714,0.0703683197,0.0911021680,0.0064231069
15:25:01:28.621,61,0.1732684672,0.1896620095,0.1182217821,0.0000000000,0.0000000000,0.1203948855,0.0000000000,0.1731784046,0.1902341396,0.0075455718,0.0000000000,0.0000000000,0.1204934865,0.0000000000,0.2015573531,0.0000000000,0.0482033230,0.5561839938,0.1517854333,0.4830586612,0.1499290019,0.0060090041,0.0000000000,0.0000000000,0.0000000000,0.1133857965,0.0776634440,0.0676327273,0.0699810535,0.3986071944,0.3947712481,0.0215580314,0.0487979315,0.0254529230,0.0197704136,0.0327222496,0.0308606513,0.5885442495,0.5735650063,0.0788598955,0.0803624094,0.0000000000,0.0000000000,0.8705024123,0.7169042230,0.7172189951,0.0163732097,0.1010923684,0.1019794419,0.0793231428,0.0895958617,0.0000000011,0.0225010179,0.1182491779,0.0344031751,-0.0045782393,0.1162086576,-0.0005344371,0.0717326105,0.1161580235,0.0083626229
15:25:01:29.622,61,0.3674491942,0.3342487812,0.1267968118,0.0000000000,0.0000000000,0.1179861948,0.0000000000,0.3666674197,0.3352948427,0.0000000000,0.0007182318,0.0000000000,0.1180771813,0.0000000000,0.1789968312,0.0000000000,0.0472004749,0.5679517388,0.1779022217,0.4875146151,0.1920151412,0.0056376783,0.0000000000,0.0000000000,0.0000000000,0.1399558336,0.1046982110,0.0675448105,0.0699122772,0.4031752050,0.3982813358,0.0220504720,0.0497711413,0.0256689843,0.0198309664,0.0323290527,0.0304320659,0.5795954466,0.5652843118,0.0714240298,0.0732768327,0.0000000000,0.0000000000,0.8859328628,0.7321892381,0.7326220274,0.0159895327,0.0989061967,0.0983024687,0.0789205953,0.0891714618,0.0000000004,0.0258256029,0.1164099127,0.0322214514,0.0004295721,0.2048200071,0.0000892363,0.0758436769,0.2047779858,0.0157355200
15:25:01:30.624,61,0.7879323363,0.3289055526,0.1631798148,0.0000000000,0.0000000000,0.1166207716,0.0000000000,0.7854266167,0.3304787874,0.0000000000,0.0391024016,0.0000000000,0.1167058870,0.0000000000,0.1628112495,0.0000000000,0.0435369387,0.5694540143,0.1951123476,0.4440323114,0.2552874684,0.0056701363,0.0000000000,0.0000000000,0.0000000000,0.1484329849,0.1135816947,0.0676330477,0.0699492618,0.3985637128,0.3795471787,0.0225999113,0.0516113117,0.0258019082,0.0197208002,0.0319578946,0.0300313178,0.5555396080,0.5425177813,0.0675835311,0.0690165684,0.0000000000,0.0000000000,0.8924114108,0.7382360697,0.7386983037,0.0157854781,0.0977807045,0.0966243818,0.0787755176,0.0890834481,0.0000000022,0.0290481392,0.1156374961,0.0304219536,0.0234011225,0.2019340694,0.0047903061,0.0976692364,0.2018923759,0.0199566130
15:25:01:31.626,61,0.9117755294,0.2638289928,0.1662024558,0.0000000000,0.0000000000,0.0989970341,0.0000000000,0.9089164138,0.2651495636,0.0000000000,0.0441816337,0.0000000000,0.0990202576,0.0000000000,0.1467733234,0.0000000000,0.0422192588,0.5621005297,0.2136091292,0.4466641843,0.2863933444,0.0057650236,0.0000000000,0.0000000000,0.0000000000,0.1475537121,0.1142523810,0.0677707046,0.0700251609,0.3801340759,0.3625133932,0.0231968444,0.0526025891,0.0260216314,0.0195898041,0.0317552201,0.0298224557,0.5209707022,0.4979706705,0.0656957626,0.0669802725,0.0000000000,0.0000000000,0.8966266513,0.7415711284,0.7420367599,0.0157230571,0.0974039435,0.0961964652,0.0797981694,0.0927197784,0.0000000297,0.0346613452,0.1161985397,0.0305406991,0.0266356915,0.1620286107,0.0043533705,0.1002071798,0.1619837135,0.0163465589
15:25:01:32.628,61,0.9418549538,0.2179873288,0.1798326671,0.0000000000,0.0000000000,0.0849182382,0.0000000000,0.9436879754,0.2192276120,0.0000000000,0.0594596937,0.0000000000,0.0849214718,0.0000000000,0.1218870431,0.0000000000,0.0414661840,0.5020941496,0.2258536965,0.4441203177,0.2997152507,0.0055850805,0.0000000000,0.0000000000,0.0000000000,0.0817309096,0.0507813916,0.0682460815,0.0704395548,0.3547332883,0.3387847245,0.0238399096,0.0554485098,0.0262338519,0.0193529278,0.0317616723,0.0298199877,0.4537362158,0.4385700226,0.0630869344,0.0637788475,0.0000000000,0.0000000000,0.8988060951,0.7431940436,0.7436527014,0.0158523228,0.1058084294,0.1071627513,0.0842764750,0.1006411389,0.0000000308,0.0420722440,0.1163748801,0.0318175331,0.0359965079,0.1340058595,0.0048517403,0.1088771224,0.1339588314,0.0146429082
15:25:01:33.628,61,0.9444890022,0.2032409459,0.1896657646,0.0000000000,0.0000000000,0.0784712955,0.0000000000,0.9431181550,0.2044935226,0.0000000000,0.0696324185,0.0000000000,0.0784664750,0.0000000000,0.1084866002,0.0000000000,0.0408239067,0.4676288962,0.2864476442,0.4030190408,0.3136368096,0.0052449689,0.0000000000,0.0000000000,0.0000000000,0.0474406332,0.0185079500,0.0690267459,0.0714569688,0.3351160884,0.3201337755,0.0256256685,0.0669182986,0.0265372507,0.0190258194,0.0320202373,0.0300369430,0.4054361582,0.4077965915,0.0530613028,0.0539310426,0.0000000000,0.0000000000,0.8993965983,0.7386992574,0.7391528487,0.0162618831,0.1364335418,0.1314444095,0.0940371156,0.1146278456,0.0000004458,0.0540027320,0.1197973564,0.0340302996,0.0422043875,0.1250299215,0.0053028557,0.1149644777,0.1249821410,0.0144109987
15:25:01:34.631,61,0.9312448502,0.2070251107,0.1995235831,0.0000000000,0.0000000000,0.0760013685,0.0000000000,0.9316346049,0.2083946615,0.0000000000,0.0788543597,0.0000000000,0.0759924725,0.0000000000,0.1007520854,0.0000000000,0.0387688354,0.4330439866,0.3356972039,0.3786765933,0.3308834434,0.0047756992,0.0000000000,0.0000000000,0.0290082097,0.0204831250,0.0000000000,0.0696624368,0.0722311065,0.3214825392,0.3033056259,0.0284255818,0.0823301151,0.0269082058,0.0186323747,0.0324156135,0.0303732306,0.3672248721,0.3686922193,0.0433776453,0.0447426811,0.0000000000,0.0000000000,0.8869999647,0.7158133388,0.7165589929,0.0170336198,0.1559417844,0.1525951028,0.1001545787,0.1234551445,0.0000018424,0.0670638308,0.1233941019,0.0368362553,0.0477793105,0.1274473071,0.0061201239,0.1209038869,0.1273994744,0.0154480385
15:25:01:35.632,61,0.8628807664,0.2474581450,0.2004861534,0.0000000000,0.0000000000,0.1064830869,0.0000000000,0.8621797562,0.2490962297,0.0000000000,0.0777029917,0.0000000000,0.1064892858,0.0000000000,0.0970085710,0.0000000000,0.0304390751,0.4157585800,0.3833950758,0.3533938229,0.3385259211,0.0041630957,0.0000000000,0.0000000000,0.0475226901,0.0076577188,0.0000000000,0.0702353492,0.0728643164,0.3129957318,0.2914027572,0.0333755389,0.1000906676,0.0273961499,0.0182472188,0.0328634791,0.0307471175,0.3477837145,0.3518111408,0.0363476276,0.0377101861,0.0000000000,0.0000000000,0.8453199267,0.6721658707,0.6731881499,0.0180135574,0.1795689762,0.1731688827,0.1028402224,0.1268190891,0.0000024677,0.0801130459,0.1270403862,0.0395046435,0.0469171926,0.1523331404,0.0072000795,0.1210665628,0.1522868872,0.0185332280
15:25:01:36.634,61,0.5918022394,0.3866435587,0.1734872311,0.0000000000,0.0000000000,0.1569197625,0.0000000000,0.5881451964,0.3886466920,0.0000000000,0.0479431078,0.0000000000,0.1569256186,0.0000000000,0.0935537145,0.0000000000,0.0263324212,0.4082171917,0.4000574052,0.3468360901,0.3321813643,0.0033416785,0.0000000000,0.0323410183,0.0877452418,0.0000000000,0.0000000000,0.0708738044,0.0735358372,0.3068047762,0.2850911915,0.0357336663,0.1084111854,0.0279237796,0.0179677233,0.0332579799,0.0310771447,0.3395987451,0.3441932201,0.0325316079,0.0341654457,0.0000000000,0.0000000000,0.7930375934,0.6348047853,0.6369349360,0.0185661446,0.1891536117,0.1807325333,0.1042018682,0.1279651970,0.0000027529,0.0875719637,0.1298702955,0.0417435691,0.0284650698,0.2375088483,0.0068897260,0.1030244976,0.2374702692,0.0248865299
15:25:01:37.634,61,0.3993502259,0.3246580660,0.1759637892,0.0000000000,0.0000000000,0.1886482090,0.0000000000,0.3987790942,0.3264156282,0.0000000000,0.0498505235,0.0000000000,0.1886544377,0.0000000000,0.0917013437,0.0000000000,0.0246645361,0.4068194032,0.3649113774,0.3625854552,0.2596602440,0.0020371652,0.0000000000,0.0924883410,0.1379812062,0.0000000000,0.0000000000,0.0730937347,0.0762571022,0.2956091762,0.2786309719,0.0369875096,0.1121905521,0.0284372177,0.0178101826,0.0335496664,0.0313690491,0.3510200381,0.3452511132,0.0307281148,0.0324785747,0.0000000000,0.0000000000,0.7116027474,0.5691905022,0.5711499453,0.0187909976,0.2027371675,0.1904640049,0.1053753793,0.1288833320,0.0000023545,0.0943909064,0.1305824071,0.0443504564,0.0298484080,0.1994860172,0.0060336334,0.1053752825,0.1994434148,0.0212569758
15:25:01:38.636,61,0.3113487363,0.2513807118,0.1858200878,0.0000000000,0.0000000000,0.2242387682,0.0000000000,0.3113446832,0.2528988421,0.0000000000,0.0590669699,0.0000000000,0.2242428362,0.0000000000,0.1005538702,0.0000000000,0.0244809669,0.4642464221,0.2460581660,0.3701373637,0.1484436989,0.0000000000,0.0011462050,0.1813625097,0.2265483439,0.0000000000,0.0000000000,0.0968364030,0.1030344591,0.2924374640,0.2771044075,0.0375425965,0.1137515754,0.0287078135,0.0177943707,0.0337827913,0.0316356234,0.4543769360,0.4438869059,0.0348949954,0.0399055630,0.0000000000,0.0000000000,0.6052787304,0.4914416373,0.4931306243,0.0186929125,0.2480037361,0.2378428727,0.1064937562,0.1312821507,0.0000180649,0.1042265669,0.1284511387,0.0452288948,0.0356520601,0.1545861661,0.0055544064,0.1121696830,0.1545386761,0.0174354929
15:25:01:39.639,61,0.2176503837,0.1821331233,0.2283063531,0.0000000000,0.0000000000,0.2492037117,0.0000000000,0.2176880836,0.1836376041,0.0000000000,0.1016040742,0.0000000000,0.2491752803,0.0000000000,0.1545900106,0.0000000000,0.0251353718,0.4979399741,0.1543790549,0.2792070806,0.0892254785,0.0000000000,0.0057367133,0.2905302942,0.3540261984,0.0000000000,0.0000000000,0.1087580249,0.1145545319,0.3173598945,0.2934734523,0.0373897702,0.1100562438,0.0285060573,0.0176670477,0.0339896567,0.0318733193,0.6046107411,0.6004202962,0.0469243079,0.0602782741,0.0000000000,0.0000000000,0.4776769578,0.3997317255,0.4011776745,0.0183748677,0.2614496052,0.2517205477,0.1086652502,0.1396521777,0.0000174086,0.1169982553,0.1223286912,0.0468942523,0.0616757907,0.1123924404,0.0069567040,0.1385965347,0.1123405322,0.0155845694
15:25:01:40.640,61,0.1680703312,0.1276867837,0.2857113779,0.0000000000,0.0000000000,0.2632036507,0.0000000000,0.1680311114,0.1291192323,0.0000000000,0.1603218764,0.0000000000,0.2631061971,0.0000000000,0.1719743609,0.0000000000,0.0252978019,0.5602760911,0.1211007759,0.2041794956,0.0646170154,0.0000000000,0.0116869239,0.3826714456,0.4655246735,0.0000000000,0.0000000000,0.1162444055,0.1201728135,0.3714740574,0.3156017661,0.0358365662,0.0987699255,0.0280533191,0.0174862165,0.0341571979,0.0320734605,0.6882498860,0.6929537058,0.0552015975,0.0746906623,0.0000000000,0.0000000000,0.3452717364,0.2970765829,0.2983823717,0.0178953744,0.2699165642,0.2635851800,0.1183852777,0.1655998230,0.0000171188,0.1321790516,0.1162198931,0.0490891449,0.0976296142,0.0792526454,0.0077411802,0.1739950925,0.0791976824,0.0137384553
15:25:01:41.641,61,0.1267460287,0.0931034014,0.3134467006,0.0000000000,0.0000000000,0.2720113695,0.0000000000,0.1267322749,0.0942949057,0.0000000000,0.1890299767,0.0000000000,0.2718634605,0.0000000000,0.1894953102,0.0000000000,0.0251706503,0.5798488855,0.1038353667,0.1788155586,0.0517419428,0.0000000000,0.0165249333,0.4205971062,0.5117217302,0.0000000000,0.0000000000,0.1207856163,0.1233204827,0.3875293434,0.3258316815,0.0341638364,0.0908960253,0.0275660045,0.0173562225,0.0344112776,0.0323344655,0.7214532495,0.7287454009,0.0639720112,0.0894055068,0.0000000000,0.0000000000,0.2389394343,0.2008721977,0.2020555586,0.0173651222,0.2870541513,0.2863010466,0.1392988265,0.1965305358,0.0000173764,0.1452167928,0.1113123819,0.0493334979,0.1152794808,0.0579867847,0.0066772769,0.1911602914,0.0579300113,0.0110184792
15:25:01:42.644,61,0.0353649259,0.0543836690,0.3226535022,0.0000000000,0.0000000000,0.2814144492,0.0000000000,0.0353519619,0.0551429056,0.0000000000,0.1990277320,0.0000000000,0.2812317610,0.0000000000,0.2124183327,0.0000000000,0.0242581517,0.5911110044,0.0948515162,0.1654496193,0.0448738039,0.0000000000,0.0189761259,0.4933736324,0.5850318670,0.0000000000,0.0000000000,0.1242105067,0.1252399832,0.3958930373,0.3303585351,0.0329885744,0.0842977688,0.0271347743,0.0173145011,0.0347921401,0.0326985270,0.7386387587,0.7472299337,0.0739549771,0.1046072543,0.0000000000,0.0000000000,0.1604727060,0.1118777767,0.1127796173,0.0168253649,0.3121325970,0.3151041269,0.1642595530,0.2327587754,0.0000383957,0.1561799049,0.1075614542,0.0497944914,0.1215098277,0.0339352004,0.0041148765,0.1969876289,0.0338764898,0.0066326158
15:25:01:43.645,61,0.0070530842,0.0082083102,0.3429954648,0.0000000000,0.0000000000,0.2964673042,0.0245291870,0.0070427796,0.0084145376,0.0000000000,0.2205706686,0.0000000000,0.2962099612,0.0245607831,0.2328193039,0.0000000000,0.0199789181,0.5969327688,0.0900643170,0.1578970701,0.0410572737,0.0000000000,0.0201392733,0.5640029311,0.6411570311,0.0000000000,0.0000000000,0.1272472292,0.1264449656,0.4025039971,0.3328466117,0.0320513919,0.0721431151,0.0268263891,0.0174335018,0.0352907665,0.0331566259,0.7477703691,0.7568010688,0.0949635282,0.1280128509,0.0000000000,0.0000000000,0.1226876080,0.0488240905,0.0495815873,0.0163264219,0.3337293267,0.3344915509,0.1800447702,0.2496465296,0.0000767953,0.1627804935,0.1035925001,0.0513987914,0.1347371638,0.0051871617,0.0006967970,0.2095213234,0.0051262821,0.0010662331
15:25:01:44.646,61,0.0000000000,0.0000000000,0.3514330685,0.0000000000,0.0279045440,0.3247428238,0.0907886848,0.0000000000,0.0000000000,0.0000000000,0.2297986895,0.0281382967,0.3244558871,0.0908588544,0.2881701887,0.0000000000,0.0132323559,0.6001072526,0.0874209702,0.1536922008,0.0388177894,0.0000000000,0.0197321959,0.6022125483,0.6761474609,0.0000000000,0.0000000000,0.1338312328,0.1274867654,0.4338330925,0.3381239772,0.0312488861,0.0636413768,0.0267018285,0.0177452583,0.0366975665,0.0342003554,0.7627598643,0.7654132247,0.1185157076,0.1530746818,0.0000000000,0.0000000000,0.1000806093,0.0119693298,0.0126556093,0.0158762485,0.3585084677,0.3635540903,0.1960477978,0.2638869584,0.0000878520,0.1666500270,0.0986193717,0.0534445979,0.1403653920,-0.0123996064,-0.0017348528,0.2146621048,-0.0124616837,-0.0026546854
15:25:01:45.648,61,0.0000000000,0.0000000000,0.3544358909,0.0000000000,0.0493330024,0.3552679420,0.1640088707,0.0000000000,0.0000000000,0.0000000000,0.2325683087,0.0498602428,0.3548859060,0.1641232967,0.3379867375,0.0000000000,0.0002533915,0.6015980840,0.0858515874,0.1511562616,0.0373521075,0.0000000000,0.0149880452,0.6573086977,0.7190842032,0.0000000000,0.0000000000,0.1481551379,0.1325952262,0.4543620646,0.3466070592,0.0305649359,0.0575156547,0.0267583895,0.0182486679,0.0418342166,0.0387107469,0.7830997705,0.7817980051,0.1436704695,0.1777101755,0.0345850289,0.0338094905,0.0874298662,0.0000000000,0.0000000000,0.0154922688,0.3886178732,0.3975559473,0.2141341120,0.2761694491,0.0001020144,0.1678179353,0.0925160944,0.0571227558,0.1420340538,-0.0219769739,-0.0031114852,0.2164615989,-0.0220399965,-0.0047343750
15:25:01:46.650,61,0.0000000000,0.0000000000,0.3580278456,0.0000000000,0.0562029593,0.3809901774,0.2348641902,0.0000000000,0.0000000000,0.0000000000,0.2357154936,0.0568341650,0.3804553449,0.2349894196,0.3556427360,0.0075431531,0.0000000000,0.6014808416,0.0845867619,0.1472869366,0.0362179279,0.0000000000,0.0125964684,0.6774432063,0.7392297387,0.0000000000,0.0000000000,0.1564424187,0.1381565481,0.4642410576,0.3505974710,0.0298748985,0.0516961776,0.0268596224,0.0188505370,0.0478217006,0.0447737053,0.7917369008,0.7916532755,0.1631541550,0.2022221833,0.0885032117,0.0878298283,0.0765053406,0.0000000000,0.0000000000,0.0151495961,0.3988109231,0.4098293781,0.2234027535,0.2836363316,0.0000722570,0.1677747518,0.0831967294,0.0626821220,0.1439458132,-0.0250577889,-0.0035952576,0.2186399549,-0.0251213443,-0.0054499665
15:25:01:47.652,61,0.0000000000,0.0000000000,0.3596633375,0.0000000000,0.0875151381,0.4095481336,0.2970608175,0.0000000000,0.0000000000,0.0000000000,0.2373747677,0.0885816887,0.4090507329,0.2971761823,0.3645021915,0.0270633195,0.0000000000,0.5876461267,0.0835028812,0.1438551843,0.0353215225,0.0000000000,0.0113186892,0.6888661981,0.7514678240,0.0000000000,0.0000000000,0.1619372219,0.1427728832,0.4689300656,0.3521378934,0.0292884484,0.0485955812,0.0270235203,0.0194996670,0.0526585728,0.0492998473,0.7954525948,0.7955440879,0.1704837680,0.2107409686,0.1358460188,0.1351994425,0.0693744719,0.0000000000,0.0000000000,0.0148801664,0.4040922523,0.4181042612,0.2273511142,0.2866414189,0.0000475720,0.1693258584,0.0750571638,0.0677947998,0.1448949575,-0.0390605666,-0.0056427061,0.2195430398,-0.0391252674,-0.0085249860
15:25:01:48.652,61,0.0000000000,0.0000000000,0.3514379561,0.0000000000,0.1171478257,0.4300591350,0.3431013227,0.0000000000,0.0000000000,0.0000000000,0.2292246372,0.1185750514,0.4297266603,0.3431972861,0.3603432178,0.0352719314,0.0000000000,0.5727984309,0.0815603435,0.1404258758,0.0345658436,0.0000000000,0.0105291223,0.6949200630,0.7578679323,0.0000000000,0.0000000000,0.1669544280,0.1473530531,0.4710190296,0.3517470956,0.0287768915,0.0467924848,0.0271736030,0.0201068074,0.0553631559,0.0519673303,0.7912173271,0.7951402664,0.1726178825,0.2116099298,0.1571657658,0.1565980762,0.0659072250,0.0000000000,0.0000000000,0.0147051234,0.4064968228,0.4223136306,0.2278589606,0.2847540677,0.0000368737,0.1717718393,0.0656570420,0.0727115050,0.1398367882,-0.0522485934,-0.0072889924,0.2143964916,-0.0523141697,-0.0111399498
15:25:01:49.655,61,0.0000000000,0.0000000000,0.3445047438,0.0000000000,0.1226182729,0.4422802329,0.3732397556,0.0000000000,0.0000000000,0.0000000000,0.2211958319,0.1240880489,0.4420369565,0.3733541965,0.3297182322,0.0502015874,0.0000000000,0.5525148511,0.0800838098,0.1383659691,0.0339178294,0.0000000000,0.0100120734,0.6979436874,0.7609612942,0.0000000000,0.0000000000,0.1749068648,0.1545313001,0.4719701409,0.3497571349,0.0284299385,0.0455869772,0.0273833368,0.0207213666,0.0573818646,0.0537599921,0.7661989331,0.7750011086,0.1731725931,0.2110562772,0.1929117739,0.1922860593,0.0637102947,0.0000000000,0.0000000000,0.0146668488,0.4067295492,0.4246631861,0.2284981906,0.2846032381,0.0000224996,0.1733258069,0.0565376617,0.0770062655,0.1349216402,-0.0546406992,-0.0073570563,0.2101403028,-0.0547069386,-0.0114226118
15:25:01:50.655,61,0.0000000000,0.0000000000,0.3364848793,0.0000000000,0.1463431865,0.4507980347,0.3859243095,0.0000000000,0.0000000000,0.0000000000,0.2130021155,0.1480687857,0.4506204724,0.3860506117,0.2996465564,0.0595229752,0.0000000000,0.4864566326,0.0773896724,0.1370909810,0.0333839729,0.0000000000,0.0094664311,0.6988573074,0.7619409561,0.0000000000,0.0000000000,0.1778457165,0.1573836356,0.4413425624,0.3191436231,0.0282876045,0.0446964279,0.0277739484,0.0215065777,0.0595215224,0.0552158207,0.7187351584,0.7295820713,0.1734165996,0.2102348357,0.2197627276,0.2188449651,0.0603343472,0.0000000000,0.0000000000,0.0147392144,0.3982807100,0.4231274128,0.2288974971,0.2844368517,0.0000141814,0.1752346903,0.0439837947,0.0818901360,0.1298425943,-0.0651564375,-0.0084480867,0.2051220387,-0.0652234778,-0.0133032389
15:25:01:51.659,61,0.0000000000,0.0000000000,0.3214566410,0.0000000000,0.1705811620,0.4643260241,0.3915218413,0.0000000000,0.0000000000,0.0000000000,0.1974253058,0.1724979579,0.4642030001,0.3916532099,0.2552250624,0.0633775219,0.0000000000,0.4591000080,0.0761501715,0.1370180994,0.0328949839,0.0000000000,0.0086642699,0.6291317344,0.6918118596,0.0000000000,0.0000000000,0.1799180955,0.1603566557,0.4070924520,0.3042428493,0.0284866244,0.0442371294,0.0282854382,0.0223546959,0.0616060235,0.0565034114,0.6469184756,0.6607136130,0.1668551564,0.1903293133,0.3037896752,0.3027645648,0.0572528504,0.0000000000,0.0000000000,0.0150572509,0.3632116318,0.3804806173,0.2295840234,0.2846984863,0.0000004951,0.1753525585,0.0317167975,0.0867769942,0.1202571690,-0.0758150145,-0.0091125537,0.1958159804,-0.0758829564,-0.0147916442
15:25:01:52.659,61,0.0000000000,0.0000000000,0.3114463985,0.0000000000,0.1896528602,0.4772305191,0.3881992996,0.0000000000,0.0000000000,0.0000000000,0.1868951321,0.1917135864,0.4770673811,0.3884383738,0.2408532202,0.0652606711,0.0000000000,0.4471564293,0.0744263902,0.1432371289,0.0324030109,0.0000000000,0.0074841417,0.5605653524,0.6158319116,0.0000000000,0.0000000000,0.1826275438,0.1620099247,0.3958819807,0.2961569428,0.0289249253,0.0440978594,0.0287803486,0.0231056660,0.0627691224,0.0573870391,0.6338476539,0.6410988569,0.1648227721,0.1846552789,0.4176386893,0.4164947867,0.0546516590,0.0000000000,0.0000000000,0.0155126639,0.3377949297,0.3489589095,0.2362878770,0.2862627208,0.0000001037,0.1739852577,0.0150341541,0.0925515518,0.1137668118,-0.0841963962,-0.0095804632,0.1895928234,-0.0842650980,-0.0159168672
15:25:01:53.661,61,0.0000000000,0.0000000000,0.2994767427,0.0000000000,0.2178619057,0.4887184203,0.3820757270,0.0000000000,0.0000000000,0.0000000000,0.1743955463,0.2201290280,0.4884759784,0.3824149966,0.1829231232,0.0503109172,0.0000000000,0.4240231514,0.0739270374,0.1529339850,0.0320179872,0.0000000000,0.0057580774,0.4593607187,0.5001816750,0.0000000000,0.0000000000,0.1833058447,0.1624482870,0.3739899397,0.2888607085,0.0308442302,0.0442899577,0.0292149410,0.0236884300,0.0628648177,0.0574225299,0.5961428881,0.5862030983,0.1412403286,0.1483493596,0.5234033465,0.5222493410,0.0531789996,0.0000000000,0.0000000000,0.0159509964,0.3085972667,0.3026517332,0.2384529859,0.2866263688,0.0000000186,0.1733116210,-0.0039935908,0.1005896181,0.1060392931,-0.0965936407,-0.0102550928,0.1821047217,-0.0966634229,-0.0175586585
15:25:01:54.668,61,0.0000000000,0.0000000000,0.3005056977,0.0000000000,0.2364995927,0.5134852529,0.3591078222,0.0000000000,0.0000000000,0.0000000000,0.1753797531,0.2389823496,0.5131025314,0.3595150709,0.1591439247,0.0171732679,0.0000000000,0.3565520048,0.0740246028,0.1768542081,0.0319652446,0.0000000000,0.0022517145,0.3810617924,0.3998147249,0.0000000000,0.0000000000,0.1596544087,0.1434884220,0.2947871983,0.2356684506,0.0326426737,0.0446214043,0.0296572037,0.0242418200,0.0617074184,0.0570211336,0.5664286017,0.5552591681,0.1321391761,0.1366890073,0.6147445440,0.6136564016,0.0514703915,0.0000000000,0.0000000000,0.0162913799,0.2963176072,0.2827499807,0.2398238033,0.2864399552,0.0000000005,0.1742797047,-0.0244081262,0.1072239876,0.1065492630,-0.1048726290,-0.0111935707,0.1825809330,-0.1049430072,-0.0191222429
15:25:01:55.664,61,0.0000000000,0.0000000000,0.3005314767,0.0000000000,0.2434572726,0.5286533237,0.3490729332,0.0000000000,0.0000000000,0.0000000000,0.1751408428,0.2460202873,0.5282360315,0.3496936858,0.1364319474,0.0082641337,0.0000000000,0.2970249653,0.0743176341,0.2072252631,0.0342196263,0.0343886614,0.0000000000,0.3350819051,0.2906786501,0.0000000000,0.0000000000,0.1417003721,0.1215484366,0.2447372824,0.1993363351,0.0348620750,0.0448941849,0.0305787697,0.0254006274,0.0605162792,0.0563858710,0.5456435680,0.4944792986,0.1279664487,0.1284971386,0.6775160432,0.6762146354,0.0492419153,0.0000000000,0.0000000000,0.0166721772,0.2714972198,0.2423234135,0.2402138263,0.2746135890,0.0000000003,0.1794046760,-0.0348468907,0.1135047600,0.1063692942,-0.1079591289,-0.0115061244,0.1825377047,-0.1080298796,-0.0196842998
15:25:01:56.665,61,0.0000000000,0.0000000000,0.3111793697,0.0000000000,0.2498080581,0.5372381806,0.3442656100,0.0000000000,0.0000000000,0.0000000000,0.1859713048,0.2525650561,0.5369027853,0.3449968696,0.1190928668,0.0374417007,0.0000000000,0.2502945662,0.0754615739,0.2323190421,0.0577180274,0.0619047545,0.0000000000,0.2828713655,0.1947882026,0.0000000000,0.0000000000,0.1269132942,0.1087950096,0.2222802490,0.1815083325,0.0366077609,0.0452281609,0.0356137492,0.0290216338,0.0599917658,0.0560414232,0.5179159641,0.4369786978,0.1254927218,0.1119242758,0.7022560239,0.7008497119,0.0472600982,0.0000000000,0.0000000000,0.0177460946,0.2506533861,0.2192849517,0.2396094203,0.2574838698,0.0000000004,0.1820386946,-0.0422536470,0.1188996062,0.1129113212,-0.1109114438,-0.0125474017,0.1889469028,-0.1109824553,-0.0209281947
15:25:01:57.667,61,0.0000000000,0.0000000000,0.3147633970,0.0000000000,0.2560295761,0.5417254567,0.3417981863,0.0000000000,0.0000000000,0.0000000000,0.1892738640,0.2589063942,0.5414534211,0.3427048326,0.1069707572,0.0919434428,0.0000000000,0.2329554558,0.0792382210,0.2416393459,0.0698127747,0.0967184231,0.0000000000,0.2507886887,0.1142908111,0.0000000000,0.0000000000,0.1195883155,0.1012896076,0.2118183225,0.1731214225,0.0390860140,0.0455656424,0.0411444642,0.0323085263,0.0598190576,0.0558541715,0.5025594831,0.4001891613,0.1230327860,0.0945985466,0.7144321799,0.7127664089,0.0457275845,0.0000000000,0.0000000000,0.0211499520,0.2309509069,0.1961171776,0.2358167917,0.2410019785,0.0000000003,0.1846491843,-0.0490994267,0.1228885651,0.1148805618,-0.1137220562,-0.0130914757,0.1910645962,-0.1137934551,-0.0217002127
15:25:01:58.669,61,0.0000000000,0.0000000000,0.3244422376,0.0000000000,0.2747955918,0.5442554355,0.3407966495,0.0000000000,0.0000000000,0.0000000000,0.1990184933,0.2780162096,0.5440166593,0.3426072299,0.0990900323,0.1322069168,0.0000000000,0.2307166755,0.1041985676,0.2459255457,0.0876876116,0.1383725852,0.0000000000,0.2264455855,0.0752452165,0.0000000000,0.0000000000,0.1158542484,0.0976395831,0.2161183804,0.1691117585,0.0440007932,0.0460878387,0.0475547649,0.0345021933,0.0600443855,0.0558827817,0.4622026980,0.3350820839,0.1138804182,0.0763998404,0.7135329247,0.7090441585,0.0446237996,0.0000000000,0.0000000000,0.0320190750,0.2227515727,0.1860690564,0.2315862924,0.2304117233,0.0000000004,0.1882281005,-0.0541868061,0.1274111420,0.1206757054,-0.1222005561,-0.0147834616,0.1967488378,-0.1222726554,-0.0240173116
15:25:01:59.670,61,0.0000000000,0.0000000000,0.3414078653,0.0000000000,0.2751239836,0.5452274680,0.3401868045,0.0000000000,0.0000000000,0.0000000000,0.2165161520,0.2785621285,0.5450184345,0.3425396979,0.0924528763,0.1926615238,0.0000000000,0.2357193232,0.1144141406,0.2482278049,0.1143588498,0.1812362224,0.0000000000,0.2074230462,0.0297141299,0.0000000000,0.0000000000,0.1128998920,0.0954864174,0.2259779423,0.1674036086,0.0504918247,0.0465570949,0.0588223226,0.0389436446,0.0609329864,0.0561744384,0.4494090974,0.3078705072,0.1109964699,0.0686260015,0.7131611705,0.7073609829,0.0433890112,0.0000000000,0.0000000000,0.0432992168,0.2179896384,0.1809383333,0.2300734967,0.2259804010,0.0000000058,0.1925083846,-0.0594199300,0.1303568929,0.1312807500,-0.1226059049,-0.0161291119,0.2070313990,-0.1226780191,-0.0253389981
15:25:02:00.672,61,0.0000000000,0.0000000000,0.3544685245,0.0000000000,0.2794421911,0.5446464419,0.3444195390,0.0000000000,0.0000000000,0.0000000000,0.2299521267,0.2831026316,0.5445169806,0.3498520553,0.0894415677,0.2152868658,0.0000000000,0.2646643817,0.1237447038,0.2565646470,0.1300193816,0.1964449883,0.0000000000,0.1686775237,0.0089444192,0.0000000000,0.0000000000,0.1108402088,0.0941730440,0.2419111431,0.1705221981,0.0560906529,0.0470656417,0.0658155978,0.0427231975,0.0628708601,0.0566607788,0.4432356358,0.2953301668,0.1095482111,0.0646404997,0.7116948366,0.7050678134,0.0422969460,0.0000000000,0.0000000000,0.0493709259,0.2121147960,0.1779464930,0.2288464308,0.2233630568,0.0000000192,0.1990638971,-0.0611582734,0.1323309988,0.1393924206,-0.1247429922,-0.0174206737,0.2148995847,-0.1248151585,-0.0267494526
15:25:02:01.672,61,0.0000000000,0.0000000000,0.3641926944,0.0000000000,0.2843350172,0.5449263453,0.3463427722,0.0000000000,0.0000000000,0.0000000000,0.2400808185,0.2881838679,0.5448326468,0.3531521559,0.0879552290,0.2261487395,0.0000000000,0.2854023278,0.1351695061,0.2684919834,0.1389485896,0.2043208927,0.0000000000,0.1319486797,0.0000000000,0.0000000000,0.0456609242,0.1095384285,0.0933536515,0.2551198006,0.1815321594,0.0594417267,0.0476081781,0.0690961853,0.0447052754,0.0641935393,0.0571626462,0.4403188527,0.2890110016,0.1086694300,0.0623807050,0.7091566920,0.7020784020,0.0414954200,0.0000000000,0.0000000000,0.0531043597,0.2095179558,0.1762945354,0.2268787473,0.2217828184,0.0000000303,0.2069220394,-0.0597993173,0.1343726069,0.1454908401,-0.1270938516,-0.0185235590,0.2207342982,-0.1271661371,-0.0279862862
15:25:02:02.676,61,0.0000000000,0.0000000000,0.3717729449,0.0000000000,0.2945360243,0.5450693965,0.3517767787,0.0000000000,0.0000000000,0.0000000000,0.2480758429,0.2986212969,0.5450013876,0.3599616289,0.0873873383,0.2317113727,0.0000000000,0.2980181575,0.1436431110,0.2753617764,0.1438357979,0.2084636092,0.0000000000,0.1111223996,0.0000000000,0.0000000000,0.0641369522,0.1086454466,0.0928959548,0.2630608976,0.1881051362,0.0624472089,0.0482684784,0.0710356534,0.0459475890,0.0653536320,0.0576905422,0.4389428198,0.2858689129,0.1079691499,0.0609588251,0.6918711662,0.6832754612,0.0409643054,0.0000000000,0.0000000000,0.0564133562,0.2078718841,0.1753541529,0.2206421793,0.2182115465,0.0000000320,0.2152445316,-0.0574373566,0.1356209964,0.1502465457,-0.1317913681,-0.0198391937,0.2251978517,-0.1318638474,-0.0296083000
15:25:02:03.677,61,0.0000000000,0.0000000000,0.3767938316,0.0000000000,0.2993277907,0.5448333025,0.3560163975,0.0000000000,0.0000000000,0.0000000000,0.2533225119,0.3035461903,0.5447821021,0.3648155928,0.0887668803,0.2311256230,0.0000000000,0.3482581079,0.1522674561,0.2826569974,0.1455693245,0.2103875428,0.0000000000,0.0916925147,0.0000000000,0.0000000000,0.0859100223,0.1083982661,0.0929341391,0.2871625125,0.2092597932,0.0640642270,0.0490641817,0.0718150660,0.0465174019,0.0659377873,0.0579161495,0.4416156709,0.2876164615,0.1075734571,0.0601228997,0.6666589975,0.6564744115,0.0406833626,0.0000000000,0.0000000000,0.0580824390,0.2068002820,0.1745932400,0.2163997293,0.2150131464,0.0000000369,0.2219818234,-0.0560919456,0.1351712942,0.1533798426,-0.1340297759,-0.0205975492,0.2281749845,-0.1341023892,-0.0305076744
15:25:02:04.678,61,0.0000000000,0.0000000000,0.3782344162,0.0000000000,0.3000372350,0.5443907976,0.3578702211,0.0000000000,0.0000000000,0.0000000000,0.2549645305,0.3042808473,0.5443503261,0.3669221997,0.0906740278,0.2220092118,0.0000000000,0.3611274958,0.1556135714,0.2924186587,0.1452878416,0.2069769800,0.0000000000,0.0843210369,0.0000000000,0.0000000000,0.0934766158,0.1082341895,0.0929695368,0.2943525612,0.2156941593,0.0649851933,0.0497093014,0.0720228404,0.0468110964,0.0662307069,0.0579738878,0.4494436383,0.2989011407,0.1074635014,0.0597543046,0.6435709000,0.6328257322,0.0405495130,0.0000000000,0.0000000000,0.0588978492,0.2062383741,0.1741526276,0.2135995030,0.2125992030,0.0000000301,0.2284566164,-0.0554797947,0.1342166960,0.1543672383,-0.1343749166,-0.0207830667,0.2290376276,-0.1344474703,-0.0307006221
15:25:02:05.680,61,0.0000000000,0.0000000000,0.3730998933,0.0000000000,0.3009807169,0.5438651443,0.3595674038,0.0000000000,0.0000000000,0.0000000000,0.2498013973,0.3051647544,0.5438318253,0.3687812984,0.0919315219,0.2195021510,0.0000000000,0.3620980084,0.1571406871,0.2985925376,0.1408887953,0.2055198997,0.0000000000,0.0809901878,0.0000000000,0.0000000000,0.0968549997,0.1082084849,0.0930691734,0.2979047894,0.2189870626,0.0655717999,0.0503063723,0.0718368515,0.0468944162,0.0663965344,0.0579427369,0.4607389271,0.3085763752,0.1077576429,0.0597029738,0.6328946352,0.6216875911,0.0403447188,0.0000000000,0.0000000000,0.0592863038,0.2057392746,0.1736540198,0.2121337801,0.2107685655,0.0000000199,0.2327247709,-0.0553093851,0.1329244375,0.1512338072,-0.1346999258,-0.0204144157,0.2259169221,-0.1347724050,-0.0303638168
15:25:02:06.681,61,0.0000000000,0.0000000000,0.3735536337,0.0000000000,0.2983770370,0.5433245301,0.3594078422,0.0000000000,0.0000000000,0.0000000000,0.2502303720,0.3025316596,0.5432958007,0.3686940074,0.0928541422,0.2162077576,0.0000000000,0.3617195785,0.1480918974,0.3018446863,0.1269291639,0.1971608102,0.0000000000,0.0961109549,0.0000000000,0.0000000000,0.0731904730,0.1081615612,0.0930330902,0.2886034548,0.2144347876,0.0656700954,0.0508444272,0.0687613040,0.0466005504,0.0662638471,0.0576647185,0.5124645829,0.3640178740,0.1102881283,0.0601465218,0.6281824708,0.6168869734,0.0399781689,0.0000000000,0.0000000000,0.0590444282,0.2052055001,0.1731137484,0.2114177048,0.2096207589,0.0000000182,0.2340078503,-0.0556837656,0.1306206286,0.1515168697,-0.1335432976,-0.0202746391,0.2262260020,-0.1336156875,-0.0301406812
15:25:02:07.683,61,0.0000000000,0.0000000000,0.3732554615,0.0000000000,0.2974059880,0.5439799428,0.3571845293,0.0000000000,0.0000000000,0.0000000000,0.2499198467,0.3015430272,0.5439578891,0.3658255637,0.0934416950,0.2019325793,0.0000000000,0.3487901986,0.1409844905,0.3028884828,0.1181001440,0.1873854995,0.0000000000,0.1381959319,0.0000000000,0.0000000000,0.0294303745,0.1080974042,0.0929478407,0.2751751244,0.2078297436,0.0654358417,0.0513048917,0.0661534294,0.0461400375,0.0659809262,0.0572868548,0.5245716572,0.3788680136,0.1112090200,0.0605854802,0.6296547651,0.6201885343,0.0393880084,0.0000000000,0.0000000000,0.0585676506,0.2047848552,0.1726620048,0.2111489177,0.2088195682,0.0000000092,0.2336571813,-0.0566589572,0.1283235550,0.1513375938,-0.1331032068,-0.0201833248,0.2260582000,-0.1331755668,-0.0300183818
15:25:02:08.687,61,0.0000000000,0.0000000000,0.3736586273,0.0000000000,0.2952320278,0.5463279486,0.3520393372,0.0000000000,0.0000000000,0.0000000000,0.2502944469,0.2993449271,0.5463135839,0.3597502708,0.0938643366,0.1940158010,0.0000000000,0.3405084014,0.1361208409,0.3023158908,0.1133249253,0.1813902259,0.0000000000,0.1503854692,0.0000000000,0.0000000000,0.0158032067,0.1079140827,0.0927276835,0.2653212249,0.2006733865,0.0649881884,0.0517130122,0.0641142353,0.0456029139,0.0655966848,0.0568471439,0.5310277343,0.3866286874,0.1120264232,0.0611910000,0.6414131522,0.6342445016,0.0384670757,0.0000000000,0.0000000000,0.0579324327,0.2044544667,0.1722393781,0.2114931941,0.2084956020,0.0000000028,0.2302726805,-0.0582153238,0.1259800047,0.1515837163,-0.1321377903,-0.0200675745,0.2263307124,-0.1322101355,-0.0298336204
15:25:02:09.685,61,0.0000000000,0.0000000000,0.3739259839,0.0000000000,0.2948736250,0.5471026897,0.3482097983,0.0000000000,0.0000000000,0.0000000000,0.2506055236,0.2989841104,0.5470915437,0.3556010723,0.0943005905,0.1912159175,0.0000000000,0.3319256902,0.1299281567,0.3020067215,0.1095730960,0.1786893904,0.0000000000,0.1563104093,0.0000000000,0.0000000000,0.0089690331,0.1076371744,0.0923630521,0.2614429295,0.1967012882,0.0644994900,0.0519697070,0.0628837124,0.0451243371,0.0652242005,0.0564124919,0.5345039964,0.3907952011,0.1154674143,0.0629441068,0.6443809271,0.6378583908,0.0376019515,0.0000000000,0.0000000000,0.0566494614,0.2039218694,0.1716148406,0.2119300514,0.2081499994,0.0000000019,0.2258647233,-0.0593203306,0.1239420101,0.1517752558,-0.1319823712,-0.0200688262,0.2264972478,-0.1320546865,-0.0298196916
15:25:02:10.687,61,0.0000000000,0.0000000000,0.3746927679,0.0000000000,0.2950140536,0.5468180180,0.3471339345,0.0000000000,0.0000000000,0.0000000000,0.2514658570,0.2991348505,0.5468097925,0.3543672562,0.0961350352,0.1899004579,0.0000000000,0.3285210133,0.1257718652,0.3026999533,0.1079244390,0.1722190678,0.0000000000,0.1297441423,0.0000000000,0.0000000000,0.0215272512,0.1070094183,0.0914656743,0.2594578862,0.1947330087,0.0638836697,0.0520780757,0.0619597808,0.0447381660,0.0648738295,0.0560034364,0.5438404083,0.4052812457,0.1202708259,0.0672189891,0.6448761821,0.6382783055,0.0368440300,0.0000000000,0.0000000000,0.0544904731,0.2013072670,0.1690163016,0.2119504809,0.2073617429,0.0000000020,0.2218153626,-0.0590332225,0.1224796697,0.1522949487,-0.1320594996,-0.0201488938,0.2269597501,-0.1321317703,-0.0298971348
15:25:02:11.689,61,0.0000000000,0.0000000000,0.3750477433,0.0000000000,0.2960738540,0.5457617640,0.3486937582,0.0000000000,0.0000000000,0.0000000000,0.2518812418,0.3002130091,0.5457550883,0.3562796712,0.1005014107,0.2007372677,0.0000000000,0.3270358145,0.1159689352,0.3290984631,0.1066615060,0.1700943261,0.0000000000,0.0873028859,0.0000000000,0.0000000000,0.0753273740,0.1063442007,0.0897473693,0.2681663632,0.1939724386,0.0632949024,0.0519069582,0.0612022318,0.0445246585,0.0646175817,0.0556386933,0.5886598229,0.4323302209,0.1507280320,0.0795929059,0.6173452735,0.6086750031,0.0362841748,0.0000000000,0.0000000000,0.0512051396,0.1968478411,0.1640064120,0.2117015719,0.2041167468,0.0000000019,0.2189363241,-0.0569634922,0.1218955293,0.1525368989,-0.1325405091,-0.0202549994,0.2271608263,-0.1326127946,-0.0300333016
15:25:02:12.691,61,0.0000000000,0.0000000000,0.3745566905,0.0000000000,0.2947227359,0.5451813340,0.3534237146,0.0000000000,0.0000000000,0.0000000000,0.2513590753,0.2988367081,0.5451760292,0.3617962003,0.1051108614,0.2333852798,0.0000000000,0.3272353709,0.1128042415,0.3773539960,0.1093535498,0.1688539833,0.0000000000,0.0124425860,0.0000000000,0.0000000000,0.1267747432,0.1022628993,0.0854675695,0.2893646359,0.1952008903,0.0625959635,0.0514635891,0.0608241409,0.0446172133,0.0646520033,0.0554916598,0.6018396616,0.4452121258,0.1594026536,0.0864789337,0.6082696915,0.5984880328,0.0358366147,0.0000000000,0.0000000000,0.0493626781,0.1891629100,0.1596228927,0.2113612145,0.2028941214,0.0000000567,0.2170664519,-0.0542873628,0.1215484738,0.1522328705,-0.1319265962,-0.0201202463,0.2268811464,-0.1319988519,-0.0298565663
15:25:02:13.692,61,0.0000000000,0.0000000000,0.3736689985,0.0000000000,0.2953086197,0.5448302627,0.3606696427,0.0000000000,0.0000000000,0.0000000000,0.2504395545,0.2994191647,0.5448262691,0.3690925837,0.1088261753,0.2426020354,0.0000000000,0.3410006762,0.1120566651,0.3921106756,0.1232296377,0.1661038697,0.0000000000,0.0000000000,0.0000000000,0.0393854789,0.1453644931,0.0972448438,0.0817042068,0.2958210707,0.1970970631,0.0618794151,0.0510245971,0.0605944842,0.0447488055,0.0647932589,0.0554189570,0.6080816984,0.4509817958,0.1579578817,0.0891691670,0.5937138796,0.5829769969,0.0354209207,0.0000000000,0.0000000000,0.0482121147,0.1806961000,0.1556023806,0.2063398510,0.2005935609,0.0000001587,0.2156416476,-0.0495119654,0.1224252209,0.1516709328,-0.1321723312,-0.0200843364,0.2263359725,-0.1322446018,-0.0298421718
15:25:02:14.694,61,0.0000000000,0.0000000000,0.3721888065,0.0000000000,0.2982190251,0.5449154377,0.3695420027,0.0000000000,0.0000000000,0.0000000000,0.2489253879,0.3023503423,0.5449125767,0.3772424757,0.1105537042,0.2396313399,0.0000000000,0.3538056016,0.1223739460,0.4026403129,0.1469641775,0.1618934423,0.0000000000,0.0000000000,0.0000000000,0.0578059405,0.1545554399,0.0923187658,0.0786083341,0.2986905277,0.1979528964,0.0611134842,0.0507418588,0.0604312904,0.0448071733,0.0649677813,0.0554085821,0.5925904512,0.4531428814,0.1328983158,0.0886319205,0.5811205506,0.5706163645,0.0350273289,0.0000000000,0.0000000000,0.0474833027,0.1742113084,0.1523212492,0.1964097470,0.1954170018,0.0000001657,0.2143315375,-0.0448732786,0.1236168295,0.1507284492,-0.1334471405,-0.0201552752,0.2254017740,-0.1335195005,-0.0300109312
15:25:02:15.695,61,0.0000000000,0.0000000000,0.3693126738,0.0000000000,0.3029997945,0.5458912849,0.3792886734,0.0000000000,0.0000000000,0.0000000000,0.2460238338,0.3071571290,0.5458983183,0.3859848976,0.1113771051,0.2314974666,0.0000000000,0.3608728051,0.1482346654,0.4385538697,0.2077664584,0.1588099748,0.0000000000,0.0000000000,0.0000000000,0.0772270709,0.1590312272,0.0852407739,0.0746462122,0.2950718999,0.1982183456,0.0603911392,0.0506111272,0.0607210882,0.0450506955,0.0652664229,0.0555651598,0.5549443960,0.4306201041,0.1194828153,0.0831246525,0.5628700852,0.5525776744,0.0346015543,0.0000000000,0.0000000000,0.0471493341,0.1706366837,0.1507085115,0.1890163422,0.1921105087,0.0000001917,0.2129045725,-0.0414249822,0.1243893877,0.1489295810,-0.1355319619,-0.0202314705,0.2235978842,-0.1356044263,-0.0302452836
15:25:02:16.697,61,0.0000000000,0.0000000000,0.3645418882,0.0000000000,0.3095925152,0.5462969542,0.3864920139,0.0000000000,0.0000000000,0.0000000000,0.2412201613,0.3137715459,0.5463142991,0.3925208449,0.1072154343,0.2130365670,0.0000000000,0.3615713418,0.1711521596,0.4950633645,0.2581773698,0.1576662660,0.0000000000,0.0000000000,0.0000000000,0.0864703432,0.1613475680,0.0774427354,0.0698308423,0.2891129553,0.1982958317,0.0597991869,0.0505328849,0.0676575527,0.0459985919,0.0658216178,0.0560256727,0.4857794940,0.3624826968,0.1043823883,0.0728782490,0.5415381193,0.5300812125,0.0341752917,0.0000000000,0.0000000000,0.0473921672,0.1688170582,0.1498646587,0.1858175546,0.1904852241,0.0000001498,0.2113175392,-0.0379148535,0.1255242527,0.1459642649,-0.1383895874,-0.0202549994,0.2206235677,-0.1384622455,-0.0304864980
15:25:02:17.698,61,0.0000000000,0.0000000000,0.3594465256,0.0000000000,0.3158746362,0.5462694168,0.3903482556,0.0000000000,0.0000000000,0.0000000000,0.2360660732,0.3200641870,0.5462998748,0.3959793150,0.1003871337,0.1791627407,0.0000000000,0.3560571969,0.2067660093,0.4557348192,0.2804616392,0.1573565155,0.0000000000,0.0000000000,0.0000000000,0.0897939205,0.1623819172,0.0731641799,0.0671028197,0.2801454365,0.1982507259,0.0594279505,0.0506122299,0.0724730417,0.0466045998,0.0662499070,0.0564635657,0.4035037160,0.2939038277,0.0792155266,0.0571562760,0.5227856636,0.5109313130,0.0339364260,0.0000000000,0.0000000000,0.0533646084,0.1681615859,0.1497684568,0.1838149279,0.1893219948,0.0000000495,0.2097153962,-0.0352907479,0.1256871074,0.1427909285,-0.1410997957,-0.0202109516,0.2174575776,-0.1411725134,-0.0306520164
15:25:02:18.700,61,0.0000000000,0.0000000000,0.3550253510,0.0000000000,0.3228443265,0.5461246371,0.3924671412,0.0000000000,0.0000000000,0.0000000000,0.2315875739,0.3270606101,0.5461733341,0.3978734612,0.0913753882,0.1533823162,0.0000000000,0.3346060812,0.2364801913,0.3790349066,0.2913207412,0.1603460014,0.0000000000,0.0000000000,0.0000000000,0.0912691876,0.1628539711,0.0709085613,0.0655744225,0.2706116736,0.1979618222,0.0594619922,0.0510094538,0.0763336867,0.0469314717,0.0665549487,0.0569194928,0.3138111234,0.2240590751,0.0567110553,0.0416888706,0.5054908991,0.4934188724,0.0339280851,0.0000000000,0.0000000000,0.0755467266,0.1681891382,0.1501098275,0.1812987328,0.1870220453,0.0000000430,0.2087414712,-0.0344381519,0.1251928508,0.1400212049,-0.1441273838,-0.0202526860,0.2146906704,-0.1442002505,-0.0309260320
15:25:02:19.702,61,0.0000000000,0.0000000000,0.3514850736,0.0000000000,0.3271987736,0.5391043425,0.3892696202,0.0000000000,0.0000000000,0.0000000000,0.2279890180,0.3314188123,0.5395612121,0.3942754269,0.0759522542,0.1401238739,0.0000000000,0.2575691342,0.2475822568,0.3269983232,0.3098855615,0.2211557329,0.0000000000,0.0000000000,0.0000000000,0.0920186266,0.1630603820,0.0679780394,0.0632586330,0.2545341551,0.1886848211,0.0597880036,0.0513148941,0.0875507370,0.0472940803,0.0669329539,0.0575748272,0.2331142426,0.1695210934,0.0429436155,0.0315396488,0.4647643566,0.4512643516,0.0340607278,0.0000000000,0.0000000000,0.0982894823,0.1688317657,0.1505000442,0.1798629463,0.1858588010,0.0000000160,0.2080676705,-0.0346049927,0.1229611039,0.1378075927,-0.1460026652,-0.0201976448,0.2124919146,-0.1460756510,-0.0310178846
15:25:02:20.704,61,0.0000000000,0.0000000000,0.3503353298,0.0000000000,0.3311997354,0.5318534970,0.3749441206,0.0000000000,0.0000000000,0.0000000000,0.2268642336,0.3354528248,0.5337656736,0.3822769225,0.0622957423,0.1346742958,0.0000000000,0.2197489589,0.2344587147,0.2030752152,0.3465895355,0.4053484201,0.0000000000,0.0000000000,0.0000000000,0.0995992348,0.1643889993,0.0653491914,0.0584524535,0.2273536026,0.1347787082,0.0783305466,0.0518382788,0.1068598107,0.0477638915,0.0674675629,0.0604733266,0.1451256871,0.0998583212,0.0305338539,0.0228027254,0.4389811158,0.4191442132,0.0341340452,0.0000000000,0.0000000000,0.1550742537,0.1823271513,0.1509220451,0.1774202883,0.1844730079,0.0000001107,0.2070874423,-0.0349739380,0.1196598783,0.1370922178,-0.1477653533,-0.0203395523,0.2117427588,-0.1478384137,-0.0312884599
15:25:02:21.705,61,0.0000000000,0.0000000000,0.3507446647,0.0000000000,0.3317218125,0.5263699889,0.3578638136,0.0000000000,0.0000000000,0.0000000000,0.2272491306,0.3359887600,0.5301573873,0.3692859113,0.0554492548,0.1561412215,0.0000000000,0.1970216036,0.2034579962,0.1660806537,0.3588784039,0.5264618993,0.0000000000,0.0000000000,0.0000000000,0.1302979290,0.1831509769,0.0631391332,0.0539643243,0.2174572498,0.1190794557,0.0919178799,0.0523838848,0.1235463843,0.0497678258,0.0680232123,0.0628275499,0.1150378212,0.0765825436,0.0249193180,0.0183179080,0.4217363000,0.3968677521,0.0341732465,0.0000000000,0.0000000000,0.1720564216,0.1915198714,0.1512878239,0.1757573932,0.1834869385,0.0000002154,0.2056002468,-0.0341148414,0.1157464758,0.1373200268,-0.1480061263,-0.0204068068,0.2119829506,-0.1480791718,-0.0313751325
15:25:02:22.707,61,0.0000000000,0.0000000000,0.3486816883,0.0000000000,0.3341385126,0.5239316225,0.3494918048,0.0000000000,0.0000000000,0.0000000000,0.2251520455,0.3384048641,0.5284428000,0.3622757494,0.0520876721,0.1608932316,0.0000000000,0.1865935624,0.1944909841,0.1500459313,0.3879816234,0.5429384708,0.0000000000,0.0000000000,0.0000000000,0.1392938048,0.1882447153,0.0607484654,0.0504211150,0.2084251344,0.1105826497,0.0971733555,0.0530274361,0.1298924536,0.0511360019,0.0686562583,0.0650188774,0.1021759808,0.0660765767,0.0218060054,0.0158321541,0.3796935976,0.3526026309,0.0342713110,0.0000000000,0.0000000000,0.1807027459,0.2000110000,0.1531332284,0.1733932346,0.1822183430,0.0000002669,0.2035444528,-0.0325632542,0.1122726351,0.1360315979,-0.1490440071,-0.0203604195,0.2107035369,-0.1491171569,-0.0314104445
15:25:02:23.707,61,0.0000000000,0.0000000000,0.3463027775,0.0000000000,0.3350077569,0.5212377906,0.3441137075,0.0000000000,0.0000000000,0.0000000000,0.2227506191,0.3392480910,0.5262543559,0.3568854332,0.0503884591,0.1494539380,0.0000000000,0.1811600029,0.1898407191,0.1445338875,0.3975715935,0.5088412166,0.0000000000,0.0000000000,0.0000000000,0.1435749680,0.1903280318,0.0592269488,0.0484304130,0.2017804235,0.1060697064,0.1000088006,0.0545998514,0.1329701692,0.0518919304,0.0693157017,0.0668987408,0.1029920503,0.0670718700,0.0199064780,0.0142670665,0.3334307969,0.3068369329,0.0344489031,0.0000000000,0.0000000000,0.1847154796,0.2076602429,0.1584817767,0.1696182936,0.1796125919,0.0000003373,0.2014200836,-0.0300049148,0.1102192625,0.1345735043,-0.1493855417,-0.0201904029,0.2092546374,-0.1494586766,-0.0312702470
15:25:02:24.709,61,0.0000000000,0.0000000000,0.3465357721,0.0000000000,0.3332815170,0.5161417127,0.3373582661,0.0000000000,0.0000000000,0.0000000000,0.2230057120,0.3375030160,0.5207356215,0.3483326435,0.0498040095,0.1017744914,0.0000000000,0.1775562912,0.1870547235,0.1419881135,0.4019000232,0.4432118535,0.0000000000,0.0000000000,0.0000000000,0.1451215446,0.1893549263,0.0581378862,0.0471575074,0.1970429122,0.1039823443,0.1013381928,0.0556432195,0.1340451390,0.0522866882,0.0701839253,0.0689100698,0.1044484004,0.0703137815,0.0186518449,0.0132126650,0.2957427800,0.2735966742,0.0349176489,0.0000000000,0.0000000000,0.1864462793,0.2154623121,0.1664822549,0.1661181450,0.1760020703,0.0000002666,0.2002038956,-0.0270910766,0.1088118553,0.1347429454,-0.1486204416,-0.0201106071,0.2094188482,-0.1486935169,-0.0311319083
15:25:02:25.711,61,0.0000000000,0.0000000000,0.3464341462,0.0000000000,0.3274808526,0.5059848428,0.3163553178,0.0000000000,0.0000000000,0.0000000000,0.2229317725,0.3316262066,0.5085690618,0.3243159652,0.0498199500,0.0419232808,0.0000000000,0.1753571033,0.1860029697,0.1508758664,0.3891952634,0.2769210637,0.0000000000,0.0000000000,0.0000000000,0.0892955959,0.1351704746,0.0567656569,0.0462605283,0.1891654283,0.1053209305,0.0912592858,0.0562364683,0.1088994890,0.0518489815,0.0708131865,0.0699917674,0.1164159924,0.0846903995,0.0178100616,0.0125026107,0.2759861350,0.2573957741,0.0381991267,0.0000000000,0.0000000000,0.1562185287,0.2295295894,0.1940917224,0.1650544405,0.1749171168,0.0000001692,0.1999026984,-0.0235544033,0.1078445017,0.1347493529,-0.1460323483,-0.0197563581,0.2094355524,-0.1461052299,-0.0305848904
15:25:02:26.714,61,0.0000000000,0.0000000000,0.3511690199,0.0000000000,0.2997004688,0.5003939271,0.3055330217,0.0000000000,0.0000000000,0.0000000000,0.2278738320,0.3035533428,0.5018112063,0.3105765879,0.0552009605,0.0070312005,0.0000000000,0.1839345247,0.1856348962,0.2503326535,0.2086952776,0.1301434934,0.0000000000,0.0000000000,0.0000000000,0.0224943459,0.0936922505,0.0563449934,0.0460792035,0.1877468228,0.1600035876,0.0545115843,0.0563321970,0.0650040582,0.0472264774,0.0688710660,0.0673654303,0.2457847148,0.1986693591,0.0192612354,0.0130740162,0.2669565678,0.2499329001,0.0556780286,0.0000000000,0.0000000000,0.0647773594,0.2387899905,0.2023578435,0.1641691029,0.1740319133,0.0000001175,0.2007302642,-0.0196365621,0.1072065234,0.1379731596,-0.1337285191,-0.0185007788,0.2126571387,-0.1338005662,-0.0284017641
15:25:02:27.715,61,0.0000000000,0.0000000000,0.3547357619,0.0000000000,0.2687771022,0.4898041487,0.2856973410,0.0000000000,0.0000000000,0.0000000000,0.2315872461,0.2722682953,0.4902522862,0.2878781557,0.0588330664,0.0000000000,0.0185905993,0.1886557192,0.1659146994,0.2827393711,0.1601315737,0.0798009709,0.0000000000,0.0116529055,0.0000000000,0.0000000000,0.0387493111,0.0562203117,0.0462111756,0.1873314530,0.1741913706,0.0438875705,0.0558194332,0.0519073606,0.0448977612,0.0653762296,0.0632523373,0.2999394536,0.2522054017,0.0301318914,0.0222367644,0.2619246542,0.2460394651,0.0666980594,0.0000000000,0.0000000000,0.0391079746,0.2454156280,0.2071065754,0.1633831561,0.1734474003,0.0000000512,0.2038280815,-0.0191833172,0.1076341122,0.1404648572,-0.1199868098,-0.0168780405,0.2151837945,-0.1200579181,-0.0257537942
15:25:02:28.716,61,0.0000000000,0.0000000000,0.3555102050,0.0000000000,0.2441263348,0.4778879881,0.2569728792,0.0000000000,0.0000000000,0.0000000000,0.2325191796,0.2472956181,0.4779259562,0.2582860887,0.0604339167,0.0000000000,0.0282854214,0.1921036094,0.1473286152,0.3646143079,0.1354020089,0.0584109388,0.0000000000,0.0383743383,0.0000000000,0.0000000000,0.0157894418,0.0562390089,0.0464706868,0.1877691001,0.1808392107,0.0380742513,0.0544899777,0.0453812331,0.0436288714,0.0633761138,0.0606469363,0.3448334932,0.2910150588,0.0452156663,0.0357517600,0.2574106455,0.2435625494,0.0726893693,0.0000000000,0.0000000000,0.0262225475,0.2484134883,0.2097637206,0.1627830416,0.1732301265,0.0000000146,0.2061418146,-0.0185092930,0.1076668054,0.1412062794,-0.1089921221,-0.0153990872,0.2159184217,-0.1090623885,-0.0234548114
15:25:02:29.718,61,0.0000000000,0.0000000000,0.3517409861,0.0000000000,0.2315433919,0.4721405506,0.2380677611,0.0000000000,0.0000000000,0.0000000000,0.2287713587,0.2345024049,0.4720178545,0.2393445224,0.0616411567,0.0000000000,0.0263532959,0.2044207305,0.1367468685,0.3894261420,0.1226448789,0.0511667021,0.0000000000,0.0500791296,0.0000000000,0.0000000000,0.0015169771,0.0564633086,0.0468952879,0.1902347654,0.1836357415,0.0348417014,0.0536128022,0.0420918912,0.0426559411,0.0617743656,0.0584145673,0.3770347536,0.3239129186,0.0531039126,0.0436757095,0.2441989481,0.2343376577,0.0774366036,0.0000000000,0.0000000000,0.0200809930,0.2501097918,0.2113660276,0.1618743241,0.1729720682,0.0000000068,0.2075760216,-0.0185447093,0.1072915047,0.1390127540,-0.1033212021,-0.0143669285,0.2137536705,-0.1033910066,-0.0220072269
15:25:02:30.719,61,0.0000000000,0.0000000000,0.3478016555,0.0000000000,0.2244530171,0.4690498114,0.2266764939,0.0000000000,0.0000000000,0.0000000000,0.2249014229,0.2272751331,0.4688647091,0.2278526425,0.0629328415,0.0000000000,0.0264833681,0.2295590192,0.1305304915,0.4019725323,0.1159893796,0.0466184020,0.0000000000,0.0539544672,0.0139447553,0.0000000000,0.0000000000,0.0568474382,0.0474884696,0.1926530451,0.1849061698,0.0329544470,0.0529345274,0.0403323695,0.0416505896,0.0601399019,0.0563408472,0.4010591507,0.3534612060,0.0571196154,0.0485528111,0.2155809850,0.2083175182,0.0810320824,0.0000000000,0.0000000000,0.0172763094,0.2506721020,0.2120641619,0.1546591222,0.1714106500,0.0000000071,0.2078678012,-0.0189885814,0.1072960943,0.1367052346,-0.1001045182,-0.0136871254,0.2114264071,-0.1001739576,-0.0210894514
15:25:02:31.721,61,0.0000000000,0.0000000000,0.3463190198,0.0000000000,0.2226425260,0.4650144875,0.2215029448,0.0000000000,0.0000000000,0.0000000000,0.2235748321,0.2254225612,0.4648569822,0.2226333916,0.0694383979,0.0000000000,0.0240835361,0.2812258899,0.1244983822,0.3956803083,0.1122303680,0.0451768190,0.0000000000,0.0591522232,0.0286904909,0.0000000000,0.0000000000,0.0586603247,0.0499873497,0.1960960180,0.1853319854,0.0318718590,0.0525388420,0.0392294191,0.0402141102,0.0587857701,0.0544944517,0.4581412375,0.4093725979,0.0619627833,0.0539121702,0.1890969872,0.1817793995,0.0830920264,0.0000000000,0.0000000000,0.0160735939,0.2460220158,0.2103415281,0.1448131055,0.1651525497,0.0000000038,0.2061942369,-0.0172759499,0.1072560176,0.1359098852,-0.0992776230,-0.0134948567,0.2105417252,-0.0993469134,-0.0208280515
15:25:02:32.722,61,0.0000000000,0.0000000000,0.3465840518,0.0000000000,0.2237047702,0.4608267546,0.2192608416,0.0000000000,0.0000000000,0.0000000000,0.2239944041,0.2264986932,0.4607163072,0.2204206288,0.0801147223,0.0000000000,0.0109298993,0.3230582476,0.1201794744,0.3833611310,0.1092835292,0.0483883284,0.0000000000,0.0599629134,0.0333672166,0.0000000000,0.0000000000,0.0625497773,0.0533649772,0.2028029114,0.1853271276,0.0312860161,0.0524255447,0.0383120179,0.0381513312,0.0574940182,0.0525952540,0.4937959015,0.4384016097,0.0674969479,0.0585795678,0.1709121019,0.1632391214,0.0850620344,0.0000000000,0.0000000000,0.0156612583,0.2360797822,0.2042927593,0.1364707202,0.1564402580,0.0000000035,0.2050408870,-0.0161053892,0.1069261506,0.1361585408,-0.0997549817,-0.0135848233,0.2106931806,-0.0998242423,-0.0209435802
15:25:02:33.724,61,0.0000000000,0.0000000000,0.3506371677,0.0000000000,0.2222383469,0.4527165592,0.2217329592,0.0000000000,0.0000000000,0.0000000000,0.2282846123,0.2250517309,0.4526640475,0.2233384103,0.1028480902,0.0057629058,0.0000000000,0.3503888547,0.1151086390,0.3806247711,0.1077665612,0.0505613908,0.0000000000,0.0424523652,0.0251284242,0.0000000000,0.0000000000,0.0642247498,0.0548742339,0.2270250022,0.1857623607,0.0309700519,0.0521503054,0.0377566889,0.0371691063,0.0566939339,0.0515325963,0.5595645308,0.5003413558,0.0902074501,0.0788478330,0.1622024029,0.1542765498,0.0861841366,0.0000000000,0.0000000000,0.0155651551,0.2249569744,0.1965028942,0.1333040595,0.1536343843,0.0000000223,0.2050564587,-0.0155267073,0.1068184152,0.1387750059,-0.0991536751,-0.0137601858,0.2131702304,-0.0992228016,-0.0210575685
15:25:02:34.725,61,0.0000000000,0.0000000000,0.3528166711,0.0000000000,0.2212976217,0.4486750364,0.2266309559,0.0000000000,0.0000000000,0.0000000000,0.2304170728,0.2241223902,0.4486435354,0.2284013182,0.1135884374,0.0111174192,0.0000000000,0.3720169663,0.1125030294,0.3790899217,0.1066270769,0.0514035858,0.0000000000,0.0359815620,0.0221675653,0.0000000000,0.0000000000,0.0653645322,0.0559191257,0.2353884876,0.1890644729,0.0307390802,0.0518062450,0.0372944921,0.0364179350,0.0559366085,0.0506540723,0.5804172158,0.5202260017,0.0970620215,0.0865099356,0.1580219418,0.1500744671,0.0870603397,0.0000000000,0.0000000000,0.0156090399,0.2199927121,0.1929808408,0.1316341907,0.1522974074,0.0000000260,0.2065775841,-0.0148363188,0.1058556065,0.1400768608,-0.0987622961,-0.0138332434,0.2145037800,-0.0988314673,-0.0211031530
15:25:02:35.727,61,0.0000000000,0.0000000000,0.3541369736,0.0000000000,0.2210217118,0.4465329349,0.2351937592,0.0000000000,0.0000000000,0.0000000000,0.2316716611,0.2238578498,0.4465084374,0.2369228899,0.1193543673,0.0070790779,0.0000000000,0.3808189034,0.1097264886,0.3779768348,0.1048209742,0.0517831892,0.0000000000,0.0324203335,0.0203877911,0.0000000000,0.0000000000,0.0661622509,0.0566494949,0.2396181524,0.1915886253,0.0305205770,0.0513639040,0.0368647203,0.0357926153,0.0551698655,0.0498598963,0.5914592743,0.5324275494,0.1009150892,0.0913194641,0.1563241333,0.1485847682,0.0875952765,0.0000000000,0.0000000000,0.0157034397,0.2172474861,0.1908096373,0.1308367997,0.1517870873,0.0000000261,0.2082632035,-0.0152523126,0.1047462299,0.1408411115,-0.0986564159,-0.0138932001,0.2153088748,-0.0987256244,-0.0211582873
15:25:02:36.729,61,0.0000000000,0.0000000000,0.3543946743,0.0000000000,0.2204049081,0.4451727569,0.2408957183,0.0000000000,0.0000000000,0.0000000000,0.2318831682,0.2232363671,0.4451475441,0.2425440252,0.1222079247,0.0044233482,0.0000000000,0.3824443519,0.1053806692,0.3772846460,0.1025060490,0.0518215783,0.0000000000,0.0306872148,0.0195719711,0.0000000000,0.0000000000,0.0667300969,0.0571998954,0.2412543297,0.1926453263,0.0303137489,0.0509056002,0.0364576802,0.0352562591,0.0545025542,0.0491988361,0.5970280766,0.5386060476,0.1032156497,0.0943602398,0.1571289152,0.1500438899,0.0878357813,0.0000000000,0.0000000000,0.0158493090,0.2156257927,0.1894525290,0.1305107027,0.1517006308,0.0000000260,0.2101477683,-0.0168468244,0.1040698141,0.1409734637,-0.0983843654,-0.0138675757,0.2154712528,-0.0984535813,-0.0211152807
15:25:02:37.731,61,0.0000000000,0.0000000000,0.3543066084,0.0000000000,0.2195174247,0.4438635111,0.2440274507,0.0000000000,0.0000000000,0.0000000000,0.2317938954,0.2223361582,0.4438195527,0.2455890626,0.1231466085,0.0010784445,0.0000000000,0.3547888398,0.1008042395,0.3726997077,0.0990079567,0.0514964126,0.0000000000,0.0325455926,0.0212860089,0.0000000000,0.0000000000,0.0671625733,0.0576956198,0.2276933342,0.1926783621,0.0301112775,0.0505700968,0.0359638594,0.0346526876,0.0538693741,0.0485960022,0.5904971957,0.5409291983,0.1040513366,0.0956533328,0.1601104885,0.1539102048,0.0880485624,0.0000000000,0.0000000000,0.0160540473,0.2141835541,0.1881022006,0.1301122904,0.1514429301,0.0000000058,0.2113378793,-0.0188954324,0.1037058830,0.1409246176,-0.0979869217,-0.0138064483,0.2154258937,-0.0980561152,-0.0210251566
15:25:02:38.732,61,0.0000000000,0.0000000000,0.3541232646,0.0000000000,0.2195252031,0.4397460520,0.2454480380,0.0000000000,0.0000000000,0.0000000000,0.2316221893,0.2223419249,0.4396696687,0.2469624281,0.1189487278,0.0000000000,0.0007615108,0.3437433541,0.0987260938,0.3635045290,0.0962203443,0.0510162078,0.0000000000,0.0514075384,0.0403972566,0.0000000000,0.0000000000,0.0676867366,0.0583038516,0.2227037400,0.1923343390,0.0299350806,0.0503408052,0.0354624577,0.0340122283,0.0532191806,0.0479951352,0.5667027235,0.5252167583,0.1025551185,0.0956227332,0.1610385478,0.1551577896,0.0880601928,0.0000000000,0.0000000000,0.0163040366,0.2131503820,0.1871211082,0.1296765059,0.1510797441,0.0000000016,0.2118700743,-0.0212754868,0.1036397293,0.1408202052,-0.0979880020,-0.0137964403,0.2153143436,-0.0980571806,-0.0210146736
15:25:02:39.733,61,0.0000000000,0.0000000000,0.3537625968,0.0000000000,0.2203921676,0.4346192777,0.2451618016,0.0000000000,0.0000000000,0.0000000000,0.2313249558,0.2232155204,0.4345416427,0.2465270907,0.1098116934,0.0000000000,0.0021159993,0.3008445203,0.0973222405,0.3518204391,0.0946006328,0.0501881503,0.0000000000,0.0685008019,0.0625732839,0.0000000000,0.0000000000,0.0682125241,0.0589924864,0.2157059461,0.1895350963,0.0298483875,0.0502015762,0.0350850821,0.0334404223,0.0526696667,0.0475013889,0.5261538625,0.4857021868,0.0976861939,0.0926893055,0.1616008878,0.1559172124,0.0879976004,0.0000000000,0.0000000000,0.0166104455,0.2122993469,0.1863107383,0.1291893870,0.1506568044,0.0000000002,0.2124701589,-0.0227593146,0.1028232649,0.1406342089,-0.0983704105,-0.0138324564,0.2150871307,-0.0984395817,-0.0210752208
15:25:02:40.734,61,0.0000000000,0.0000000000,0.3526111245,0.0000000000,0.2198676914,0.4268656075,0.2396999300,0.0000000000,0.0000000000,0.0000000000,0.2302231640,0.2226711810,0.4268122017,0.2406666428,0.0996931791,0.0000000000,0.0033770450,0.2413404137,0.0915271416,0.3976135254,0.0935087353,0.0470935851,0.0000000000,0.0740496740,0.0706698522,0.0000000000,0.0000000000,0.0682561323,0.0593343861,0.2063820362,0.1842101663,0.0296567343,0.0498559996,0.0349691361,0.0331483111,0.0523894951,0.0472711697,0.5140299201,0.4748119712,0.0962394699,0.0919512808,0.1624149084,0.1569702923,0.0876718909,0.0000000000,0.0000000000,0.0169479940,0.2098747790,0.1849910915,0.1290094852,0.1506553739,0.0000000001,0.2121950537,-0.0232809074,0.1025211811,0.1399677247,-0.0981212482,-0.0137322452,0.2143919468,-0.0981903672,-0.0209546573
15:25:02:41.737,61,0.0000000000,0.0000000000,0.3520942330,0.0000000000,0.2180803865,0.4196445048,0.2322312742,0.0000000000,0.0000000000,0.0000000000,0.2297291011,0.2208544314,0.4196133912,0.2329328060,0.0940716043,0.0000000000,0.0031451155,0.2156326175,0.0815468058,0.4678188562,0.0925611481,0.0457998663,0.0000000000,0.0767470226,0.0768417045,0.0000000000,0.0000000000,0.0679760128,0.0593573116,0.2028556168,0.1789028794,0.0294348169,0.0492941253,0.0351992622,0.0332488120,0.0525102280,0.0474076755,0.5381211638,0.5004964471,0.0991127342,0.0954393223,0.1709329933,0.1654064059,0.0858336166,0.0000000000,0.0000000000,0.0173059124,0.2049061358,0.1829062104,0.1294220537,0.1529824436,0.0000000001,0.2102210373,-0.0225491170,0.1023420021,0.1396781653,-0.0973166525,-0.0135909524,0.2140939683,-0.0973857269,-0.0207534619
15:25:02:42.739,61,0.0000000000,0.0000000000,0.3528000414,0.0000000000,0.2165147215,0.4161591828,0.2292585075,0.0000000000,0.0000000000,0.0000000000,0.2305079550,0.2192741185,0.4161379337,0.2298832387,0.0914485082,0.0009117229,0.0000000000,0.2025743872,0.0721788630,0.5482523441,0.0912459195,0.0450302474,0.0000000000,0.0673258752,0.0788544118,0.0000000000,0.0000000000,0.0674346313,0.0590871274,0.2011255324,0.1756031066,0.0292316452,0.0481599867,0.0358156338,0.0340783484,0.0532121286,0.0478823557,0.5804358125,0.5378340483,0.1357109845,0.1291739792,0.1786123067,0.1725447476,0.0811134204,0.0000000000,0.0000000000,0.0176190808,0.2006314248,0.1811002195,0.1338848919,0.1616143435,0.0000000001,0.2069017142,-0.0208725389,0.1025016606,0.1401610523,-0.0966268629,-0.0135403657,0.2145372480,-0.0966958106,-0.0206475481
15:25:02:43.740,61,0.0000000000,0.0000000000,0.3529228568,0.0000000000,0.2136840820,0.4141176641,0.2263678461,0.0000000000,0.0000000000,0.0000000000,0.2306335419,0.2164072096,0.4140999913,0.2269763947,0.0900934562,0.0030582808,0.0000000000,0.1950485110,0.0651909187,0.5744565725,0.0877090544,0.0445876308,0.0000000000,0.0624060482,0.0792184100,0.0000000000,0.0000000000,0.0666964948,0.0586646684,0.2002914846,0.1736678481,0.0290147942,0.0466952696,0.0364844836,0.0353916362,0.0542159043,0.0485118777,0.5983690023,0.5580255389,0.1473827809,0.1409575194,0.1894007176,0.1828536391,0.0773112774,0.0000000000,0.0000000000,0.0178776626,0.1984593868,0.1799391061,0.1375971437,0.1667840183,0.0000000003,0.2034535110,-0.0191300623,0.1035523936,0.1402542740,-0.0953647047,-0.0133712627,0.2146372199,-0.0954335481,-0.0203857888
15:25:02:44.742,61,0.0000000000,0.0000000000,0.3539727032,0.0000000000,0.2122735381,0.4133648276,0.2253894955,0.0000000000,0.0000000000,0.0000000000,0.2317063361,0.2149881572,0.4133462310,0.2259944230,0.0897922218,0.0055529801,0.0000000000,0.1911943704,0.0601357743,0.5669140220,0.0821607336,0.0443525501,0.0000000000,0.0551392175,0.0747970641,0.0000000000,0.0000000000,0.0659847111,0.0581718497,0.2002613991,0.1725986749,0.0288007874,0.0450614728,0.0371220298,0.0364968777,0.0549712032,0.0491099730,0.6192735434,0.5802700520,0.1570658088,0.1510120928,0.1951755732,0.1883757859,0.0752702057,0.0000000000,0.0000000000,0.0180726163,0.1970730275,0.1790316552,0.1398116499,0.1693387479,0.0000000042,0.2006718367,-0.0172563586,0.1037368774,0.1409149021,-0.0947481990,-0.0133464634,0.2152881622,-0.0948170200,-0.0203137882
15:25:02:45.743,61,0.0000000000,0.0000000000,0.3561590612,0.0000000000,0.2110442817,0.4147968590,0.2250234783,0.0000000000,0.0000000000,0.0000000000,0.2339574546,0.2137632370,0.4147699177,0.2256460190,0.0909115970,0.0156790651,0.0000000000,0.1893421412,0.0570032857,0.5375211239,0.0772675499,0.0443261452,0.0000000000,0.0524108373,0.0734139904,0.0000000000,0.0000000000,0.0654081926,0.0577372499,0.2045654505,0.1721202135,0.0285998881,0.0436044298,0.0376981385,0.0373178199,0.0556009188,0.0496154986,0.6296586990,0.5898730755,0.1624633223,0.1564322263,0.1990851015,0.1919359863,0.0739911422,0.0000000000,0.0000000000,0.0182154160,0.1964853704,0.1786823869,0.1424136162,0.1720613837,0.0000000384,0.1994651109,-0.0157958400,0.1039395779,0.1422910392,-0.0942268819,-0.0134013277,0.2166286707,-0.0942956731,-0.0203252397
15:25:02:46.745,61,0.0000000000,0.0000000000,0.3576728702,0.0000000000,0.2096070200,0.4157903790,0.2247150689,0.0000000000,0.0000000000,0.0000000000,0.2354898006,0.2123214602,0.4157573879,0.2253602147,0.0920791328,0.0202182457,0.0000000000,0.1885015965,0.0551959500,0.5298958421,0.0743501931,0.0443518497,0.0000000000,0.0510724857,0.0727350116,0.0000000000,0.0000000000,0.0649233758,0.0573593117,0.2084687203,0.1720299572,0.0283998419,0.0425199568,0.0382230319,0.0380133726,0.0561319590,0.0500551090,0.6346771717,0.5947262645,0.1652630717,0.1592579186,0.2017683387,0.1943811774,0.0730531141,0.0000000000,0.0000000000,0.0183293819,0.1962316930,0.1785151511,0.1441762149,0.1739280373,0.0000000723,0.1992355883,-0.0151147852,0.1040287316,0.1432313770,-0.0936039835,-0.0133995926,0.2175620496,-0.0936727449,-0.0202758126
15:25:02:47.746,61,0.0000000000,0.0000000000,0.3587242067,0.0000000000,0.2077501416,0.4159972668,0.2244213670,0.0000000000,0.0000000000,0.0000000000,0.2365505248,0.2104497999,0.4159607887,0.2250960916,0.0929152444,0.0228159595,0.0000000000,0.1882699430,0.0540128574,0.5260538459,0.0727313831,0.0443366170,0.0000000000,0.0516913496,0.0734351575,0.0000000000,0.0000000000,0.0645262897,0.0570652224,0.2101238519,0.1719526052,0.0282407980,0.0417104922,0.0387095362,0.0386162624,0.0566476732,0.0504972041,0.6372425556,0.5972163081,0.1667493135,0.1607915461,0.2030458003,0.1955471933,0.0723846480,0.0000000000,0.0000000000,0.0184389930,0.1960534453,0.1783509552,0.1451955140,0.1749741882,0.0000001324,0.1991875619,-0.0146779818,0.1037197858,0.1438874751,-0.0927876309,-0.0133424802,0.2182178795,-0.0928563252,-0.0201577246
15:25:02:48.747,61,0.0000000000,0.0000000000,0.3578942716,0.0000000000,0.2074971348,0.4155903161,0.2265458405,0.0000000000,0.0000000000,0.0000000000,0.2357164025,0.2101852447,0.4155467451,0.2273194492,0.0938663706,0.0245544557,0.0000000000,0.1884627640,0.0531654730,0.5244079828,0.0716450810,0.0442228727,0.0000000000,0.0527502969,0.0758042783,0.0000000000,0.0000000000,0.0642007962,0.0568355806,0.2111608833,0.1718948185,0.0281178616,0.0410771407,0.0391663313,0.0391660146,0.0571886227,0.0509746447,0.6385865211,0.5985860825,0.1675816029,0.1617188007,0.2034807652,0.1959460676,0.0718397349,0.0000000000,0.0000000000,0.0185503718,0.1956770122,0.1780630350,0.1457167119,0.1754719764,0.0000001419,0.1986970007,-0.0146400575,0.1032281071,0.1433816403,-0.0926641747,-0.0132781118,0.2177152783,-0.0927328616,-0.0200851597
15:25:02:49.750,61,0.0000000000,0.0000000000,0.3570746779,0.0000000000,0.2106409073,0.4152738154,0.2282408774,0.0000000000,0.0000000000,0.0000000000,0.2349809557,0.2133617848,0.4152261317,0.2290782183,0.0947684348,0.0254617780,0.0000000000,0.1887988448,0.0525291078,0.5368891358,0.0710235015,0.0440230556,0.0000000000,0.0531981513,0.0766129643,0.0000000000,0.0000000000,0.0638670027,0.0565996356,0.2118057907,0.1719746739,0.0280384645,0.0405562595,0.0397394113,0.0398457535,0.0578890406,0.0515753850,0.6388230920,0.5989004970,0.1683516353,0.1625648886,0.2015711963,0.1941456348,0.0713988841,0.0000000000,0.0000000000,0.0186825767,0.1954447180,0.1778637320,0.1460401714,0.1758045256,0.0000001103,0.1972105503,-0.0147060808,0.1022810489,0.1429158449,-0.0940583423,-0.0134355528,0.2171891034,-0.0941270813,-0.0203403421
15:25:02:50.751,61,0.0000000000,0.0000000000,0.3549603224,0.0000000000,0.2130410969,0.4130392075,0.2291194499,0.0000000000,0.0000000000,0.0000000000,0.2329113334,0.2157720476,0.4129897356,0.2299819440,0.0951086357,0.0217400137,0.0000000000,0.1893377900,0.0522751436,0.6066709757,0.0710373893,0.0436944067,0.0000000000,0.0533584207,0.0769581944,0.0000000000,0.0000000000,0.0635544136,0.0564147197,0.2121746242,0.1723082960,0.0279898513,0.0401987657,0.0407558009,0.0410033092,0.0592831522,0.0527006797,0.6261780262,0.5899882317,0.1688046604,0.1631335914,0.1959803849,0.1888856739,0.0711262524,0.0000000000,0.0000000000,0.0188922808,0.1955356747,0.1778610051,0.1463498026,0.1762135625,0.0000000770,0.1952285320,-0.0130860871,0.1008489281,0.1416431069,-0.0951035768,-0.0134655777,0.2158819437,-0.0951723233,-0.0204456914
15:25:02:51.752,61,0.0000000000,0.0000000000,0.3525299430,0.0000000000,0.2117172778,0.3978960514,0.2267789096,0.0000000000,0.0000000000,0.0000000000,0.2302111685,0.2144424915,0.3978499770,0.2276002467,0.0950522497,0.0110099018,0.0000000000,0.1924412847,0.0523630120,0.6252117157,0.0711509213,0.0432061590,0.0000000000,0.0611577556,0.0816961378,0.0000000000,0.0000000000,0.0633530021,0.0563603379,0.2124870270,0.1738449335,0.0279082600,0.0399322063,0.0414902531,0.0417739153,0.0600415021,0.0534070395,0.6129407883,0.5786047578,0.1687769741,0.1631989777,0.1797907203,0.1733919531,0.0712883696,0.0000000000,0.0000000000,0.0190288257,0.1958967596,0.1779324114,0.1464617699,0.1764670759,0.0000000169,0.1929235756,-0.0115348333,0.0992635787,0.1400087923,-0.0944955498,-0.0132256467,0.2144157141,-0.0945504606,-0.0201755501
15:25:02:52.754,61,0.0000000000,0.0000000000,0.3501466215,0.0000000000,0.2089431286,0.3919124305,0.2207229137,0.0000000000,0.0000000000,0.0000000000,0.2277278602,0.2116097659,0.3918590248,0.2214484662,0.0949704275,0.0048221704,0.0000000000,0.2001892179,0.0527659208,0.5697594881,0.0712557510,0.0425276868,0.0000000000,0.0770095289,0.0905882120,0.0000000000,0.0000000000,0.0633056387,0.0564668253,0.2125687003,0.1755141318,0.0278053172,0.0397831649,0.0419287123,0.0422059000,0.0604180731,0.0538069978,0.6020043492,0.5687518716,0.1650423557,0.1601097435,0.1724011153,0.1663436741,0.0716890544,0.0000000000,0.0000000000,0.0191341806,0.1972702742,0.1781988293,0.1464271098,0.1764906049,0.0000000040,0.1915132403,-0.0105307447,0.0981146097,0.1385146528,-0.0932276472,-0.0129088480,0.2129904330,-0.0932824537,-0.0197732057
15:25:02:53.756,61,0.0000000000,0.0000000000,0.3489278555,0.0000000000,0.2059634030,0.3889672756,0.2174185961,0.0000000000,0.0000000000,0.0000000000,0.2264074832,0.2085806578,0.3889087439,0.2180738002,0.0949345827,0.0000000000,0.0060427599,0.2077765912,0.0536358468,0.5051911473,0.0713337287,0.0413066857,0.0000000000,0.0972884446,0.1074266881,0.0000000000,0.0000000000,0.0634250417,0.0567612536,0.2119895369,0.1763674170,0.0276785381,0.0397505201,0.0420571081,0.0422598086,0.0604664721,0.0539474078,0.5874814391,0.5571883321,0.1505862921,0.1477197111,0.1689233482,0.1630331278,0.0722677112,0.0000000000,0.0000000000,0.0192466695,0.2010936886,0.1787292808,0.1461819410,0.1762020290,0.0000000018,0.1911385208,-0.0100973174,0.0968803242,0.1377284080,-0.0918829963,-0.0126498742,0.2122745663,-0.0919377282,-0.0194221232
15:25:02:54.757,61,0.0000000000,0.0000000000,0.3473760486,0.0000000000,0.2013524026,0.3874395490,0.2115605325,0.0000000000,0.0000000000,0.0000000000,0.2246891111,0.2038971931,0.3873758018,0.2121058106,0.0946484283,0.0000000000,0.0175305214,0.2101981640,0.0544656999,0.4625321329,0.0713667348,0.0400785692,0.0000000000,0.1105315089,0.1173113063,0.0000000000,0.0000000000,0.0636095181,0.0571514256,0.2039216906,0.1765431464,0.0275382474,0.0397771001,0.0419909731,0.0420692228,0.0603156462,0.0539294258,0.5559940338,0.5288554430,0.1382448822,0.1356914490,0.1673828661,0.1616138965,0.0728773251,0.0000000000,0.0000000000,0.0194028858,0.2074715048,0.1808649600,0.1458249837,0.1757171154,0.0000000012,0.1914668232,-0.0125556942,0.0961006805,0.1367085129,-0.0898070633,-0.0122715784,0.2113690972,-0.0898616835,-0.0189015269
15:25:02:55.759,61,0.0000000000,0.0000000000,0.3454316556,0.0000000000,0.1946983784,0.3864936531,0.1986619979,0.0000000000,0.0000000000,0.0000000000,0.2225361764,0.1971416026,0.3864253461,0.1990939677,0.0941125527,0.0000000000,0.0271609388,0.2110730857,0.0552062541,0.4365572035,0.0713542476,0.0392073616,0.0000000000,0.1198256537,0.1232677624,0.0000000000,0.0000000000,0.0638205931,0.0575899146,0.1957480907,0.1762501895,0.0273972359,0.0398155116,0.0418075919,0.0417418592,0.0600121766,0.0537885912,0.5411608219,0.5132464767,0.1319255978,0.1291236877,0.1667586863,0.1610974073,0.0734380484,0.0000000000,0.0000000000,0.0195474159,0.2131427974,0.1834502369,0.1454473883,0.1751360595,0.0000000011,0.1919526607,-0.0152949393,0.0954816043,0.1354338974,-0.0868162066,-0.0117509430,0.2102397680,-0.0868706629,-0.0181731619
15:25:02:56.761,61,0.0000000000,0.0000000000,0.3431170285,0.0000000000,0.1868162304,0.3856305182,0.1872031838,0.0000000000,0.0000000000,0.0000000000,0.2200687230,0.1891387701,0.3855578899,0.1875579208,0.0930024013,0.0000000000,0.0336149186,0.2106847465,0.0558773354,0.4186641574,0.0713346004,0.0384685844,0.0000000000,0.1265711039,0.1274221539,0.0000000000,0.0000000000,0.0640353635,0.0580401048,0.1891993731,0.1750773042,0.0272764303,0.0398461558,0.0415855013,0.0413701721,0.0596408583,0.0536038019,0.5294997692,0.5008953214,0.1286390126,0.1255972981,0.1666915715,0.1611402631,0.0738795772,0.0000000000,0.0000000000,0.0196683742,0.2162189037,0.1851517111,0.1451490074,0.1746027619,0.0000000007,0.1920430064,-0.0173876584,0.0947645903,0.1339720488,-0.0832752660,-0.0111485375,0.2088920176,-0.0833294988,-0.0173189268
15:25:02:57.762,61,0.0000000000,0.0000000000,0.3401719928,0.0000000000,0.1804760545,0.3853252828,0.1760246605,0.0000000000,0.0000000000,0.0000000000,0.2170291990,0.1826928407,0.3852489889,0.1763326526,0.0914117396,0.0000000000,0.0370292589,0.2061537802,0.0563907847,0.3898146152,0.0712088645,0.0378964134,0.0000000000,0.1333336681,0.1314133108,0.0000000000,0.0000000000,0.0642684475,0.0585056655,0.1837818921,0.1721896380,0.0271986686,0.0398871042,0.0413204953,0.0409476534,0.0592614003,0.0534054264,0.5193415284,0.4902019203,0.1265920997,0.1231395379,0.1668134928,0.1613756567,0.0742190629,0.0000000000,0.0000000000,0.0197794493,0.2183508724,0.1865916252,0.1448926628,0.1740627736,0.0000000004,0.1913711578,-0.0189242624,0.0938461050,0.1321521550,-0.0804174766,-0.0106189372,0.2071459144,-0.0804714635,-0.0165846739
15:25:02:58.764,61,0.0000000000,0.0000000000,0.3350515366,0.0000000000,0.1670624912,0.3861071169,0.1553327441,0.0000000000,0.0000000000,0.0000000000,0.2117087692,0.1690695584,0.3860269785,0.1555896550,0.0874641165,0.0000000000,0.0396087393,0.1933412999,0.0569142066,0.3616001010,0.0711570680,0.0374822356,0.0000000000,0.1413723081,0.1363915503,0.0000000000,0.0000000000,0.0643988177,0.0588725396,0.1770889163,0.1665557474,0.0271290299,0.0399173312,0.0410454199,0.0404747427,0.0588657260,0.0532030053,0.4930238426,0.4625476897,0.1222776547,0.1179820895,0.1682493538,0.1633113325,0.0744598582,0.0000000000,0.0000000000,0.0199178513,0.2213893831,0.1886396259,0.1448196173,0.1736577600,0.0000000003,0.1904515475,-0.0193002410,0.0926897749,0.1289718151,-0.0743894726,-0.0095849633,0.2041201293,-0.0744429901,-0.0151168006
15:25:02:59.765,61,0.0000000000,0.0000000000,0.3303297162,0.0000000000,0.1296513379,0.3852108121,0.1224760115,0.0000000000,0.0000000000,0.0000000000,0.2065869123,0.1311617196,0.3851239681,0.1226974279,0.0816360563,0.0000000000,0.0415365063,0.1768668741,0.0572062060,0.3438569903,0.0711060911,0.0372134894,0.0000000000,0.1494619548,0.1419832259,0.0000000000,0.0000000000,0.0643528253,0.0590797774,0.1687642932,0.1590375602,0.0270113982,0.0397776030,0.0407809317,0.0400145501,0.0584339052,0.0529700331,0.4806557000,0.4495311081,0.1204715222,0.1158571467,0.1738877892,0.1696469337,0.0747818351,0.0000000000,0.0000000000,0.0200222395,0.2233341038,0.1897335202,0.1448904723,0.1733540893,0.0000000002,0.1894460171,-0.0192850363,0.0917050838,0.1259890497,-0.0576878414,-0.0072567486,0.2014597058,-0.0577400886,-0.0115661174
15:25:03:00.767,61,0.0003896273,0.0000000000,0.3177964687,0.0000000000,0.0607411116,0.3781178296,0.0688799471,0.0003888398,0.0000000000,0.0000000000,0.1933408082,0.0613590367,0.3779812455,0.0690085739,0.0733759627,0.0000000000,0.0429985486,0.1618623137,0.0574680828,0.3000187874,0.0710607320,0.0369239375,0.0000000000,0.1598033458,0.1497161388,0.0000000000,0.0000000000,0.0641526356,0.0591439493,0.1632875055,0.1545511782,0.0268558897,0.0394461043,0.0405234918,0.0395124704,0.0579264835,0.0526673086,0.4346443415,0.4056144059,0.1185416728,0.1134481207,0.1759415567,0.1721464843,0.0763588846,0.0000000000,0.0000000000,0.0200517848,0.2256112248,0.1906549186,0.1452103257,0.1732521057,0.0000000010,0.1885043234,-0.0189051628,0.0913893655,0.1180626675,-0.0269606560,-0.0031764165,0.1940617859,-0.0270104408,-0.0052100760
15:25:03:01.768,61,0.1157432869,0.0297964420,0.3059118390,0.0000000000,0.0000000000,0.3730962873,0.0000000000,0.1154645532,0.0302152205,0.0000000000,0.1803784370,0.0000000000,0.3728733361,0.0000000000,0.0647090450,0.0000000000,0.0441075601,0.1437250078,0.0578005798,0.2747992575,0.0708385557,0.0367632769,0.0000000000,0.1887928247,0.1612005979,0.0000000000,0.0000000000,0.0638135299,0.0590467267,0.1587539166,0.1511144042,0.0267390106,0.0389889851,0.0403966941,0.0390594676,0.0575688630,0.0524706356,0.3945827782,0.3638555706,0.1165093854,0.1100923121,0.1805973947,0.1766308546,0.0829160139,0.0000000000,0.0000000000,0.0200389232,0.2470299602,0.1985407025,0.1521491259,0.1739261001,0.0000000017,0.1863894910,-0.0189171638,0.0921158791,0.1101680994,0.0185700208,0.0020419196,0.1868395954,0.0185240358,0.0034413021
15:25:03:02.769,61,0.1940908134,0.0951030552,0.2874324620,0.0000000000,0.0000000000,0.3708978891,0.0000000000,0.1939208508,0.0961879417,0.0000000000,0.1610051394,0.0000000000,0.3706480265,0.0000000000,0.0593624040,0.0000000000,0.0450499877,0.1340933740,0.0583093204,0.2583018243,0.0706398264,0.0366322063,0.0000000000,0.2037034631,0.1728699207,0.0000000000,0.0000000000,0.0633127093,0.0587702207,0.1538654566,0.1480089575,0.0266295262,0.0384935886,0.0403579101,0.0386576317,0.0574193671,0.0524593368,0.3760803342,0.3457152247,0.1148030907,0.1074125841,0.1926000267,0.1886965185,0.0885175616,0.0000000000,0.0000000000,0.0200260375,0.2603432834,0.2127471268,0.1674050689,0.1820089817,0.0000000025,0.1825437099,-0.0192717910,0.0928092971,0.0981821716,0.0590425506,0.0057942863,0.1752832383,0.0590002351,0.0103004668
15:25:03:03.772,61,0.3593420386,0.2075324208,0.2606170774,0.0000000000,0.0000000000,0.3764691949,0.0000000000,0.3543599248,0.2095216662,0.0000000000,0.1341452301,0.0000000000,0.3759907484,0.0000000000,0.0559286028,0.0000000000,0.0453333445,0.1254045814,0.0631922260,0.2239109129,0.0706102401,0.0363972299,0.0000000000,0.2099791914,0.1770709902,0.0000000000,0.0000000000,0.0620959029,0.0582439937,0.1445319206,0.1407301575,0.0265386887,0.0379836597,0.0404606760,0.0383266434,0.0574493147,0.0525196493,0.3395055830,0.3166162074,0.1102874056,0.1027591974,0.2133428454,0.2054449916,0.0914757028,0.0000000000,0.0000000000,0.0201277062,0.2694848478,0.2180371732,0.1910663843,0.1950057596,0.0000000042,0.1764507294,-0.0207715780,0.0926036686,0.0812729150,0.1284157336,0.0104825366,0.1579134911,0.1283803880,0.0202977099
15:25:03:04.772,61,0.8021893501,0.2930240631,0.2175439894,0.0000000000,0.0000000000,0.3771091998,0.0000000000,0.7987235188,0.2951588631,0.0000000000,0.0927428529,0.0000000000,0.3766231239,0.0000000000,0.0540133119,0.0000000000,0.0389420986,0.1179884076,0.0651841983,0.1909852177,0.0709386691,0.0354490206,0.0000000000,0.2152826339,0.1990485489,0.0000000000,0.0000000000,0.0595811047,0.0573567860,0.1405521780,0.1370617002,0.0264290161,0.0370298736,0.0405377634,0.0379069522,0.0576091185,0.0525879189,0.3237677813,0.3065733910,0.1075828150,0.1006916463,0.2189583331,0.2102671862,0.1016650572,0.0000000000,0.0000000000,0.0204117727,0.2735156417,0.2295162380,0.1984590739,0.1993918270,0.0000000040,0.1695546210,-0.0238155201,0.0924345031,0.0557340421,0.1805857718,0.0101700127,0.1307545155,0.1805562526,0.0237960424
15:25:03:05.775,61,0.9304298759,0.1793420017,0.2111739665,0.0000000000,0.0000000000,0.3356951177,0.0000000000,0.9276997447,0.1806249917,0.0000000000,0.0891150981,0.0000000000,0.3354769349,0.0000000000,0.0524852425,0.0000000000,0.0341206193,0.1117113084,0.0663629398,0.1705172956,0.0712456629,0.0347404815,0.0000000000,0.2248008400,0.2130753994,0.0000000000,0.0000000000,0.0572851114,0.0564902499,0.1373703927,0.1326743960,0.0262634922,0.0353083350,0.0405848026,0.0373856351,0.0576292947,0.0525318682,0.3109993637,0.2994623482,0.1061304361,0.0993410870,0.2149828225,0.2091723979,0.1195875481,0.0000000000,0.0000000000,0.0208207574,0.2758715749,0.2466134578,0.2025192678,0.2085377872,0.0000000037,0.1635118425,-0.0273570437,0.0908840671,0.0541059598,0.1104999110,0.0060001560,0.1282212138,0.1104642749,0.0141818672
15:25:03:06.776,61,0.9421048164,0.1749032885,0.2136649340,0.0000000000,0.0000000000,0.3017629683,0.0000000000,0.9417397380,0.1761786044,0.0000000000,0.0913454592,0.0000000000,0.3017454147,0.0000000000,0.0511468574,0.0000000000,0.0308785215,0.1064702198,0.0673318803,0.1507622153,0.0712871626,0.0341358334,0.0000000000,0.2369178236,0.2270485461,0.0000000000,0.0000000000,0.0560345352,0.0557970144,0.1351680607,0.1292005032,0.0261713695,0.0342914648,0.0406080112,0.0368022881,0.0575380251,0.0523667112,0.2997164130,0.2913905978,0.1038434207,0.0969047919,0.2087342739,0.2048789412,0.1307514310,0.0000000000,0.0000000000,0.0212458391,0.2771993577,0.2523476183,0.2046350837,0.2119532526,0.0000000034,0.1569733173,-0.0327271223,0.0887249708,0.0554766059,0.1077878624,0.0059998198,0.1297720224,0.1077518687,0.0139972651
15:25:03:07.783,61,0.9382141829,0.1832531989,0.2092602700,0.0000000000,0.0000000000,0.2889081538,0.0000000000,0.9379032254,0.1845508069,0.0000000000,0.0864547119,0.0000000000,0.2889887094,0.0000000000,0.0498370938,0.0000000000,0.0280814618,0.0985960066,0.0781134143,0.1228650138,0.0713567361,0.0336053744,0.0000000000,0.2568207383,0.2475207597,0.0000000000,0.0000000000,0.0552055128,0.0552524924,0.1330720484,0.1258966774,0.0263784751,0.0336441062,0.0407806672,0.0361686349,0.0574750081,0.0522312969,0.2553639710,0.2530811131,0.0885917023,0.0827361196,0.2018662393,0.1989900470,0.1400655359,0.0000000000,0.0000000000,0.0217767823,0.2811583281,0.2563892603,0.2059893459,0.2140280455,0.0000000054,0.1511220038,-0.0376896411,0.0868630931,0.0524766222,0.1128917485,0.0059466730,0.1270253807,0.1128561124,0.0143570947
15:25:03:08.779,61,0.9304267764,0.1863039136,0.2018959075,0.0000000000,0.0000000000,0.2830214500,0.0000000000,0.9302378893,0.1875589639,0.0000000000,0.0789612830,0.0000000000,0.2831491828,0.0000000000,0.0486588851,0.0000000000,0.0255481862,0.0913901627,0.0910261124,0.1063593775,0.0713946223,0.0332415029,0.0000000000,0.2678020895,0.2581767440,0.0000000000,0.0000000000,0.0547175780,0.0548658073,0.1318004429,0.1232120767,0.0269773230,0.0333061852,0.0411230847,0.0355169699,0.0574449785,0.0521341152,0.2330191880,0.2301278710,0.0747823119,0.0695673972,0.1960949749,0.1934565902,0.1462909728,0.0000000000,0.0000000000,0.0223504435,0.2850154042,0.2585588098,0.2066815943,0.2150186151,0.0000000131,0.1441387087,-0.0410666503,0.0834488273,0.0479182191,0.1147055104,0.0055185496,0.1225293428,0.1146700531,0.0140761407
15:25:03:09.780,61,0.9180532098,0.2049361020,0.1953841746,0.0000000000,0.0000000000,0.2841166258,0.0000000000,0.9178037643,0.2062486261,0.0000000000,0.0718803704,0.0000000000,0.2843135893,0.0000000000,0.0471040010,0.0000000000,0.0228162073,0.0826810226,0.0954123065,0.0980385244,0.0714662746,0.0331988409,0.0000000000,0.2726908028,0.2630628645,0.0000000000,0.0000000000,0.0543767251,0.0545255542,0.1308003962,0.1204902753,0.0281868633,0.0330658033,0.0417123921,0.0349766873,0.0574506298,0.0521034822,0.2116882950,0.2061415017,0.0673120096,0.0622459389,0.1908386648,0.1881564707,0.1488928646,0.0000000000,0.0000000000,0.0229452439,0.2859945297,0.2590011060,0.2065377682,0.2148777097,0.0000000241,0.1360206306,-0.0434887297,0.0793205574,0.0435609668,0.1261104047,0.0055209971,0.1184149384,0.1260758936,0.0149727073
15:25:03:10.785,61,0.9069524407,0.2130544186,0.1956080049,0.0000000000,0.0000000000,0.2921273112,0.0000000000,0.9066554308,0.2144172788,0.0000000000,0.0720584989,0.0000000000,0.2923569083,0.0000000000,0.0461024418,0.0000000000,0.0206141192,0.0780336857,0.0977576822,0.0924947485,0.0713792592,0.0331491902,0.0000000000,0.2766011953,0.2702930570,0.0000000000,0.0000000000,0.0542202480,0.0543427579,0.1300673485,0.1190217063,0.0299457554,0.0329103656,0.0425624922,0.0344939828,0.0574036054,0.0520451888,0.2033752352,0.1972545832,0.0632491186,0.0585857630,0.1840288341,0.1811475456,0.1497997344,0.0000000000,0.0000000000,0.0234690346,0.2851938605,0.2573873699,0.2051326185,0.2143460512,0.0000000284,0.1280536503,-0.0436188579,0.0735882521,0.0436407514,0.1311056316,0.0057526669,0.1184747964,0.1310715675,0.0155804493
15:25:03:11.784,61,0.8396183848,0.2605236769,0.1994771957,0.0000000000,0.0000000000,0.3103578091,0.0000000000,0.8388150930,0.2622188628,0.0000000000,0.0748141408,0.0000000000,0.3105135262,0.0000000000,0.0452903882,0.0000000000,0.0193182528,0.0745901689,0.0989278704,0.0857150927,0.0710807592,0.0331819393,0.0000000000,0.2931857407,0.2917344570,0.0000000000,0.0000000000,0.0543901026,0.0544289909,0.1295016110,0.1178375557,0.0347793140,0.0329583697,0.0439900681,0.0340671577,0.0574172549,0.0520600528,0.1987094283,0.1922046840,0.0598933212,0.0558324233,0.1801523417,0.1769471914,0.1493916661,0.0000000000,0.0000000000,0.0238806643,0.2837800682,0.2542092502,0.2043761909,0.2138658762,0.0000000439,0.1222224608,-0.0435636081,0.0658262968,0.0451159142,0.1603449732,0.0072941482,0.1203063130,0.1603135318,0.0194043461
15:25:03:12.786,61,0.8203198910,0.2721580565,0.1921411455,0.0000000000,0.0000000000,0.3194768429,0.0000000000,0.8194177747,0.2738327980,0.0000000000,0.0671451092,0.0000000000,0.3195940852,0.0000000000,0.0445366874,0.0000000000,0.0181509256,0.0718134642,0.0993866846,0.0781076327,0.0710286647,0.0332314260,0.0000000000,0.3008135557,0.2997480929,0.0000000000,0.0000000000,0.0546920151,0.0546369664,0.1280698478,0.1149405167,0.0427420437,0.0331407711,0.0484755747,0.0337961279,0.0576688834,0.0523252413,0.1810454875,0.1730685681,0.0552103147,0.0518758632,0.1780553460,0.1746762544,0.1453905404,0.0000000000,0.0000000000,0.0244154576,0.2829666138,0.2528284490,0.2038344592,0.2134756595,0.0000001139,0.1161816493,-0.0420512371,0.0561644621,0.0404437967,0.1674131751,0.0068328273,0.1157467067,0.1673823595,0.0195108261
15:25:03:13.786,61,0.8100501895,0.2890260518,0.1834648848,0.0000000000,0.0000000000,0.3306728601,0.0000000000,0.8090239763,0.2906823456,0.0000000000,0.0580748133,0.0000000000,0.3307556510,0.0000000000,0.0438446887,0.0000000000,0.0172271337,0.0698243082,0.0993808284,0.0735122934,0.0712235197,0.0330751352,0.0000000000,0.3089995980,0.3096773326,0.0000000000,0.0000000000,0.0551088378,0.0549720824,0.1254892498,0.1119394973,0.0471467935,0.0333763137,0.0536765270,0.0337189734,0.0587692037,0.0532713868,0.1728681624,0.1659436375,0.0523718484,0.0495183580,0.1769752204,0.1734761000,0.1414965689,0.0000000000,0.0000000000,0.0250794403,0.2829677165,0.2524651885,0.2040094435,0.2135930061,0.0000014742,0.1105720028,-0.0406160094,0.0457948446,0.0349178463,0.1776772290,0.0062688710,0.1103229523,0.1776473671,0.0197646543
15:25:03:14.790,61,0.6269507408,0.3376662433,0.1863378435,0.0000000000,0.0000000000,0.3487051725,0.0000000000,0.6240291595,0.3396343589,0.0000000000,0.0588719919,0.0000000000,0.3487134278,0.0000000000,0.0433408655,0.0000000000,0.0164333787,0.0687972903,0.0993052870,0.0713466555,0.0715015456,0.0329230055,0.0000000000,0.3149274290,0.3163943887,0.0000000000,0.0000000000,0.0557154380,0.0554935075,0.1236383691,0.1099554896,0.0510310270,0.0338733681,0.0574131943,0.0337439701,0.0596627519,0.0544605665,0.1690351367,0.1620822996,0.0495213456,0.0472945049,0.1764640659,0.1729077399,0.1336921602,0.0000000000,0.0000000000,0.0257903356,0.2825534642,0.2521061599,0.2036096156,0.2131803036,0.0000015114,0.1038375944,-0.0416337550,0.0366414525,0.0351913087,0.2076012641,0.0074108928,0.1114042625,0.2075739950,0.0234097969
15:25:03:15.790,61,0.5779181123,0.3451378942,0.1789205670,0.0000000000,0.0000000000,0.3667249382,0.0000000000,0.5746324062,0.3470256031,0.0000000000,0.0514781736,0.0000000000,0.3667654097,0.0000000000,0.0429698378,0.0000000000,0.0156167084,0.0681587309,0.0990893766,0.0701033175,0.0722666979,0.0325925313,0.0000000000,0.3208742738,0.3227223754,0.0000000000,0.0000000000,0.0570525602,0.0567181520,0.1221949011,0.1086864471,0.0537346601,0.0347006470,0.0611984469,0.0338893980,0.0610757880,0.0567359105,0.1662335992,0.1579744816,0.0468109027,0.0450049452,0.1763740480,0.1728276014,0.1264703125,0.0000000000,0.0000000000,0.0267944057,0.2801048160,0.2517871857,0.2008162588,0.2113043070,0.0000015042,0.0958383232,-0.0423097387,0.0287591573,0.0307420790,0.2120876163,0.0066184266,0.1068668440,0.2120608240,0.0229603965
15:25:03:16.793,61,0.5092128515,0.3259339035,0.1752272844,0.0000000000,0.0000000000,0.3725801408,0.0000000000,0.5103950500,0.3276699185,0.0000000000,0.0478611663,0.0000000000,0.3726241887,0.0000000000,0.0426823758,0.0000000000,0.0148311909,0.0677156672,0.0987652838,0.0693389177,0.0735886693,0.0321722329,0.0000000000,0.3368539810,0.3420843184,0.0000000000,0.0000000000,0.0592121072,0.0585780665,0.1204327121,0.1071269140,0.0556773022,0.0360349938,0.0647159219,0.0341309831,0.0631892458,0.0595927015,0.1635603160,0.1546295881,0.0449321866,0.0435507670,0.1765019596,0.1729823053,0.1225091591,0.0000000000,0.0000000000,0.0279586669,0.2791533470,0.2519407570,0.1991487294,0.2101427913,0.0000014364,0.0868433416,-0.0432543233,0.0199375041,0.0286528338,0.2002454698,0.0058146790,0.1049177498,0.2002174705,0.0212494005
15:25:03:17.793,61,0.4747719169,0.3136108518,0.1707678437,0.0000000000,0.0000000000,0.3686504662,0.0000000000,0.4740393460,0.3152213097,0.0000000000,0.0435271747,0.0000000000,0.3686907291,0.0000000000,0.0423718132,0.0000000000,0.0142316334,0.0671707168,0.0974469483,0.0687291920,0.0745823011,0.0316601396,0.0000000000,0.3535183966,0.3558591902,0.0000000000,0.0000000000,0.0621385835,0.0612569414,0.1167055741,0.1044774428,0.0572291911,0.0372460485,0.0691538304,0.0345581919,0.0662667900,0.0632589981,0.1595111638,0.1501668394,0.0437844992,0.0425834432,0.1769649535,0.1734807342,0.1202367768,0.0000000000,0.0000000000,0.0289743394,0.2786362171,0.2523800135,0.1983597726,0.2095835805,0.0000000836,0.0772855505,-0.0429168455,0.0110249901,0.0260977000,0.1926241517,0.0050895377,0.1024010107,0.1925954521,0.0199319664
15:25:03:18.796,61,0.3848351538,0.2993561029,0.1710541993,0.0000000000,0.0000000000,0.3381323218,0.0000000000,0.3841412365,0.3009051979,0.0000000000,0.0436291397,0.0000000000,0.3381655514,0.0000000000,0.0419771224,0.0000000000,0.0136856195,0.0666356087,0.0961864740,0.0683843270,0.0764405429,0.0311703663,0.0000000000,0.3603791595,0.3625355065,0.0000000000,0.0000000000,0.0646637678,0.0635402426,0.1134869754,0.1018354744,0.0585265979,0.0386787951,0.0712519661,0.0349426270,0.0678109601,0.0651470497,0.1569755971,0.1473931223,0.0428978354,0.0418058261,0.1768581271,0.1734325141,0.1191425398,0.0000000000,0.0000000000,0.0299375970,0.2761760950,0.2523434758,0.1976593584,0.2090291977,0.0000000753,0.0684285611,-0.0401179343,0.0016204492,0.0262024477,0.1838763803,0.0048724599,0.1027426347,0.1838467419,0.0190687198
15:25:03:19.798,61,0.3493323624,0.2787210345,0.1674389541,0.0000000000,0.0000000000,0.3059101403,0.0000000000,0.3488525152,0.2801268399,0.0000000000,0.0397453234,0.0000000000,0.3059363961,0.0000000000,0.0416098796,0.0000000000,0.0132052191,0.0662132651,0.0953078270,0.0681351051,0.0777081698,0.0305598211,0.0000000000,0.3639563620,0.3661895692,0.0000000000,0.0000000000,0.0681932494,0.0670813471,0.1113168895,0.1001559496,0.0598078482,0.0410459489,0.0724809617,0.0352024920,0.0688669160,0.0663657859,0.1555081308,0.1458278596,0.0420057364,0.0410389677,0.1764522195,0.1731026620,0.1186912432,0.0000000000,0.0000000000,0.0311155878,0.2699639499,0.2519279718,0.1951573789,0.2072690278,0.0000000826,0.0595695376,-0.0356432460,-0.0077540455,0.0239243675,0.1711692214,0.0041351668,0.1007986218,0.1711382121,0.0173896663
15:25:03:20.798,61,0.3331751525,0.2642544210,0.1623284221,0.0000000000,0.0000000000,0.2951998413,0.0000000000,0.3327317238,0.2655304968,0.0000000000,0.0345312729,0.0000000000,0.2952226400,0.0000000000,0.0414566770,0.0000000000,0.0129025010,0.0661604628,0.0949476063,0.0680310503,0.0786083043,0.0300614592,0.0000000000,0.3661733568,0.3681645095,0.0000000000,0.0000000000,0.0705024675,0.0691213459,0.1101815701,0.0992301330,0.0617416948,0.0440355837,0.0732014254,0.0353365988,0.0696439520,0.0672089979,0.1548731774,0.1451044828,0.0410203189,0.0401612632,0.1763470471,0.1730571836,0.1186628342,0.0000000000,0.0000000000,0.0318833999,0.2683208585,0.2519180775,0.1933330595,0.2040171474,0.0000000928,0.0522723757,-0.0317113698,-0.0167342667,0.0208170284,0.1622388214,0.0034070187,0.0978675112,0.1622068584,0.0159885716
15:25:03:21.799,61,0.3249994218,0.2555175722,0.1550415903,0.0000000000,0.0000000000,0.2896944582,0.0000000000,0.3245727122,0.2566669881,0.0000000000,0.0273634735,0.0000000000,0.2897154689,0.0000000000,0.0413951986,0.0000000000,0.0126642175,0.0662838668,0.0948127955,0.0679925457,0.0793566108,0.0295604840,0.0000000000,0.3675339222,0.3691489398,0.0000000000,0.0000000000,0.0722234547,0.0706349015,0.1093698740,0.0985764340,0.0638579950,0.0469581261,0.0736085027,0.0353752375,0.0702482536,0.0678366050,0.1545441151,0.1447201073,0.0399750993,0.0392133929,0.1762206554,0.1729923487,0.1188324094,0.0000000000,0.0000000000,0.0325389579,0.2674961686,0.2518953085,0.1902235597,0.1992401779,0.0000001058,0.0448991135,-0.0283923447,-0.0235826895,0.0165103450,0.1568105370,0.0026103028,0.0935547575,0.1567780375,0.0147660617
15:25:03:22.802,61,0.3136421144,0.2408041954,0.1484072804,0.0000000000,0.0000000000,0.2858962119,0.0000000000,0.3133648932,0.2418180257,0.0000000000,0.0208417475,0.0000000000,0.2859203219,0.0000000000,0.0413770601,0.0000000000,0.0124151073,0.0666250065,0.0949070305,0.0680408850,0.0800470710,0.0290928427,0.0000000000,0.3680988550,0.3692798913,0.0000000000,0.0000000000,0.0739152059,0.0722574294,0.1088533551,0.0981860682,0.0657559261,0.0494754687,0.0738824531,0.0353685468,0.0706674233,0.0682726279,0.1542876363,0.1444046646,0.0388152525,0.0381457731,0.1757157445,0.1725632995,0.1189103127,0.0000000000,0.0000000000,0.0330494493,0.2666526437,0.2515420020,0.1857205927,0.1946200132,0.0000000843,0.0376869030,-0.0240509883,-0.0302581098,0.0125928400,0.1477300376,0.0018739416,0.0896751583,0.1476967186,0.0133232195
15:25:03:23.802,61,0.3090977371,0.2368856072,0.1441606283,0.0000000000,0.0000000000,0.2838292718,0.0000000000,0.3088625669,0.2378368974,0.0000000000,0.0166926738,0.0000000000,0.2838549912,0.0000000000,0.0414312519,0.0000000000,0.0121721756,0.0671614036,0.0952442065,0.0681345835,0.0806635618,0.0286899824,0.0000000000,0.3683382869,0.3690496683,0.0000000000,0.0000000000,0.0752269551,0.0734574124,0.1084868684,0.0978968292,0.0676047727,0.0517991371,0.0740078390,0.0352938585,0.0709942430,0.0686151311,0.1542603523,0.1443024278,0.0377666056,0.0371472724,0.1753500551,0.1722705960,0.1190482974,0.0000000000,0.0000000000,0.0334396586,0.2660692632,0.2512284517,0.1827446520,0.1915449351,0.0000000712,0.0318253785,-0.0195474140,-0.0360147171,0.0100895427,0.1452937573,0.0014763246,0.0871399939,0.1452602446,0.0127309496
15:25:03:24.804,61,0.3064850271,0.2342770100,0.1444318444,0.0000000000,0.0000000000,0.2825344205,0.0000000000,0.3062689900,0.2352222055,0.0000000000,0.0168671720,0.0000000000,0.2825604379,0.0000000000,0.0415501222,0.0000000000,0.0120086111,0.0677376017,0.0955568701,0.0682169497,0.0812384412,0.0283668153,0.0000000000,0.3681014180,0.3657129705,0.0000000000,0.0000000000,0.0768781081,0.0749992728,0.1081870347,0.0976894274,0.0691553429,0.0537035502,0.0740930662,0.0352105908,0.0713874102,0.0690043122,0.1542736441,0.1442069262,0.0366620943,0.0360494033,0.1750386506,0.1720244884,0.1192363724,0.0000000000,0.0000000000,0.0338573195,0.2644785047,0.2494442761,0.1774488091,0.1858253181,0.0000000552,0.0259558614,-0.0152182057,-0.0408148840,0.0101973834,0.1436966062,0.0014754725,0.0873241201,0.1436628699,0.0126155410
15:25:03:25.807,61,0.3050684333,0.2332430333,0.1458733082,0.0000000000,0.0000000000,0.2820582688,0.0000000000,0.3048580289,0.2342002094,0.0000000000,0.0184100866,0.0000000000,0.2820834219,0.0000000000,0.0416088589,0.0000000000,0.0119436737,0.0681646690,0.0955782831,0.0682162568,0.0818543360,0.0280415062,0.0000000000,0.3653846681,0.3555454314,0.0000000000,0.0000000000,0.0784354508,0.0765809715,0.1078264341,0.0975002646,0.0704822242,0.0549463630,0.0743431076,0.0352395140,0.0720153153,0.0696224496,0.1539198905,0.1437082887,0.0357069783,0.0350671560,0.1749233156,0.1719722450,0.1194627956,0.0000000000,0.0000000000,0.0343394466,0.2616425753,0.2459107786,0.1744671613,0.1827342212,0.0000000281,0.0216148105,-0.0121746520,-0.0452540629,0.0111311832,0.1430737078,0.0016035016,0.0882036239,0.1430399418,0.0126862535
15:25:03:26.807,61,0.3043028414,0.2288126051,0.1478097886,0.0000000000,0.0000000000,0.2842050493,0.0000000000,0.3040876389,0.2297738642,0.0000000000,0.0206319466,0.0000000000,0.2842233479,0.0000000000,0.0416010953,0.0000000000,0.0120061198,0.0684049278,0.0952870920,0.0681164637,0.0824690685,0.0277344473,0.0000000000,0.3642622232,0.3503422439,0.0000000000,0.0000000000,0.0802231655,0.0783402994,0.1073436290,0.0972832888,0.0714436024,0.0558836199,0.0747657269,0.0353835188,0.0735751763,0.0710708797,0.1526611894,0.1413372755,0.0348947942,0.0342358164,0.1750325710,0.1721453071,0.1193282306,0.0000000000,0.0000000000,0.0349177122,0.2602216005,0.2435065210,0.1729322672,0.1811213642,0.0000000198,0.0185942072,-0.0101937270,-0.0497318096,0.0124793863,0.1403718740,0.0017633042,0.0894089416,0.1403379291,0.0126130013
15:25:03:27.809,61,0.3038668334,0.2272907197,0.1489980817,0.0000000000,0.0000000000,0.2854422629,0.0000000000,0.3036508560,0.2282584906,0.0000000000,0.0220437404,0.0000000000,0.2854560912,0.0000000000,0.0415749736,0.0000000000,0.0121471900,0.0686049461,0.0949079469,0.0679382458,0.0830783173,0.0273427479,0.0000000000,0.3630432189,0.3457472324,0.0000000000,0.0000000000,0.0823615119,0.0806319341,0.1068005264,0.0970988423,0.0723960921,0.0568403788,0.0751750544,0.0355304144,0.0747850612,0.0722477660,0.1514502317,0.1393745393,0.0341282971,0.0334490500,0.1747139543,0.1719028652,0.1189477518,0.0000000000,0.0000000000,0.0355308801,0.2556466758,0.2372756749,0.1717230380,0.1798813939,0.0000000168,0.0157894418,-0.0094046919,-0.0541958697,0.0133350594,0.1394476891,0.0018716333,0.0901394784,0.1394136846,0.0126309376
15:25:03:28.811,61,0.3077290058,0.2315643430,0.1504614800,0.0000000000,0.0000000000,0.2872772515,0.0000000000,0.3074680567,0.2325643599,0.0000000000,0.0235039126,0.0000000000,0.2872867882,0.0000000000,0.0416429639,0.0000000000,0.0122386124,0.0688879639,0.0946217552,0.0676424950,0.0834977403,0.0270001441,0.0000000000,0.3621250689,0.3435820937,0.0000000000,0.0000000000,0.0841525346,0.0825842693,0.1064572856,0.0970581844,0.0734319091,0.0578501523,0.0755523443,0.0356551595,0.0755613670,0.0730121508,0.1506645232,0.1382763386,0.0334108509,0.0327168256,0.1733096242,0.1707633883,0.1186708659,0.0000000000,0.0000000000,0.0359087922,0.2508328259,0.2312745005,0.1689166874,0.1771848798,0.0000000146,0.0142920120,-0.0083360625,-0.0597254671,0.0142130712,0.1420799643,0.0020330199,0.0909911171,0.1420461982,0.0129939001
15:25:03:29.812,61,0.3086195886,0.2323726267,0.1519200802,0.0000000000,0.0000000000,0.2868880630,0.0000000000,0.3083435297,0.2333914787,0.0000000000,0.0250594281,0.0000000000,0.2868945897,0.0000000000,0.0416146256,0.0000000000,0.0122796874,0.0689285100,0.0940314531,0.0671789497,0.0837949440,0.0267458111,0.0000000000,0.3614212573,0.3422334492,0.0000000000,0.0000000000,0.0865111649,0.0849813223,0.1060137674,0.0969126001,0.0742056444,0.0585835837,0.0760294870,0.0358454473,0.0761714876,0.0736055747,0.1486426741,0.1359826028,0.0327664502,0.0320496410,0.1691806763,0.1669925600,0.1184019521,0.0000000000,0.0000000000,0.0362102762,0.2421553731,0.2221254706,0.1667485535,0.1751222759,0.0000000124,0.0145738637,-0.0070836837,-0.0664703622,0.0151526080,0.1425872147,0.0021752440,0.0918666646,0.1425535679,0.0131660588
15:25:03:30.815,61,0.3040586710,0.2312449366,0.1531654149,0.0000000000,0.0000000000,0.2792094648,0.0000000000,0.3038231432,0.2322725654,0.0000000000,0.0264438353,0.0000000000,0.2792120874,0.0000000000,0.0414796472,0.0000000000,0.0123196095,0.0688986629,0.0933986008,0.0667435601,0.0840736628,0.0265422631,0.0000000000,0.3610186577,0.3414719403,0.0000000000,0.0000000000,0.0886422545,0.0870487690,0.1055002734,0.0966750607,0.0748354644,0.0592198074,0.0764472112,0.0360092446,0.0766226575,0.0740436837,0.1469757408,0.1341656595,0.0321939625,0.0314484723,0.1650724262,0.1631444395,0.1179149374,0.0000000000,0.0000000000,0.0364602357,0.2363673747,0.2163485736,0.1655553728,0.1740140170,0.0000000107,0.0144138373,-0.0049617486,-0.0731333122,0.0159912780,0.1419055164,0.0022845047,0.0926288068,0.1418718100,0.0132106189
15:25:03:31.815,61,0.2900597453,0.2268263251,0.1544593126,0.0000000000,0.0000000000,0.2751153708,0.0000000000,0.2899138331,0.2278496325,0.0000000000,0.0278913621,0.0000000000,0.2751163244,0.0000000000,0.0413240530,0.0000000000,0.0123228347,0.0688569769,0.0927758068,0.0663349852,0.0843074173,0.0263873339,0.0000000000,0.3606870770,0.3409697711,0.0000000000,0.0000000000,0.0901615694,0.0885660276,0.1049917191,0.0964061096,0.0753679052,0.0598498359,0.0767415464,0.0361164920,0.0769794732,0.0743966997,0.1456634700,0.1326381564,0.0316232070,0.0308507811,0.1623198688,0.1605350077,0.1175155491,0.0000000000,0.0000000000,0.0367096961,0.2329647392,0.2128997445,0.1636715680,0.1727867872,0.0000000095,0.0140925227,-0.0021224464,-0.0785885900,0.0168730821,0.1392053664,0.0023639973,0.0934468731,0.1391714364,0.0130699696
15:25:03:32.817,61,0.2852919698,0.2238869518,0.1559643000,0.0000000000,0.0000000000,0.2710240185,0.0000000000,0.2851774395,0.2249140143,0.0000000000,0.0294471271,0.0000000000,0.2710242569,0.0000000000,0.0411778316,0.0000000000,0.0123482933,0.0688062012,0.0922478884,0.0661074072,0.0845688730,0.0263301525,0.0000000000,0.3601685166,0.3403161466,0.0000000000,0.0000000000,0.0910745040,0.0894453675,0.1046272963,0.0962186903,0.0758146942,0.0604178123,0.0768826604,0.0361488499,0.0772875696,0.0747176185,0.1447944790,0.1316578537,0.0310875289,0.0302827135,0.1604507118,0.1587555259,0.1173323616,0.0000000000,0.0000000000,0.0370244868,0.2311500460,0.2110129297,0.1623032242,0.1718587726,0.0000000083,0.0137948589,0.0010153269,-0.0841056034,0.0178186968,0.1374141127,0.0024639340,0.0943808779,0.1373800486,0.0130281411
15:25:03:33.819,61,0.2823639512,0.2209262550,0.1565671712,0.0000000000,0.0000000000,0.2666317523,0.0000000000,0.2822756469,0.2219472677,0.0000000000,0.0300779305,0.0000000000,0.2666326463,0.0000000000,0.0410713181,0.0000000000,0.0122964028,0.0687342957,0.0917453617,0.0659965500,0.0847579464,0.0263843089,0.0000000000,0.3597260416,0.3398426473,0.0000000000,0.0000000000,0.0918730944,0.0901693702,0.1043869257,0.0960402563,0.0762011632,0.0609695613,0.0769635513,0.0361506045,0.0775511637,0.0750124231,0.1441365927,0.1308782101,0.0305772368,0.0297408681,0.1565109789,0.1548679769,0.1172236875,0.0000000000,0.0000000000,0.0373732597,0.2300166637,0.2098508030,0.1606419981,0.1708836108,0.0000000088,0.0122732604,0.0044257175,-0.0892086104,0.0182049312,0.1356025040,0.0024837351,0.0947691724,0.1355682611,0.0129069248
15:25:03:34.821,61,0.2794069946,0.2172162384,0.1575174481,0.0000000000,0.0000000000,0.2615351677,0.0000000000,0.2793330550,0.2182315290,0.0000000000,0.0310410149,0.0000000000,0.2615369856,0.0000000000,0.0409387685,0.0000000000,0.0122257499,0.0686410144,0.0912876055,0.0660414696,0.0850062519,0.0264507309,0.0000000000,0.3578844368,0.3386120200,0.0000000000,0.0000000000,0.0924674049,0.0906834677,0.1041533053,0.0958275050,0.0764952376,0.0614788011,0.0769240782,0.0360989459,0.0778139085,0.0753170252,0.1435458213,0.1301854551,0.0300759636,0.0292172637,0.1527916044,0.1511695683,0.1171229854,0.0000000000,0.0000000000,0.0378296003,0.2290369421,0.2089007646,0.1588377357,0.1699308753,0.0000000098,0.0095147816,0.0072692134,-0.0940882564,0.0187936146,0.1333337426,0.0025206248,0.0953735188,0.1332992464,0.0127689829
15:25:03:35.821,61,0.2734518945,0.2113883346,0.1594385654,0.0000000000,0.0000000000,0.2560401857,0.0000000000,0.2733571231,0.2123982310,0.0000000000,0.0329326540,0.0000000000,0.2560420930,0.0000000000,0.0408460051,0.0000000000,0.0121221785,0.0686134994,0.0909209177,0.0661640838,0.0852759555,0.0265388321,0.0000000000,0.3552418649,0.3366775513,0.0000000000,0.0000000000,0.0930573121,0.0911902338,0.1039432660,0.0956103653,0.0768178627,0.0620557331,0.0767757222,0.0359812342,0.0780517310,0.0755917951,0.1430815607,0.1296090335,0.0295615755,0.0286857616,0.1470116675,0.1454228312,0.1171693653,0.0000000000,0.0000000000,0.0383640751,0.2275010049,0.2075714022,0.1560600847,0.1678870171,0.0000000105,0.0071074427,0.0094229532,-0.0990502313,0.0199482981,0.1297726482,0.0026031958,0.0965820625,0.1297378242,0.0125808809
15:25:03:36.823,61,0.2634862065,0.2027010173,0.1613100767,0.0000000000,0.0000000000,0.2531220913,0.0000000000,0.2633891702,0.2036913782,0.0000000000,0.0347911455,0.0000000000,0.2531239688,0.0000000000,0.0408467874,0.0000000000,0.0119510824,0.0687742531,0.0907886550,0.0664007068,0.0855877325,0.0266065896,0.0000000000,0.3534388542,0.3355755806,0.0000000000,0.0000000000,0.0936868265,0.0917452723,0.1038878858,0.0955092981,0.0772266686,0.0628549978,0.0765651762,0.0358139277,0.0781984180,0.0757960454,0.1427343488,0.1291334927,0.0290317535,0.0281473529,0.1379840523,0.1365169585,0.1172779724,0.0000000000,0.0000000000,0.0389330685,0.2266108394,0.2067286819,0.1523713320,0.1649050117,0.0000000108,0.0050132778,0.0107232770,-0.1031185538,0.0210883692,0.1244558170,0.0026380040,0.0977818444,0.1244204044,0.0122091435
15:25:03:37.826,61,0.2593717575,0.1983147115,0.1619380265,0.0000000000,0.0000000000,0.2510664165,0.0000000000,0.2592733800,0.1992916167,0.0000000000,0.0354156531,0.0000000000,0.2510680258,0.0000000000,0.0409160405,0.0000000000,0.0117794722,0.0691167191,0.0908998400,0.0667457134,0.0859525055,0.0265850499,0.0000000000,0.3523541689,0.3348542452,0.0000000000,0.0000000000,0.0942985266,0.0923138261,0.1039031073,0.0954917520,0.0777034238,0.0640116632,0.0763008296,0.0356001556,0.0782567263,0.0759081915,0.1425680369,0.1288672686,0.0285155792,0.0276300218,0.1314692944,0.1300381273,0.1175726950,0.0000000000,0.0000000000,0.0394378155,0.2260142118,0.2061267346,0.1496050060,0.1624827534,0.0000000105,0.0036756094,0.0121835778,-0.1067363471,0.0214740466,0.1217685565,0.0026276568,0.0981949717,0.1217328683,0.0119930832
15:25:03:38.826,61,0.2571389377,0.1943773180,0.1600365192,0.0000000000,0.0000000000,0.2497353852,0.0000000000,0.2570391893,0.1953192353,0.0000000000,0.0335255712,0.0000000000,0.2497368157,0.0000000000,0.0409659594,0.0000000000,0.0116170188,0.0694728270,0.0910905004,0.0672490001,0.0864793062,0.0265205093,0.0000000000,0.3515887558,0.3344099522,0.0000000000,0.0000000000,0.0948231816,0.0927980468,0.1038816124,0.0954271182,0.0781485364,0.0649461523,0.0760300383,0.0353810750,0.0783909783,0.0760918781,0.1424529552,0.1286750585,0.0280316975,0.0271494370,0.1278945208,0.1264727265,0.1180376634,0.0000000000,0.0000000000,0.0400626846,0.2258685082,0.2059507072,0.1481156945,0.1611653268,0.0000000107,0.0033313816,0.0136495614,-0.1098614261,0.0203339867,0.1193385273,0.0024380411,0.0970702171,0.1193026528,0.0116172051
15:25:03:39.828,61,0.2560356557,0.1958305687,0.1594287753,0.0000000000,0.0000000000,0.2483036071,0.0000000000,0.2559376359,0.1967734396,0.0000000000,0.0328388847,0.0000000000,0.2483042777,0.0000000000,0.0409646370,0.0000000000,0.0115540102,0.0697430149,0.0912694559,0.0677418336,0.0869494453,0.0265067592,0.0000000000,0.3512738943,0.3342964947,0.0000000000,0.0000000000,0.0951166376,0.0930264741,0.1037694067,0.0952537954,0.0784951448,0.0656315088,0.0756752267,0.0351430885,0.0784583688,0.0762066469,0.1424660385,0.1286081970,0.0276239049,0.0267365184,0.1265967786,0.1251811087,0.1185402647,0.0000000000,0.0000000000,0.0406117439,0.2261634171,0.2061535120,0.1472502202,0.1603993326,0.0000000130,0.0027850687,0.0154943960,-0.1117878556,0.0199153665,0.1202260107,0.0024057850,0.0966913030,0.1201902032,0.0116589172
15:25:03:40.831,61,0.2557754219,0.1987722516,0.1593915671,0.0000000000,0.0000000000,0.2454274297,0.0000000000,0.2556809783,0.1997275352,0.0000000000,0.0327924304,0.0000000000,0.2454276979,0.0000000000,0.0408690162,0.0000000000,0.0114914179,0.0699180439,0.0914302543,0.0682132915,0.0874017850,0.0265194662,0.0000000000,0.3509810269,0.3341991901,0.0000000000,0.0000000000,0.0951476768,0.0929956064,0.1035955399,0.0950042531,0.0787121803,0.0660979226,0.0752584264,0.0348928571,0.0784036964,0.0761915073,0.1424750239,0.1285569966,0.0272820015,0.0263892543,0.1261349618,0.1247246563,0.1190413982,0.0000000000,0.0000000000,0.0410270356,0.2263450027,0.2062940896,0.1467214823,0.1599792689,0.0000000143,0.0016852842,0.0188774094,-0.1133897305,0.0198828280,0.1220308468,0.0024382691,0.0966476351,0.1219952032,0.0118304007
15:25:03:41.832,61,0.2587268949,0.2002115548,0.1584853083,0.0000000000,0.0000000000,0.2428761423,0.0000000000,0.2586729228,0.2011646777,0.0000000000,0.0318075866,0.0000000000,0.2428758591,0.0000000000,0.0406976379,0.0000000000,0.0115059847,0.0699797794,0.0914903283,0.0685724765,0.0877692103,0.0264906287,0.0000000000,0.3505634069,0.3339106143,0.0000000000,0.0000000000,0.0950305685,0.0928288698,0.1032693014,0.0946529061,0.0788155496,0.0664251074,0.0747787282,0.0346267596,0.0782905743,0.0761009604,0.1424151957,0.1284626722,0.0269721095,0.0260740612,0.1262223870,0.1248200834,0.1193800941,0.0000000000,0.0000000000,0.0413396619,0.2261775881,0.2060949653,0.1463296711,0.1596744657,0.0000000135,0.0008982543,0.0220549479,-0.1147364378,0.0192836151,0.1229074895,0.0023819553,0.0960877761,0.1228719428,0.0118474616
15:25:03:42.834,61,0.2597894669,0.2009552568,0.1582963467,0.0000000000,0.0000000000,0.2399759442,0.0000000000,0.2597468197,0.2019098103,0.0000000000,0.0316147916,0.0000000000,0.2399734259,0.0000000000,0.0404393859,0.0000000000,0.0116160344,0.0699717775,0.0914976224,0.0688853562,0.0881697834,0.0264316164,0.0000000000,0.3501578867,0.3335104883,0.0000000000,0.0000000000,0.0948050469,0.0925527513,0.1028477028,0.0942635015,0.0788616240,0.0666269809,0.0743332505,0.0343986638,0.0781945512,0.0760208070,0.1422377676,0.1282745600,0.0267207138,0.0258141290,0.1265295744,0.1251353770,0.1196843758,0.0000000000,0.0000000000,0.0416020416,0.2260111123,0.2058423758,0.1461743712,0.1595800817,0.0000000108,0.0002264797,0.0251697060,-0.1156179756,0.0191656537,0.1233624741,0.0023762395,0.0959678292,0.1233269349,0.0118769808
15:25:03:43.834,61,0.2603451014,0.2010311633,0.1591545045,0.0000000000,0.0000000000,0.2381210476,0.0000000000,0.2603090703,0.2019941211,0.0000000000,0.0324929468,0.0000000000,0.2381144017,0.0000000000,0.0401523523,0.0000000000,0.0118627362,0.0698509067,0.0913572609,0.0690224543,0.0884627551,0.0262844656,0.0000000000,0.3498672843,0.3330819607,0.0000000000,0.0000000000,0.0945492089,0.0922729224,0.1023279130,0.0938759446,0.0788391307,0.0667311624,0.0739318877,0.0342111886,0.0780946240,0.0759197623,0.1419145167,0.1279805601,0.0265043955,0.0255864803,0.1271767318,0.1258093417,0.1198090687,0.0000000000,0.0000000000,0.0417607687,0.2257892489,0.2054356635,0.1461894661,0.1596183181,0.0000000062,-0.0002034700,0.0279540364,-0.1167293340,0.0196978804,0.1234152690,0.0024432743,0.0964875072,0.1233797371,0.0119462544
15:25:03:44.837,61,0.2622044981,0.2037586421,0.1596804112,0.0000000000,0.0000000000,0.2374334782,0.0000000000,0.2621815205,0.2047381997,0.0000000000,0.0330874138,0.0000000000,0.2374241203,0.0000000000,0.0399453864,0.0000000000,0.0122305341,0.0697759092,0.0912140831,0.0690111071,0.0885713175,0.0259900987,0.0000000000,0.3501109183,0.3331251740,0.0000000000,0.0000000000,0.0944602415,0.0921964645,0.1018261984,0.0935995579,0.0788940489,0.0668873340,0.0736321583,0.0340728126,0.0780191049,0.0758308992,0.1416034698,0.1277377605,0.0263237562,0.0253958944,0.1299182475,0.1285645962,0.1198168993,0.0000000000,0.0000000000,0.0416998155,0.2259094864,0.2052303702,0.1463897228,0.1598114073,0.0000000033,0.0001982495,0.0300557576,-0.1179227605,0.0200540591,0.1250927448,0.0025216106,0.0967862159,0.1250574291,0.0121477460
15:25:03:45.839,61,0.2640902102,0.2072434872,0.1593375206,0.0000000000,0.0000000000,0.2372035980,0.0000000000,0.2640765607,0.2082343549,0.0000000000,0.0328920633,0.0000000000,0.2371921688,0.0000000000,0.0397683233,0.0000000000,0.0126616145,0.0697007328,0.0910507962,0.0688661784,0.0885674953,0.0257258862,0.0000000000,0.3573880196,0.3365178406,0.0000000000,0.0000000000,0.0945387408,0.0922786221,0.1013707891,0.0934038162,0.0789736882,0.0670205206,0.0734926909,0.0340100341,0.0779045597,0.0756874830,0.1413459331,0.1275701970,0.0262263604,0.0252795666,0.1351742148,0.1337893605,0.1197726354,0.0000000000,0.0000000000,0.0413835160,0.2268492728,0.2053771168,0.1470551342,0.1603236645,0.0000000021,0.0010144989,0.0323573202,-0.1188571155,0.0199302621,0.1272285283,0.0025492948,0.0965523720,0.1271934658,0.0123276887
15:25:03:46.840,61,0.2649739981,0.2098526657,0.1590299904,0.0000000000,0.0000000000,0.2367820740,0.0000000000,0.2649642527,0.2108511478,0.0000000000,0.0327833667,0.0000000000,0.2367698252,0.0000000000,0.0394975729,0.0000000000,0.0130293490,0.0694887489,0.0907169133,0.0686589256,0.0885932818,0.0255048349,0.0000000000,0.3640196919,0.3415462971,0.0000000000,0.0000000000,0.0947068855,0.0924668610,0.1009654626,0.0932608396,0.0788962021,0.0670016706,0.0735619441,0.0340546332,0.0777670071,0.0755182356,0.1408542842,0.1271873415,0.0261996780,0.0252259355,0.1372015029,0.1358107328,0.1195855960,0.0000000000,0.0000000000,0.0409645028,0.2273395360,0.2053960860,0.1477218568,0.1609365642,0.0000000018,0.0018960374,0.0348677374,-0.1198915839,0.0198603123,0.1288271993,0.0025726222,0.0963462964,0.1287922859,0.0124577908
15:25:03:47.841,61,0.2656492889,0.2134000510,0.1576535851,0.0000000000,0.0000000000,0.2356621772,0.0000000000,0.2656409144,0.2143991888,0.0000000000,0.0316493772,0.0000000000,0.2356491536,0.0000000000,0.0392135754,0.0000000000,0.0133790122,0.0692598447,0.0903632939,0.0684051663,0.0885671973,0.0253479965,0.0000000000,0.3734579384,0.3491109014,0.0000000000,0.0000000000,0.0950945914,0.0928658172,0.1006811261,0.0932438001,0.0788002536,0.0669631287,0.0737257451,0.0341393538,0.0776148811,0.0753147304,0.1404060721,0.1268436164,0.0262310393,0.0252201464,0.1383878142,0.1369906068,0.1194068566,0.0000000000,0.0000000000,0.0404756255,0.2278219759,0.2054076493,0.1485035866,0.1616088301,0.0000000020,0.0030559835,0.0383898988,-0.1212847456,0.0191679075,0.1309932023,0.0025251668,0.0954854786,0.1309586167,0.0125568639
15:25:03:48.842,61,0.2660965025,0.2157553881,0.1558522731,0.0000000000,0.0000000000,0.2319446802,0.0000000000,0.2660858333,0.2167456746,0.0000000000,0.0300424173,0.0000000000,0.2319323123,0.0000000000,0.0388600305,0.0000000000,0.0136853829,0.0688647032,0.0898238868,0.0681752935,0.0886636674,0.0253522899,0.0000000000,0.3800994456,0.3535696864,0.0000000000,0.0000000000,0.0954905748,0.0932547078,0.1003845558,0.0931976661,0.0786467120,0.0667756796,0.0741706416,0.0343847126,0.0776176378,0.0752507746,0.1397688389,0.1263073832,0.0263690595,0.0252993573,0.1388259381,0.1374183148,0.1192082465,0.0000000000,0.0000000000,0.0400435105,0.2284225821,0.2055512816,0.1516433209,0.1642037332,0.0000000032,0.0035447171,0.0425487533,-0.1226043329,0.0181912314,0.1324244440,0.0024230056,0.0943765864,0.1323900819,0.0125487298
15:25:03:49.844,61,0.2664707899,0.2181348503,0.1542598158,0.0000000000,0.0000000000,0.2276256233,0.0000000000,0.2664560974,0.2191182822,0.0000000000,0.0286141634,0.0000000000,0.2276172489,0.0000000000,0.0384112746,0.0000000000,0.0139060570,0.0683655366,0.0892104059,0.0679879636,0.0888467208,0.0254663639,0.0000000000,0.3838526607,0.3560185432,0.0000000000,0.0000000000,0.0957452282,0.0935008526,0.1001686752,0.0932138637,0.0783543587,0.0663711056,0.0749737844,0.0347547978,0.0776287392,0.0751944408,0.1377124786,0.1248403639,0.0266192406,0.0254763383,0.1378298402,0.1364015937,0.1187948138,0.0000000000,0.0000000000,0.0396230854,0.2290005684,0.2057919800,0.1560951024,0.1687923819,0.0000000039,0.0029659760,0.0462605655,-0.1245829463,0.0173230339,0.1338719726,0.0023329018,0.0933941677,0.1338377744,0.0125559065
