HIERARCHY
ROOT hip
{
  OFFSET 0 0 0
  CHANNELS 6 Xposition Yposition Zposition Zrotation Yrotation Xrotation
  JOINT abdomen
  {
    OFFSET 0 20.688101 -0.731520
    CHANNELS 3 Zrotation Xrotation Yrotation
    JOINT chest
    {
      OFFSET 0 11.704300 -0.487680
      CHANNELS 3 Zrotation Xrotation Yrotation
      JOINT neck
      {
        OFFSET 0 22.189400 -2.194560
        CHANNELS 3 Zrotation Xrotation Yrotation
        JOINT neck1
        {
          OFFSET 0 5.364170 1.574630
          CHANNELS 3 Zrotation Xrotation Yrotation
          JOINT head
          {
            OFFSET 0 5.364141 1.574630
            CHANNELS 3 Zrotation Xrotation Yrotation
            JOINT __jaw
            {
              OFFSET 0 13.604700 -0.502080
              CHANNELS 3 Zrotation Xrotation Yrotation
              JOINT jaw
              {
                OFFSET 0 -13.499860 2.500710
                CHANNELS 3 Zrotation Xrotation Yrotation
                JOINT special04
                {
                  OFFSET 0 -6.835370 4.375500
                  CHANNELS 3 Zrotation Xrotation Yrotation
                  JOINT oris02
                  {
                    OFFSET 0 1.711150 2.820850
                    CHANNELS 3 Zrotation Xrotation Yrotation
                    JOINT oris01
                    {
                      OFFSET 0 0.972390 0.845650
                      CHANNELS 3 Zrotation Xrotation Yrotation
                      End Site
                      {
                        OFFSET 0 1.162291 0.607091
                      }
                    }
                  }
                  JOINT oris06.l
                  {
                    OFFSET 0 1.711150 2.820850
                    CHANNELS 3 Zrotation Xrotation Yrotation
                    JOINT oris07.l
                    {
                      OFFSET 1.168850 0.445180 0.506110
                      CHANNELS 3 Zrotation Xrotation Yrotation
                      End Site
                      {
                        OFFSET 0.450611 1.195178 0.204519
                      }
                    }
                  }
                  JOINT oris06.r
                  {
                    OFFSET 0 1.711150 2.820850
                    CHANNELS 3 Zrotation Xrotation Yrotation
                    JOINT oris07.r
                    {
                      OFFSET -1.168850 0.445180 0.506110
                      CHANNELS 3 Zrotation Xrotation Yrotation
                      End Site
                      {
                        OFFSET -0.450611 1.195173 0.204519
                      }
                    }
                  }
                }
                JOINT tongue00
                {
                  OFFSET 0 -6.835370 4.375500
                  CHANNELS 3 Zrotation Xrotation Yrotation
                  JOINT tongue01
                  {
                    OFFSET 0 3.973650 -3.762340
                    CHANNELS 3 Zrotation Xrotation Yrotation
                    JOINT tongue02
                    {
                      OFFSET 0 0.429760 2.924710
                      CHANNELS 3 Zrotation Xrotation Yrotation
                      JOINT tongue03
                      {
                        OFFSET 0 0.018530 2.059010
                        CHANNELS 3 Zrotation Xrotation Yrotation
                        JOINT __tongue04
                        {
                          OFFSET 0 -0.440240 0.838860
                          CHANNELS 3 Zrotation Xrotation Yrotation
                          JOINT tongue04
                          {
                            OFFSET 0 0 0
                            CHANNELS 3 Zrotation Xrotation Yrotation
                            End Site
                            {
                              OFFSET 0 -0.440230 0.838860
                            }
                          }
                        }
                        JOINT tongue07.l
                        {
                          OFFSET 0 -0.440240 0.838860
                          CHANNELS 3 Zrotation Xrotation Yrotation
                          End Site
                          {
                            OFFSET 1.160923 -0.331531 0.018227
                          }
                        }
                        JOINT tongue07.r
                        {
                          OFFSET 0 -0.440240 0.838860
                          CHANNELS 3 Zrotation Xrotation Yrotation
                          End Site
                          {
                            OFFSET -1.160922 -0.331531 0.018227
                          }
                        }
                      }
                      JOINT tongue06.l
                      {
                        OFFSET 0 0.018530 2.059010
                        CHANNELS 3 Zrotation Xrotation Yrotation
                        End Site
                        {
                          OFFSET 1.644752 -0.526075 -0.203281
                        }
                      }
                      JOINT tongue06.r
                      {
                        OFFSET 0 0.018530 2.059010
                        CHANNELS 3 Zrotation Xrotation Yrotation
                        End Site
                        {
                          OFFSET -1.644752 -0.526075 -0.203282
                        }
                      }
                    }
                    JOINT tongue05.l
                    {
                      OFFSET 0 0.429760 2.924710
                      CHANNELS 3 Zrotation Xrotation Yrotation
                      End Site
                      {
                        OFFSET 1.971028 -0.388618 0.239206
                      }
                    }
                    JOINT tongue05.r
                    {
                      OFFSET 0 0.429760 2.924710
                      CHANNELS 3 Zrotation Xrotation Yrotation
                      End Site
                      {
                        OFFSET -1.971028 -0.388618 0.239205
                      }
                    }
                  }
                }
              }
            }
            JOINT __levator02.l
            {
              OFFSET 0 13.604700 -0.502080
              CHANNELS 3 Zrotation Xrotation Yrotation
              JOINT levator02.l
              {
                OFFSET 0.313580 -11.321120 11.599360
                CHANNELS 3 Zrotation Xrotation Yrotation
                JOINT levator03.l
                {
                  OFFSET 1.681690 -1.563730 -1.357570
                  CHANNELS 3 Zrotation Xrotation Yrotation
                  JOINT levator04.l
                  {
                    OFFSET 0.504730 -1.676760 -0.058160
                    CHANNELS 3 Zrotation Xrotation Yrotation
                    JOINT levator05.l
                    {
                      OFFSET 0.145440 -1.643170 -0.225470
                      CHANNELS 3 Zrotation Xrotation Yrotation
                      End Site
                      {
                        OFFSET -0.310116 -0.760198 -0.121474
                      }
                    }
                  }
                }
              }
            }
            JOINT __levator02.r
            {
              OFFSET 0 13.604700 -0.502080
              CHANNELS 3 Zrotation Xrotation Yrotation
              JOINT levator02.r
              {
                OFFSET -0.313580 -11.321120 11.599360
                CHANNELS 3 Zrotation Xrotation Yrotation
                JOINT levator03.r
                {
                  OFFSET -1.681690 -1.563740 -1.357570
                  CHANNELS 3 Zrotation Xrotation Yrotation
                  JOINT levator04.r
                  {
                    OFFSET -0.504730 -1.676750 -0.058160
                    CHANNELS 3 Zrotation Xrotation Yrotation
                    JOINT levator05.r
                    {
                      OFFSET -0.145440 -1.643170 -0.225470
                      CHANNELS 3 Zrotation Xrotation Yrotation
                      End Site
                      {
                        OFFSET 0.310116 -0.760193 -0.121474
                      }
                    }
                  }
                }
              }
            }
            JOINT __special01
            {
              OFFSET 0 13.604700 -0.502080
              CHANNELS 3 Zrotation Xrotation Yrotation
              JOINT special01
              {
                OFFSET 0 -14.026930 -5.716970
                CHANNELS 3 Zrotation Xrotation Yrotation
                JOINT oris04.l
                {
                  OFFSET 0 -0.492640 17.312620
                  CHANNELS 3 Zrotation Xrotation Yrotation
                  JOINT oris03.l
                  {
                    OFFSET 1.215520 -0.627430 -0.393050
                    CHANNELS 3 Zrotation Xrotation Yrotation
                    End Site
                    {
                      OFFSET 0.288776 -0.560899 -0.149645
                    }
                  }
                }
                JOINT oris04.r
                {
                  OFFSET 0 -0.492640 17.312620
                  CHANNELS 3 Zrotation Xrotation Yrotation
                  JOINT oris03.r
                  {
                    OFFSET -1.215520 -0.627440 -0.393050
                    CHANNELS 3 Zrotation Xrotation Yrotation
                    End Site
                    {
                      OFFSET -0.288776 -0.560894 -0.149645
                    }
                  }
                }
                JOINT oris06
                {
                  OFFSET 0 -0.492640 17.312620
                  CHANNELS 3 Zrotation Xrotation Yrotation
                  JOINT oris05
                  {
                    OFFSET 0 -0.486000 0.000950
                    CHANNELS 3 Zrotation Xrotation Yrotation
                    End Site
                    {
                      OFFSET 0 -0.630493 0.197635
                    }
                  }
                }
              }
            }
            JOINT __special03
            {
              OFFSET 0 13.604700 -0.502080
              CHANNELS 3 Zrotation Xrotation Yrotation
              JOINT special03
              {
                OFFSET 0 -13.499860 2.500710
                CHANNELS 3 Zrotation Xrotation Yrotation
                JOINT __levator06.l
                {
                  OFFSET 0 1.035800 10.090229
                  CHANNELS 3 Zrotation Xrotation Yrotation
                  JOINT levator06.l
                  {
                    OFFSET 0.522240 -0.615720 0.045900
                    CHANNELS 3 Zrotation Xrotation Yrotation
                    End Site
                    {
                      OFFSET 1.107505 -0.131898 -2.142227
                    }
                  }
                }
                JOINT __levator06.r
                {
                  OFFSET 0 1.035800 10.090229
                  CHANNELS 3 Zrotation Xrotation Yrotation
                  JOINT levator06.r
                  {
                    OFFSET -0.522240 -0.615730 0.045900
                    CHANNELS 3 Zrotation Xrotation Yrotation
                    End Site
                    {
                      OFFSET -1.107506 -0.131893 -2.142227
                    }
                  }
                }
              }
            }
            JOINT special06.l
            {
              OFFSET 0 13.604700 -0.502080
              CHANNELS 3 Zrotation Xrotation Yrotation
              JOINT special05.l
              {
                OFFSET 2.108890 0.153870 5.595070
                CHANNELS 3 Zrotation Xrotation Yrotation
                JOINT eye.l
                {
                  OFFSET 0.857170 -10.254801 2.414670
                  CHANNELS 3 Zrotation Xrotation Yrotation
                  End Site
                  {
                    OFFSET 0.111609 0.006490 4.051424
                  }
                }
                JOINT orbicularis03.l
                {
                  OFFSET 0.857170 -10.254801 2.414670
                  CHANNELS 3 Zrotation Xrotation Yrotation
                  End Site
                  {
                    OFFSET 0.097789 1.146431 3.788029
                  }
                }
                JOINT orbicularis04.l
                {
                  OFFSET 0.857170 -10.254801 2.414670
                  CHANNELS 3 Zrotation Xrotation Yrotation
                  End Site
                  {
                    OFFSET 0.113609 -1.130505 3.863064
                  }
                }
              }
            }
            JOINT special06.r
            {
              OFFSET 0 13.604700 -0.502080
              CHANNELS 3 Zrotation Xrotation Yrotation
              JOINT special05.r
              {
                OFFSET -2.108890 0.153870 5.595070
                CHANNELS 3 Zrotation Xrotation Yrotation
                JOINT eye.r
                {
                  OFFSET -0.857170 -10.254801 2.414670
                  CHANNELS 3 Zrotation Xrotation Yrotation
                  End Site
                  {
                    OFFSET -0.111609 0.006490 4.051424
                  }
                }
                JOINT orbicularis03.r
                {
                  OFFSET -0.857170 -10.254801 2.414670
                  CHANNELS 3 Zrotation Xrotation Yrotation
                  End Site
                  {
                    OFFSET -0.097789 1.146431 3.788029
                  }
                }
                JOINT orbicularis04.r
                {
                  OFFSET -0.857170 -10.254801 2.414670
                  CHANNELS 3 Zrotation Xrotation Yrotation
                  End Site
                  {
                    OFFSET -0.113609 -1.130505 3.863064
                  }
                }
              }
            }
            JOINT __temporalis01.l
            {
              OFFSET 0 13.604700 -0.502080
              CHANNELS 3 Zrotation Xrotation Yrotation
              JOINT temporalis01.l
              {
                OFFSET 6.332510 -9.444281 6.595120
                CHANNELS 3 Zrotation Xrotation Yrotation
                JOINT oculi02.l
                {
                  OFFSET -0.804920 0.053010 1.621140
                  CHANNELS 3 Zrotation Xrotation Yrotation
                  JOINT oculi01.l
                  {
                    OFFSET -2.161570 1.690970 2.142660
                    CHANNELS 3 Zrotation Xrotation Yrotation
                    End Site
                    {
                      OFFSET -1.740622 0.281157 0.647323
                    }
                  }
                }
              }
            }
            JOINT __temporalis01.r
            {
              OFFSET 0 13.604700 -0.502080
              CHANNELS 3 Zrotation Xrotation Yrotation
              JOINT temporalis01.r
              {
                OFFSET -6.332510 -9.444281 6.595120
                CHANNELS 3 Zrotation Xrotation Yrotation
                JOINT oculi02.r
                {
                  OFFSET 0.804920 0.053010 1.621140
                  CHANNELS 3 Zrotation Xrotation Yrotation
                  JOINT oculi01.r
                  {
                    OFFSET 2.161570 1.690970 2.142660
                    CHANNELS 3 Zrotation Xrotation Yrotation
                    End Site
                    {
                      OFFSET 1.740622 0.281157 0.647323
                    }
                  }
                }
              }
            }
            JOINT __temporalis02.l
            {
              OFFSET 0 13.604700 -0.502080
              CHANNELS 3 Zrotation Xrotation Yrotation
              JOINT temporalis02.l
              {
                OFFSET 6.377600 -11.680510 6.235180
                CHANNELS 3 Zrotation Xrotation Yrotation
                JOINT risorius02.l
                {
                  OFFSET -0.814250 0.451130 1.721730
                  CHANNELS 3 Zrotation Xrotation Yrotation
                  JOINT risorius03.l
                  {
                    OFFSET -0.649710 -2.514660 0.612550
                    CHANNELS 3 Zrotation Xrotation Yrotation
                    End Site
                    {
                      OFFSET 0.479556 -1.760402 -1.642659
                    }
                  }
                }
              }
            }
            JOINT __temporalis02.r
            {
              OFFSET 0 13.604700 -0.502080
              CHANNELS 3 Zrotation Xrotation Yrotation
              JOINT temporalis02.r
              {
                OFFSET -6.377600 -11.680510 6.235180
                CHANNELS 3 Zrotation Xrotation Yrotation
                JOINT risorius02.r
                {
                  OFFSET 0.814250 0.451130 1.721730
                  CHANNELS 3 Zrotation Xrotation Yrotation
                  JOINT risorius03.r
                  {
                    OFFSET 0.649710 -2.514660 0.612550
                    CHANNELS 3 Zrotation Xrotation Yrotation
                    End Site
                    {
                      OFFSET -0.479556 -1.760402 -1.642659
                    }
                  }
                }
              }
            }
          }
        }
      }
      JOINT rCollar
      {
        OFFSET -2.682240 19.263399 -4.876800
        CHANNELS 3 Zrotation Xrotation Yrotation
        JOINT rShldr
        {
          OFFSET -8.778240 -1.950730 1.463040
          CHANNELS 3 Zrotation Xrotation Yrotation
          JOINT rForeArm
          {
            OFFSET -28.174200 -1.711500 0.487680
            CHANNELS 3 Zrotation Xrotation Yrotation
            JOINT rHand
            {
              OFFSET -21.049400 0.002190 -0.634230
              CHANNELS 3 Zrotation Xrotation Yrotation
              JOINT metacarpal1.r
              {
                OFFSET -2.815680 -0.279180 0.531660
                CHANNELS 3 Zrotation Xrotation Yrotation
                JOINT finger2-1.r
                {
                  OFFSET -6.292930 0.272380 2.520090
                  CHANNELS 3 Zrotation Xrotation Yrotation
                  JOINT finger2-2.r
                  {
                    OFFSET -2.310530 -0.320530 -0.060510
                    CHANNELS 3 Zrotation Xrotation Yrotation
                    JOINT finger2-3.r
                    {
                      OFFSET -2.051030 -0.295400 -0.164890
                      CHANNELS 3 Zrotation Xrotation Yrotation
                      End Site
                      {
                        OFFSET -2.376838 -0.681367 -0.183877
                      }
                    }
                  }
                }
              }
              JOINT metacarpal2.r
              {
                OFFSET -2.815680 -0.279180 0.531660
                CHANNELS 3 Zrotation Xrotation Yrotation
                JOINT finger3-1.r
                {
                  OFFSET -6.313640 0.626130 0.318530
                  CHANNELS 3 Zrotation Xrotation Yrotation
                  JOINT finger3-2.r
                  {
                    OFFSET -3.015730 -0.589480 -0.088540
                    CHANNELS 3 Zrotation Xrotation Yrotation
                    JOINT finger3-3.r
                    {
                      OFFSET -2.482120 -0.426280 0.076670
                      CHANNELS 3 Zrotation Xrotation Yrotation
                      End Site
                      {
                        OFFSET -2.344174 -0.731969 0.003260
                      }
                    }
                  }
                }
              }
              JOINT __metacarpal3.r
              {
                OFFSET -2.815680 -0.279180 0.531660
                CHANNELS 3 Zrotation Xrotation Yrotation
                JOINT metacarpal3.r
                {
                  OFFSET -0.606080 -0.162120 -1.874870
                  CHANNELS 3 Zrotation Xrotation Yrotation
                  JOINT finger4-1.r
                  {
                    OFFSET -5.355730 0.702040 0.402510
                    CHANNELS 3 Zrotation Xrotation Yrotation
                    JOINT finger4-2.r
                    {
                      OFFSET -2.643900 -0.485530 -0.117520
                      CHANNELS 3 Zrotation Xrotation Yrotation
                      JOINT finger4-3.r
                      {
                        OFFSET -2.215850 -0.353160 0.066220
                        CHANNELS 3 Zrotation Xrotation Yrotation
                        End Site
                        {
                          OFFSET -2.350273 -0.621223 -0.046375
                        }
                      }
                    }
                  }
                }
              }
              JOINT __metacarpal4.r
              {
                OFFSET -2.815680 -0.279180 0.531660
                CHANNELS 3 Zrotation Xrotation Yrotation
                JOINT metacarpal4.r
                {
                  OFFSET -0.606080 -0.162120 -1.874870
                  CHANNELS 3 Zrotation Xrotation Yrotation
                  JOINT finger5-1.r
                  {
                    OFFSET -4.761700 0.175470 -1.109590
                    CHANNELS 3 Zrotation Xrotation Yrotation
                    JOINT finger5-2.r
                    {
                      OFFSET -1.916360 -0.173360 -0.146170
                      CHANNELS 3 Zrotation Xrotation Yrotation
                      JOINT finger5-3.r
                      {
                        OFFSET -1.411290 -0.108670 -0.020110
                        CHANNELS 3 Zrotation Xrotation Yrotation
                        End Site
                        {
                          OFFSET -1.799226 -0.102363 -0.078601
                        }
                      }
                    }
                  }
                }
              }
              JOINT __rthumb
              {
                OFFSET -2.815680 -0.279180 0.531660
                CHANNELS 3 Zrotation Xrotation Yrotation
                JOINT rthumb
                {
                  OFFSET -0.283040 -0.142720 1.950690
                  CHANNELS 3 Zrotation Xrotation Yrotation
                  JOINT finger1-2.r
                  {
                    OFFSET -0.915590 -2.152150 1.546760
                    CHANNELS 3 Zrotation Xrotation Yrotation
                    JOINT finger1-3.r
                    {
                      OFFSET -3.213140 -0.470060 0.247480
                      CHANNELS 3 Zrotation Xrotation Yrotation
                      End Site
                      {
                        OFFSET -2.521224 -0.161543 -0.511272
                      }
                    }
                  }
                }
              }
            }
          }
        }
      }
      JOINT lCollar
      {
        OFFSET 2.682240 19.263399 -4.876800
        CHANNELS 3 Zrotation Xrotation Yrotation
        JOINT lShldr
        {
          OFFSET 8.778240 -1.950730 1.463040
          CHANNELS 3 Zrotation Xrotation Yrotation
          JOINT lForeArm
          {
            OFFSET 28.174200 -1.711500 0.487680
            CHANNELS 3 Zrotation Xrotation Yrotation
            JOINT lHand
            {
              OFFSET 21.049408 0.002200 -0.634230
              CHANNELS 3 Zrotation Xrotation Yrotation
              JOINT metacarpal1.l
              {
                OFFSET 2.815670 -0.279180 0.531660
                CHANNELS 3 Zrotation Xrotation Yrotation
                JOINT finger2-1.l
                {
                  OFFSET 6.292930 0.272390 2.520090
                  CHANNELS 3 Zrotation Xrotation Yrotation
                  JOINT finger2-2.l
                  {
                    OFFSET 2.310530 -0.320520 -0.060510
                    CHANNELS 3 Zrotation Xrotation Yrotation
                    JOINT finger2-3.l
                    {
                      OFFSET 2.051030 -0.295400 -0.164880
                      CHANNELS 3 Zrotation Xrotation Yrotation
                      End Site
                      {
                        OFFSET 2.376823 -0.681367 -0.183876
                      }
                    }
                  }
                }
              }
              JOINT metacarpal2.l
              {
                OFFSET 2.815670 -0.279180 0.531660
                CHANNELS 3 Zrotation Xrotation Yrotation
                JOINT finger3-1.l
                {
                  OFFSET 6.313640 0.626120 0.318530
                  CHANNELS 3 Zrotation Xrotation Yrotation
                  JOINT finger3-2.l
                  {
                    OFFSET 3.015730 -0.589470 -0.088540
                    CHANNELS 3 Zrotation Xrotation Yrotation
                    JOINT finger3-3.l
                    {
                      OFFSET 2.482120 -0.426270 0.076670
                      CHANNELS 3 Zrotation Xrotation Yrotation
                      End Site
                      {
                        OFFSET 2.344170 -0.731978 0.003260
                      }
                    }
                  }
                }
              }
              JOINT __metacarpal3.l
              {
                OFFSET 2.815670 -0.279180 0.531660
                CHANNELS 3 Zrotation Xrotation Yrotation
                JOINT metacarpal3.l
                {
                  OFFSET 0.606080 -0.162120 -1.874870
                  CHANNELS 3 Zrotation Xrotation Yrotation
                  JOINT finger4-1.l
                  {
                    OFFSET 5.355730 0.702050 0.402510
                    CHANNELS 3 Zrotation Xrotation Yrotation
                    JOINT finger4-2.l
                    {
                      OFFSET 2.643900 -0.485530 -0.117510
                      CHANNELS 3 Zrotation Xrotation Yrotation
                      JOINT finger4-3.l
                      {
                        OFFSET 2.215840 -0.353150 0.066210
                        CHANNELS 3 Zrotation Xrotation Yrotation
                        End Site
                        {
                          OFFSET 2.350273 -0.621228 -0.046377
                        }
                      }
                    }
                  }
                }
              }
              JOINT __metacarpal4.l
              {
                OFFSET 2.815670 -0.279180 0.531660
                CHANNELS 3 Zrotation Xrotation Yrotation
                JOINT metacarpal4.l
                {
                  OFFSET 0.606080 -0.162120 -1.874870
                  CHANNELS 3 Zrotation Xrotation Yrotation
                  JOINT finger5-1.l
                  {
                    OFFSET 4.761700 0.175480 -1.109600
                    CHANNELS 3 Zrotation Xrotation Yrotation
                    JOINT finger5-2.l
                    {
                      OFFSET 1.916350 -0.173360 -0.146170
                      CHANNELS 3 Zrotation Xrotation Yrotation
                      JOINT finger5-3.l
                      {
                        OFFSET 1.411290 -0.108670 -0.020110
                        CHANNELS 3 Zrotation Xrotation Yrotation
                        End Site
                        {
                          OFFSET 1.799216 -0.102372 -0.078600
                        }
                      }
                    }
                  }
                }
              }
              JOINT __lthumb
              {
                OFFSET 2.815670 -0.279180 0.531660
                CHANNELS 3 Zrotation Xrotation Yrotation
                JOINT lthumb
                {
                  OFFSET 0.283040 -0.142710 1.950690
                  CHANNELS 3 Zrotation Xrotation Yrotation
                  JOINT finger1-2.l
                  {
                    OFFSET 0.915930 -2.151960 1.546820
                    CHANNELS 3 Zrotation Xrotation Yrotation
                    JOINT finger1-3.l
                    {
                      OFFSET 3.213210 -0.469680 0.247300
                      CHANNELS 3 Zrotation Xrotation Yrotation
                      End Site
                      {
                        OFFSET 2.521210 -0.161290 -0.511422
                      }
                    }
                  }
                }
              }
            }
          }
        }
      }
    }
  }
  JOINT rButtock
  {
    OFFSET -8.778240 4.350840 1.219200
    CHANNELS 3 Zrotation Xrotation Yrotation
    JOINT rThigh
    {
      OFFSET 0 -1.706870 -2.194560
      CHANNELS 3 Zrotation Xrotation Yrotation
      JOINT rShin
      {
        OFFSET 0 -36.819901 0.731520
        CHANNELS 3 Zrotation Xrotation Yrotation
        JOINT rFoot
        {
          OFFSET 0.731520 -45.110401 -5.120640
          CHANNELS 3 Zrotation Xrotation Yrotation
          JOINT toe1-1.R
          {
            OFFSET 2.454000 -4.050002 13.194999
            CHANNELS 3 Zrotation Xrotation Yrotation
            JOINT toe1-2.R
            {
              OFFSET -0.214000 -0.646000 2.427000
              CHANNELS 3 Zrotation Xrotation Yrotation
              End Site
              {
                OFFSET -0.401900 -0.827789 2.725930
              }
            }
          }
          JOINT toe2-1.R
          {
            OFFSET 0.177000 -4.299998 13.329000
            CHANNELS 3 Zrotation Xrotation Yrotation
            JOINT toe2-2.R
            {
              OFFSET -0.177000 -0.323000 2.039000
              CHANNELS 3 Zrotation Xrotation Yrotation
              JOINT toe2-3.R
              {
                OFFSET -0.067000 -0.440998 1.248000
                CHANNELS 3 Zrotation Xrotation Yrotation
                End Site
                {
                  OFFSET -0.042990 -0.647306 1.660872
                }
              }
            }
          }
          JOINT toe3-1.R
          {
            OFFSET -1.396000 -4.461999 13.078999
            CHANNELS 3 Zrotation Xrotation Yrotation
            JOINT toe3-2.R
            {
              OFFSET -0.161000 -0.247002 1.809000
              CHANNELS 3 Zrotation Xrotation Yrotation
              JOINT toe3-3.R
              {
                OFFSET -0.033000 -0.441999 1.202000
                CHANNELS 3 Zrotation Xrotation Yrotation
                End Site
                {
                  OFFSET 0.032040 -0.433550 1.271800
                }
              }
            }
          }
          JOINT toe4-1.R
          {
            OFFSET -2.888001 -4.480000 12.376999
            CHANNELS 3 Zrotation Xrotation Yrotation
            JOINT toe4-2.R
            {
              OFFSET -0.160000 -0.331998 1.491001
              CHANNELS 3 Zrotation Xrotation Yrotation
              JOINT toe4-3.R
              {
                OFFSET 0.035999 -0.251002 1.138999
                CHANNELS 3 Zrotation Xrotation Yrotation
                End Site
                {
                  OFFSET -0.088911 -0.568814 0.969530
                }
              }
            }
          }
          JOINT toe5-1.R
          {
            OFFSET -4.257999 -4.467001 11.711999
            CHANNELS 3 Zrotation Xrotation Yrotation
            JOINT toe5-2.R
            {
              OFFSET -0.046000 -0.265999 0.982000
              CHANNELS 3 Zrotation Xrotation Yrotation
              JOINT toe5-3.R
              {
                OFFSET 0.086999 -0.372000 0.791000
                CHANNELS 3 Zrotation Xrotation Yrotation
                End Site
                {
                  OFFSET -0.044329 -0.555482 1.085780
                }
              }
            }
          }
        }
      }
    }
  }
  JOINT lButtock
  {
    OFFSET 8.778240 4.350840 1.219200
    CHANNELS 3 Zrotation Xrotation Yrotation
    JOINT lThigh
    {
      OFFSET 0 -1.706870 -2.194560
      CHANNELS 3 Zrotation Xrotation Yrotation
      JOINT lShin
      {
        OFFSET 0 -36.819901 0.731520
        CHANNELS 3 Zrotation Xrotation Yrotation
        JOINT lFoot
        {
          OFFSET -0.731520 -45.110401 -5.120640
          CHANNELS 3 Zrotation Xrotation Yrotation
          JOINT toe1-1.L
          {
            OFFSET -2.454000 -4.050002 13.194999
            CHANNELS 3 Zrotation Xrotation Yrotation
            JOINT toe1-2.L
            {
              OFFSET 0.214000 -0.646000 2.427000
              CHANNELS 3 Zrotation Xrotation Yrotation
              End Site
              {
                OFFSET 0.401900 -0.827789 2.725930
              }
            }
          }
          JOINT toe2-1.L
          {
            OFFSET -0.177000 -4.299998 13.329000
            CHANNELS 3 Zrotation Xrotation Yrotation
            JOINT toe2-2.L
            {
              OFFSET 0.177000 -0.323000 2.039000
              CHANNELS 3 Zrotation Xrotation Yrotation
              JOINT toe2-3.L
              {
                OFFSET 0.067000 -0.440998 1.248000
                CHANNELS 3 Zrotation Xrotation Yrotation
                End Site
                {
                  OFFSET 0.042990 -0.647306 1.660872
                }
              }
            }
          }
          JOINT toe3-1.L
          {
            OFFSET 1.396000 -4.461999 13.078999
            CHANNELS 3 Zrotation Xrotation Yrotation
            JOINT toe3-2.L
            {
              OFFSET 0.161000 -0.247002 1.809000
              CHANNELS 3 Zrotation Xrotation Yrotation
              JOINT toe3-3.L
              {
                OFFSET 0.033000 -0.441999 1.202000
                CHANNELS 3 Zrotation Xrotation Yrotation
                End Site
                {
                  OFFSET -0.032040 -0.433550 1.271800
                }
              }
            }
          }
          JOINT toe4-1.L
          {
            OFFSET 2.888001 -4.480000 12.376999
            CHANNELS 3 Zrotation Xrotation Yrotation
            JOINT toe4-2.L
            {
              OFFSET 0.160000 -0.331998 1.491001
              CHANNELS 3 Zrotation Xrotation Yrotation
              JOINT toe4-3.L
              {
                OFFSET -0.035999 -0.251002 1.138999
                CHANNELS 3 Zrotation Xrotation Yrotation
                End Site
                {
                  OFFSET 0.088911 -0.568814 0.969530
                }
              }
            }
          }
          JOINT toe5-1.L
          {
            OFFSET 4.257999 -4.467001 11.711999
            CHANNELS 3 Zrotation Xrotation Yrotation
            JOINT toe5-2.L
            {
              OFFSET 0.046000 -0.265999 0.982000
              CHANNELS 3 Zrotation Xrotation Yrotation
              JOINT toe5-3.L
              {
                OFFSET -0.086999 -0.372000 0.791000
                CHANNELS 3 Zrotation Xrotation Yrotation
                End Site
                {
                  OFFSET 0.044329 -0.555482 1.085780
                }
              }
            }
          }
        }
      }
    }
  }
}
MOTION
Frames: 378
Frame Time: 0.04166667
-60.6005 21.9830 -111.2392 -2.0595 -140.9538 -0.1599 0 0 0 0 0 0 0 0 0 -9.0068 -15.6293 33.3670 0 0 0 0 0 0 0 0 0 0 0 0 0 0 0 0 0 0 0 0 0 0 0 0 0 0 0 0 0 0 0 0 0 0 0 0 0 0 0 0 0 0 0 0 0 0 0 0 0 0 0 0 0 0 0 0 0 0 0 0 0 0 0 0 0 0 0 0 0 0 0 0 0 0 0 0 0 0 0 0 0 0 0 0 0 0 0 0 0 0 0 0 0 0 0 0 0 0 0 0 0 0 0 0 0 0 0 0 0 0 0 0 0 0 0 0 0 0 0 0 0 0 0 0 0 0 0 0 0 0 0 0 0 0 0 0 0 0 0 0 0 0 0 0 0 0 0 0 0 0 0 0 0 0 0 0 0 0 0 0 0 0 0 0 0 0 0 0 0 0 0 0 0 0 0 0 0 0 0 0 0 0 0 0 0 0 0 0 0 0 0 0 0 0 0 0 0 0 0 0 0 0 0 0 0 0 0 0 0 0 0 0 0 0 0 0 0 0 0 59.1714 10.1445 28.3722 -29.0018 -42.7053 92.3424 -1.6160 -1.1489 0.4217 0 0 0 0 0 0 0 0 0 0 0 0 0 0 0 0 0 0 0 0 0 0 0 0 0 0 0 0 0 0 0 0 0 0 0 0 0 0 0 0 0 0 0 0 0 0 0 0 0 0 0 0 0 0 0 0 0 0 0 0 0 0 0 0 0 0 0 0 0 -64.1973 8.9700 -29.8051 20.7210 -40.7875 -82.2044 7.0029 -2.4754 0.2081 0 0 0 0 0 0 0 0 0 0 0 0 0 0 0 0 0 0 0 0 0 0 0 0 0 0 0 0 0 0 0 0 0 0 0 0 0 0 0 0 0 0 0 0 0 0 0 0 0 0 0 0 0 0 0 0 0 0 0 0 0 0 0 0 0 0 0 0 0 3.7421 -16.9443 10.1241 -3.2389 39.1240 3.1309 -3.6098 -9.0540 -8.1632 0 0 0 0 0 0 0 0 0 0 0 0 0 0 0 0 0 0 0 0 0 0 0 0 0 0 0 0 0 0 0 0 0 0 0 0 0 0 0 0 0 0 0 0 0 -3.3054 -8.7568 0.4090 0.8811 40.0443 -1.1266 2.8259 -10.9946 3.9964 0 0 0 0 0 0 0 0 0 0 0 0 0 0 0 0 0 0 0 0 0 0 0 0 0 0 0 0 0 0 0 0 0 0 0 0 0 0 0 0 0 0
-50.7581 16.6781 -120.1053 -3.7112 -141.6203 -1.4631 0 0 0 0 0 0 0 0 0 -7.9914 -14.6823 30.4578 0 0 0 0 0 0 0 0 0 0 0 0 0 0 0 0 0 0 0 0 0 0 0 0 0 0 0 0 0 0 0 0 0 0 0 0 0 0 0 0 0 0 0 0 0 0 0 0 0 0 0 0 0 0 0 0 0 0 0 0 0 0 0 0 0 0 0 0 0 0 0 0 0 0 0 0 0 0 0 0 0 0 0 0 0 0 0 0 0 0 0 0 0 0 0 0 0 0 0 0 0 0 0 0 0 0 0 0 0 0 0 0 0 0 0 0 0 0 0 0 0 0 0 0 0 0 0 0 0 0 0 0 0 0 0 0 0 0 0 0 0 0 0 0 0 0 0 0 0 0 0 0 0 0 0 0 0 0 0 0 0 0 0 0 0 0 0 0 0 0 0 0 0 0 0 0 0 0 0 0 0 0 0 0 0 0 0 0 0 0 0 0 0 0 0 0 0 0 0 0 0 0 0 0 0 0 0 0 0 0 0 0 0 0 0 0 0 0 0 58.8788 8.0035 27.9598 -28.7552 -42.4167 91.3773 -1.8095 -1.8219 0.2655 0 0 0 6.2396 0 -2.2105 6.9046 0 0 3.0488 0 0 0 0 0 2.5822 0 -1.2701 12.8585 0 0 3.4683 0 0 0 0 0 0 0 0 4.0878 0 -1.3979 13.0817 0 0 3.8903 0 0 0 0 0 0 0 0 4.9590 -0.0000 -1.1036 12.8623 0 0.0090 4.4576 0 0 0 0 0 -0.0377 0 -0.9213 2.6742 -5.9341 -0.5885 5.4268 -4.0605 0 0 0 0 -64.5434 9.5359 -30.2884 20.8940 -40.3694 -82.1326 7.1211 -2.7409 0.3959 0 0 0 -5.2923 0 3.1010 -6.6079 0 0 -3.0421 0 0 0 0 0 -2.2829 0 1.5505 -12.8540 0 0 -6.9561 0 0 0 0 0 0 0 0 -3.9338 0 1.5505 -13.9546 0 0 -6.9773 0 0 0 0 0 0 0 0 -4.8610 0 1.2018 -13.9546 0 0 -6.9773 0 0 4.7925 0 5.8872 1.8397 2.9488 2.6479 -1.6730 6.6148 0.5656 -5.4988 4.2867 0 0 0 0 3.7272 -16.8768 10.0838 -3.2260 38.9681 2.6306 -3.5954 -9.0179 -6.8588 0 0 0 0 0 0 0 0 0 0 0 0 0 0 0 0 0 0 0 0 0 0 0 0 0 0 0 0 0 0 0 0 0 0 0 0 0 0 0 0 0 0 0 0 0 -3.2922 -8.7219 0.4073 0.8775 39.8848 -0.9465 2.8146 -10.7882 3.3578 0 0 0 0 0 0 0 0 0 0 0 0 0 0 0 0 0 0 0 0 0 0 0 0 0 0 0 0 0 0 0 0 0 0 0 0 0 0 0 0 0 0
-29.2980 6.8433 -141.3349 -7.1159 -144.4884 -4.2325 0 0 0 0 0 0 0 0 0 -5.7073 -12.4116 23.7126 0 0 0 0 0 0 0 0 0 0 0 0 0 0 0 0 0 0 0 0 0 0 0 0 0 0 0 0 0 0 0 0 0 0 0 0 0 0 0 0 0 0 0 0 0 0 0 0 0 0 0 0 0 0 0 0 0 0 0 0 0 0 0 0 0 0 0 0 0 0 0 0 0 0 0 0 0 0 0 0 0 0 0 0 0 0 0 0 0 0 0 0 0 0 0 0 0 0 0 0 0 0 0 0 0 0 0 0 0 0 0 0 0 0 0 0 0 0 0 0 0 0 0 0 0 0 0 0 0 0 0 0 0 0 0 0 0 0 0 0 0 0 0 0 0 0 0 0 0 0 0 0 0 0 0 0 0 0 0 0 0 0 0 0 0 0 0 0 0 0 0 0 0 0 0 0 0 0 0 0 0 0 0 0 0 0 0 0 0 0 0 0 0 0 0 0 0 0 0 0 0 0 0 0 0 0 0 0 0 0 0 0 0 0 0 0 0 0 0 58.9093 2.5303 27.2615 -28.4996 -42.2362 90.0930 -2.1851 -3.0637 0.0171 0 0 0 16.1083 0 -4.5159 31.7617 0 0 13.1804 0 0 0 0 0 10.9029 0 -3.8658 46.5610 0 0 15.6979 0 0 0 0 0 0 0 0 16.4565 0 -3.4403 44.9922 0 0 16.2478 0 0 0 0 0 0 0 0 19.8658 -0.0001 -2.4902 44.9132 0 0.0249 17.9114 0 0 0 0 0 -8.6026 0.0980 -4.4500 10.1296 -20.4708 -2.3448 19.3092 -14.6480 0 0 0 0 -67.4535 12.3532 -30.9923 20.6741 -38.2108 -82.3786 7.1368 -2.3200 0.5108 0 0 0 -20.1466 0 10.3758 -24.2234 0 0 -11.0197 0 0 0 0 0 -8.5640 0 5.3327 -46.5386 0 0 -21.6948 0 0 0 0 0 0 0 0 -14.3952 0 5.4606 -49.6456 0 0 -22.1723 0 0 0 0 0 0 0 0 -17.7041 0 4.2606 -49.4391 0 0 -22.7396 0 0 12.7388 -1.2749 16.9626 4.6740 8.7351 7.8820 -7.1650 23.0514 2.1777 -20.1383 15.2926 0 0 0 0 3.7386 -16.9283 10.1145 -3.2359 39.0869 1.3619 -3.6063 -9.0454 -3.5508 0 0 0 0 0 0 0 0 0 0 0 0 0 0 0 0 0 0 0 0 0 0 0 0 0 0 0 0 0 0 0 0 0 0 0 0 0 0 0 0 0 0 0 0 0 -3.3023 -8.7484 0.4086 0.8802 40.0063 -0.4900 2.8232 -10.3956 1.7384 0 0 0 0 0 0 0 0 0 0 0 0 0 0 0 0 0 0 0 0 0 0 0 0 0 0 0 0 0 0 0 0 0 0 0 0 0 0 0 0 0 0
-14.7769 4.3589 -155.2979 -9.0760 -146.4929 -6.1138 0 0 0 0 0 0 0 0 0 -4.0484 -10.3700 18.6828 0 0 0 0 0 0 0 0 0 0 0 0 0 0 0 0 0 0 0 0 0 0 0 0 0 0 0 0 0 0 0 0 0 0 0 0 0 0 0 0 0 0 0 0 0 0 0 0 0 0 0 0 0 0 0 0 0 0 0 0 0 0 0 0 0 0 0 0 0 0 0 0 0 0 0 0 0 0 0 0 0 0 0 0 0 0 0 0 0 0 0 0 0 0 0 0 0 0 0 0 0 0 0 0 0 0 0 0 0 0 0 0 0 0 0 0 0 0 0 0 0 0 0 0 0 0 0 0 0 0 0 0 0 0 0 0 0 0 0 0 0 0 0 0 0 0 0 0 0 0 0 0 0 0 0 0 0 0 0 0 0 0 0 0 0 0 0 0 0 0 0 0 0 0 0 0 0 0 0 0 0 0 0 0 0 0 0 0 0 0 0 0 0 0 0 0 0 0 0 0 0 0 0 0 0 0 0 0 0 0 0 0 0 0 0 0 0 0 0 57.4278 -2.4944 25.3362 -28.0202 -42.5223 89.0722 -2.4545 -3.1589 0.2175 0 0 0 17.7979 0 -1.1291 65.9736 0 0 25.0309 0 0 0 0 0 16.1169 3.9565 -9.3164 76.7169 0 -1.5505 30.6036 0 0 0 0 0 0 0 0 25.9750 3.0520 -5.9887 71.6594 0 -1.5505 30.6820 0 0 0 0 0 0 0 0 33.4331 1.8453 -3.4341 74.0029 0 -1.2936 33.2421 0 0 0 0 0 -28.2929 2.6867 -10.1935 16.9597 -26.3515 -3.5069 30.1919 -24.0749 0 0 0 0 -72.1439 16.9858 -29.2794 18.7657 -34.2054 -81.1784 6.3992 0.0604 0.0382 0 0 0 -31.5992 0 11.7972 -47.5563 0 0 -20.1763 0 0 0 0 0 -15.4577 0 6.5933 -77.9448 0 0 -31.9054 0 0 0 0 0 0 0 0 -24.1276 0 6.8316 -80.8027 0 0 -32.4789 0 0 0 0 0 0 0 0 -30.6069 0 5.4708 -80.9672 0 0 -34.6087 0 0 14.5121 -3.3405 21.2108 8.8111 12.4631 12.2577 -13.7576 37.1532 1.5405 -34.2068 24.7982 0 0 0 0 3.7481 -16.9714 10.1403 -3.2441 39.1865 0.2122 -3.6155 -9.0684 -0.5533 0 0 0 0 0 0 0 0 0 0 0 0 0 0 0 0 0 0 0 0 0 0 0 0 0 0 0 0 0 0 0 0 0 0 0 0 0 0 0 0 0 0 0 0 0 -3.7004 -9.0182 1.3573 0.7491 40.0427 -0.0764 2.8568 -10.0559 0.2709 0 0 0 0 0 0 0 0 0 0 0 0 0 0 0 0 0 0 0 0 0 0 0 0 0 0 0 0 0 0 0 0 0 0 0 0 0 0 0 0 0 0
-11.1117 8.3824 -155.5671 -9.3088 -147.2442 -6.8775 0 0 0 0 0 0 0 0 0 -3.5825 -9.6497 17.5661 0 0 0 0 0 0 0 0 0 0 0 0 0 0 0 0 0 0 0 0 0 0 0 0 0 0 0 0 0 0 0 0 0 0 0 0 0 0 0 0 0 0 0 0 0 0 0 0 0 0 0 0 0 0 0 0 0 0 0 0 0 0 0 0 0 0 0 0 0 0 0 0 0 0 0 0 0 0 0 0 0 0 0 0 0 0 0 0 0 0 0 0 0 0 0 0 0 0 0 0 0 0 0 0 0 0 0 0 0 0 0 0 0 0 0 0 0 0 0 0 0 0 0 0 0 0 0 0 0 0 0 0 0 0 0 0 0 0 0 0 0 0 0 0 0 0 0 0 0 0 0 0 0 0 0 0 0 0 0 0 0 0 0 0 0 0 0 0 0 0 0 0 0 0 0 0 0 0 0 0 0 0 0 0 0 0 0 0 0 0 0 0 0 0 0 0 0 0 0 0 0 0 0 0 0 0 0 0 0 0 0 0 0 0 0 0 0 0 0 53.0138 -5.8473 21.1562 -26.3763 -44.2548 87.6961 -3.0863 -2.1216 1.1099 0 0 0 13.8299 0 1.6829 76.0092 0 0 27.4787 0 0 0 0 0 9.3068 10.9803 -16.3698 78.3189 0 -4.3031 32.6134 0 0 0 0 0 0 0 0 20.7909 8.4702 -10.5097 74.3491 0 -4.3031 32.7370 0 0 0 0 0 0 0 0 30.8768 5.1214 -6.1258 79.6663 0 -3.6448 37.8121 0 0 0 0 0 -39.0112 6.6006 -14.7935 19.2396 -19.4282 -2.4141 30.9773 -27.2171 0 0 0 0 -75.4775 20.3530 -25.5776 16.4574 -31.9309 -78.8939 4.9837 2.7037 -0.7672 0 0 0 -30.9837 0 5.9133 -65.3435 0 0 -25.9084 0 0 0 0 0 -19.0024 0 4.2355 -89.2985 0 0 -35.4469 0 0 0 0 0 0 0 0 -27.4042 0 4.3240 -90.2875 0 0 -35.0332 0 0 0 0 0 0 0 0 -36.4389 0 3.7131 -91.6690 0 0 -38.4021 0 0 13.5854 -3.5582 20.1923 19.6702 14.1156 17.2547 -16.8906 41.2400 -2.6807 -38.7691 27.6496 0 0 0 0 2.1656 -15.6471 10.2530 -3.4198 39.6506 -0.1958 -3.9525 -8.9351 0.5105 0 0 0 0 0 0 0 0 0 0 0 0 0 0 0 0 0 0 0 0 0 0 0 0 0 0 0 0 0 0 0 0 0 0 0 0 0 0 0 0 0 0 0 0 0 -7.3354 -7.4503 3.0390 0.3979 40.1815 0.0704 2.0478 -9.1611 -0.2499 0 0 0 0 0 0 0 0 0 0 0 0 0 0 0 0 0 0 0 0 0 0 0 0 0 0 0 0 0 0 0 0 0 0 0 0 0 0 0 0 0 0
-7.0702 10.3755 -150.7950 -8.4356 -148.5555 -6.7743 0 0 0 0 0 0 0 0 0 -3.1301 -9.6938 17.0026 0 0 0 0 0 0 0 0 0 0 0 0 0 0 0 0 0 0 0 0 0 0 0 0 0 0 0 0 0 0 0 0 0 0 0 0 0 0 0 0 0 0 0 0 0 0 0 0 0 0 0 0 0 0 0 0 0 0 0 0 0 0 0 0 0 0 0 0 0 0 0 0 0 0 0 0 0 0 0 0 0 0 0 0 0 0 0 0 0 0 0 0 0 0 0 0 0 0 0 0 0 0 0 0 0 0 0 0 0 0 0 0 0 0 0 0 0 0 0 0 0 0 0 0 0 0 0 0 0 0 0 0 0 0 0 0 0 0 0 0 0 0 0 0 0 0 0 0 0 0 0 0 0 0 0 0 0 0 0 0 0 0 0 0 0 0 0 0 0 0 0 0 0 0 0 0 0 0 0 0 0 0 0 0 0 0 0 0 0 0 0 0 0 0 0 0 0 0 0 0 0 0 0 0 0 0 0 0 0 0 0 0 0 0 0 0 0 0 0 46.6237 -11.3234 15.2298 -22.5593 -48.4563 83.7196 -4.5102 -1.3336 2.3898 0 0 0 6.8234 0 -2.4901 54.4558 0 0 18.6951 0 0 0 0 0 -0.0552 13.2552 -16.8522 55.8969 0 -5.2474 19.5290 0 0 0 0 0 0 0 0 8.5285 10.2374 -12.8471 52.5434 0 -5.1905 23.0411 0 0 0 0 0 0 0 0 15.5172 6.1886 -9.8380 60.8949 0 -4.3472 32.4879 0 0 -2.0259 0.9888 -2.0259 -31.7982 7.9596 -16.4504 19.2503 -20.9134 -0.6541 28.9226 -27.0540 0.3235 0 0 0 -75.1264 19.9028 -22.0103 13.0072 -34.4445 -75.1114 3.6750 3.8202 -1.8069 0 0 0 -22.3929 0 0.8917 -71.2222 0 0 -26.6269 0 0 0 0 0 -18.4510 0 2.4773 -87.6532 0 0 -36.4441 0 0 0 0 0 0 0 0 -26.9806 0 2.3587 -87.6038 0 0 -35.0545 0 0 0 0 0 0 0 0 -36.6505 0 1.8653 -90.4054 0 0 -38.4332 0 0 14.8182 -2.4396 19.8542 32.2814 14.9999 21.4339 -16.8803 39.1470 -6.3415 -36.7262 27.2406 0 0 0 0 -2.3243 -10.4043 9.4265 -3.1365 40.1562 -0.1724 -4.8397 -8.7038 0.4496 0 0 0 0 0 0 0 0 0 0 0 0 0 0 0 0 0 0 0 0 0 0 0 0 0 0 0 0 0 0 0 0 0 0 0 0 0 0 0 0 0 0 0 0 0 -13.7044 -1.8329 2.0279 -0.5298 40.1331 0.0620 -0.5702 -7.8740 -0.2201 0 0 0 0 0 0 0 0 0 0 0 0 0 0 0 0 0 0 0 0 0 0 0 0 0 0 0 0 0 0 0 0 0 0 0 0 0 0 0 0 0 0
-0.5433 10.0955 -145.7658 -6.3225 -150.9097 -5.4174 0 0 0 0 0 0 0 0 0 -2.2852 -9.8943 16.0257 0 0 0 0 0 0 0 0 0 0 0 0 0 0 0 0 0 0 0 0 0 0 0 0 0 0 0 0 0 0 0 0 0 0 0 0 0 0 0 0 0 0 0 0 0 0 0 0 0 0 0 0 0 0 0 0 0 0 0 0 0 0 0 0 0 0 0 0 0 0 0 0 0 0 0 0 0 0 0 0 0 0 0 0 0 0 0 0 0 0 0 0 0 0 0 0 0 0 0 0 0 0 0 0 0 0 0 0 0 0 0 0 0 0 0 0 0 0 0 0 0 0 0 0 0 0 0 0 0 0 0 0 0 0 0 0 0 0 0 0 0 0 0 0 0 0 0 0 0 0 0 0 0 0 0 0 0 0 0 0 0 0 0 0 0 0 0 0 0 0 0 0 0 0 0 0 0 0 0 0 0 0 0 0 0 0 0 0 0 0 0 0 0 0 0 0 0 0 0 0 0 0 0 0 0 0 0 0 0 0 0 0 0 0 0 0 0 0 0 39.8008 -18.5163 9.6345 -17.7424 -54.0800 77.9902 -6.0525 -1.3563 3.4697 0 0 0 -0.9011 0 -7.5847 35.7138 0 0 7.4953 0 0 0 0 0 -2.7576 12.6758 -12.0559 34.4150 0 -5.1140 5.3676 0 0 0 0 0 0 0 0 0.0788 9.8123 -11.7829 22.5664 0 -4.9563 17.7842 0 0 0 0 0 0 0 0 0.6392 5.9321 -12.9803 37.4596 0 -4.0517 29.7935 0 0 -5.6224 2.7443 -5.6224 -18.2647 7.9931 -15.3268 18.5146 -32.7957 0.1747 30.0991 -26.3477 0.8976 0 0 0 -71.5392 16.0068 -18.8277 6.6927 -41.1697 -68.8138 3.3797 3.5471 -2.7238 0 0 0 -7.9100 0 -2.0912 -69.4874 0 0 -22.1843 0 0 0 0 0 -14.2797 0 2.2833 -76.3501 0 0 -31.1570 0 0 0 0 0 0 0 0 -22.4377 0 2.3284 -71.6123 0 0 -32.8372 0 0 0 0 0 0 0 0 -29.9179 0 2.2843 -79.0364 0 0 -37.1471 0 0 16.1764 -3.9030 19.9005 33.0039 12.6603 19.6682 -16.7570 37.0259 -7.1541 -35.7821 26.4749 0 0 0 0 -7.0112 -2.5420 6.7204 -1.5956 39.2649 -0.0599 -5.6421 -8.6634 0.1561 0 0 0 0 0 0 0 0 0 0 0 0 0 0 0 0 0 0 0 0 0 0 0 0 0 0 0 0 0 0 0 0 0 0 0 0 0 0 0 0 0 0 0 0 0 -16.5649 4.3218 -2.1489 -2.2365 38.8279 0.0215 -3.6476 -7.9986 -0.0764 0 0 0 0 0 0 0 0 0 0 0 0 0 0 0 0 0 0 0 0 0 0 0 0 0 0 0 0 0 0 0 0 0 0 0 0 0 0 0 0 0 0
4.1206 9.7007 -142.9353 -4.5870 -152.8465 -4.1570 0 0 0 0 0 0 0 0 0 -1.0779 -10.0081 14.8642 0 0 0 0 0 0 0 0 0 0 0 0 0 0 0 0 0 0 0 0 0 0 0 0 0 0 0 0 0 0 0 0 0 0 0 0 0 0 0 0 0 0 0 0 0 0 0 0 0 0 0 0 0 0 0 0 0 0 0 0 0 0 0 0 0 0 0 0 0 0 0 0 0 0 0 0 0 0 0 0 0 0 0 0 0 0 0 0 0 0 0 0 0 0 0 0 0 0 0 0 0 0 0 0 0 0 0 0 0 0 0 0 0 0 0 0 0 0 0 0 0 0 0 0 0 0 0 0 0 0 0 0 0 0 0 0 0 0 0 0 0 0 0 0 0 0 0 0 0 0 0 0 0 0 0 0 0 0 0 0 0 0 0 0 0 0 0 0 0 0 0 0 0 0 0 0 0 0 0 0 0 0 0 0 0 0 0 0 0 0 0 0 0 0 0 0 0 0 0 0 0 0 0 0 0 0 0 0 0 0 0 0 0 0 0 0 0 0 0 37.2019 -21.3641 8.6840 -16.3760 -57.6812 76.1341 -6.7658 -2.7310 3.6947 0 0 0 -1.4037 0 -9.5412 40.4748 0 0 2.8065 0 0 0 0 0 0.7804 13.0517 -8.6757 35.4773 0 -5.2724 1.2811 0 0 0 0 0 0 0 0 0.3420 10.1119 -10.4085 16.7892 0 -5.0716 19.5388 0 0 0 0 0 0 0 0 -4.7945 6.1183 -14.6264 34.3173 0 -4.1314 31.2181 0 0 -7.0631 3.2355 -7.0631 -7.1267 6.2350 -11.8213 18.6320 -40.8640 -0.1172 32.9405 -25.9234 1.1988 0 0 0 -69.1306 12.9635 -16.8154 1.6478 -46.0294 -63.9238 3.9684 2.0211 -2.7588 0 0 0 3.0148 0 -0.1504 -58.4918 0 0 -12.5752 0 0 0 0 0 -7.7409 0 3.9348 -54.2041 0 0 -16.9166 0 0 0 0 0 0 0 0 -11.7494 0 4.7669 -39.0932 0 0 -28.3054 0 0 0 0 0 0 0 0 -13.7570 0 7.0370 -54.8645 0 0 -35.7613 0 0 16.6103 -10.0165 21.4875 19.8973 5.5301 13.2067 -17.5984 37.6169 -4.9494 -37.7537 26.0537 0 0 0 0 -9.3741 3.0833 3.6077 0.1539 37.7168 0.0043 -6.9827 -7.5752 -0.0113 0 0 0 0 0 0 0 0 0 0 0 0 0 0 0 0 0 0 0 0 0 0 0 0 0 0 0 0 0 0 0 0 0 0 0 0 0 0 0 0 0 0 0 0 0 -15.9106 6.8202 -5.5896 -3.0663 37.1772 -0.0016 -5.5235 -8.1792 0.0055 0 0 0 0 0 0 0 0 0 0 0 0 0 0 0 0 0 0 0 0 0 0 0 0 0 0 0 0 0 0 0 0 0 0 0 0 0 0 0 0 0 0
5.1454 10.0390 -141.8117 -3.7052 -153.7461 -4.2068 0 0 0 0 0 0 0 0 0 1.4195 -10.0304 12.3750 0 0 0 0 0 0 0 0 0 0 0 0 0 0 0 0 0 0 0 0 0 0 0 0 0 0 0 0 0 0 0 0 0 0 0 0 0 0 0 0 0 0 0 0 0 0 0 0 0 0 0 0 0 0 0 0 0 0 0 0 0 0 0 0 0 0 0 0 0 0 0 0 0 0 0 0 0 0 0 0 0 0 0 0 0 0 0 0 0 0 0 0 0 0 0 0 0 0 0 0 0 0 0 0 0 0 0 0 0 0 0 0 0 0 0 0 0 0 0 0 0 0 0 0 0 0 0 0 0 0 0 0 0 0 0 0 0 0 0 0 0 0 0 0 0 0 0 0 0 0 0 0 0 0 0 0 0 0 0 0 0 0 0 0 0 0 0 0 0 0 0 0 0 0 0 0 0 0 0 0 0 0 0 0 0 0 0 0 0 0 0 0 0 0 0 0 0 0 0 0 0 0 0 0 0 0 0 0 0 0 0 0 0 0 0 0 0 0 0 46.5610 -14.0491 18.6227 -21.0188 -58.8768 80.7807 -6.4272 -6.5489 2.3085 0 0 0 4.1987 0 -10.1499 54.7422 0 0 4.3992 0 0 0 0 0 7.9322 13.2787 -7.5589 50.2494 0 -5.2856 4.5908 0 0 0 0 0 0 0 0 9.9937 10.2885 -9.2786 35.6580 0 -5.0845 17.8278 0 0 0 0 0 0 0 0 -1.7795 6.2415 -15.2018 46.0285 0 -4.1594 29.0080 0 0 -7.5169 2.6926 -7.5623 -1.5048 4.4550 -7.6964 19.6033 -42.4124 -0.8803 34.4987 -25.8588 1.4438 0 0 0 -71.7699 19.6224 -21.6086 -1.7719 -39.8593 -61.9281 5.2710 -2.0966 -1.4053 0 0 0 2.6025 0 5.4986 -51.1407 0 0 -5.1735 0 0 0 0 0 -4.4441 0 6.5427 -43.0972 0 0 -5.6598 0 0 0 0 0 0 0 0 -4.7146 0 8.1075 -22.6509 0 0 -23.7408 0 0 0 0 0 0 0 0 -0.1776 0 12.4659 -40.8694 0 0 -33.8066 0 0 15.4656 -16.4254 22.9181 4.3914 -0.8788 7.8008 -19.3000 38.8495 -1.1553 -39.9154 25.8800 0 0 0 0 -10.0926 4.4187 0.0602 1.3043 36.2087 0.0171 -12.6673 -1.7068 -0.0445 0 0 0 0 0 0 0 0 0 0 0 0 0 0 0 0 0 0 0 0 0 0 0 0 0 0 0 0 0 0 0 0 0 0 0 0 0 0 0 0 0 0 0 0 0 -16.1095 5.3674 -8.5589 -1.8797 36.0193 -0.0061 -8.7212 -4.5696 0.0218 0 0 0 0 0 0 0 0 0 0 0 0 0 0 0 0 0 0 0 0 0 0 0 0 0 0 0 0 0 0 0 0 0 0 0 0 0 0 0 0 0 0
4.7139 10.7113 -141.1410 -3.1070 -154.5731 -5.2132 0 0 0 0 0 0 0 0 0 5.2067 -10.0169 8.5757 0 0 0 0 0 0 0 0 0 0 0 0 0 0 0 0 0 0 0 0 0 0 0 0 0 0 0 0 0 0 0 0 0 0 0 0 0 0 0 0 0 0 0 0 0 0 0 0 0 0 0 0 0 0 0 0 0 0 0 0 0 0 0 0 0 0 0 0 0 0 0 0 0 0 0 0 0 0 0 0 0 0 0 0 0 0 0 0 0 0 0 0 0 0 0 0 0 0 0 0 0 0 0 0 0 0 0 0 0 0 0 0 0 0 0 0 0 0 0 0 0 0 0 0 0 0 0 0 0 0 0 0 0 0 0 0 0 0 0 0 0 0 0 0 0 0 0 0 0 0 0 0 0 0 0 0 0 0 0 0 0 0 0 0 0 0 0 0 0 0 0 0 0 0 0 0 0 0 0 0 0 0 0 0 0 0 0 0 0 0 0 0 0 0 0 0 0 0 0 0 0 0 0 0 0 0 0 0 0 0 0 0 0 0 0 0 0 0 0 66.2307 1.3389 37.9118 -28.8586 -55.8052 84.0338 -5.2192 -10.7649 -0.0704 0 0 0 11.4775 0 -10.8153 57.6880 0 0 5.8716 0 0 0 0 0 17.8598 13.3913 -7.5754 51.8335 0 -5.2582 5.7031 0 0 0 0 0 0 0 0 24.8790 10.3671 -8.0195 46.1346 0 -5.0573 9.6419 0 0 0 0 0 0 0 0 9.3972 6.3177 -14.6019 46.2494 0 -4.1252 20.9693 0 0 -8.5287 1.9887 -8.6546 -0.3258 4.8742 -4.2266 18.8407 -40.9572 -0.9006 34.7385 -26.1983 1.7572 0 0 0 -80.1476 36.6682 -32.9030 -7.5681 -22.3025 -59.4960 6.4668 -7.7612 0.7894 0 0 0 -4.0995 0 9.4438 -55.9037 0 0 -4.6492 0 0 0 0 0 -7.9023 0 8.0580 -50.2553 0 0 -4.5302 0 0 0 0 0 0 0 0 -10.0780 0 9.4281 -35.3265 0 0 -17.9045 0 0 0 0 0 0 0 0 1.7252 0 15.2331 -45.9297 0 0 -29.1787 0 0 12.0953 -19.8457 24.3798 -4.4221 -4.0066 4.8827 -20.8642 39.2480 0.7373 -40.9130 25.8352 0 0 0 0 -10.1888 2.9812 -4.6725 1.3294 34.0469 0.0096 -23.3210 9.1996 -0.0249 0 0 0 0 0 0 0 0 0 0 0 0 0 0 0 0 0 0 0 0 0 0 0 0 0 0 0 0 0 0 0 0 0 0 0 0 0 0 0 0 0 0 0 0 0 -17.5588 2.0673 -14.0498 0.0770 34.5016 -0.0034 -15.4800 2.5720 0.0122 0 0 0 0 0 0 0 0 0 0 0 0 0 0 0 0 0 0 0 0 0 0 0 0 0 0 0 0 0 0 0 0 0 0 0 0 0 0 0 0 0 0
3.9402 11.0778 -140.3786 -2.8233 -155.2542 -6.2919 0 0 0 0 0 0 0 0 0 7.8736 -10.0032 5.9087 0 0 0 0 0 0 0 0 0 0 0 0 0 0 0 0 0 0 0 0 0 0 0 0 0 0 0 0 0 0 0 0 0 0 0 0 0 0 0 0 0 0 0 0 0 0 0 0 0 0 0 0 0 0 0 0 0 0 0 0 0 0 0 0 0 0 0 0 0 0 0 0 0 0 0 0 0 0 0 0 0 0 0 0 0 0 0 0 0 0 0 0 0 0 0 0 0 0 0 0 0 0 0 0 0 0 0 0 0 0 0 0 0 0 0 0 0 0 0 0 0 0 0 0 0 0 0 0 0 0 0 0 0 0 0 0 0 0 0 0 0 0 0 0 0 0 0 0 0 0 0 0 0 0 0 0 0 0 0 0 0 0 0 0 0 0 0 0 0 0 0 0 0 0 0 0 0 0 0 0 0 0 0 0 0 0 0 0 0 0 0 0 0 0 0 0 0 0 0 0 0 0 0 0 0 0 0 0 0 0 0 0 0 0 0 0 0 0 0 83.2681 15.8077 52.9449 -34.8949 -50.4148 80.7551 -3.2744 -11.5127 -1.6432 0 0 0 20.5661 0 -11.9444 52.4160 0 0 5.3597 0 0 0 0 0 30.3608 13.4617 -7.9603 41.5075 0 -5.2660 3.2451 0 0 0 0 0 0 0 0 39.3057 10.4055 -7.0318 44.1351 0 -5.0584 1.7705 0 0 0 0 0 0 0 0 29.2945 6.3579 -10.9973 34.9351 0 -4.1288 11.7497 0 0 -9.0486 1.4134 -9.1947 -0.3937 3.6844 -2.3758 16.6172 -38.8213 -0.3673 34.6317 -26.6437 1.8846 0 0 0 -89.9545 49.3480 -41.0363 -13.8109 -7.6621 -56.4232 6.0923 -11.6101 2.4086 0 0 0 -11.8460 0 11.3995 -55.8790 0 0 -5.4640 0 0 0 0 0 -17.1825 0 8.3228 -50.0577 0 0 -4.6129 0 0 0 0 0 0 0 0 -24.0449 0 8.6367 -44.5338 0 0 -8.6793 0 0 0 0 0 0 0 0 -8.3673 0 15.1454 -44.6520 0 0 -20.4529 0 0 8.1330 -21.9950 29.7720 -10.2797 -5.7799 2.5930 -19.9891 38.8835 -1.7761 -39.6830 25.9197 0 0 0 0 -10.0948 1.2194 -8.7642 -0.6398 31.5440 0.0018 -32.5775 19.5642 -0.0047 0 0 0 0 0 0 0 0 0 0 0 0 0 0 0 0 0 0 0 0 0 0 0 0 0 0 0 0 0 0 0 0 0 0 0 0 0 0 0 0 0 0 0 0 0 -19.0996 -0.6075 -20.4685 2.2400 32.2129 -0.0007 -22.7684 9.5319 0.0023 0 0 0 0 0 0 0 0 0 0 0 0 0 0 0 0 0 0 0 0 0 0 0 0 0 0 0 0 0 0 0 0 0 0 0 0 0 0 0 0 0 0
2.9878 10.7880 -139.5213 -2.4085 -155.4710 -7.1492 0 0 0 0 0 0 0 0 0 8.4917 -9.9979 5.2950 0 0 0 0 0 0 0 0 0 0 0 0 0 0 0 0 0 0 0 0 0 0 0 0 0 0 0 0 0 0 0 0 0 0 0 0 0 0 0 0 0 0 0 0 0 0 0 0 0 0 0 0 0 0 0 0 0 0 0 0 0 0 0 0 0 0 0 0 0 0 0 0 0 0 0 0 0 0 0 0 0 0 0 0 0 0 0 0 0 0 0 0 0 0 0 0 0 0 0 0 0 0 0 0 0 0 0 0 0 0 0 0 0 0 0 0 0 0 0 0 0 0 0 0 0 0 0 0 0 0 0 0 0 0 0 0 0 0 0 0 0 0 0 0 0 0 0 0 0 0 0 0 0 0 0 0 0 0 0 0 0 0 0 0 0 0 0 0 0 0 0 0 0 0 0 0 0 0 0 0 0 0 0 0 0 0 0 0 0 0 0 0 0 0 0 0 0 0 0 0 0 0 0 0 0 0 0 0 0 0 0 0 0 0 0 0 0 0 0 91.9477 24.3564 56.1549 -36.5696 -52.6259 75.7836 -1.6898 -10.9056 -2.5098 0 0 0 28.0177 0 -13.0163 49.7355 0 0 4.6661 0 0 0 0 0 39.6061 13.4711 -8.3128 34.7520 0 -5.2783 1.2577 0 0 0 0 0 0 0 0 47.6234 10.4093 -6.7450 42.4774 0 -5.0639 -1.2199 0 0 0 0 0 0 0 0 45.8765 6.3664 -6.9860 27.2733 0 -4.1423 6.6158 0 0 -9.0534 1.3734 -9.1824 -0.2694 1.1217 -2.0865 15.1587 -37.3696 -0.0668 34.6823 -26.7359 1.8385 0 0 0 -94.7051 51.5454 -45.1064 -17.7449 -3.0768 -54.7377 5.5163 -14.0488 3.6115 0 0 0 -20.9039 0 12.5587 -51.0352 0 0 -5.0499 0 0 0 0 0 -30.0789 0 8.1929 -40.4403 0 0 -2.5836 0 0 0 0 0 0 0 0 -38.8516 0 7.3633 -43.2314 0 0 -1.1551 0 0 0 0 0 0 0 0 -28.7191 0 11.3199 -33.9975 0 0 -11.3884 0 0 6.7811 -23.8655 37.2690 -21.1164 -4.0178 1.5586 -17.2454 38.0654 -6.3394 -36.9572 26.1017 0 0 0 0 -10.0134 0.0984 -11.2423 -3.2370 29.2682 -0.0012 -36.3053 25.7776 0.0030 0 0 0 0 0 0 0 0 0 0 0 0 0 0 0 0 0 0 0 0 0 0 0 0 0 0 0 0 0 0 0 0 0 0 0 0 0 0 0 0 0 0 0 0 0 -20.1946 -2.1321 -25.1599 4.7622 29.6291 0.0004 -28.0329 14.5803 -0.0015 0 0 0 0 0 0 0 0 0 0 0 0 0 0 0 0 0 0 0 0 0 0 0 0 0 0 0 0 0 0 0 0 0 0 0 0 0 0 0 0 0 0
2.1024 10.1241 -139.0436 -1.6799 -155.4395 -7.5591 0 0 0 0 0 0 0 0 0 8.2338 -9.9979 5.5555 0 0 0 0 0 0 0 0 0 0 0 0 0 0 0 0 0 0 0 0 0 0 0 0 0 0 0 0 0 0 0 0 0 0 0 0 0 0 0 0 0 0 0 0 0 0 0 0 0 0 0 0 0 0 0 0 0 0 0 0 0 0 0 0 0 0 0 0 0 0 0 0 0 0 0 0 0 0 0 0 0 0 0 0 0 0 0 0 0 0 0 0 0 0 0 0 0 0 0 0 0 0 0 0 0 0 0 0 0 0 0 0 0 0 0 0 0 0 0 0 0 0 0 0 0 0 0 0 0 0 0 0 0 0 0 0 0 0 0 0 0 0 0 0 0 0 0 0 0 0 0 0 0 0 0 0 0 0 0 0 0 0 0 0 0 0 0 0 0 0 0 0 0 0 0 0 0 0 0 0 0 0 0 0 0 0 0 0 0 0 0 0 0 0 0 0 0 0 0 0 0 0 0 0 0 0 0 0 0 0 0 0 0 0 0 0 0 0 0 96.4827 26.7636 52.2130 -33.8691 -60.5223 70.1423 -1.4890 -11.8557 -3.2855 0 0 0 30.4725 0 -13.4300 49.3439 0 0 4.3590 0 0 0 0 0 42.3773 13.4580 -8.3606 33.0544 0 -5.2743 0.6159 0 0 0 0 0 0 0 0 49.3384 10.4025 -6.7799 41.9314 0 -5.0625 -1.1822 0 0 0 0 0 0 0 0 51.3915 6.3697 -5.3449 25.2466 0 -4.1387 5.6482 0 0 -8.9717 1.4716 -9.1014 -0.0724 -0.1799 -2.1996 14.8752 -36.9076 -0.0298 34.8434 -26.5953 1.7563 0 0 0 -95.6620 51.1183 -47.6794 -19.6274 -1.5613 -54.3785 5.9369 -15.5445 4.5442 0 0 0 -28.1672 0 13.2739 -49.3172 0 0 -4.5720 0 0 0 0 0 -39.6367 0 8.1991 -34.5268 0 0 -1.1095 0 0 0 0 0 0 0 0 -47.5669 0 6.7775 -42.3032 0 0 1.3702 0 0 0 0 0 0 0 0 -45.7981 0 7.0227 -27.0853 0 0 -6.5158 0 0 7.5512 -24.9731 41.8248 -31.9473 -0.4491 1.8417 -15.2782 37.3786 -9.0696 -34.9672 26.2385 0 0 0 0 -9.9855 -0.4021 -12.5957 -4.8788 27.5494 -0.0012 -36.3919 28.3139 0.0030 0 0 0 0 0 0 0 0 0 0 0 0 0 0 0 0 0 0 0 0 0 0 0 0 0 0 0 0 0 0 0 0 0 0 0 0 0 0 0 0 0 0 0 0 0 -20.8075 -2.8784 -27.8677 6.8238 27.6083 0.0004 -31.0676 17.5374 -0.0015 0 0 0 0 0 0 0 0 0 0 0 0 0 0 0 0 0 0 0 0 0 0 0 0 0 0 0 0 0 0 0 0 0 0 0 0 0 0 0 0 0 0
1.5011 9.3826 -139.3539 -0.8682 -155.8601 -7.7765 0 0 0 0 0 0 0 0 0 7.9253 -9.9992 5.8647 0 0 0 0 0 0 0 0 0 0 0 0 0 0 0 0 0 0 0 0 0 0 0 0 0 0 0 0 0 0 0 0 0 0 0 0 0 0 0 0 0 0 0 0 0 0 0 0 0 0 0 0 0 0 0 0 0 0 0 0 0 0 0 0 0 0 0 0 0 0 0 0 0 0 0 0 0 0 0 0 0 0 0 0 0 0 0 0 0 0 0 0 0 0 0 0 0 0 0 0 0 0 0 0 0 0 0 0 0 0 0 0 0 0 0 0 0 0 0 0 0 0 0 0 0 0 0 0 0 0 0 0 0 0 0 0 0 0 0 0 0 0 0 0 0 0 0 0 0 0 0 0 0 0 0 0 0 0 0 0 0 0 0 0 0 0 0 0 0 0 0 0 0 0 0 0 0 0 0 0 0 0 0 0 0 0 0 0 0 0 0 0 0 0 0 0 0 0 0 0 0 0 0 0 0 0 0 0 0 0 0 0 0 0 0 0 0 0 0 100.9175 25.8531 46.3131 -26.7364 -66.4889 62.4571 -1.7865 -11.6819 -3.2475 0 0 0 30.2016 0 -13.4136 49.7455 0 0 4.3353 0 0 0 0 0 41.8734 13.4595 -8.3055 33.6256 0 -5.2733 0.6958 0 0 0 0 0 0 0 0 48.4024 10.4034 -6.8705 41.9914 0 -5.0619 -0.4400 0 0 0 0 0 0 0 0 50.8240 6.3616 -5.2739 25.8308 0 -4.1336 6.2823 0 0 -8.9893 1.4557 -9.1215 0.0199 -0.3773 -2.3220 15.0313 -37.0003 -0.0713 34.9397 -26.5097 1.7006 0 0 0 -99.0213 55.2205 -46.1569 -22.6893 1.3552 -51.7146 6.0204 -14.4844 4.1995 0 0 0 -30.4945 0 13.4399 -49.4166 0 0 -4.3751 0 0 0 0 0 -42.4641 0 8.2342 -33.1713 0 0 -0.6831 0 0 0 0 0 0 0 0 -49.4125 0 6.7204 -42.0407 0 0 1.1275 0 0 0 0 0 0 0 0 -51.5004 0 5.2753 -25.3599 0 0 -5.6731 0 0 8.3538 -25.2103 42.8480 -36.0595 1.3263 2.2658 -14.7143 37.1492 -9.6624 -34.3883 26.2796 0 0 0 0 -9.9679 -0.1691 -13.6424 -5.5857 26.9520 -0.0004 -35.5495 28.6834 0.0011 0 0 0 0 0 0 0 0 0 0 0 0 0 0 0 0 0 0 0 0 0 0 0 0 0 0 0 0 0 0 0 0 0 0 0 0 0 0 0 0 0 0 0 0 0 -20.9178 -3.1135 -29.6516 8.1894 26.3966 0.0002 -32.0228 18.9438 -0.0006 0 0 0 0 0 0 0 0 0 0 0 0 0 0 0 0 0 0 0 0 0 0 0 0 0 0 0 0 0 0 0 0 0 0 0 0 0 0 0 0 0 0
1.2743 8.4665 -140.3189 0.0749 -156.4028 -8.5180 0 0 0 0 0 0 0 0 0 7.7960 -10.0000 5.9937 0 0 0 0 0 0 0 0 0 0 0 0 0 0 0 0 0 0 0 0 0 0 0 0 0 0 0 0 0 0 0 0 0 0 0 0 0 0 0 0 0 0 0 0 0 0 0 0 0 0 0 0 0 0 0 0 0 0 0 0 0 0 0 0 0 0 0 0 0 0 0 0 0 0 0 0 0 0 0 0 0 0 0 0 0 0 0 0 0 0 0 0 0 0 0 0 0 0 0 0 0 0 0 0 0 0 0 0 0 0 0 0 0 0 0 0 0 0 0 0 0 0 0 0 0 0 0 0 0 0 0 0 0 0 0 0 0 0 0 0 0 0 0 0 0 0 0 0 0 0 0 0 0 0 0 0 0 0 0 0 0 0 0 0 0 0 0 0 0 0 0 0 0 0 0 0 0 0 0 0 0 0 0 0 0 0 0 0 0 0 0 0 0 0 0 0 0 0 0 0 0 0 0 0 0 0 0 0 0 0 0 0 0 0 0 0 0 0 0 105.8243 26.6475 39.6627 -16.7049 -69.1706 52.9518 -1.6336 -8.5536 -2.1551 0 0 0 28.8237 0 -13.8057 49.1321 0 0 5.5092 0 0 0 0 0 35.8636 13.4668 -8.1894 39.9807 0 -5.2718 3.7512 0 0 0 0 0 0 0 0 43.0115 10.4116 -6.9697 46.5702 0 -5.0453 2.2584 0 0 0 0 0 0 0 0 44.6344 6.3116 -4.4307 32.2884 0 -4.1298 10.8947 0 0 -9.7192 0.7229 -8.5528 -0.2786 -0.1908 -4.9081 15.9813 -35.9157 -0.0642 34.6661 -26.5849 1.8128 0 0 0 -107.9041 65.8505 -39.7054 -28.9744 5.6489 -44.8900 5.1874 -11.6007 2.8322 0 0 0 -30.1886 0 13.3758 -49.8911 0 0 -4.3679 0 0 0 0 0 -41.9199 0 8.2544 -33.7523 0 0 -0.7730 0 0 0 0 0 0 0 0 -48.4620 0 6.8258 -42.1010 0 0 0.3699 0 0 0 0 0 0 0 0 -50.9278 0 5.2285 -25.9514 0 0 -6.3218 0 0 8.6664 -25.0912 42.3874 -35.9956 1.5453 2.4713 -14.8245 37.1336 -9.3607 -34.5076 26.2722 0 0 0 0 -9.2901 0.5757 -15.4150 -5.1870 27.7298 0.0000 -34.5402 28.3484 -0.0000 0 0 0 0 0 0 0 0 0 0 0 0 0 0 0 0 0 0 0 0 0 0 0 0 0 0 0 0 0 0 0 0 0 0 0 0 0 0 0 0 0 0 0 0 0 -20.4878 -3.0314 -31.6334 9.3091 25.7810 -0.0000 -31.4984 20.0966 0.0000 0 0 0 0 0 0 0 0 0 0 0 0 0 0 0 0 0 0 0 0 0 0 0 0 0 0 0 0 0 0 0 0 0 0 0 0 0 0 0 0 0 0
1.2454 7.6148 -141.2286 0.8267 -155.7291 -9.4712 0 0 0 0 0 0 0 0 0 7.7837 -10.0002 6.0058 0 0 0 0 0 0 0 0 0 0 0 0 0 0 0 0 0 0 0 0 0 0 0 0 0 0 0 0 0 0 0 0 0 0 0 0 0 0 0 0 0 0 0 0 0 0 0 0 0 0 0 0 0 0 0 0 0 0 0 0 0 0 0 0 0 0 0 0 0 0 0 0 0 0 0 0 0 0 0 0 0 0 0 0 0 0 0 0 0 0 0 0 0 0 0 0 0 0 0 0 0 0 0 0 0 0 0 0 0 0 0 0 0 0 0 0 0 0 0 0 0 0 0 0 0 0 0 0 0 0 0 0 0 0 0 0 0 0 0 0 0 0 0 0 0 0 0 0 0 0 0 0 0 0 0 0 0 0 0 0 0 0 0 0 0 0 0 0 0 0 0 0 0 0 0 0 0 0 0 0 0 0 0 0 0 0 0 0 0 0 0 0 0 0 0 0 0 0 0 0 0 0 0 0 0 0 0 0 0 0 0 0 0 0 0 0 0 0 0 109.4558 30.0991 33.3568 -6.7738 -69.3994 42.8748 -1.2692 -4.6515 -0.9373 0 0 0 23.0264 0 -14.9089 41.7679 0 0 7.3640 0 0 0 0 0 21.5086 13.5333 -7.4574 52.2914 0 -5.2786 10.1521 0 0 0 0 0 0 0 0 30.1075 10.4712 -7.1322 56.9011 0 -5.0230 7.9648 0 0 0 0 0 0 0 0 31.2792 6.2878 -1.9706 45.6940 0 -4.1378 20.4792 0 0 -11.3809 -0.9384 -7.2877 -0.9906 -0.0276 -11.8823 17.5184 -32.3788 -0.0227 32.8406 -26.9726 2.2048 0 0 0 -118.3651 77.4362 -32.7433 -34.5194 9.0696 -38.2296 4.3821 -9.7462 1.9086 0 0 0 -28.8664 0 13.8682 -49.2125 0 0 -5.5255 0 0 0 0 0 -35.9050 0 8.1959 -40.0286 0 0 -3.7770 0 0 0 0 0 0 0 0 -43.0567 0 6.9821 -46.5950 0 0 -2.2793 0 0 0 0 0 0 0 0 -44.7296 0 4.4844 -32.3393 0 0 -10.9115 0 0 7.3422 -21.7777 35.6294 -36.6926 3.5017 5.3768 -16.1612 35.5383 -7.3900 -34.5947 26.1877 0 0 0 0 -6.7107 1.0029 -18.4066 -3.7634 29.1632 0.0001 -32.9101 28.0518 -0.0003 0 0 0 0 0 0 0 0 0 0 0 0 0 0 0 0 0 0 0 0 0 0 0 0 0 0 0 0 0 0 0 0 0 0 0 0 0 0 0 0 0 0 0 0 0 -19.8888 -2.7823 -33.4603 10.0068 25.7290 -0.0000 -30.3230 21.2154 0.0001 0 0 0 0 0 0 0 0 0 0 0 0 0 0 0 0 0 0 0 0 0 0 0 0 0 0 0 0 0 0 0 0 0 0 0 0 0 0 0 0 0 0
1.2600 7.1854 -141.6125 1.1141 -154.4915 -9.9861 0 0 0 0 0 0 0 0 0 7.7927 -10.0001 5.9968 0 0 0 0 0 0 0 1.2482 -0.0006 0 0 0 0 0 0 0 0 0 0 0 0 0 0 26.6688 0 0 0 0 0 26.6688 0 0 0 0 0 0 0 0 0 0 0 0 0 0 0 0 0 0 0 0 0 0 0 0 0 0 0 0 0 0 0 0 0 0 0 0 0 0 0 0 0 0 0 0 0 0 0 0 0 0 0 0 0 0 0 0 0 0 0 0 0 0 0 0 0 0 0 0 0 0 0 0 0 0 0 0 -6.2020 26.6688 0 0 0 0 -6.2020 27.7541 0 0 0 0 -5.4268 -27.2890 0 0 0 0 0 0 0 0 0 0 0 17.5208 0 0 0 0 0 -17.5208 0 0 0 0 0 0 0 0 0 0 1.7490 -26.6688 0 0 26.6688 0 0 0 0 0 0 0 0 0 0 -0.7231 26.6688 0 1.6385 26.6688 0 0 0 0 0 0 0 0 0 -1.1443 0 0 0 0 0 0 0 0 0 0 0 -2.3728 0 0 0 0 0 0 0 0 0 0 0 0 0 0 0 0 0 0 0 0 0 0 0 0 0 0 0 0 0 111.6760 33.4449 29.4597 -0.4120 -68.8966 36.2939 -1.0397 -2.0469 -0.2055 0 0 0 14.0584 0 -15.7396 29.3777 0 0 7.6465 0 0 0 0 0 8.2499 13.6926 -6.3227 58.8185 0 -5.3210 13.2438 0 0 0 0 0 0 0 0 17.1301 10.6009 -6.7201 63.0878 0 -5.0576 12.0030 0 0 0 0 0 0 0 0 19.1770 6.3606 0.2168 54.3186 0 -4.1807 27.2253 0 0 -12.7371 -2.2942 -6.4372 -1.4141 0.0287 -18.2471 18.3122 -28.4343 0.0014 30.4625 -27.3397 2.6167 0 0 0 -124.3313 83.6650 -29.4507 -36.5475 10.1589 -35.2798 4.1037 -9.2808 1.6847 0 0 0 -23.2211 0 15.1464 -41.8317 0 0 -7.3844 0 0 0 0 0 -21.6472 0 7.4245 -52.3061 0 0 -10.1402 0 0 0 0 0 0 0 0 -30.2202 0 7.1348 -56.8640 0 0 -7.9419 0 0 0 0 0 0 0 0 -31.4454 0 2.1247 -45.7080 0 0 -20.4773 0 0 3.7954 -12.9564 19.5278 -35.9144 9.5098 13.0035 -18.4344 31.2566 -3.5654 -33.3089 26.0454 0 0 0 0 -2.8887 0.4289 -22.0233 -2.2646 30.3828 0.0001 -31.1263 27.9484 -0.0002 0 0 0 0 0 0 0 0 0 0 0 0 0 0 0 0 0 0 0 0 0 0 0 0 0 0 0 0 0 0 0 0 0 0 0 0 0 0 0 0 0 0 0 0 0 -19.5513 -2.6027 -34.3693 10.1703 25.9491 -0.0000 -29.4680 21.8369 0.0001 0 0 0 0 0 0 0 0 0 0 0 0 0 0 0 0 0 0 0 0 0 0 0 0 0 0 0 0 0 0 0 0 0 0 0 0 0 0 0 0 0 0
0.8579 7.2228 -141.6501 1.3956 -153.6484 -10.2274 0 0 0 0 0 0 0 0 0 7.4253 -10.0000 5.6946 0 0 0 0 0 0 0 4.5187 -0.0022 0 0 0 0 0 0 0 0 0 0 0 0 0 0 96.5464 0 0 0 0 0 96.5464 0 0 0 0 0 0 0 0 0 0 0 0 0 0 0 0 0 0 0 0 0 0 0 0 0 0 0 0 0 0 0 0 0 0 0 0 0 0 0 0 0 0 0 0 0 0 0 0 0 0 0 0 0 0 0 0 0 0 0 0 0 0 0 0 0 0 0 0 0 0 0 0 0 0 0 0 -22.4527 96.5464 0 0 0 0 -22.4527 100.4756 0 0 0 0 -19.6461 -98.7917 0 0 0 0 0 0 0 0 0 0 0 63.4287 0 0 0 0 0 -63.4287 0 0 0 0 0 0 0 0 0 0 3.5820 -96.5464 0 0 96.5464 0 0 0 0 0 0 0 0 0 0 -2.8372 96.5464 0 5.9950 96.5464 0 0 0 0 0 0 0 0 0 -0.5075 0 0 0 0 0 0 0 0 0 0 0 -8.5929 0 0 0 0 0 0 0 0 0 0 0 0 0 0 0 0 0 0 0 0 0 0 0 0 0 0 0 0 0 113.8437 34.7552 27.4355 2.3563 -68.5297 33.5120 -0.9111 -0.5712 0.2632 0 0 0 6.9038 0 -12.8724 21.7992 0 0 6.9449 0 0 0 0 0 0.4572 15.4756 -6.4014 53.7773 0 -6.0950 9.9781 0 0 0 0 0 0 0 0 7.5124 9.6666 -3.7594 56.4719 0 -4.6671 10.3551 0 0 0 0 0 0 0 0 12.2024 5.5846 2.3136 50.9240 0 -3.7500 25.8458 0 0 -18.5207 -8.0780 -6.3988 -3.8340 0.0245 -17.2473 16.8272 -28.4044 0.0063 27.6353 -30.0203 4.3789 0 0 0 -126.6868 87.0855 -30.5913 -36.4390 10.0121 -34.4034 3.8781 -8.4678 1.3688 0 0 0 -10.5832 0 15.2150 -25.1371 0 0 -7.8499 0 0 0 0 0 -11.6520 0 6.6262 -55.4870 0 0 -12.2606 0 0 0 0 0 0 0 0 -21.2542 0 7.5972 -59.9801 0 0 -10.5436 0 0 0 0 0 0 0 0 -19.7199 0 1.6747 -48.1425 0 0 -23.5245 0 0 4.0221 -3.9873 11.3807 -22.3125 12.5565 21.4086 -20.1452 24.5737 -3.6772 -30.1623 25.9761 0 0 0 0 1.1140 -0.3515 -23.8754 -1.2478 30.9571 0.0000 -30.2760 27.7320 -0.0000 0 0 0 0 0 0 0 0 0 0 0 0 0 0 0 0 0 0 0 0 0 0 0 0 0 0 0 0 0 0 0 0 0 0 0 0 0 0 0 0 0 0 0 0 0 -19.4860 -2.5512 -34.4937 10.1040 26.0980 -0.0000 -29.2202 21.9534 0.0000 0 0 0 0 0 0 0 0 0 0 0 0 0 0 0 0 0 0 0 0 0 0 0 0 0 0 0 0 0 0 0 0 0 0 0 0 0 0 0 0 0 0
-0.2313 7.5472 -141.6176 2.0691 -152.9480 -10.5554 0 0 0 0 0 0 0 0 0 6.4617 -10.0000 4.9037 0 0 0 0 0 0 0 7.4952 -0.0036 0 0 0 0 0 0 0 0 0 0 0 0 0 0 160.1422 0 0 0 0 0 160.1422 0 0 0 0 0 0 0 0 0 0 0 0 0 0 0 0 0 0 0 0 0 0 0 0 0 0 0 0 0 0 0 0 0 0 0 0 0 0 0 0 0 0 0 0 0 0 0 0 0 0 0 0 0 0 0 0 0 0 0 0 0 0 0 0 0 0 0 0 0 0 0 0 0 0 0 0 -37.2424 160.1422 0 0 0 0 -37.2424 166.6596 0 0 0 0 -32.5871 -163.8664 0 0 0 0 0 0 0 0 0 0 0 105.2097 0 0 0 0 0 -105.2097 0 0 0 0 0 0 0 0 0 0 0.3416 -160.1422 0 0 160.1422 0 0 0 0 0 0 0 0 0 0 -5.9518 160.1422 0 10.0696 160.1422 0 0 0 0 0 0 0 0 0 6.8612 0 0 0 0 0 0 0 0 0 0 0 -14.2554 0 0 0 0 0 0 0 0 0 0 0 0 0 0 0 0 0 0 0 0 0 0 0 0 0 0 0 0 0 115.8135 33.8940 26.0069 4.1998 -68.4231 31.7055 -0.7307 0.9636 0.8160 0 0 0 -0.9862 0 -6.1290 17.6998 0 0 5.6994 0 0 0 0 0 -7.5483 19.9203 -8.8303 40.5943 0 -7.9950 4.1934 0 0 0 0 0 0 0 0 -3.2018 9.0717 -1.9064 39.6547 0 -4.6969 4.9673 0 0 0 0 0 0 0 0 4.6613 4.9728 1.5906 38.2243 0 -3.2824 19.5857 0 0 -31.1391 -20.6965 -8.1592 -10.1789 0.0083 -10.4397 12.7525 -32.1720 0.0036 22.4183 -37.0922 8.5353 0 0 0 -129.0535 92.3952 -35.1084 -35.8178 9.6592 -33.2731 3.2695 -6.4623 0.5331 0 0 0 1.2105 0 12.4419 -11.4052 0 0 -7.8861 0 0 0 0 0 -10.6608 0 6.7567 -45.9855 0 0 -7.7793 0 0 0 0 0 0 0 0 -19.5273 0 7.6647 -49.2825 0 0 -6.5941 0 0 0 0 0 0 0 0 -14.2988 0 3.3930 -35.2369 0 0 -16.4784 0 0 8.9447 -0.0539 15.6027 -2.1028 8.4576 25.5971 -21.2832 18.9448 -9.0778 -27.0263 25.9636 0 0 0 0 5.6616 -0.3276 -24.7377 -0.3217 30.9786 -0.0000 -29.8564 27.3993 0.0000 0 0 0 0 0 0 0 0 0 0 0 0 0 0 0 0 0 0 0 0 0 0 0 0 0 0 0 0 0 0 0 0 0 0 0 0 0 0 0 0 0 0 0 0 0 -19.5125 -2.5565 -34.3952 10.0236 26.1366 0.0000 -29.2443 21.9025 -0.0000 0 0 0 0 0 0 0 0 0 0 0 0 0 0 0 0 0 0 0 0 0 0 0 0 0 0 0 0 0 0 0 0 0 0 0 0 0 0 0 0 0 0
-1.2282 7.8383 -141.6066 2.7031 -152.4788 -10.8519 0 0 0 0 0 0 0 0 0 5.5865 -10.0000 4.1821 0 0 0 0 0 0 0 8.5549 -0.0041 0 0 0 0 0 0 0 0 0 0 0 0 0 0 182.7854 0 0 0 0 0 182.7854 0 0 0 0 0 0 0 0 0 0 0 0 0 0 0 0 0 0 0 0 0 0 0 0 0 0 0 0 0 0 0 0 0 0 0 0 0 0 0 0 0 0 0 0 0 0 0 0 0 0 0 0 0 0 0 0 0 0 0 0 0 0 0 0 0 0 0 0 0 0 0 0 0 0 0 0 -42.5082 182.7854 0 0 0 0 -42.5082 190.2243 0 0 0 0 -37.1947 -187.0362 0 0 0 0 0 0 0 0 0 0 0 120.0858 0 0 0 0 0 -120.0858 0 0 0 0 0 0 0 0 0 0 -4.7227 -182.7854 0 0 182.7854 0 0 0 0 0 0 0 0 0 0 -8.2257 182.7854 0 11.1747 182.7854 0 0 0 0 0 0 0 0 0 15.4597 0 0 0 0 0 0 0 0 0 0 0 -16.2688 0 0 0 0 0 0 0 0 0 0 0 0 0 0 0 0 0 0 0 0 0 0 0 0 0 0 0 0 0 116.7323 32.4435 25.2419 5.3781 -68.4452 30.5195 -0.3693 3.5264 1.6015 0 0 0 -4.7959 0 -4.5984 14.8981 0 0 3.5087 0 0 0 0 0 -11.9203 24.9532 -13.0235 28.9081 0 -9.6953 0.2422 0 0 0 0 0 0 0 0 -9.6085 12.2009 -6.9435 25.6583 0 -6.7242 0.5913 0 0 0 0 0 0 0 0 -0.9727 7.0265 -4.2465 23.2013 0 -4.2096 14.4636 0 0 -40.7848 -27.2550 -10.8892 -14.4825 1.9608 -9.8043 10.3197 -29.5510 0.0007 16.4783 -42.5410 12.5389 0 0 0 -131.1251 97.2087 -39.1446 -35.4253 9.4756 -32.1348 2.2204 -3.0775 -0.9333 0 0 0 4.8979 0 8.5773 -10.3903 0 0 -7.7499 0 0 0 0 0 -6.0606 0 6.5507 -35.9735 0 0 -2.9323 0 0 0 0 0 0 0 0 -11.5296 0 6.2338 -35.3160 0 0 -1.5549 0 0 0 0 0 0 0 0 -9.2031 0 3.6947 -25.3068 0 0 -11.8689 0 0 9.5381 -1.1190 13.3240 6.9063 3.4777 24.1227 -21.1602 19.2299 -12.6948 -25.6541 25.9011 0 0 0 0 10.1489 0.3004 -27.9681 0.7857 30.9189 -0.0000 -28.7179 27.4684 0.0000 0 0 0 0 0 0 0 0 0 0 0 0 0 0 0 0 0 0 0 0 0 0 0 0 0 0 0 0 0 0 0 0 0 0 0 0 0 0 0 0 0 0 0 0 0 -19.5206 -2.5612 -34.3746 9.9896 26.1288 0.0000 -29.2667 21.8877 -0.0000 0 0 0 0 0 0 0 0 0 0 0 0 0 0 0 0 0 0 0 0 0 0 0 0 0 0 0 0 0 0 0 0 0 0 0 0 0 0 0 0 0 0
-1.5555 7.9327 -141.6067 2.9146 -152.3586 -10.9485 0 0 0 0 0 0 0 0 0 5.0747 -10.0000 4.1714 0 0 0 0 0 0 0 8.4966 -0.0041 0 0 0 0 0 0 0 0 0 0 0 0 0 0 181.5399 0 0 0 0 0 181.5399 0 0 0 0 0 0 0 0 0 0 0 0 0 0 0 0 0 0 0 0 0 0 0 0 0 0 0 0 0 0 0 0 0 0 0 0 0 0 0 0 0 0 0 0 0 0 0 0 0 0 0 0 0 0 0 0 0 0 0 0 0 0 0 0 0 0 0 0 0 0 0 0 0 0 0 0 -42.2186 181.5399 0 0 0 0 -42.2186 188.9281 0 0 0 0 -36.9412 -185.7617 0 0 0 0 0 0 0 0 0 0 0 119.2675 0 0 0 0 0 -119.2675 0 0 0 0 0 0 0 0 0 0 -6.5768 -181.5399 0 0 181.5399 0 0 0 0 0 0 0 0 0 0 -7.4715 181.5399 0 9.4673 181.5399 0 0 0 0 0 0 0 0 0 13.5583 0 0 0 0 0 0 0 0 0 0 0 -16.1533 0 0 0 0 0 0 0 0 0 0 0 0 0 0 0 0 0 0 0 0 0 0 0 0 0 0 0 0 0 116.8285 31.7509 25.1109 5.6657 -68.4845 30.2182 -0.0321 6.7709 2.4783 0 0 0 2.0903 0 -10.4340 16.3296 0 0 1.9960 0 0 0 0 0 -6.8808 27.9490 -14.8896 26.8317 0 -10.2458 -0.4209 0 0 0 0 0 0 0 0 -5.3883 15.6580 -12.5474 23.0516 0 -8.6508 -0.7010 0 0 0 0 0 0 0 0 0.7991 9.2858 -7.6475 13.6476 0 -5.4172 11.9872 0 0 -43.1241 -24.1141 -11.4930 -11.4613 5.9670 -20.9929 12.5024 -15.8862 -0.0372 11.9978 -39.9754 14.1398 0 0 0 -131.8410 98.9175 -40.5620 -35.3313 9.4466 -31.7005 1.1530 0.7373 -2.5640 0 0 0 0.8692 0 7.4348 -15.7463 0 0 -6.1789 0 0 0 0 0 -0.4309 0 6.1244 -31.2055 0 0 -0.9452 0 0 0 0 0 0 0 0 -2.0695 0 5.1635 -27.7512 0 0 0.4944 0 0 0 0 0 0 0 0 -5.0433 0 2.5743 -19.2455 0 0 -13.0206 0 0 5.4459 -3.9376 5.0792 0.6105 -0.4238 24.0050 -20.0695 18.0727 -12.3162 -23.8691 25.6811 0 0 0 0 14.1521 0.8101 -32.3698 1.9021 30.9290 -0.0000 -27.2947 27.8147 0.0000 0 0 0 0 0 0 0 0 0 0 0 0 0 0 0 0 0 0 0 0 0 0 0 0 0 0 0 0 0 0 0 0 0 0 0 0 0 0 0 0 0 0 0 0 0 -19.5147 -2.5593 -34.3945 9.9863 26.1246 0.0000 -29.2580 21.8989 -0.0000 0 0 0 0 0 0 0 0 0 0 0 0 0 0 0 0 0 0 0 0 0 0 0 0 0 0 0 0 0 0 0 0 0 0 0 0 0 0 0 0 0 0
-2.5371 8.9089 -140.8013 3.2507 -152.2610 -10.6192 0 0 0 0 0 0 0 0 0 4.4975 -10.0000 4.8194 0 0 0 0 0 0 0 8.2057 -0.0039 0 0 0 0 0 0 0 0 0 0 0 0 0 0 175.3237 0 0 0 0 0 175.3237 0 0 0 0 0 0 0 0 0 0 0 0 0 0 0 0 0 0 0 0 0 0 0 0 0 0 0 0 0 0 0 0 0 0 0 0 0 0 0 0 0 0 0 0 0 0 0 0 0 0 0 0 0 0 0 0 0 0 0 0 0 0 0 0 0 0 0 0 0 0 0 0 0 0 0 0 -40.7730 175.3237 0 0 0 0 -40.7730 182.4590 0 0 0 0 -35.6763 -179.4010 0 0 0 0 0 0 0 0 0 0 0 115.1836 0 0 0 0 0 -115.1836 0 0 0 0 0 0 0 0 0 0 -6.7931 -175.3237 0 0 175.3237 0 0 0 0 0 0 0 0 0 0 -5.0562 175.3237 0 6.8958 175.3237 0 0 0 0 0 0 0 0 0 0.0387 0 0 0 0 0 0 0 0 0 0 0 -15.5976 0 0 0 0 0 0 0 0 0 0 0 0 0 0 0 0 0 0 0 0 0 0 0 0 0 0 0 0 0 116.7134 31.6487 25.1800 5.6044 -68.5011 30.2738 -0.0428 8.7724 3.0229 0 0 0 12.2630 0 -14.9082 20.0428 0 0 2.1784 0 0 0 0 0 2.6432 28.1569 -11.9153 30.9356 0 -10.1312 0.7901 0 0 0 0 0 0 0 0 3.8003 15.8146 -11.9419 27.2987 0 -8.6866 -0.1974 0 0 0 0 0 0 0 0 6.5946 9.3365 -5.2938 11.4179 0 -5.4925 11.1721 0 0 -42.7062 -22.3194 -10.9403 -4.7696 7.6723 -34.1984 16.7046 -1.9307 -0.1199 10.6774 -32.0520 13.9880 0 0 0 -131.7870 98.8202 -40.4707 -35.3673 9.4727 -31.7048 0.6133 3.2411 -3.5771 0 0 0 -8.2821 0 10.0224 -20.5678 0 0 -4.2756 0 0 0 0 0 -2.3272 0 6.3003 -31.5815 0 0 -1.0989 0 0 0 0 0 0 0 0 -2.3839 0 5.7838 -27.6570 0 0 0.3010 0 0 0 0 0 0 0 0 -6.0448 0 1.1214 -12.4032 0 0 -13.7028 0 0 1.9763 -4.8247 1.4472 -16.1040 -3.9070 30.6764 -19.3683 8.8059 -10.5649 -18.9506 25.3385 0 0 0 0 17.6404 1.2458 -35.4544 2.6235 30.8929 -0.0000 -26.2320 28.0129 0.0000 0 0 0 0 0 0 0 0 0 0 0 0 0 0 0 0 0 0 0 0 0 0 0 0 0 0 0 0 0 0 0 0 0 0 0 0 0 0 0 0 0 0 0 0 0 -19.5157 -2.5593 -34.3901 9.9892 26.1274 0.0000 -29.2578 21.8969 -0.0000 0 0 0 0 0 0 0 0 0 0 0 0 0 0 0 0 0 0 0 0 0 0 0 0 0 0 0 0 0 0 0 0 0 0 0 0 0 0 0 0 0 0
-5.1912 11.4913 -138.6882 4.1818 -151.9502 -9.7811 0 0 0 0 0 0 0 0 0 4.9576 -9.2631 4.4234 0 0 0 0 0 0 0 8.0393 -0.0039 0 0 0 0 0 0 0 0 0 0 0 0 0 0 171.7679 0 0 0 0 0 171.7679 0 0 0 0 0 0 0 0 0 0 0 0 0 0 0 0 0 0 0 0 0 0 0 0 0 0 0 0 0 0 0 0 0 0 0 0 0 0 0 0 0 0 0 0 0 0 0 0 0 0 0 0 0 0 0 0 0 0 0 0 0 0 0 0 0 0 0 0 0 0 0 0 0 0 0 0 -39.9460 171.7679 0 0 0 0 -39.9460 178.7585 0 0 0 0 -34.9528 -175.7625 0 0 0 0 0 0 0 0 0 0 0 112.8475 0 0 0 0 0 -112.8475 0 0 0 0 0 0 0 0 0 0 -6.9197 -171.7679 0 0 171.7679 0 0 0 0 0 0 0 0 0 0 -3.9886 171.7679 0 6.0038 171.7679 0 0 0 0 0 0 0 0 0 -12.7260 0 0 0 0 0 0 0 0 0 0 0 -15.2807 0 0 0 0 0 0 0 0 0 0 0 0 0 0 0 0 0 0 0 0 0 0 0 0 0 0 0 0 0 114.0183 29.0921 27.7312 6.1006 -66.7953 29.9075 -0.2812 8.9114 3.0830 0 0 0 18.0845 0 -15.0867 22.7422 0 0 3.0195 0 0 0 0 0 9.0011 27.6457 -7.9593 34.6902 0 -9.9750 2.0166 0 0 0 0 0 0 0 0 9.9043 15.2434 -8.7993 31.3426 0 -8.3798 0.5520 0 0 0 0 0 0 0 0 10.8638 8.7215 -1.9161 12.9183 0 -5.1932 11.4878 0 0 -42.4374 -23.2098 -10.9709 -0.2027 6.4139 -40.5791 19.9700 4.3161 -0.6029 11.9567 -25.8214 13.5820 0 0 0 -131.5814 98.3490 -40.0733 -35.4123 9.4959 -31.8119 0.4550 4.5455 -4.0580 0 0 0 -16.0446 0 13.0802 -23.0998 0 0 -3.3146 0 0 0 0 0 -7.0473 0 6.5841 -34.0392 0 0 -1.8797 0 0 0 0 0 0 0 0 -7.2329 0 6.7553 -30.4350 0 0 -0.4381 0 0 0 0 0 0 0 0 -9.2399 0 0.4093 -10.4178 0 0 -12.8288 0 0 0.3956 -4.0376 1.6768 -30.7827 -5.4617 38.0072 -19.1432 -0.4857 -9.1418 -14.0422 25.0941 0 0 0 0 19.9284 1.9553 -36.8047 2.5666 30.7759 0.0000 -25.5693 28.0525 -0.0000 0 0 0 0 0 0 0 0 0 0 0 0 0 0 0 0 0 0 0 0 0 0 0 0 0 0 0 0 0 0 0 0 0 0 0 0 0 0 0 0 0 0 0 0 0 -19.5190 -2.5605 -34.3794 9.9901 26.1290 -0.0000 -29.2633 21.8907 0.0000 0 0 0 0 0 0 0 0 0 0 0 0 0 0 0 0 0 0 0 0 0 0 0 0 0 0 0 0 0 0 0 0 0 0 0 0 0 0 0 0 0 0
-7.6780 13.8622 -136.7650 5.0752 -151.6402 -9.0394 0 0 0 0 0 0 0 0 0 7.3800 -7.3322 1.9640 0 0 0 0 0 0 0 8.0060 -0.0038 0 0 0 0 0 0 0 0 0 0 0 0 0 0 171.0570 0 0 0 0 0 171.0570 0 0 0 0 0 0 0 0 0 0 0 0 0 0 0 0 0 0 0 0 0 0 0 0 0 0 0 0 0 0 0 0 0 0 0 0 0 0 0 0 0 0 0 0 0 0 0 0 0 0 0 0 0 0 0 0 0 0 0 0 0 0 0 0 0 0 0 0 0 0 0 0 0 0 0 0 -39.7807 171.0570 0 0 0 0 -39.7807 178.0186 0 0 0 0 -34.8081 -175.0351 0 0 0 0 0 0 0 0 0 0 0 112.3805 0 0 0 0 0 -112.3805 0 0 0 0 0 0 0 0 0 0 -6.8664 -171.0570 0 0 171.0570 0 0 0 0 0 0 0 0 0 0 -4.6910 171.0570 0 6.9199 171.0570 0 0 0 0 0 0 0 0 0 -17.3924 0 0 0 0 0 0 0 0 0 0 0 -15.2178 0 0 0 0 0 0 0 0 0 0 0 0 0 0 0 0 0 0 0 0 0 0 0 0 0 0 0 0 0 109.2921 24.4806 32.2135 7.0505 -63.7670 29.1881 -0.7041 8.4316 3.0649 0 0 0 19.0349 0 -13.0717 21.5958 0 0 7.9285 0 0 0 0 0 13.8114 28.6657 -5.0663 31.9349 0 -9.9530 3.7708 0 0 0 0 0 0 0 0 11.2081 15.8176 -6.0841 29.6992 0 -8.6944 3.7206 0 0 0 0 0 0 0 0 17.5930 8.7347 -0.9508 13.4106 0 -5.2522 11.9869 0 0 -40.0275 -23.1376 -13.5864 -4.4566 6.4207 -41.8441 22.6395 4.1409 -2.2115 14.5925 -23.8427 13.2174 0 0 0 -131.4831 98.1190 -39.8811 -35.4294 9.5034 -31.8674 0.3909 5.7279 -4.4385 0 0 0 -18.4736 0 14.2230 -23.5630 0 0 -3.1530 0 0 0 0 0 -9.5189 0 6.7178 -35.4731 0 0 -2.3270 0 0 0 0 0 0 0 0 -10.1648 0 7.2086 -32.1806 0 0 -0.8500 0 0 0 0 0 0 0 0 -10.7369 0 0.5983 -11.8603 0 0 -12.2318 0 0 0.2493 -3.3362 2.6924 -35.8700 -5.5234 40.9991 -19.1891 -4.0191 -8.6483 -12.1805 25.0249 0 0 0 0 20.8029 2.5613 -36.9122 2.1408 30.6705 0.0000 -25.3264 28.0295 -0.0000 0 0 0 0 0 0 0 0 0 0 0 0 0 0 0 0 0 0 0 0 0 0 0 0 0 0 0 0 0 0 0 0 0 0 0 0 0 0 0 0 0 0 0 0 0 -19.5206 -2.5611 -34.3746 9.9901 26.1293 -0.0000 -29.2662 21.8878 0.0000 0 0 0 0 0 0 0 0 0 0 0 0 0 0 0 0 0 0 0 0 0 0 0 0 0 0 0 0 0 0 0 0 0 0 0 0 0 0 0 0 0 0
-8.5056 14.6419 -136.1358 5.3765 -151.5334 -8.8009 0 0 0 0 0 0 0 0 0 8.6557 -6.3118 0.6699 0 0 0 0 0 0 0 8.0254 -0.0038 0 0 0 0 0 0 0 0 0 0 0 0 0 0 171.4709 0 0 0 0 0 171.4709 0 0 0 0 0 0 0 0 0 0 0 0 0 0 0 0 0 0 0 0 0 0 0 0 0 0 0 0 0 0 0 0 0 0 0 0 0 0 0 0 0 0 0 0 0 0 0 0 0 0 0 0 0 0 0 0 0 0 0 0 0 0 0 0 0 0 0 0 0 0 0 0 0 0 0 0 -39.8770 171.4709 0 0 0 0 -39.8770 178.4494 0 0 0 0 -34.8923 -175.4586 0 0 0 0 0 0 0 0 0 0 0 112.6524 0 0 0 0 0 -112.6524 0 0 0 0 0 0 0 0 0 0 -6.7496 -171.4709 0 0 171.4709 0 0 0 0 0 0 0 0 0 0 -5.5021 171.4709 0 7.9479 171.4709 0 0 0 0 0 0 0 0 0 -17.2179 0 0 0 0 0 0 0 0 0 0 0 -15.2550 0 0 0 0 0 0 0 0 0 0 0 0 0 0 0 0 0 0 0 0 0 0 0 0 0 0 0 0 0 108.8300 24.0274 32.6487 7.1387 -63.4771 29.1216 -1.1495 7.8928 3.1086 0 0 0 17.5288 0 -9.9326 16.3068 0 0 19.7948 0 0 0 0 0 22.5177 30.3904 -0.9761 21.3106 0 -9.9695 7.2419 0 0 0 0 0 0 0 0 10.4740 16.7175 -2.8612 21.7008 0 -9.1737 11.2606 0 0 0 0 0 0 0 0 31.3875 9.3539 -2.5940 11.2974 0 -5.5959 12.5122 0 0 -35.5406 -22.7152 -18.0672 -20.7330 8.1676 -41.1059 24.6106 -0.0682 -3.5494 18.6025 -24.1045 12.8360 0 0 0 -131.4889 98.1318 -39.8921 -35.4276 9.5018 -31.8648 0.6132 6.3719 -4.5148 0 0 0 -18.1207 0 14.0967 -23.4120 0 0 -3.2125 0 0 0 0 0 -14.0117 0 4.6400 -31.8558 0 0 -3.8101 0 0 0 0 0 0 0 0 -11.0150 0 5.8738 -29.7188 0 0 -3.8579 0 0 0 0 0 0 0 0 -16.3182 0 1.1754 -11.7189 0 0 -12.3850 0 0 1.7204 -5.5479 4.5101 -23.2307 -5.0255 40.2026 -19.5789 -2.3669 -10.8806 -13.6183 25.0247 0 0 0 0 21.1287 2.7516 -36.6576 1.8303 30.5015 0.0000 -25.1551 28.0057 -0.0000 0 0 0 0 0 0 0 0 0 0 0 0 0 0 0 0 0 0 0 0 0 0 0 0 0 0 0 0 0 0 0 0 0 0 0 0 0 0 0 0 0 0 0 0 0 -19.6304 -2.3748 -34.1878 9.9916 26.2241 -0.0000 -29.0093 22.1448 0.0000 0 0 0 0 0 0 0 0 0 0 0 0 0 0 0 0 0 0 0 0 0 0 0 0 0 0 0 0 0 0 0 0 0 0 0 0 0 0 0 0 0 0
-9.3518 14.2050 -135.8369 5.8629 -151.2273 -8.5430 0 0 0 0 0 0 0 0 0 6.8979 -7.5994 2.4361 0 0 0 0 0 0 0 8.0454 -0.0039 0 0 0 0 0 0 0 0 0 0 0 0 0 0 171.8986 0 0 0 0 0 171.8986 0 0 0 0 0 0 0 0 0 0 0 0 0 0 0 0 0 0 0 0 0 0 0 0 0 0 0 0 0 0 0 0 0 0 0 0 0 0 0 0 0 0 0 0 0 0 0 0 0 0 0 0 0 0 0 0 0 0 0 0 0 0 0 0 0 0 0 0 0 0 0 0 0 0 0 0 -39.9764 171.8986 0 0 0 0 -39.9764 178.8944 0 0 0 0 -34.9794 -175.8962 0 0 0 0 0 0 0 0 0 0 0 112.9334 0 0 0 0 0 -112.9334 0 0 0 0 0 0 0 0 0 0 -6.5034 -171.8986 0 0 171.8986 0 0 0 0 0 0 0 0 0 0 -5.6083 171.8986 0 8.2663 171.8986 0 0 0 0 0 0 0 0 0 -15.9878 0 0 0 0 0 0 0 0 0 0 0 -15.2931 0 0 0 0 0 0 0 0 0 0 0 0 0 0 0 0 0 0 0 0 0 0 0 0 0 0 0 0 0 111.1323 26.2743 30.4659 6.6770 -64.9509 29.4712 -1.0656 7.5547 3.0136 0 0 0 16.5332 0 -7.0253 11.6212 0 0 30.7281 0 0 0 0 0 31.7937 30.7819 3.8956 11.6493 0 -9.9731 10.4752 0 0 0 0 0 0 0 0 10.3735 16.8964 0.3378 14.5126 0 -9.2684 18.2105 0 0 0 0 0 0 0 0 44.1133 9.6068 -4.0959 9.0937 0 -5.7200 12.9795 0 0 -34.3876 -22.6710 -19.1913 -38.4793 7.6696 -38.0492 24.1149 -5.3541 -2.6038 21.6600 -24.7811 12.8123 0 0 0 -130.1399 99.0492 -38.6061 -34.6631 8.7373 -31.0944 0.9184 6.1403 -4.2420 0 0 0 -17.6703 0 12.6670 -21.4757 0 0 -7.8558 0 0 0 0 0 -24.3935 0 -0.8658 -21.4361 0 0 -7.4092 0 0 0 0 0 0 0 0 -11.2328 0 2.1721 -22.0192 0 0 -11.4846 0 0 0 0 0 0 0 0 -30.9596 0 2.4228 -10.1754 0 0 -12.8633 0 0 5.0315 -12.0035 7.8796 10.3599 -4.3795 37.2077 -20.4522 2.8206 -16.8041 -17.7825 25.0092 0 0 0 0 21.7428 2.7237 -36.3679 1.5895 30.1004 -0.0000 -24.7273 27.9964 0.0000 0 0 0 0 0 0 0 0 0 0 0 0 0 0 0 0 0 0 0 0 0 0 0 0 0 0 0 0 0 0 0 0 0 0 0 0 0 0 0 0 0 0 0 0 0 -19.9183 -1.8865 -33.6980 9.9956 26.4727 0.0000 -28.3358 22.8182 -0.0000 0 0 0 0 0 0 0 0 0 0 0 0 0 0 0 0 0 0 0 0 0 0 0 0 0 0 0 0 0 0 0 0 0 0 0 0 0 0 0 0 0 0
-11.7687 13.2555 -134.8939 7.2074 -150.4022 -7.8036 0 0 0 0 0 0 0 0 0 5.0162 -9.3449 4.3212 0 0 0 0 0 0 0 8.0531 -0.0039 0 0 0 0 0 0 0 0 0 0 0 0 0 0 172.0643 0 0 0 0 0 172.0643 0 0 0 0 0 0 0 0 0 0 0 0 0 0 0 0 0 0 0 0 0 0 0 0 0 0 0 0 0 0 0 0 0 0 0 0 0 0 0 0 0 0 0 0 0 0 0 0 0 0 0 0 0 0 0 0 0 0 0 0 0 0 0 0 0 0 0 0 0 0 0 0 0 0 0 0 -40.0149 172.0643 0 0 0 0 -40.0149 179.0669 0 0 0 0 -35.0131 -176.0658 0 0 0 0 0 0 0 0 0 0 0 113.0422 0 0 0 0 0 -113.0422 0 0 0 0 0 0 0 0 0 0 -5.9698 -172.0643 0 0 172.0643 0 0 0 0 0 0 0 0 0 0 -5.5522 172.0643 0 7.8439 172.0643 0 0 0 0 0 0 0 0 0 -15.2668 0 0 0 0 0 0 0 0 0 0 0 -10.6394 0 0 0 0 0 0 0 0 0 0 0 0 0 0 0 0 0 0 0 0 0 0 0 0 0 0 0 0 0 111.0624 26.2062 30.5325 6.6914 -64.9056 29.4602 -0.2695 7.4771 2.6453 0 0 0 16.6685 0 -5.5923 10.1942 0 0 34.8178 0 0 0 0 0 36.3916 30.4265 6.8718 8.3929 0 -9.9697 11.7548 0 0 0 0 0 0 0 0 10.9583 16.7167 2.0177 12.2312 0 -9.1728 20.8134 0 0 0 0 0 0 0 0 49.0465 9.4946 -4.2755 8.4256 0 -5.6585 13.2200 0 0 -35.3424 -22.7465 -18.2439 -47.2178 5.2948 -34.6865 22.3955 -8.5270 -0.7615 22.5459 -25.1565 12.9320 0 0 0 -126.5625 101.3525 -35.1529 -32.6671 6.7395 -29.1003 0.8630 4.5141 -3.6182 0 0 0 -17.5012 0 9.4196 -16.5415 0 0 -19.9779 0 0 0 0 0 -33.8469 0 -5.8735 -11.9275 0 0 -10.6783 0 0 0 0 0 0 0 0 -11.3612 0 -1.1853 -14.9592 0 0 -18.4216 0 0 0 0 0 0 0 0 -44.5990 0 3.5951 -9.0153 0 0 -13.1785 0 0 7.9133 -17.9331 10.7754 40.4060 -3.9501 34.6382 -21.2333 7.3503 -22.1633 -21.4319 24.9837 0 0 0 0 22.2892 2.7048 -36.0274 1.3938 29.6441 -0.0000 -24.2836 27.9964 0.0000 0 0 0 0 0 0 0 0 0 0 0 0 0 0 0 0 0 0 0 0 0 0 0 0 0 0 0 0 0 0 0 0 0 0 0 0 0 0 0 0 0 0 0 0 0 -20.5357 -1.9274 -33.0355 9.9993 26.4572 0.0000 -27.7251 23.0842 -0.0000 0 0 0 0 0 0 0 0 0 0 0 0 0 0 0 0 0 0 0 0 0 0 0 0 0 0 0 0 0 0 0 0 0 0 0 0 0 0 0 0 0 0
-14.5541 12.0182 -134.2321 9.3768 -148.2265 -7.8971 0 0 0 0 0 0 0 0 0 5.0789 -10.1179 4.7378 0 0 0 0 0 0 0 8.0531 -0.0039 0 0 0 0 0 0 0 0 0 0 0 0 0 0 172.0642 0 0 0 0 0 172.0642 0 0 0 0 0 0 0 0 0 0 0 0 0 0 0 0 0 0 0 0 0 0 0 0 0 0 0 0 0 0 0 0 0 0 0 0 0 0 0 0 0 0 0 0 0 0 0 0 0 0 0 0 0 0 0 0 0 0 0 0 0 0 0 0 0 0 0 0 0 0 0 0 0 0 0 0 -40.0149 172.0642 0 0 0 0 -40.0149 179.0668 0 0 0 0 -35.0131 -176.0657 0 0 0 0 0 0 0 0 0 0 0 113.0422 0 0 0 0 0 -113.0422 0 0 0 0 0 0 0 0 0 0 -5.2347 -172.0642 0 0 172.0642 0 0 0 0 0 0 0 0 0 0 -5.2941 172.0642 0 6.5756 172.0642 0 0 0 0 0 0 0 0 0 -15.1154 0 0 0 0 0 0 0 0 0 0 0 -1.3951 0 0 0 0 0 0 0 0 0 0 0 0 0 0 0 0 0 0 0 0 0 0 0 0 0 0 0 0 0 111.5116 22.8436 29.2520 5.6702 -64.7876 28.0205 0.8264 7.0576 1.9574 0 0 0 16.9540 0 -5.3954 10.4197 0 0 34.7258 0 0 0 0 0 37.0133 30.4457 7.5464 8.6959 0 -9.9699 11.7711 0 0 0 0 0 0 0 0 11.3451 16.7293 2.2905 12.5443 0 -9.1796 20.7570 0 0 0 0 0 0 0 0 49.0275 9.5421 -4.0262 8.5287 0 -5.6710 13.2568 0 0 -35.3066 -22.7364 -18.2826 -48.4775 3.8313 -33.2278 21.4345 -9.2335 0.1536 22.3946 -25.2428 12.9728 0 0 0 -122.0852 98.6308 -31.5739 -24.3626 -1.5693 -29.8834 0.7308 0.4473 -2.4018 0 0 0 -17.3629 0 6.4627 -12.0250 0 0 -31.0206 0 0 0 0 0 -37.2141 0 -7.6557 -8.5353 0 0 -11.8405 0 0 0 0 0 0 0 0 -11.3884 0 -2.3776 -12.4316 0 0 -20.8905 0 0 0 0 0 0 0 0 -49.5554 0 4.0313 -8.6659 0 0 -13.2590 0 0 8.9045 -20.0587 11.7614 50.9693 -3.8568 33.7469 -21.5009 8.9334 -24.0682 -22.6944 24.9716 0 0 0 0 23.1371 2.2931 -35.1526 1.1035 28.8489 -0.0000 -22.5615 27.2900 0.0000 0 0 0 0 0 0 0 0 0 0 0 0 0 0 0 0 0 0 0 0 0 0 0 0 0 0 0 0 0 0 0 0 0 0 0 0 0 0 0 0 0 0 0 0 0 -22.3035 -3.3684 -30.3373 10.0006 25.6031 0.0000 -24.4297 23.4318 -0.0000 0 0 0 0 0 0 0 0 0 0 0 0 0 0 0 0 0 0 0 0 0 0 0 0 0 0 0 0 0 0 0 0 0 0 0 0 0 0 0 0 0 0
-16.6027 10.3238 -134.9458 12.2264 -144.3823 -9.6967 0 0 0 0 0 0 0 0 0 6.5194 -10.2130 4.5674 0 0 0 0 0 0 0 8.0513 -0.0039 0 0 0 0 0 0 0 0 0 0 0 0 0 0 172.0244 0 0 0 0 0 172.0244 0 0 0 0 0 0 0 0 0 0 0 0 0 0 0 0 0 0 0 0 0 0 0 0 0 0 0 0 0 0 0 0 0 0 0 0 0 0 0 0 0 0 0 0 0 0 0 0 0 0 0 0 0 0 0 0 0 0 0 0 0 0 0 0 0 0 0 0 0 0 0 0 0 0 0 0 -40.0057 172.0244 0 0 0 0 -40.0057 179.0254 0 0 0 0 -35.0050 -176.0250 0 0 0 0 0 0 0 0 0 0 0 113.0160 0 0 0 0 0 -113.0160 0 0 0 0 0 0 0 0 0 0 -4.7564 -172.0244 0 0 172.0244 0 0 0 0 0 0 0 0 0 0 -4.9802 172.0244 0 5.3249 172.0244 0 0 0 0 0 0 0 0 0 -15.1948 0 0 0 0 0 0 0 0 0 0 0 4.6845 0 0 0 0 0 0 0 0 0 0 0 0 0 0 0 0 0 0 0 0 0 0 0 0 0 0 0 0 0 115.0509 17.2190 23.9987 2.5258 -66.2829 25.8642 1.5565 6.3423 1.3927 0 0 0 17.0972 0 -5.5464 10.9059 0 0 33.6855 0 0 0 0 0 36.2934 30.4965 7.2493 9.6667 0 -9.9704 11.4735 0 0 0 0 0 0 0 0 11.4445 16.7543 2.0558 13.2870 0 -9.1929 20.0962 0 0 0 0 0 0 0 0 47.8484 9.5902 -3.7791 8.7605 0 -5.6717 13.2219 0 0 -35.1666 -22.7269 -18.4208 -47.2272 3.4261 -33.0607 21.2368 -8.9196 0.2784 22.1247 -25.2404 13.0175 0 0 0 -118.3479 88.1076 -29.2504 -1.0869 -19.3970 -33.6984 0.9896 -5.0852 -0.7914 0 0 0 -17.2583 0 5.3403 -10.4040 0 0 -34.9551 0 0 0 0 0 -37.0297 0 -7.5571 -8.7174 0 0 -11.7754 0 0 0 0 0 0 0 0 -11.3744 0 -2.3099 -12.5613 0 0 -20.7540 0 0 0 0 0 0 0 0 -49.3078 0 3.9695 -8.7284 0 0 -13.2332 0 0 8.8265 -19.9515 11.6767 50.2309 -4.0043 33.7096 -21.5396 8.8904 -24.0423 -22.6000 24.9703 0 0 0 0 24.9739 1.2511 -33.5255 0.6617 27.2888 -0.0000 -18.5397 25.4346 0.0000 0 0 0 0 0 0 0 0 0 0 0 0 0 0 0 0 0 0 0 0 0 0 0 0 0 0 0 0 0 0 0 0 0 0 0 0 0 0 0 0 0 0 0 0 0 -25.3914 -5.1195 -25.0252 10.0006 24.8563 0.0000 -17.0173 25.3115 -0.0000 0 0 0 0 0 0 0 0 0 0 0 0 0 0 0 0 0 0 0 0 0 0 0 0 0 0 0 0 0 0 0 0 0 0 0 0 0 0 0 0 0 0
-17.7375 8.9788 -136.3192 14.6411 -141.1444 -11.4017 0 0 0 0 0 0 0 0 0 7.8725 -10.1038 4.3737 0 0 0 0 0 0 0 8.0501 -0.0039 0 0 0 0 0 0 0 0 0 0 0 0 0 0 171.9997 0 0 0 0 0 171.9997 0 0 0 0 0 0 0 0 0 0 0 0 0 0 0 0 0 0 0 0 0 0 0 0 0 0 0 0 0 0 0 0 0 0 0 0 0 0 0 0 0 0 0 0 0 0 0 0 0 0 0 0 0 0 0 0 0 0 0 0 0 0 0 0 0 0 0 0 0 0 0 0 0 0 0 0 -39.9999 171.9997 0 0 0 0 -39.9999 178.9996 0 0 0 0 -34.9999 -175.9997 0 0 0 0 0 0 0 0 0 0 0 112.9998 0 0 0 0 0 -112.9998 0 0 0 0 0 0 0 0 0 0 -5.1025 -171.9997 0 0 171.9997 0 0 0 0 0 0 0 0 0 0 -5.0334 171.9997 0 5.2358 171.9997 0 0 0 0 0 0 0 0 0 -15.2804 0 0 0 0 0 0 0 0 0 0 0 7.7986 0 0 0 0 0 0 0 0 0 0 0 0 0 0 0 0 0 0 0 0 0 0 0 0 0 0 0 0 0 118.8825 13.2281 21.7195 -5.3312 -61.8468 31.2737 1.6637 4.5337 0.7684 0 0 0 17.1457 0 -5.6711 11.1700 0 0 33.0625 0 0 0 0 0 35.6975 30.4821 6.9029 10.1960 0 -9.9703 11.2851 0 0 0 0 0 0 0 0 11.4131 16.7468 1.8447 13.6723 0 -9.1889 19.6999 0 0 0 0 0 0 0 0 47.1401 9.5918 -3.6654 8.8929 0 -5.6588 13.1913 0 0 -35.2036 -22.7306 -18.3837 -46.0919 3.5782 -33.3570 21.3681 -8.5417 0.1357 22.0059 -25.1982 13.0557 0 0 0 -116.0510 78.4489 -29.1471 29.0996 -36.3790 -37.3324 1.6147 -10.1788 0.8370 0 0 0 -17.1646 0 5.3223 -10.4817 0 0 -34.7405 0 0 0 0 0 -36.1059 0 -7.0675 -9.6458 0 0 -11.4556 0 0 0 0 0 0 0 0 -11.3592 0 -1.9813 -13.2493 0 0 -20.0758 0 0 0 0 0 0 0 0 -47.9221 0 3.7899 -8.8506 0 0 -13.1978 0 0 8.5398 -19.3740 11.3871 47.1678 -4.1762 33.8428 -21.5560 8.5392 -23.6213 -22.2378 24.9723 0 0 0 0 26.6895 0.4300 -32.2556 0.4286 25.8105 0.0000 -14.9292 23.7451 -0.0000 0 0 0 0 0 0 0 0 0 0 0 0 0 0 0 0 0 0 0 0 0 0 0 0 0 0 0 0 0 0 0 0 0 0 0 0 0 0 0 0 0 0 0 0 0 -27.9996 -4.9645 -20.8483 9.8996 25.6349 -0.0000 -11.3755 27.4308 0.0000 0 0 0 0 0 0 0 0 0 0 0 0 0 0 0 0 0 0 0 0 0 0 0 0 0 0 0 0 0 0 0 0 0 0 0 0 0 0 0 0 0 0
-17.8505 8.8006 -137.1719 16.1309 -139.4481 -11.8774 0 0 0 0 0 0 0 0 0 8.5042 -10.0131 4.1524 0 0 0 0 0 0 0 8.0499 -0.0039 0 0 0 0 0 0 0 0 0 0 0 0 0 0 171.9939 0 0 0 0 0 171.9939 0 0 0 0 0 0 0 0 0 0 0 0 0 0 0 0 0 0 0 0 0 0 0 0 0 0 0 0 0 0 0 0 0 0 0 0 0 0 0 0 0 0 0 0 0 0 0 0 0 0 0 0 0 0 0 0 0 0 0 0 0 0 0 0 0 0 0 0 0 0 0 0 0 0 0 0 -39.9986 171.9939 0 0 0 0 -39.9986 178.9937 0 0 0 0 -34.9988 -175.9938 0 0 0 0 0 0 0 0 0 0 0 112.9960 0 0 0 0 0 -112.9960 0 0 0 0 0 0 0 0 0 0 -5.6270 -171.9939 0 0 171.9939 0 0 0 0 0 0 0 0 0 0 -5.1349 171.9939 0 5.5009 171.9939 0 0 0 0 0 0 0 0 0 -15.3145 0 0 0 0 0 0 0 0 0 0 0 10.3294 0 0 0 0 0 0 0 0 0 0 0 0 0 0 0 0 0 0 0 0 0 0 0 0 0 0 0 0 0 121.5378 13.6279 25.8333 -20.0901 -46.9749 47.9811 1.3928 0.3821 -0.7242 0 0 0 17.1441 0 -5.7153 11.2249 0 0 32.9261 0 0 0 0 0 35.5010 30.4775 6.7594 10.2908 0 -9.9702 11.2398 0 0 0 0 0 0 0 0 11.3697 16.7446 1.7701 13.7328 0 -9.1877 19.6130 0 0 0 0 0 0 0 0 46.9940 9.5899 -3.6639 8.9249 0 -5.6565 13.1808 0 0 -35.2170 -22.7313 -18.3706 -45.7630 3.6938 -33.5048 21.5342 -8.3759 0.0172 22.0041 -25.1771 13.0913 0 0 0 -114.2505 72.9382 -31.7577 47.4718 -46.0642 -43.7221 2.4564 -14.4366 2.4051 0 0 0 -17.1322 0 5.6121 -10.9216 0 0 -33.6615 0 0 0 0 0 -35.5773 0 -6.7875 -10.1778 0 0 -11.2729 0 0 0 0 0 0 0 0 -11.3532 0 -1.7938 -13.6449 0 0 -19.6880 0 0 0 0 0 0 0 0 -47.1270 0 3.7058 -8.9102 0 0 -13.1821 0 0 8.3807 -19.0416 11.2279 45.4370 -4.2201 33.9617 -21.5600 8.3354 -23.3491 -22.0360 24.9739 0 0 0 0 27.3513 0.2523 -31.9340 0.4739 25.1929 0.0000 -13.6568 23.1433 -0.0000 0 0 0 0 0 0 0 0 0 0 0 0 0 0 0 0 0 0 0 0 0 0 0 0 0 0 0 0 0 0 0 0 0 0 0 0 0 0 0 0 0 0 0 0 0 -28.2376 -2.3021 -18.7826 9.7364 27.2796 -0.0000 -9.8447 28.2933 0.0000 0 0 0 0 0 0 0 0 0 0 0 0 0 0 0 0 0 0 0 0 0 0 0 0 0 0 0 0 0 0 0 0 0 0 0 0 0 0 0 0 0 0
-17.3078 9.5081 -137.1638 17.5750 -137.9741 -12.0350 0 0 0 0 0 0 0 0 0 9.0442 -9.9832 3.5661 0 0 0 0 0 0 0 8.0500 -0.0039 0 0 0 0 0 0 0 0 0 0 0 0 0 0 171.9963 0 0 0 0 0 171.9963 0 0 0 0 0 0 0 0 0 0 0 0 0 0 0 0 0 0 0 0 0 0 0 0 0 0 0 0 0 0 0 0 0 0 0 0 0 0 0 0 0 0 0 0 0 0 0 0 0 0 0 0 0 0 0 0 0 0 0 0 0 0 0 0 0 0 0 0 0 0 0 0 0 0 0 0 -39.9991 171.9963 0 0 0 0 -39.9991 178.9962 0 0 0 0 -34.9992 -175.9962 0 0 0 0 0 0 0 0 0 0 0 112.9976 0 0 0 0 0 -112.9976 0 0 0 0 0 0 0 0 0 0 -5.5738 -171.9963 0 0 171.9963 0 0 0 0 0 0 0 0 0 0 -5.0151 171.9963 0 5.1825 171.9963 0 0 0 0 0 0 0 0 0 -15.3150 0 0 0 0 0 0 0 0 0 0 0 12.7108 0 0 0 0 0 0 0 0 0 0 0 0 0 0 0 0 0 0 0 0 0 0 0 0 0 0 0 0 0 122.1666 17.9551 31.5206 -34.2369 -34.7746 65.7367 0.9252 -3.9319 -2.2938 0 0 0 17.0994 0 -5.6810 11.1894 0 0 32.9912 0 0 0 0 0 35.5224 30.4807 6.7538 10.2224 0 -9.9703 11.2569 0 0 0 0 0 0 0 0 11.3504 16.7462 1.7747 13.6776 0 -9.1886 19.6544 0 0 0 0 0 0 0 0 47.0686 9.5900 -3.6851 8.9066 0 -5.6475 13.1816 0 0 -35.2082 -22.7305 -18.3793 -45.7927 3.5457 -33.3422 21.6501 -8.3941 -0.0219 22.0396 -25.2223 13.1535 0 0 0 -113.4802 69.5755 -34.8977 51.2255 -51.2978 -50.4880 3.3747 -17.1811 3.5563 0 0 0 -17.1480 0 5.8030 -11.1777 0 0 -33.0439 0 0 0 0 0 -35.4715 0 -6.7316 -10.2846 0 0 -11.2365 0 0 0 0 0 0 0 0 -11.3530 0 -1.7565 -13.7248 0 0 -19.6105 0 0 0 0 0 0 0 0 -46.9725 0 3.7067 -8.9177 0 0 -13.1808 0 0 8.3510 -18.9743 11.1988 45.0858 -4.1986 34.0084 -21.5686 8.3043 -23.2761 -21.9981 24.9742 0 0 0 0 27.3493 0.3396 -32.0398 0.5580 25.1653 0.0000 -13.7357 23.1762 -0.0000 0 0 0 0 0 0 0 0 0 0 0 0 0 0 0 0 0 0 0 0 0 0 0 0 0 0 0 0 0 0 0 0 0 0 0 0 0 0 0 0 0 0 0 0 0 -25.5070 2.1194 -17.8450 9.7600 28.8942 -0.0000 -9.2561 28.3188 0.0000 0 0 0 0 0 0 0 0 0 0 0 0 0 0 0 0 0 0 0 0 0 0 0 0 0 0 0 0 0 0 0 0 0 0 0 0 0 0 0 0 0 0
-16.4646 10.4943 -136.4160 19.1777 -136.3171 -12.4745 0 0 0 0 0 0 0 0 0 9.7155 -9.9864 2.8133 0 0 0 0 0 0 0 8.0501 -0.0039 0 0 0 0 0 0 0 0 0 0 0 0 0 0 171.9992 0 0 0 0 0 171.9992 0 0 0 0 0 0 0 0 0 0 0 0 0 0 0 0 0 0 0 0 0 0 0 0 0 0 0 0 0 0 0 0 0 0 0 0 0 0 0 0 0 0 0 0 0 0 0 0 0 0 0 0 0 0 0 0 0 0 0 0 0 0 0 0 0 0 0 0 0 0 0 0 0 0 0 0 -39.9998 171.9992 0 0 0 0 -39.9998 178.9991 0 0 0 0 -34.9998 -175.9991 0 0 0 0 0 0 0 0 0 0 0 112.9994 0 0 0 0 0 -112.9994 0 0 0 0 0 0 0 0 0 0 -5.5593 -171.9992 0 0 171.9992 0 0 0 0 0 0 0 0 0 0 -4.9149 171.9992 0 5.1022 171.9992 0 0 0 0 0 0 0 0 0 -15.3071 0 0 0 0 0 0 0 0 0 0 0 14.6141 0 0 0 0 0 0 0 0 0 0 0 0 0 0 0 0 0 0 0 0 0 0 0 0 0 0 0 0 0 120.2713 23.2895 36.3418 -42.1959 -33.6776 76.7106 0.4044 -6.0526 -2.9624 0 0 0 17.0643 0 -5.6409 11.1539 0 0 33.0645 0 0 0 0 0 35.5829 30.4807 6.7847 10.1572 0 -9.9703 11.2785 0 0 0 0 0 0 0 0 11.3488 16.7462 1.7954 13.6289 0 -9.1886 19.7009 0 0 0 0 0 0 0 0 47.1277 9.5609 -3.6764 8.8717 0 -5.6236 13.1846 0 0 -35.2081 -22.7306 -18.3794 -45.4820 3.4412 -33.2209 21.7262 -8.4803 -0.0177 22.0686 -25.2310 13.2125 0 0 0 -115.2556 66.9578 -37.7209 49.5204 -52.8963 -53.3947 4.2059 -18.0945 4.0712 0 0 0 -17.1883 0 5.8439 -11.2337 0 0 -32.9203 0 0 0 0 0 -35.5330 0 -6.7642 -10.2229 0 0 -11.2579 0 0 0 0 0 0 0 0 -11.3544 0 -1.7784 -13.6793 0 0 -19.6557 0 0 0 0 0 0 0 0 -47.0710 0 3.7286 -8.9090 0 0 -13.1838 0 0 8.3708 -19.0125 11.2190 45.2651 -4.1744 34.0069 -21.5886 8.3486 -23.2959 -22.0227 24.9743 0 0 0 0 28.2983 -0.5477 -31.5561 0.4775 24.9813 -0.0000 -12.9231 24.0499 0.0000 0 0 0 0 0 0 0 0 0 0 0 0 0 0 0 0 0 0 0 0 0 0 0 0 0 0 0 0 0 0 0 0 0 0 0 0 0 0 0 0 0 0 0 0 0 -20.5457 7.6697 -20.1012 9.9146 30.5292 0.0000 -8.2730 28.1272 -0.0000 0 0 0 0 0 0 0 0 0 0 0 0 0 0 0 0 0 0 0 0 0 0 0 0 0 0 0 0 0 0 0 0 0 0 0 0 0 0 0 0 0 0
-15.5018 11.2963 -135.2342 20.4987 -134.8559 -12.8133 0 0 0 0 0 0 0 0 0 10.1135 -9.9956 2.5207 0 0 0 0 0 0 0 8.0502 -0.0039 0 0 0 0 0 0 0 0 0 0 0 0 0 0 172.0004 0 0 0 0 0 172.0004 0 0 0 0 0 0 0 0 0 0 0 0 0 0 0 0 0 0 0 0 0 0 0 0 0 0 0 0 0 0 0 0 0 0 0 0 0 0 0 0 0 0 0 0 0 0 0 0 0 0 0 0 0 0 0 0 0 0 0 0 0 0 0 0 0 0 0 0 0 0 0 0 0 0 0 0 -40.0001 172.0004 0 0 0 0 -40.0001 179.0004 0 0 0 0 -35.0001 -176.0004 0 0 0 0 0 0 0 0 0 0 0 113.0002 0 0 0 0 0 -113.0002 0 0 0 0 0 0 0 0 0 0 -5.9760 -172.0004 0 0 172.0004 0 0 0 0 0 0 0 0 0 0 -4.9734 172.0004 0 5.7128 172.0004 0 0 0 0 0 0 0 0 0 -15.3021 0 0 0 0 0 0 0 0 0 0 0 14.8917 0 0 0 0 0 0 0 0 0 0 0 0 0 0 0 0 0 0 0 0 0 0 0 0 0 0 0 0 0 118.2365 26.3639 39.7444 -46.2885 -37.3881 81.8267 0.0866 -6.1443 -2.9422 0 0 0 17.0878 0 -5.6585 11.1495 0 0 33.0943 0 0 0 0 0 35.6153 30.4802 6.8053 10.1332 0 -9.9703 11.2877 0 0 0 0 0 0 0 0 11.3525 16.7460 1.8072 13.6119 0 -9.1885 19.7199 0 0 0 0 0 0 0 0 47.1440 9.5087 -3.6634 8.8508 0 -5.6019 13.1863 0 0 -35.2095 -22.7307 -18.3780 -45.1324 3.5795 -33.3522 21.7374 -8.5176 -0.0057 22.0918 -25.1679 13.2482 0 0 0 -118.7081 63.6041 -41.1194 47.9443 -51.6129 -55.1866 4.7635 -18.2131 4.2886 0 0 0 -17.2225 0 5.8244 -11.2085 0 0 -32.9920 0 0 0 0 0 -35.5965 0 -6.7979 -10.1590 0 0 -11.2798 0 0 0 0 0 0 0 0 -11.3553 0 -1.8010 -13.6318 0 0 -19.7024 0 0 0 0 0 0 0 0 -47.1730 0 3.7369 -8.9025 0 0 -13.1860 0 0 8.3902 -19.0523 11.2385 45.4501 -4.1598 34.0017 -21.6066 8.3903 -23.3238 -22.0467 24.9745 0 0 0 0 31.1060 -3.0872 -29.9776 0.1639 24.2432 -0.0000 -10.0656 26.0012 0.0000 0 0 0 0 0 0 0 0 0 0 0 0 0 0 0 0 0 0 0 0 0 0 0 0 0 0 0 0 0 0 0 0 0 0 0 0 0 0 0 0 0 0 0 0 0 -15.2466 12.6573 -25.4679 10.0047 31.5123 0.0000 -6.8500 27.8300 -0.0000 0 0 0 0 0 0 0 0 0 0 0 0 0 0 0 0 0 0 0 0 0 0 0 0 0 0 0 0 0 0 0 0 0 0 0 0 0 0 0 0 0 0
-14.5734 11.6739 -134.1328 21.5131 -133.6992 -12.9336 0 0 0 0 0 0 0 0 0 10.1569 -10.0005 2.6427 0 0 0 0 0 0 0 8.0502 -0.0039 0 0 0 0 0 0 0 0 0 0 0 0 0 0 172.0004 0 0 0 0 0 172.0004 0 0 0 0 0 0 0 0 0 0 0 0 0 0 0 0 0 0 0 0 0 0 0 0 0 0 0 0 0 0 0 0 0 0 0 0 0 0 0 0 0 0 0 0 0 0 0 0 0 0 0 0 0 0 0 0 0 0 0 0 0 0 0 0 0 0 0 0 0 0 0 0 0 0 0 0 -40.0001 172.0004 0 0 0 0 -40.0001 179.0004 0 0 0 0 -35.0001 -176.0004 0 0 0 0 0 0 0 0 0 0 0 113.0003 0 0 0 0 0 -113.0003 0 0 0 0 0 0 0 0 0 0 -6.1301 -172.0004 0 0 172.0004 0 0 0 0 0 0 0 0 0 0 -5.1956 172.0004 0 6.1752 172.0004 0 0 0 0 0 0 0 0 0 -15.3009 0 0 0 0 0 0 0 0 0 0 0 13.4961 0 0 0 0 0 0 0 0 0 0 0 0 0 0 0 0 0 0 0 0 0 0 0 0 0 0 0 0 0 117.0554 27.6443 41.4376 -47.9245 -40.4714 84.4796 0.0103 -5.1661 -2.6063 0 0 0 17.1436 0 -5.7117 11.1607 0 0 33.0951 0 0 0 0 0 35.6208 30.4803 6.8106 10.1340 0 -9.9703 11.2883 0 0 0 0 0 0 0 0 11.3551 16.7460 1.8095 13.6131 0 -9.1885 19.7204 0 0 0 0 0 0 0 0 47.1573 9.4977 -3.6748 8.8585 0 -5.5926 13.1866 0 0 -35.2092 -22.7307 -18.3783 -45.1295 3.8298 -33.6020 21.6883 -8.4820 0.0007 22.1028 -25.1075 13.2711 0 0 0 -121.4952 60.5707 -44.1583 47.3766 -49.5323 -57.3025 4.9830 -18.0775 4.4073 0 0 0 -17.2384 0 5.8069 -11.1809 0 0 -33.0662 0 0 0 0 0 -35.6212 0 -6.8110 -10.1342 0 0 -11.2883 0 0 0 0 0 0 0 0 -11.3555 0 -1.8098 -13.6133 0 0 -19.7204 0 0 0 0 0 0 0 0 -47.2170 0 3.7326 -8.9008 0 0 -13.1866 0 0 8.3975 -19.0679 11.2458 45.5207 -4.1556 34.0021 -21.6141 8.4075 -23.3342 -22.0556 24.9745 0 0 0 0 34.0994 -5.8576 -28.2687 -0.1156 23.4395 -0.0000 -7.2090 26.9358 0.0000 0 0 0 0 0 0 0 0 0 0 0 0 0 0 0 0 0 0 0 0 0 0 0 0 0 0 0 0 0 0 0 0 0 0 0 0 0 0 0 0 0 0 0 0 0 -11.3278 14.9683 -29.9890 10.0235 31.3332 0.0000 -5.2007 27.2692 -0.0000 0 0 0 0 0 0 0 0 0 0 0 0 0 0 0 0 0 0 0 0 0 0 0 0 0 0 0 0 0 0 0 0 0 0 0 0 0 0 0 0 0 0
-13.7152 11.6432 -133.4263 22.3721 -132.6906 -13.1291 0 0 0 0 0 0 0 0 0 10.2659 -10.0014 2.8874 0 0 0 0 0 0 0 8.0501 -0.0039 0 0 0 0 0 0 0 0 0 0 0 0 0 0 172.0002 0 0 0 0 0 172.0002 0 0 0 0 0 0 0 0 0 0 0 0 0 0 0 0 0 0 0 0 0 0 0 0 0 0 0 0 0 0 0 0 0 0 0 0 0 0 0 0 0 0 0 0 0 0 0 0 0 0 0 0 0 0 0 0 0 0 0 0 0 0 0 0 0 0 0 0 0 0 0 0 0 0 0 0 -40.0000 172.0002 0 0 0 0 -40.0000 179.0002 0 0 0 0 -35.0000 -176.0002 0 0 0 0 0 0 0 0 0 0 0 113.0001 0 0 0 0 0 -113.0001 0 0 0 0 0 0 0 0 0 0 -5.5518 -172.0002 0 0 172.0002 0 0 0 0 0 0 0 0 0 0 -5.4723 172.0002 0 5.9121 172.0002 0 0 0 0 0 0 0 0 0 -15.3014 0 0 0 0 0 0 0 0 0 0 0 6.6325 0 0 0 0 0 0 0 0 0 0 0 0 0 0 0 0 0 0 0 0 0 0 0 0 0 0 0 0 0 115.9463 29.8057 42.8320 -47.9553 -42.5752 86.9538 0.0258 -4.0796 -2.2157 0 0 0 23.4157 0 -3.5270 22.4429 0 0 31.5417 0 0 0 0 0 37.6051 30.4804 6.5923 20.2126 0 -9.9703 13.6265 0 0 0 0 0 0 0 0 18.9825 16.7460 2.4440 23.3937 0 -9.1885 20.4161 0 0 0 0 0 0 0 0 48.8026 9.5141 -3.3323 18.9841 0 -5.5884 16.5521 0 0 -35.2090 -22.7307 -18.3785 -39.5364 5.2503 -30.4585 22.0714 -11.7182 0.0018 23.8698 -25.1477 13.2914 0 0 0 -122.1127 58.9489 -45.7719 47.4035 -48.0048 -58.9853 5.1194 -18.1086 4.5845 0 0 0 -23.9209 0 4.0244 -22.8793 0 0 -31.7957 0 0 0 0 0 -39.8539 0 -6.1203 -22.5160 0 0 -16.1013 0 0 0 0 0 0 0 0 -19.0061 0 -2.4220 -25.4560 0 0 -21.2042 0 0 0 0 0 0 0 0 -48.7142 0 3.2248 -18.9850 0 0 -18.1181 0 0 8.3979 -19.0688 11.2461 41.4595 -3.6904 32.3327 -20.2242 13.5213 -21.0876 -23.8374 25.0317 0 0 0 0 36.1259 -7.9645 -26.9550 -0.2823 22.8584 -0.0000 -5.3860 25.4091 0.0000 0 0 0 0 0 0 0 0 0 0 0 0 0 0 0 0 0 0 0 0 0 0 0 0 0 0 0 0 0 0 0 0 0 0 0 0 0 0 0 0 0 0 0 0 0 -9.3153 14.6574 -32.0551 10.0134 30.8426 0.0000 -3.8804 26.5673 -0.0000 0 0 0 0 0 0 0 0 0 0 0 0 0 0 0 0 0 0 0 0 0 0 0 0 0 0 0 0 0 0 0 0 0 0 0 0 0 0 0 0 0 0
-13.1384 11.4872 -133.1351 22.8450 -132.0700 -13.3265 0 0 0 0 0 0 0 0 0 10.6872 -10.0007 3.2482 0 0 0 0 0 0 0 8.0501 -0.0039 0 0 0 0 0 0 0 0 0 0 0 0 0 0 172.0000 0 0 0 0 0 172.0000 0 0 0 0 0 0 0 0 0 0 0 0 0 0 0 0 0 0 0 0 0 0 0 0 0 0 0 0 0 0 0 0 0 0 0 0 0 0 0 0 0 0 0 0 0 0 0 0 0 0 0 0 0 0 0 0 0 0 0 0 0 0 0 0 0 0 0 0 0 0 0 0 0 0 0 0 -40.0000 172.0000 0 0 0 0 -40.0000 179.0000 0 0 0 0 -35.0000 -176.0000 0 0 0 0 0 0 0 0 0 0 0 113.0000 0 0 0 0 0 -113.0000 0 0 0 0 0 0 0 0 0 0 -4.6751 -172.0000 0 0 172.0000 0 0 0 0 0 0 0 0 0 0 -5.2644 172.0000 0 4.8316 172.0000 0 0 0 0 0 0 0 0 0 -15.3019 0 0 0 0 0 0 0 0 0 0 0 -1.2951 0 0 0 0 0 0 0 0 0 0 0 0 0 0 0 0 0 0 0 0 0 0 0 0 0 0 0 0 0 114.8804 32.1025 43.2523 -46.8489 -42.7158 87.4087 0.1985 -2.8947 -1.7595 0 0 0 37.3529 0 1.7355 51.3579 0 0 29.3857 0 0 0 0 0 42.3245 30.4803 6.2552 45.3750 0 -9.9703 22.0452 0 0 0 0 0 0 0 0 37.2683 16.7460 4.4141 48.2215 0 -9.1885 24.0452 0 0 0 0 0 0 0 0 51.3181 9.5181 -1.2797 46.1109 0 -5.5889 26.3033 0 0 -35.2091 -22.7307 -18.3784 -26.0622 9.3909 -21.7679 23.0083 -19.3073 0.0010 28.2335 -25.2913 13.3128 0 0 0 -121.2253 58.2016 -46.3313 47.5566 -47.1783 -60.0247 5.0610 -17.9042 4.6339 0 0 0 -41.6456 0 -0.2457 -54.0702 0 0 -30.6385 0 0 0 0 0 -49.3016 0 -4.7666 -54.9647 0 0 -29.1249 0 0 0 0 0 0 0 0 -42.1415 0 -4.2870 -56.4908 0 0 -27.5245 0 0 0 0 0 0 0 0 -50.9803 0 0.9263 -46.0582 0 0 -30.4067 0 0 8.3973 -19.0677 11.2455 31.1946 -4.6027 26.8919 -17.2108 23.6817 -16.1995 -28.1361 25.1945 0 0 0 0 37.1634 -9.3985 -25.7965 -0.4559 22.3593 0.0000 -3.5198 23.0397 -0.0000 0 0 0 0 0 0 0 0 0 0 0 0 0 0 0 0 0 0 0 0 0 0 0 0 0 0 0 0 0 0 0 0 0 0 0 0 0 0 0 0 0 0 0 0 0 -8.5190 13.3624 -33.2508 10.0027 30.6821 -0.0000 -3.0919 26.1097 0.0000 0 0 0 0 0 0 0 0 0 0 0 0 0 0 0 0 0 0 0 0 0 0 0 0 0 0 0 0 0 0 0 0 0 0 0 0 0 0 0 0 0 0
-12.9046 11.1939 -133.3083 22.7588 -131.7369 -13.3640 0 0 0 0 0 0 0 0 0 11.1803 -10.0001 3.5926 0 0 0 0 0 0 0 8.0501 -0.0039 0 0 0 0 0 0 0 0 0 0 0 0 0 0 172.0000 0 0 0 0 0 172.0000 0 0 0 0 0 0 0 0 0 0 0 0 0 0 0 0 0 0 0 0 0 0 0 0 0 0 0 0 0 0 0 0 0 0 0 0 0 0 0 0 0 0 0 0 0 0 0 0 0 0 0 0 0 0 0 0 0 0 0 0 0 0 0 0 0 0 0 0 0 0 0 0 0 0 0 0 -40.0000 172.0000 0 0 0 0 -40.0000 179.0000 0 0 0 0 -35.0000 -176.0000 0 0 0 0 0 0 0 0 0 0 0 113.0000 0 0 0 0 0 -113.0000 0 0 0 0 0 0 0 0 0 0 -4.1527 -172.0000 0 0 172.0000 0 0 0 0 0 0 0 0 0 0 -4.5204 172.0000 0 3.4070 172.0000 0 0 0 0 0 0 0 0 0 -15.3022 0 0 0 0 0 0 0 0 0 0 0 -3.8552 0 0 0 0 0 0 0 0 0 0 0 0 0 0 0 0 0 0 0 0 0 0 0 0 0 0 0 0 0 114.0017 32.7702 42.2479 -45.3521 -35.4110 75.6314 0.4242 -0.2559 -0.7725 0 0 0 40.0809 0 3.0922 66.2506 0 0 26.1425 0 0 0 0 0 38.6591 29.8435 3.9265 56.9733 0 -9.9749 28.7404 0 0 0 0 0 0 0 0 42.9248 17.1644 4.5882 59.4386 0 -9.3143 26.9859 0 0 0 0 0 0 0 0 42.9290 9.7680 0.6154 61.0509 0 -5.7382 33.7236 0 0 -35.2091 -22.7307 -18.3784 -13.4584 13.8602 -15.2621 24.1273 -22.8430 -0.8165 30.4074 -25.3666 12.9113 0 0 0 -119.8460 58.2831 -45.6080 46.7982 -47.7446 -59.5542 4.2228 -15.4337 3.8357 0 0 0 -55.0843 0 -3.7503 -81.7650 0 0 -32.8279 0 0 0 0 0 -54.0080 0 -4.5683 -80.9523 0 0 -41.0882 0 0 0 0 0 0 0 0 -63.6695 0 -6.5003 -81.8779 0 0 -36.0226 0 0 0 0 0 0 0 0 -50.2531 0 -2.8369 -71.8116 0 0 -40.5078 0 0 8.6678 -18.6221 10.1587 21.8782 -9.4607 19.4653 -16.5647 27.7920 -14.4693 -31.5025 25.3342 0 0 0 0 37.0915 -9.7808 -24.8246 -0.6015 21.9537 0.0000 -1.9229 21.4773 -0.0000 0 0 0 0 0 0 0 0 0 0 0 0 0 0 0 0 0 0 0 0 0 0 0 0 0 0 0 0 0 0 0 0 0 0 0 0 0 0 0 0 0 0 0 0 0 -8.3060 12.1495 -34.0724 9.9939 30.7009 -0.0000 -2.7639 25.8830 0.0000 0 0 0 0 0 0 0 0 0 0 0 0 0 0 0 0 0 0 0 0 0 0 0 0 0 0 0 0 0 0 0 0 0 0 0 0 0 0 0 0 0 0
-12.5837 10.2394 -134.0384 22.3144 -130.9555 -13.5749 0 0 0 0 0 0 0 0 0 11.7057 -9.9999 3.7892 0 0 0 0 0 0 0 8.0501 -0.0039 0 0 0 0 0 0 0 0 0 0 0 0 0 0 172.0000 0 0 0 0 0 172.0000 0 0 0 0 0 0 0 0 0 0 0 0 0 0 0 0 0 0 0 0 0 0 0 0 0 0 0 0 0 0 0 0 0 0 0 0 0 0 0 0 0 0 0 0 0 0 0 0 0 0 0 0 0 0 0 0 0 0 0 0 0 0 0 0 0 0 0 0 0 0 0 0 0 0 0 0 -40.0000 172.0000 0 0 0 0 -40.0000 179.0000 0 0 0 0 -35.0000 -176.0000 0 0 0 0 0 0 0 0 0 0 0 113.0000 0 0 0 0 0 -113.0000 0 0 0 0 0 0 0 0 0 0 -4.4016 -172.0000 0 0 172.0000 0 0 0 0 0 0 0 0 0 0 -4.1832 172.0000 0 2.8985 172.0000 0 0 0 0 0 0 0 0 0 -15.3070 0 0 0 0 0 0 0 0 0 0 0 -8.0966 0 0 0 0 0 0 0 0 0 0 0 0 0 0 0 0 0 0 0 0 0 0 0 0 0 0 0 0 0 113.4473 32.2520 41.7116 -39.4696 -24.9867 48.6614 0.2463 4.7072 1.0785 0 0 0 22.7419 0 -4.0664 46.6509 0 0 17.0651 0 0 0 0 0 19.0571 29.8739 -3.0053 38.5120 0 -9.9870 22.7848 0 0 0 0 0 0 0 0 22.6814 19.1849 -0.9968 39.0957 0 -9.6440 22.4879 0 0 0 0 0 0 0 0 19.3174 11.2227 -2.3944 42.0827 0 -6.4724 30.7452 0 0 -34.0859 -21.5672 -19.5431 -5.2059 15.2998 -17.5756 25.0571 -19.6989 -2.1400 29.1350 -25.4270 12.2431 0 0 0 -117.4471 59.0555 -43.0631 44.7017 -41.7133 -50.5546 2.8807 -9.9224 1.9695 0 0 0 -47.0077 0 -2.9618 -78.4599 0 0 -30.9905 0 0 0 0 0 -43.3012 0 -3.7039 -72.8229 0 0 -39.6781 0 0 0 0 0 0 0 0 -56.4262 0 -6.0968 -74.2395 0 0 -35.9230 0 0 0 0 0 0 0 0 -39.9621 0 -3.9497 -70.9642 0 0 -40.1352 0 0 15.8933 -18.3223 6.7921 11.2412 -14.4913 15.3443 -19.3697 24.0020 -14.5299 -30.6161 25.3339 0 0 0 0 36.1937 -9.0213 -23.9446 -0.7694 21.6572 0.0000 -1.3213 21.0171 -0.0000 0 0 0 0 0 0 0 0 0 0 0 0 0 0 0 0 0 0 0 0 0 0 0 0 0 0 0 0 0 0 0 0 0 0 0 0 0 0 0 0 0 0 0 0 0 -8.6044 11.4050 -33.8472 9.7933 30.9015 -0.0000 -2.9068 25.6702 0.0000 0 0 0 0 0 0 0 0 0 0 0 0 0 0 0 0 0 0 0 0 0 0 0 0 0 0 0 0 0 0 0 0 0 0 0 0 0 0 0 0 0 0
-12.2277 8.6530 -135.1938 21.7740 -129.7091 -14.4581 0 0 0 0 0 0 0 0 0 12.4699 -9.9999 4.0021 0 0 0 0 0 0 0 8.0501 -0.0039 0 0 0 0 0 0 0 0 0 0 0 0 0 0 172.0000 0 0 0 0 0 172.0000 0 0 0 0 0 0 0 0 0 0 0 0 0 0 0 0 0 0 0 0 0 0 0 0 0 0 0 0 0 0 0 0 0 0 0 0 0 0 0 0 0 0 0 0 0 0 0 0 0 0 0 0 0 0 0 0 0 0 0 0 0 0 0 0 0 0 0 0 0 0 0 0 0 0 0 0 -40.0000 172.0000 0 0 0 0 -40.0000 179.0000 0 0 0 0 -35.0000 -176.0000 0 0 0 0 0 0 0 0 0 0 0 113.0000 0 0 0 0 0 -113.0000 0 0 0 0 0 0 0 0 0 0 -5.2266 -172.0000 0 0 172.0000 0 0 0 0 0 0 0 0 0 0 -4.5790 172.0000 0 3.4621 172.0000 0 0 0 0 0 0 0 0 0 -15.3146 0 0 0 0 0 0 0 0 0 0 0 -14.0367 0 0 0 0 0 0 0 0 0 0 0 0 0 0 0 0 0 0 0 0 0 0 0 0 0 0 0 0 0 113.2984 31.3534 41.6517 -25.2222 -24.8196 24.9173 -0.1911 9.3237 2.8457 0 0 0 3.6479 0 -12.3773 20.0992 0 0 7.3396 0 0 0 0 0 -1.2032 31.8048 -9.8325 15.6269 0 -9.9979 11.6954 0 0 0 0 0 0 0 0 -1.1952 21.8154 -7.6765 13.2274 0 -9.9441 16.2166 0 0 0 0 0 0 0 0 -1.8689 13.2500 -7.9385 16.2443 0 -7.4420 25.8238 0 0 -31.3837 -18.7937 -22.3193 -0.7518 14.0141 -24.0866 24.8962 -17.0265 -2.0308 26.5566 -25.5684 12.1313 0 0 0 -114.8041 60.6642 -39.3613 41.6375 -27.1781 -35.4181 1.8916 -3.9972 -0.1028 0 0 0 -22.8856 0 3.0025 -47.3076 0 0 -19.4901 0 0 0 0 0 -19.4907 0 0.7767 -39.5622 0 0 -24.9827 0 0 0 0 0 0 0 0 -25.1501 0 -1.5537 -40.1148 0 0 -25.2847 0 0 0 0 0 0 0 0 -18.7066 0 -0.1832 -42.2347 0 0 -31.4200 0 0 33.7035 -19.4645 2.9117 -5.7457 -15.2932 17.8793 -22.1467 18.8423 -10.1210 -27.7304 25.2405 0 0 0 0 35.0919 -7.9103 -23.0283 -1.0958 21.4381 -0.0000 -1.2197 21.0690 0.0000 0 0 0 0 0 0 0 0 0 0 0 0 0 0 0 0 0 0 0 0 0 0 0 0 0 0 0 0 0 0 0 0 0 0 0 0 0 0 0 0 0 0 0 0 0 -9.0635 11.4067 -32.8545 9.2313 31.4819 0.0000 -3.4283 25.9662 -0.0000 0 0 0 0 0 0 0 0 0 0 0 0 0 0 0 0 0 0 0 0 0 0 0 0 0 0 0 0 0 0 0 0 0 0 0 0 0 0 0 0 0 0
-13.0957 7.3144 -135.0004 17.5057 -112.5413 -13.2512 0 0 0 0 0 0 0 0 0 13.2097 -9.1740 4.9764 0 0 0 0 0 0 0 8.0501 -0.0039 0 0 0 0 0 0 0 0 0 0 0 0 0 0 172.0000 0 0 0 0 0 172.0000 0 0 0 0 0 0 0 0 0 0 0 0 0 0 0 0 0 0 0 0 0 0 0 0 0 0 0 0 0 0 0 0 0 0 0 0 0 0 0 0 0 0 0 0 0 0 0 0 0 0 0 0 0 0 0 0 0 0 0 0 0 0 0 0 0 0 0 0 0 0 0 0 0 0 0 0 -40.0000 172.0000 0 0 0 0 -40.0000 179.0000 0 0 0 0 -35.0000 -176.0000 0 0 0 0 0 0 0 0 0 0 0 113.0000 0 0 0 0 0 -113.0000 0 0 0 0 0 0 0 0 0 0 -5.6422 -172.0000 0 0 172.0000 0 0 0 0 0 0 0 0 0 0 -4.8459 172.0000 0 3.8136 172.0000 0 0 0 0 0 0 0 0 0 -15.3153 0 0 0 0 0 0 0 0 0 0 0 -16.2550 0 0 0 0 0 0 0 0 0 0 0 0 0 0 0 0 0 0 0 0 0 0 0 0 0 0 0 0 0 107.3796 27.0703 37.5314 -14.5081 -30.1239 17.0321 -0.4807 11.3801 3.7577 0 0 0 -3.6113 0 -14.3604 10.3928 0 0 3.6053 0 0 0 0 0 -8.2324 32.7444 -10.5332 7.5498 0 -10.0019 5.5260 0 0 0 0 0 0 0 0 -9.6322 22.5091 -8.9523 3.3111 0 -10.0509 13.8954 0 0 0 0 0 0 0 0 -8.7570 13.7395 -10.2255 6.2332 0 -7.7778 25.1970 0 0 -29.6258 -17.0178 -24.0966 0.4060 11.5867 -28.1011 23.9392 -17.0481 -0.9320 21.7109 -25.5684 12.2332 0 0 0 -107.2041 53.5947 -31.3630 38.4348 -21.3628 -28.8019 1.4477 1.4609 -2.0046 0 0 0 -4.2878 0 9.3782 -17.2523 0 0 -7.6428 0 0 0 0 0 -1.7230 0 6.1666 -11.8912 0 0 -9.7456 0 0 0 0 0 0 0 0 -2.2328 0 4.3199 -10.0149 0 0 -13.7660 0 0 0 0 0 0 0 0 -4.8776 0 3.3440 -14.8455 0 0 -21.4834 0 0 45.1660 -18.4035 3.7752 -11.7954 -12.9743 24.1291 -22.9027 15.9395 -3.9038 -24.8607 25.1572 0 0 0 0 34.3704 -7.3166 -22.3618 -1.5750 21.2825 -0.0000 -1.2129 21.0640 0.0000 0 0 0 0 0 0 0 0 0 0 0 0 0 0 0 0 0 0 0 0 0 0 0 0 0 0 0 0 0 0 0 0 0 0 0 0 0 0 0 0 0 0 0 0 0 -6.4644 10.7848 -34.7717 8.8774 31.2328 0.0000 -3.2304 26.9120 -0.0000 0 0 0 0 0 0 0 0 0 0 0 0 0 0 0 0 0 0 0 0 0 0 0 0 0 0 0 0 0 0 0 0 0 0 0 0 0 0 0 0 0 0
-14.0825 7.2273 -132.3082 9.2913 -68.7889 -8.7516 0 0 0 0 0 0 0 0 0 13.5317 -7.0098 6.9068 0 0 0 0 0 0 0 8.0501 -0.0039 0 0 0 0 0 0 0 0 0 0 0 0 0 0 172.0000 0 0 0 0 0 172.0000 0 0 0 0 0 0 0 0 0 0 0 0 0 0 0 0 0 0 0 0 0 0 0 0 0 0 0 0 0 0 0 0 0 0 0 0 0 0 0 0 0 0 0 0 0 0 0 0 0 0 0 0 0 0 0 0 0 0 0 0 0 0 0 0 0 0 0 0 0 0 0 0 0 0 0 0 -40.0000 172.0000 0 0 0 0 -40.0000 179.0000 0 0 0 0 -35.0000 -176.0000 0 0 0 0 0 0 0 0 0 0 0 113.0000 0 0 0 0 0 -113.0000 0 0 0 0 0 0 0 0 0 0 -5.4950 -172.0000 0 0 172.0000 0 0 0 0 0 0 0 0 0 0 -4.7562 172.0000 0 3.7198 172.0000 0 0 0 0 0 0 0 0 0 -15.3151 0 0 0 0 0 0 0 0 0 0 0 -16.1992 0 0 0 0 0 0 0 0 0 0 0 0 0 0 0 0 0 0 0 0 0 0 0 0 0 0 0 0 0 90.4372 16.5977 28.2054 -14.9654 -30.7832 20.3418 -0.6168 11.8256 4.2083 0 0 0 -2.4839 0 -13.0419 14.1015 0 0 3.2484 0 0 0 0 0 -4.8281 31.6643 -8.5671 11.1245 0 -10.0016 3.3205 0 0 0 0 0 0 0 0 -5.7473 20.9617 -8.1380 5.1466 0 -10.0450 11.3411 0 0 0 0 0 0 0 0 -5.7225 12.3880 -9.7142 5.7425 0 -8.2844 23.2725 0 0 -29.7495 -18.0078 -23.1074 0.4325 10.2101 -29.8007 23.5796 -15.3434 -0.2144 17.8129 -25.3740 12.2017 0 0 0 -90.6915 29.9633 -16.6866 36.5987 -24.1544 -28.4679 1.2653 7.3802 -3.9597 0 0 0 -0.0929 0 9.8134 -5.3824 0 0 -2.3229 0 0 0 0 0 0.6801 0 7.7342 -2.2593 0 0 -2.6292 0 0 0 0 0 0 0 0 -0.6943 0 7.2850 1.4557 0 0 -7.6415 0 0 0 0 0 0 0 0 -7.0841 0 2.6956 -5.6582 0 0 -16.1363 0 0 38.4427 -13.4559 10.0059 2.5272 -10.5580 27.0147 -21.6351 15.3884 -0.2060 -19.9087 25.1987 0 0 0 0 27.2797 -11.2394 -19.6540 -2.2496 24.3935 -0.0000 -0.6360 16.8068 0.0000 0 0 0 0 0 0 0 0 0 0 0 0 0 0 0 0 0 0 0 0 0 0 0 0 0 0 0 0 0 0 0 0 0 0 0 0 0 0 0 0 0 0 0 0 0 -1.4226 7.5379 -40.8851 9.0327 28.6752 0.0000 -1.6461 27.7634 -0.0000 0 0 0 0 0 0 0 0 0 0 0 0 0 0 0 0 0 0 0 0 0 0 0 0 0 0 0 0 0 0 0 0 0 0 0 0 0 0 0 0 0 0
-11.9765 8.0616 -128.9277 4.6983 -26.4660 -5.5036 0 0 0 0 0 0 0 0 0 12.8310 -4.9960 8.9268 0 0 0 0 0 0 0 8.0501 -0.0039 0 0 0 0 0 0 0 0 0 0 0 0 0 0 172.0000 0 0 0 0 0 172.0000 0 0 0 0 0 0 0 0 0 0 0 0 0 0 0 0 0 0 0 0 0 0 0 0 0 0 0 0 0 0 0 0 0 0 0 0 0 0 0 0 0 0 0 0 0 0 0 0 0 0 0 0 0 0 0 0 0 0 0 0 0 0 0 0 0 0 0 0 0 0 0 0 0 0 0 0 -40.0000 172.0000 0 0 0 0 -40.0000 179.0000 0 0 0 0 -35.0000 -176.0000 0 0 0 0 0 0 0 0 0 0 0 113.0000 0 0 0 0 0 -113.0000 0 0 0 0 0 0 0 0 0 0 -5.4543 -172.0000 0 0 172.0000 0 0 0 0 0 0 0 0 0 0 -4.7758 172.0000 0 3.7880 172.0000 0 0 0 0 0 0 0 0 0 -15.3344 0 0 0 0 0 0 0 0 0 0 0 -15.6327 0 0 0 0 0 0 0 0 0 0 0 0 0 0 0 0 0 0 0 0 0 0 0 0 0 0 0 0 0 73.6669 5.5160 22.5071 -18.3402 -30.8456 26.1745 -0.3847 10.5716 3.9429 0 0 0 -0.3285 0 -13.5325 23.4693 0 0 3.1651 0 0 0 0 0 1.7070 31.0787 -8.9176 18.8114 0 -10.0006 3.0292 0 0 0 0 0 0 0 0 1.0166 19.3028 -9.4132 15.8721 0 -10.0157 8.2758 0 0 0 0 0 0 0 0 0.8027 10.9746 -9.5331 14.7473 0 -9.3786 18.9174 0 0 -29.2046 -18.8900 -22.2371 -0.4277 9.5712 -30.2366 23.8546 -13.6444 -0.2881 17.7535 -25.2514 12.0598 0 0 0 -75.9506 11.5839 -8.0949 37.4296 -24.0512 -28.5893 1.3141 8.5450 -4.2963 0 0 0 -0.6969 0 6.0258 -7.8322 0 0 -1.6087 0 0 0 0 0 -1.8735 0 5.3410 -4.3884 0 0 -1.5962 0 0 0 0 0 0 0 0 -4.6933 0 6.3928 1.0955 0 0 -6.3405 0 0 0 0 0 0 0 0 -9.4993 0 1.4035 -4.6373 0 0 -16.2608 0 0 31.0627 -12.3054 12.8312 14.5875 -10.5379 26.4374 -20.5552 13.6757 0.1677 -16.1777 25.2263 0 0 0 0 9.3211 -21.6121 -14.3678 -4.0987 32.7006 -0.0000 0.4628 5.1701 0.0000 0 0 0 0 0 0 0 0 0 0 0 0 0 0 0 0 0 0 0 0 0 0 0 0 0 0 0 0 0 0 0 0 0 0 0 0 0 0 0 0 0 0 0 0 0 0.6593 1.4096 -43.2986 8.1429 26.3965 0.0000 0.3649 22.3350 -0.0000 0 0 0 0 0 0 0 0 0 0 0 0 0 0 0 0 0 0 0 0 0 0 0 0 0 0 0 0 0 0 0 0 0 0 0 0 0 0 0 0 0 0
-8.3926 8.3491 -126.0826 3.9753 -9.6184 -4.5490 0 0 0 0 0 0 0 0 0 10.9648 -4.6996 10.7547 0 0 0 0 0 0 0 8.0501 -0.0039 0 0 0 0 0 0 0 0 0 0 0 0 0 0 172.0000 0 0 0 0 0 172.0000 0 0 0 0 0 0 0 0 0 0 0 0 0 0 0 0 0 0 0 0 0 0 0 0 0 0 0 0 0 0 0 0 0 0 0 0 0 0 0 0 0 0 0 0 0 0 0 0 0 0 0 0 0 0 0 0 0 0 0 0 0 0 0 0 0 0 0 0 0 0 0 0 0 0 0 0 -40.0000 172.0000 0 0 0 0 -40.0000 179.0000 0 0 0 0 -35.0000 -176.0000 0 0 0 0 0 0 0 0 0 0 0 113.0000 0 0 0 0 0 -113.0000 0 0 0 0 0 0 0 0 0 0 -5.5378 -172.0000 0 0 172.0000 0 0 0 0 0 0 0 0 0 0 -4.8782 172.0000 0 3.9413 172.0000 0 0 0 0 0 0 0 0 0 -15.6271 0 0 0 0 0 0 0 0 0 0 0 -15.3069 0 0 0 0 0 0 0 0 0 0 0 0 0 0 0 0 0 0 0 0 0 0 0 0 0 0 0 0 0 68.0528 -0.6497 24.1231 -20.3954 -33.7435 28.6148 0.1237 8.0898 3.0632 0 0 0 -0.6789 0 -15.2591 29.9260 0 0 2.4824 0 0 0 0 0 4.0613 31.8408 -9.8059 23.5635 0 -10.0000 3.5093 0 0 0 0 0 0 0 0 4.6211 19.3488 -10.0784 34.1566 0 -9.9147 6.9024 0 0 0 0 0 0 0 0 6.4467 10.9101 -9.1436 32.6364 0 -9.7675 15.5098 0 0 -26.3257 -19.0351 -22.1116 -1.5660 7.5590 -27.1333 24.4152 -18.1584 -0.8441 19.4519 -25.3409 11.3959 0 0 0 -69.2290 10.1982 -10.2610 40.0107 -23.2162 -30.4867 1.5002 3.8040 -2.7015 0 0 0 -1.5363 0 2.8615 -12.9976 0 0 -2.5953 0 0 0 0 0 -3.2718 0 4.1157 -11.1777 0 0 -2.0569 0 0 0 0 0 0 0 0 -4.3302 0 5.7442 -4.1672 0 0 -5.7579 0 0 0 0 0 0 0 0 -7.0567 0 5.0680 -5.4398 0 0 -15.4289 0 0 33.4527 -15.4852 10.6786 12.7116 -13.1177 27.0223 -21.5765 9.9047 -0.1494 -15.8648 25.0744 0 0 0 0 -6.9793 -29.9320 -11.3964 -6.5276 39.4650 0.0000 0.7688 -6.4306 -0.0000 0 0 0 0 0 0 0 0 0 0 0 0 0 0 0 0 0 0 0 0 0 0 0 0 0 0 0 0 0 0 0 0 0 0 0 0 0 0 0 0 0 0 0 0 0 1.0273 -2.5594 -40.3001 6.1196 25.4283 -0.0000 1.9267 12.9838 0.0000 0 0 0 0 0 0 0 0 0 0 0 0 0 0 0 0 0 0 0 0 0 0 0 0 0 0 0 0 0 0 0 0 0 0 0 0 0 0 0 0 0 0
-6.1312 7.7006 -123.8528 2.9768 -10.1959 -3.9125 0 0 0 0 0 0 0 0 0 9.0988 -6.0708 12.4234 0 0 0 0 0 0 0 8.0501 -0.0039 0 0 0 0 0 0 0 0 0 0 0 0 0 0 172.0000 0 0 0 0 0 172.0000 0 0 0 0 0 0 0 0 0 0 0 0 0 0 0 0 0 0 0 0 0 0 0 0 0 0 0 0 0 0 0 0 0 0 0 0 0 0 0 0 0 0 0 0 0 0 0 0 0 0 0 0 0 0 0 0 0 0 0 0 0 0 0 0 0 0 0 0 0 0 0 0 0 0 0 0 -40.0000 172.0000 0 0 0 0 -40.0000 179.0000 0 0 0 0 -35.0000 -176.0000 0 0 0 0 0 0 0 0 0 0 0 113.0000 0 0 0 0 0 -113.0000 0 0 0 0 0 0 0 0 0 0 -5.7039 -172.0000 0 0 172.0000 0 0 0 0 0 0 0 0 0 0 -4.9434 172.0000 0 4.0416 172.0000 0 0 0 0 0 0 0 0 0 -14.4155 0 0 0 0 0 0 0 0 0 0 0 -15.2564 0 0 0 0 0 0 0 0 0 0 0 0 0 0 0 0 0 0 0 0 0 0 0 0 0 0 0 0 0 68.7292 -2.1995 26.9619 -21.6900 -35.7467 28.9916 0.4057 6.6206 2.6159 0 0 0 1.6344 0 -16.1883 24.3362 0 0 2.2871 0 0 0 0 0 2.8349 31.9517 -9.3657 23.5936 0 -9.9998 3.6428 0 0 0 0 0 0 0 0 7.0052 19.4558 -8.3555 43.9832 0 -9.6255 5.5701 0 0 0 0 0 0 0 0 9.2395 11.0470 -5.9631 42.0055 0 -9.4581 13.1657 0 0 -22.2393 -22.1804 -19.0124 -1.4668 7.2199 -20.0092 25.8685 -23.8660 -1.8102 22.7240 -25.4898 10.0231 0 0 0 -66.6876 10.0388 -10.0005 40.5620 -23.6550 -30.7899 1.3027 0.5810 -1.6626 0 0 0 -5.8941 0 -0.1738 -11.4050 0 0 -3.6506 0 0 0 0 0 -5.5199 0 6.0977 -13.5805 0 0 -2.5606 0 0 0 0 0 0 0 0 -4.7125 0 7.5432 -9.0890 0 0 -4.1750 0 0 0 0 0 0 0 0 -7.6840 0 14.0164 -7.3237 0 0 -10.6908 0 0 32.8197 -15.4320 10.5667 10.7310 -16.1731 26.4868 -22.8262 6.8321 1.8279 -14.8656 24.9332 0 0 0 0 -12.7715 -30.8496 -11.5093 -7.0544 40.1190 0.0000 0.5620 -11.4333 -0.0000 0 0 0 0 0 0 0 0 0 0 0 0 0 0 0 0 0 0 0 0 0 0 0 0 0 0 0 0 0 0 0 0 0 0 0 0 0 0 0 0 0 0 0 0 0 2.2874 -0.3792 -38.5067 4.7640 23.2877 -0.0000 2.3056 11.8956 0.0000 0 0 0 0 0 0 0 0 0 0 0 0 0 0 0 0 0 0 0 0 0 0 0 0 0 0 0 0 0 0 0 0 0 0 0 0 0 0 0 0 0 0
-4.5832 6.4800 -122.0523 1.6303 -12.6081 -3.1584 0 0 0 0 0 0 0 0 0 7.5707 -7.9365 13.6391 0 0 0 0 0 0 0 8.0501 -0.0039 0 0 0 0 0 0 0 0 0 0 0 0 0 0 172.0000 0 0 0 0 0 172.0000 0 0 0 0 0 0 0 0 0 0 0 0 0 0 0 0 0 0 0 0 0 0 0 0 0 0 0 0 0 0 0 0 0 0 0 0 0 0 0 0 0 0 0 0 0 0 0 0 0 0 0 0 0 0 0 0 0 0 0 0 0 0 0 0 0 0 0 0 0 0 0 0 0 0 0 0 -40.0000 172.0000 0 0 0 0 -40.0000 179.0000 0 0 0 0 -35.0000 -176.0000 0 0 0 0 0 0 0 0 0 0 0 113.0000 0 0 0 0 0 -113.0000 0 0 0 0 0 0 0 0 0 0 -5.8436 -172.0000 0 0 172.0000 0 0 0 0 0 0 0 0 0 0 -4.8500 172.0000 0 4.0141 172.0000 0 0 0 0 0 0 0 0 0 -7.0143 0 0 0 0 0 0 0 0 0 0 0 -15.2934 0 0 0 0 0 0 0 0 0 0 0 0 0 0 0 0 0 0 0 0 0 0 0 0 0 0 0 0 0 68.6490 -1.3430 27.3932 -22.2297 -34.4720 30.3804 0.4726 6.4373 2.6728 0 0 0 8.0272 0 -13.9955 16.6693 0 0 3.0888 0 0 0 0 0 4.6976 29.7596 -7.3386 24.6431 0 -9.3844 3.3190 0 0 0 0 0 0 0 0 11.3264 17.4489 -5.2535 40.9174 0 -8.6175 3.8224 0 0 0 0 0 0 0 0 7.4012 9.8430 -1.4800 40.4879 0 -8.8771 12.4574 0 0 -24.7782 -30.6731 -10.5912 -0.6458 9.6816 -10.7282 25.9442 -20.7440 -2.9145 23.5065 -26.5202 9.4437 0 0 0 -66.1157 7.3500 -7.3909 39.0711 -23.5419 -29.5695 0.8324 0.3676 -1.6529 0 0 0 -10.0488 0 -4.0401 -6.3953 0 0 -4.6008 0 0 0 0 0 -7.1425 0 7.5298 -9.9988 0 0 -4.1423 0 0 0 0 0 0 0 0 -6.4156 0 9.4994 -9.9589 0 0 -3.2951 0 0 0 0 0 0 0 0 -10.2061 0 21.5021 -9.0222 0 0 -6.7492 0 0 28.3867 -13.2633 11.8926 11.5257 -17.8815 23.5144 -23.0285 6.3314 4.4421 -13.6815 24.9454 0 0 0 0 -12.4451 -29.2483 -11.9121 -6.3405 38.6778 0.0000 0.5518 -11.7470 -0.0000 0 0 0 0 0 0 0 0 0 0 0 0 0 0 0 0 0 0 0 0 0 0 0 0 0 0 0 0 0 0 0 0 0 0 0 0 0 0 0 0 0 0 0 0 0 4.4912 2.9205 -37.1546 3.0228 20.6169 -0.0000 2.3352 14.7164 0.0000 0 0 0 0 0 0 0 0 0 0 0 0 0 0 0 0 0 0 0 0 0 0 0 0 0 0 0 0 0 0 0 0 0 0 0 0 0 0 0 0 0 0
-3.1290 4.9131 -120.3373 0.2503 -13.0076 -2.2790 0 0 0 0 0 0 0 0 0 5.7692 -9.3892 14.7494 0 0 0 0 0 0 0 8.0501 -0.0039 0 0 0 0 0 0 0 0 0 0 0 0 0 0 172.0000 0 0 0 0 0 172.0000 0 0 0 0 0 0 0 0 0 0 0 0 0 0 0 0 0 0 0 0 0 0 0 0 0 0 0 0 0 0 0 0 0 0 0 0 0 0 0 0 0 0 0 0 0 0 0 0 0 0 0 0 0 0 0 0 0 0 0 0 0 0 0 0 0 0 0 0 0 0 0 0 0 0 0 0 -40.0000 172.0000 0 0 0 0 -40.0000 179.0000 0 0 0 0 -35.0000 -176.0000 0 0 0 0 0 0 0 0 0 0 0 113.0000 0 0 0 0 0 -113.0000 0 0 0 0 0 0 0 0 0 0 -5.7625 -172.0000 0 0 172.0000 0 0 0 0 0 0 0 0 0 0 -4.6081 172.0000 0 3.8459 172.0000 0 0 0 0 0 0 0 0 0 0.1670 0 0 0 0 0 0 0 0 0 0 0 -15.3147 0 0 0 0 0 0 0 0 0 0 0 0 0 0 0 0 0 0 0 0 0 0 0 0 0 0 0 0 0 67.4905 -0.3885 26.9672 -22.8276 -32.5567 32.1559 0.5366 6.3427 2.7089 0 0 0 10.6879 0 -6.3980 17.0375 0 0 4.9121 0 0 0 0 0 9.2259 25.1654 -1.1988 27.1704 0 -7.5012 2.8287 0 0 0 0 0 0 0 0 14.9959 13.1463 -0.2148 33.8782 0 -6.5423 4.1061 0 0 0 0 0 0 0 0 3.2922 7.3954 1.0880 34.8384 0 -7.7369 15.5658 0 0 -37.1815 -43.1967 1.9535 -3.1415 9.7341 -2.8461 22.0494 -14.1951 -2.3698 19.9027 -28.6726 10.8358 0 0 0 -66.5454 6.3550 -7.6374 38.2484 -23.2940 -28.8532 0.5394 0.1123 -1.6404 0 0 0 -8.0022 0 -7.1598 -3.6247 0 0 -6.3905 0 0 0 0 0 -4.5344 0 5.9650 -7.7727 0 0 -5.2427 0 0 0 0 0 0 0 0 -4.5346 0 10.0090 -8.6961 0 0 -3.5446 0 0 0 0 0 0 0 0 -7.5881 0 23.2501 -11.2481 0 0 -6.8480 0 0 25.8042 -13.2984 10.3082 10.3840 -18.8355 19.4650 -22.5182 7.3003 4.5790 -13.3259 25.0724 0 0 0 0 -10.8502 -28.4524 -10.6633 -6.7882 38.9930 -0.0000 0.3381 -10.7389 0.0000 0 0 0 0 0 0 0 0 0 0 0 0 0 0 0 0 0 0 0 0 0 0 0 0 0 0 0 0 0 0 0 0 0 0 0 0 0 0 0 0 0 0 0 0 0 7.4139 4.9612 -33.8344 -0.2595 17.9085 0.0000 3.6052 15.5880 -0.0000 0 0 0 0 0 0 0 0 0 0 0 0 0 0 0 0 0 0 0 0 0 0 0 0 0 0 0 0 0 0 0 0 0 0 0 0 0 0 0 0 0 0
-1.7663 3.4215 -119.0672 -1.0052 -13.8230 -1.7840 0 0 0 0 0 0 0 0 0 4.1306 -10.1173 16.0634 0 0 0 0 0 0 0 8.0501 -0.0039 0 0 0 0 0 0 0 0 0 0 0 0 0 0 172.0000 0 0 0 0 0 172.0000 0 0 0 0 0 0 0 0 0 0 0 0 0 0 0 0 0 0 0 0 0 0 0 0 0 0 0 0 0 0 0 0 0 0 0 0 0 0 0 0 0 0 0 0 0 0 0 0 0 0 0 0 0 0 0 0 0 0 0 0 0 0 0 0 0 0 0 0 0 0 0 0 0 0 0 0 -40.0000 172.0000 0 0 0 0 -40.0000 179.0000 0 0 0 0 -35.0000 -176.0000 0 0 0 0 0 0 0 0 0 0 0 113.0000 0 0 0 0 0 -113.0000 0 0 0 0 0 0 0 0 0 0 -5.5189 -172.0000 0 0 172.0000 0 0 0 0 0 0 0 0 0 0 -4.4141 172.0000 0 3.6767 172.0000 0 0 0 0 0 0 0 0 0 0.6861 0 0 0 0 0 0 0 0 0 0 0 -15.3198 0 0 0 0 0 0 0 0 0 0 0 0 0 0 0 0 0 0 0 0 0 0 0 0 0 0 0 0 0 66.7484 -0.2364 27.5186 -23.9864 -32.2090 33.1909 0.6590 6.3654 2.7399 0 0 0 7.5174 0 2.0845 17.3550 0 0 8.1125 0 0 0 0 0 10.4419 21.1133 6.1174 24.8584 0 -5.7440 2.8723 0 0 0 0 0 0 0 0 14.4784 9.4941 4.5300 22.8689 0 -4.8540 5.6663 0 0 0 0 0 0 0 0 2.4971 5.5941 1.3871 22.0665 0 -6.7988 19.4108 0 0 -46.2414 -51.2121 10.0612 -10.2344 6.9444 -0.5532 18.2849 -18.8864 -2.1690 21.6349 -29.4243 12.0411 0 0 0 -67.2862 6.4391 -7.9317 37.9204 -23.1485 -28.6991 0.4297 -0.5258 -1.5511 0 0 0 -1.8266 0 -5.4299 -5.6988 0 0 -7.4855 0 0 0 0 0 -0.4569 0 3.5329 -9.2834 0 0 -3.6683 0 0 0 0 0 0 0 0 -1.5316 0 8.5202 -8.1241 0 0 -3.6295 0 0 0 0 0 0 0 0 -3.1259 0 20.1954 -12.2430 0 0 -9.9070 0 0 24.7711 -15.7508 7.5983 8.5006 -17.9161 13.5046 -21.4541 11.2287 0.0806 -15.8981 25.3125 0 0 0 0 -9.9395 -27.3575 -7.2246 -8.4311 40.6692 -0.0000 -0.2667 -10.0383 0.0000 0 0 0 0 0 0 0 0 0 0 0 0 0 0 0 0 0 0 0 0 0 0 0 0 0 0 0 0 0 0 0 0 0 0 0 0 0 0 0 0 0 0 0 0 0 9.5586 7.1286 -30.5131 -3.3624 15.2365 0.0000 5.5728 17.2741 -0.0000 0 0 0 0 0 0 0 0 0 0 0 0 0 0 0 0 0 0 0 0 0 0 0 0 0 0 0 0 0 0 0 0 0 0 0 0 0 0 0 0 0 0
-0.5175 2.3949 -118.3415 -2.0541 -14.1993 -2.1191 0 0 0 0 0 0 0 0 0 3.2711 -10.2196 16.6290 0 0 0 0 0 0 0 8.0501 -0.0039 0 0 0 0 0 0 0 0 0 0 0 0 0 0 172.0000 0 0 0 0 0 172.0000 0 0 0 0 0 0 0 0 0 0 0 0 0 0 0 0 0 0 0 0 0 0 0 0 0 0 0 0 0 0 0 0 0 0 0 0 0 0 0 0 0 0 0 0 0 0 0 0 0 0 0 0 0 0 0 0 0 0 0 0 0 0 0 0 0 0 0 0 0 0 0 0 0 0 0 0 -40.0000 172.0000 0 0 0 0 -40.0000 179.0000 0 0 0 0 -35.0000 -176.0000 0 0 0 0 0 0 0 0 0 0 0 113.0000 0 0 0 0 0 -113.0000 0 0 0 0 0 0 0 0 0 0 -5.1415 -172.0000 0 0 172.0000 0 0 0 0 0 0 0 0 0 0 -4.1140 172.0000 0 3.3652 172.0000 0 0 0 0 0 0 0 0 0 2.2826 0 0 0 0 0 0 0 0 0 0 0 -11.1777 0 0 0 0 0 0 0 0 0 0 0 0 0 0 0 0 0 0 0 0 0 0 0 0 0 0 0 0 0 66.5453 -0.4886 28.4226 -25.0202 -32.7207 33.5398 0.7395 7.9491 3.2170 0 0 0 4.8246 0 5.0952 16.6020 0 0 8.9558 0 0 0 0 0 9.2580 19.9965 7.4442 21.0195 0 -5.2305 3.0259 0 0 0 0 0 0 0 0 13.2718 8.4744 5.0395 13.9899 0 -4.3704 4.9793 0 0 0 0 0 0 0 0 9.6513 5.0419 0.5628 9.9612 0 -6.4960 17.4556 0 0 -46.2981 -52.5004 9.2590 -21.4342 7.4409 -8.1532 17.8335 -26.2822 -4.4241 27.8605 -28.3912 12.2641 0 0 0 -67.9353 6.6434 -7.5849 36.7482 -22.0180 -28.2252 0.3371 0.5234 -2.1768 0 0 0 2.9863 0 0.1887 -11.5074 0 0 -6.6893 0 0 0 0 0 1.0667 0 1.5469 -11.5490 0 0 -1.8838 0 0 0 0 0 0 0 0 -1.2014 0 5.0859 -7.8288 0 0 -3.0500 0 0 0 0 0 0 0 0 -3.2848 0 13.2851 -8.9825 0 0 -12.3941 0 0 27.1008 -18.2787 7.1562 7.8486 -13.1401 7.8925 -21.1777 22.8095 -4.0118 -26.7785 25.5988 0 0 0 0 -9.4120 -25.5011 -4.2832 -9.7220 42.2133 -0.0000 -0.4562 -9.8461 0.0000 0 0 0 0 0 0 0 0 0 0 0 0 0 0 0 0 0 0 0 0 0 0 0 0 0 0 0 0 0 0 0 0 0 0 0 0 0 0 0 0 0 0 0 0 0 10.3480 8.6606 -28.5060 -5.0458 14.2576 0.0000 7.1947 19.1446 -0.0000 0 0 0 0 0 0 0 0 0 0 0 0 0 0 0 0 0 0 0 0 0 0 0 0 0 0 0 0 0 0 0 0 0 0 0 0 0 0 0 0 0 0
0.4071 1.8879 -117.4549 -3.3674 -13.2272 -3.4768 0 0 0 0 0 0 0 0 0 3.3456 -10.1080 15.7673 0 0 0 0 0 0 0 8.0501 -0.0039 0 0 0 0 0 0 0 0 0 0 0 0 0 0 172.0000 0 0 0 0 0 172.0000 0 0 0 0 0 0 0 0 0 0 0 0 0 0 0 0 0 0 0 0 0 0 0 0 0 0 0 0 0 0 0 0 0 0 0 0 0 0 0 0 0 0 0 0 0 0 0 0 0 0 0 0 0 0 0 0 0 0 0 0 0 0 0 0 0 0 0 0 0 0 0 0 0 0 0 0 -40.0000 172.0000 0 0 0 0 -40.0000 179.0000 0 0 0 0 -35.0000 -176.0000 0 0 0 0 0 0 0 0 0 0 0 113.0000 0 0 0 0 0 -113.0000 0 0 0 0 0 0 0 0 0 0 -4.9803 -172.0000 0 0 172.0000 0 0 0 0 0 0 0 0 0 0 -3.7591 172.0000 0 2.9652 172.0000 0 0 0 0 0 0 0 0 0 1.6812 0 0 0 0 0 0 0 0 0 0 0 -1.9107 0 0 0 0 0 0 0 0 0 0 0 0 0 0 0 0 0 0 0 0 0 0 0 0 0 0 0 0 0 65.9462 -1.2788 28.8021 -23.7263 -31.3401 31.9331 0.5881 11.3917 4.2598 0 0 0 11.4248 0 4.8825 18.3195 0 0 9.7120 0 0 0 0 0 12.4003 19.2664 4.9653 20.7982 0 -4.8737 4.6107 0 0 0 0 0 0 0 0 16.1552 7.5631 4.1494 16.3451 0 -3.8400 2.4672 0 0 0 0 0 0 0 0 24.9749 3.9554 -0.6592 8.9094 0 -5.9413 9.8892 0 0 -41.6930 -49.9055 2.8959 -29.0069 13.1359 -24.2148 19.1031 -22.5267 -7.0040 28.7757 -27.3723 11.9416 0 0 0 -68.4164 7.1388 -8.0909 34.2077 -19.5238 -26.0064 0.1564 4.1436 -3.8669 0 0 0 1.7123 0 1.8119 -16.5812 0 0 -5.5946 0 0 0 0 0 -1.7089 0 0.0996 -15.4208 0 0 -1.8132 0 0 0 0 0 0 0 0 -5.7305 0 1.7380 -10.3518 0 0 -2.3325 0 0 0 0 0 0 0 0 -10.4358 0 5.7248 -6.3755 0 0 -12.2277 0 0 24.9818 -18.1007 7.9347 14.4100 -8.4165 9.0981 -21.8303 30.9719 -5.4820 -37.0691 25.6410 0 0 0 0 -7.5531 -21.9849 -2.2630 -9.3025 42.3660 -0.0000 0.9683 -9.8953 0.0000 0 0 0 0 0 0 0 0 0 0 0 0 0 0 0 0 0 0 0 0 0 0 0 0 0 0 0 0 0 0 0 0 0 0 0 0 0 0 0 0 0 0 0 0 0 10.3219 9.9363 -27.0030 -5.3798 15.4059 0.0000 9.6536 21.4834 -0.0000 0 0 0 0 0 0 0 0 0 0 0 0 0 0 0 0 0 0 0 0 0 0 0 0 0 0 0 0 0 0 0 0 0 0 0 0 0 0 0 0 0 0
0.9707 1.7391 -116.0713 -5.2888 -11.1859 -5.5318 0 0 0 0 0 0 0 0 0 4.5409 -10.0142 13.9272 0 0 0 0 0 0 0 8.0501 -0.0039 0 0 0 0 0 0 0 0 0 0 0 0 0 0 172.0000 0 0 0 0 0 172.0000 0 0 0 0 0 0 0 0 0 0 0 0 0 0 0 0 0 0 0 0 0 0 0 0 0 0 0 0 0 0 0 0 0 0 0 0 0 0 0 0 0 0 0 0 0 0 0 0 0 0 0 0 0 0 0 0 0 0 0 0 0 0 0 0 0 0 0 0 0 0 0 0 0 0 0 0 -40.0000 172.0000 0 0 0 0 -40.0000 179.0000 0 0 0 0 -35.0000 -176.0000 0 0 0 0 0 0 0 0 0 0 0 113.0000 0 0 0 0 0 -113.0000 0 0 0 0 0 0 0 0 0 0 -5.1894 -172.0000 0 0 172.0000 0 0 0 0 0 0 0 0 0 0 -3.6798 172.0000 0 2.8002 172.0000 0 0 0 0 0 0 0 0 0 -6.4788 0 0 0 0 0 0 0 0 0 0 0 0.7792 0 0 0 0 0 0 0 0 0 0 0 0 0 0 0 0 0 0 0 0 0 0 0 0 0 0 0 0 0 63.8333 -3.5247 28.5907 -18.5184 -28.1066 26.7856 0.2953 14.6335 5.2778 0 0 0 19.9417 0 2.2376 18.4202 0 0 14.2482 0 0 0 0 0 17.8136 17.9393 2.6416 18.2581 0 -4.2946 7.9550 0 0 0 0 0 0 0 0 18.4724 6.1120 3.0558 21.9345 0 -3.0463 0.8602 0 0 0 0 0 0 0 0 31.4679 2.4037 -4.0688 12.9214 0 -5.0963 6.3669 0 0 -36.7694 -44.3766 -4.8188 -26.5682 21.0801 -37.2389 18.6500 -12.1504 -10.5283 22.1881 -26.2573 10.1824 0 0 0 -68.5746 9.4518 -10.1246 30.1952 -15.4983 -22.8604 0.0344 7.7898 -5.5839 0 0 0 -9.6069 0 -1.9813 -19.6246 0 0 -7.9520 0 0 0 0 0 -8.9895 0 -0.5212 -20.0356 0 0 -4.0801 0 0 0 0 0 0 0 0 -14.3042 0 -0.5524 -18.8450 0 0 -1.4878 0 0 0 0 0 0 0 0 -25.2817 0 2.4726 -10.2166 0 0 -8.3915 0 0 13.2722 -18.5247 14.1416 21.8643 -6.8289 17.6187 -22.9237 27.4627 -10.0265 -36.1990 25.3956 0 0 0 0 -3.4708 -16.5296 1.1969 -7.4294 40.4169 0.0000 3.8655 -9.9721 -0.0000 0 0 0 0 0 0 0 0 0 0 0 0 0 0 0 0 0 0 0 0 0 0 0 0 0 0 0 0 0 0 0 0 0 0 0 0 0 0 0 0 0 0 0 0 0 10.1160 11.6243 -25.1801 -4.3738 17.6145 -0.0000 13.8229 24.9629 0.0000 0 0 0 0 0 0 0 0 0 0 0 0 0 0 0 0 0 0 0 0 0 0 0 0 0 0 0 0 0 0 0 0 0 0 0 0 0 0 0 0 0 0
1.3740 1.6644 -114.5884 -7.2514 -9.4391 -7.5092 0 0 0 0 0 0 0 0 0 5.7985 -9.8002 12.0611 0 0 0 0 0 0 0 8.0501 -0.0039 0 0 0 0 0 0 0 0 0 0 0 0 0 0 172.0000 0 0 0 0 0 172.0000 0 0 0 0 0 0 0 0 0 0 0 0 0 0 0 0 0 0 0 0 0 0 0 0 0 0 0 0 0 0 0 0 0 0 0 0 0 0 0 0 0 0 0 0 0 0 0 0 0 0 0 0 0 0 0 0 0 0 0 0 0 0 0 0 0 0 0 0 0 0 0 0 0 0 0 0 -40.0000 172.0000 0 0 0 0 -40.0000 179.0000 0 0 0 0 -35.0000 -176.0000 0 0 0 0 0 0 0 0 0 0 0 113.0000 0 0 0 0 0 -113.0000 0 0 0 0 0 0 0 0 0 0 -5.4110 -172.0000 0 0 172.0000 0 0 0 0 0 0 0 0 0 0 -3.7028 172.0000 0 2.7526 172.0000 0 0 0 0 0 0 0 0 0 -9.6038 0 0 0 0 0 0 0 0 0 0 0 -2.3956 0 0 0 0 0 0 0 0 0 0 0 0 0 0 0 0 0 0 0 0 0 0 0 0 0 0 0 0 0 60.4824 -7.2152 27.7460 -11.5875 -29.2142 19.8888 0.1687 15.6541 5.6192 0 0 0 17.3606 0 -5.9068 15.7644 0 0 14.5646 0 0 0 0 0 20.8534 17.0794 -1.3211 11.1268 0 -3.7913 8.0298 0 0 0 0 0 0 0 0 20.8998 4.9718 -1.2533 18.9675 0 -2.4115 0.9152 0 0 0 0 0 0 0 0 19.0534 1.2921 -10.0103 13.7357 0 -4.4992 11.4355 0 0 -37.4053 -42.5131 -9.8742 -25.0231 28.5577 -41.4534 13.8013 -0.6487 -15.8735 12.0405 -25.3084 8.5790 0 0 0 -68.8233 13.3558 -13.5615 25.0714 -10.3752 -20.6617 0.0827 8.8631 -6.1689 0 0 0 -21.5756 0 -3.8067 -19.0713 0 0 -13.1871 0 0 0 0 0 -12.7892 0 0.2557 -19.5815 0 0 -8.8225 0 0 0 0 0 0 0 0 -16.7015 0 -0.8825 -25.3331 0 0 -1.3376 0 0 0 0 0 0 0 0 -35.1358 0 5.2993 -14.2740 0 0 -4.9571 0 0 5.1263 -19.2436 25.9009 13.4669 -6.8873 25.0625 -24.6566 24.3008 -13.7330 -29.0711 25.2322 0 0 0 0 0.8876 -11.6372 5.5111 -5.7785 37.9677 0.0000 6.8528 -10.0078 -0.0000 0 0 0 0 0 0 0 0 0 0 0 0 0 0 0 0 0 0 0 0 0 0 0 0 0 0 0 0 0 0 0 0 0 0 0 0 0 0 0 0 0 0 0 0 0 9.9946 13.4236 -23.3314 -2.7276 19.7916 -0.0000 17.6588 27.6830 0.0000 0 0 0 0 0 0 0 0 0 0 0 0 0 0 0 0 0 0 0 0 0 0 0 0 0 0 0 0 0 0 0 0 0 0 0 0 0 0 0 0 0 0
1.7382 1.4595 -113.2760 -8.6142 -9.2525 -8.8794 0 0 0 0 0 0 0 0 0 5.6096 -9.3521 10.8859 0 0 0 0 0 0 0 8.0501 -0.0039 0 0 0 0 0 0 0 0 0 0 0 0 0 0 172.0000 0 0 0 0 0 172.0000 0 0 0 0 0 0 0 0 0 0 0 0 0 0 0 0 0 0 0 0 0 0 0 0 0 0 0 0 0 0 0 0 0 0 0 0 0 0 0 0 0 0 0 0 0 0 0 0 0 0 0 0 0 0 0 0 0 0 0 0 0 0 0 0 0 0 0 0 0 0 0 0 0 0 0 0 -40.0000 172.0000 0 0 0 0 -40.0000 179.0000 0 0 0 0 -35.0000 -176.0000 0 0 0 0 0 0 0 0 0 0 0 113.0000 0 0 0 0 0 -113.0000 0 0 0 0 0 0 0 0 0 0 -5.3644 -172.0000 0 0 172.0000 0 0 0 0 0 0 0 0 0 0 -3.4651 172.0000 0 2.4972 172.0000 0 0 0 0 0 0 0 0 0 -4.8520 0 0 0 0 0 0 0 0 0 0 0 0.4070 0 0 0 0 0 0 0 0 0 0 0 0 0 0 0 0 0 0 0 0 0 0 0 0 0 0 0 0 0 57.0426 -11.0609 26.4742 -6.0144 -35.3364 14.2392 0.2246 14.6011 5.3165 0 0 0 12.3978 0 -9.3044 14.0029 0 0 9.0173 0 0 0 0 0 18.0014 16.6506 -5.1905 5.4852 0 -3.4293 5.3600 0 0 0 0 0 0 0 0 21.0205 4.1307 -6.1537 10.8913 0 -1.9404 1.7290 0 0 0 0 0 0 0 0 7.1661 0.5827 -14.7091 11.3940 0 -4.1496 14.9177 0 0 -39.5693 -43.7609 -12.3752 -24.5227 30.4106 -39.3658 12.0419 3.4914 -16.9153 6.1648 -25.0360 8.5669 0 0 0 -70.1675 16.4820 -17.9913 20.3629 -5.6734 -19.6622 0.2559 7.6138 -5.6812 0 0 0 -21.7223 0 -2.4113 -16.5437 0 0 -12.3940 0 0 0 0 0 -8.1774 0 3.6352 -13.7098 0 0 -10.9002 0 0 0 0 0 0 0 0 -10.4220 0 2.4478 -20.2646 0 0 -2.1128 0 0 0 0 0 0 0 0 -30.8782 0 11.2700 -10.9816 0 0 -5.6824 0 0 8.0225 -15.1710 28.8965 -1.0379 -8.6273 27.7470 -27.0675 24.1016 -12.9393 -20.9515 25.0203 0 0 0 0 2.9093 -8.8067 8.7460 -4.6109 36.5686 0.0000 9.1353 -10.0116 -0.0000 0 0 0 0 0 0 0 0 0 0 0 0 0 0 0 0 0 0 0 0 0 0 0 0 0 0 0 0 0 0 0 0 0 0 0 0 0 0 0 0 0 0 0 0 0 9.9687 15.0864 -21.7509 -1.7107 21.3763 -0.0000 19.7853 28.5336 0.0000 0 0 0 0 0 0 0 0 0 0 0 0 0 0 0 0 0 0 0 0 0 0 0 0 0 0 0 0 0 0 0 0 0 0 0 0 0 0 0 0 0 0
2.0993 1.2634 -112.2830 -9.3801 -10.2240 -9.6536 0 0 0 0 0 0 0 0 0 4.4536 -8.9041 10.2352 0 0 0 0 0 0 0 8.0501 -0.0039 0 0 0 0 0 0 0 0 0 0 0 0 0 0 172.0000 0 0 0 0 0 172.0000 0 0 0 0 0 0 0 0 0 0 0 0 0 0 0 0 0 0 0 0 0 0 0 0 0 0 0 0 0 0 0 0 0 0 0 0 0 0 0 0 0 0 0 0 0 0 0 0 0 0 0 0 0 0 0 0 0 0 0 0 0 0 0 0 0 0 0 0 0 0 0 0 0 0 0 0 -40.0000 172.0000 0 0 0 0 -40.0000 179.0000 0 0 0 0 -35.0000 -176.0000 0 0 0 0 0 0 0 0 0 0 0 113.0000 0 0 0 0 0 -113.0000 0 0 0 0 0 0 0 0 0 0 -5.1345 -172.0000 0 0 172.0000 0 0 0 0 0 0 0 0 0 0 -3.2082 172.0000 0 2.2595 172.0000 0 0 0 0 0 0 0 0 0 -5.6783 0 0 0 0 0 0 0 0 0 0 0 1.5002 0 0 0 0 0 0 0 0 0 0 0 0 0 0 0 0 0 0 0 0 0 0 0 0 0 0 0 0 0 54.6264 -13.5700 25.4838 -2.8623 -39.7309 11.0495 0.1264 13.2422 4.9649 0 0 0 13.1666 0 0.5129 15.2706 0 0 4.4012 0 0 0 0 0 7.9398 16.6116 -6.3999 3.4357 0 -3.3876 4.1482 0 0 0 0 0 0 0 0 11.9434 3.9924 -8.7979 4.9355 0 -1.8617 2.0800 0 0 0 0 0 0 0 0 9.4915 0.4467 -16.6262 7.2521 0 -4.0855 11.3467 0 0 -39.2486 -43.7602 -12.8200 -19.3518 25.6704 -32.7033 19.0918 -3.0846 -9.9833 6.3307 -25.0071 8.8507 0 0 0 -72.6389 18.5366 -22.2551 17.3025 -2.6149 -19.4623 0.6010 6.1750 -5.0263 0 0 0 -17.3972 0 -5.8034 -16.4084 0 0 -6.6700 0 0 0 0 0 -1.4843 0 6.5116 -7.5575 0 0 -8.6028 0 0 0 0 0 0 0 0 -3.2837 0 6.6246 -9.8084 0 0 -2.4706 0 0 0 0 0 0 0 0 -23.1920 0 15.6690 -5.1051 0 0 -6.6475 0 0 14.8234 -12.7216 20.3714 -1.6427 -12.5650 28.0934 -29.5337 20.4352 -10.9167 -13.5202 24.6195 0 0 0 0 2.4277 -7.8363 10.5625 -3.6257 36.1631 -0.0000 10.5087 -10.0053 0.0000 0 0 0 0 0 0 0 0 0 0 0 0 0 0 0 0 0 0 0 0 0 0 0 0 0 0 0 0 0 0 0 0 0 0 0 0 0 0 0 0 0 0 0 0 0 9.9819 16.5021 -20.5968 -1.6256 21.9847 0.0000 20.6767 28.4071 -0.0000 0 0 0 0 0 0 0 0 0 0 0 0 0 0 0 0 0 0 0 0 0 0 0 0 0 0 0 0 0 0 0 0 0 0 0 0 0 0 0 0 0 0
2.4843 1.2248 -111.4815 -9.8041 -11.0374 -10.1828 0 0 0 0 0 0 0 0 0 3.7146 -8.5741 9.8152 0 0 0 0 0 0 0 8.0501 -0.0039 0 0 0 0 0 0 0 0 0 0 0 0 0 0 172.0000 0 0 0 0 0 172.0000 0 0 0 0 0 0 0 0 0 0 0 0 0 0 0 0 0 0 0 0 0 0 0 0 0 0 0 0 0 0 0 0 0 0 0 0 0 0 0 0 0 0 0 0 0 0 0 0 0 0 0 0 0 0 0 0 0 0 0 0 0 0 0 0 0 0 0 0 0 0 0 0 0 0 0 0 -40.0000 172.0000 0 0 0 0 -40.0000 179.0000 0 0 0 0 -35.0000 -176.0000 0 0 0 0 0 0 0 0 0 0 0 113.0000 0 0 0 0 0 -113.0000 0 0 0 0 0 0 0 0 0 0 -5.1212 -172.0000 0 0 172.0000 0 0 0 0 0 0 0 0 0 0 -3.3064 172.0000 0 2.3737 172.0000 0 0 0 0 0 0 0 0 0 -12.0949 0 0 0 0 0 0 0 0 0 0 0 -1.3791 0 0 0 0 0 0 0 0 0 0 0 0 0 0 0 0 0 0 0 0 0 0 0 0 0 0 0 0 0 53.3438 -14.8192 24.9430 -1.4032 -41.1412 9.5322 -0.3398 13.2985 5.0989 0 0 0 15.4669 0 12.5146 17.6085 0 0 2.7038 0 0 0 0 0 -1.3338 16.6868 -6.1047 3.1895 0 -3.4531 4.2778 0 0 0 0 0 0 0 0 1.6212 4.1539 -9.7053 2.4381 0 -1.9524 1.8648 0 0 0 0 0 0 0 0 17.0376 0.5665 -16.9949 3.6149 0 -4.1479 6.6989 0 0 -38.9851 -43.5669 -12.3323 -14.8039 20.6245 -26.4354 27.2167 -10.8488 -2.1627 8.1408 -25.0066 8.8261 0 0 0 -75.2518 19.3419 -26.4242 15.2381 -0.5515 -20.2352 1.2084 6.1657 -4.8899 0 0 0 -16.0493 0 -12.6278 -17.7597 0 0 -3.3139 0 0 0 0 0 2.5128 0 6.6632 -4.0773 0 0 -5.8488 0 0 0 0 0 0 0 0 0.8456 0 8.8923 -3.3988 0 0 -2.1163 0 0 0 0 0 0 0 0 -19.9279 0 17.1063 -2.3786 0 0 -6.0048 0 0 20.6411 -16.5683 11.8973 7.2077 -16.7925 27.0830 -30.4346 15.2874 -9.8233 -9.1515 24.5310 0 0 0 0 0.3265 -7.9539 10.8792 -3.3671 36.1655 -0.0000 11.1201 -10.0005 0.0000 0 0 0 0 0 0 0 0 0 0 0 0 0 0 0 0 0 0 0 0 0 0 0 0 0 0 0 0 0 0 0 0 0 0 0 0 0 0 0 0 0 0 0 0 0 9.9963 17.6177 -19.7208 -1.4936 22.1572 0.0000 21.6828 28.1242 -0.0000 0 0 0 0 0 0 0 0 0 0 0 0 0 0 0 0 0 0 0 0 0 0 0 0 0 0 0 0 0 0 0 0 0 0 0 0 0 0 0 0 0 0
2.8026 1.2341 -110.6233 -10.0030 -11.4498 -10.6639 0 0 0 0 0 0 0 0 0 3.3512 -8.2630 9.4422 0 0 0 0 0 0 0 8.0501 -0.0039 0 0 0 0 0 0 0 0 0 0 0 0 0 0 172.0000 0 0 0 0 0 172.0000 0 0 0 0 0 0 0 0 0 0 0 0 0 0 0 0 0 0 0 0 0 0 0 0 0 0 0 0 0 0 0 0 0 0 0 0 0 0 0 0 0 0 0 0 0 0 0 0 0 0 0 0 0 0 0 0 0 0 0 0 0 0 0 0 0 0 0 0 0 0 0 0 0 0 0 0 -40.0000 172.0000 0 0 0 0 -40.0000 179.0000 0 0 0 0 -35.0000 -176.0000 0 0 0 0 0 0 0 0 0 0 0 113.0000 0 0 0 0 0 -113.0000 0 0 0 0 0 0 0 0 0 0 -5.2671 -172.0000 0 0 172.0000 0 0 0 0 0 0 0 0 0 0 -3.3975 172.0000 0 2.4725 172.0000 0 0 0 0 0 0 0 0 0 -15.9431 0 0 0 0 0 0 0 0 0 0 0 3.2029 0 0 0 0 0 0 0 0 0 0 0 0 0 0 0 0 0 0 0 0 0 0 0 0 0 0 0 0 0 52.4375 -15.8609 24.4764 -0.2619 -42.3536 8.2283 -1.0513 14.7612 5.6846 0 0 0 16.7059 0 17.6008 18.7519 0 0 2.7609 0 0 0 0 0 -4.6665 16.6760 -5.6309 3.5296 0 -3.4448 4.6495 0 0 0 0 0 0 0 0 -2.5984 4.1391 -9.6324 2.3211 0 -1.9442 1.6470 0 0 0 0 0 0 0 0 21.1586 0.5407 -16.7630 2.3554 0 -4.1366 4.6749 0 0 -39.0941 -43.6105 -12.3729 -13.2243 18.6325 -24.1476 30.5629 -14.1039 1.0230 9.2218 -25.0188 8.8232 0 0 0 -77.0261 17.2524 -30.9314 13.3461 1.3947 -21.3634 1.9183 7.5675 -5.3030 0 0 0 -15.8587 0 -16.3143 -18.5520 0 0 -2.5940 0 0 0 0 0 3.8457 0 5.9504 -3.0892 0 0 -4.5529 0 0 0 0 0 0 0 0 2.0465 0 9.6506 -1.7454 0 0 -1.7090 0 0 0 0 0 0 0 0 -19.6046 0 17.0470 -2.0975 0 0 -5.3743 0 0 24.0965 -21.0244 8.6734 13.6513 -19.0924 25.7484 -29.9196 12.5999 -9.9601 -8.0857 24.7556 0 0 0 0 -2.9818 -8.5233 9.8046 -3.3756 36.1439 -0.0000 11.5827 -9.9990 0.0000 0 0 0 0 0 0 0 0 0 0 0 0 0 0 0 0 0 0 0 0 0 0 0 0 0 0 0 0 0 0 0 0 0 0 0 0 0 0 0 0 0 0 0 0 0 10.0021 18.6544 -18.7579 -0.6093 22.6284 0.0000 23.7363 27.9792 -0.0000 0 0 0 0 0 0 0 0 0 0 0 0 0 0 0 0 0 0 0 0 0 0 0 0 0 0 0 0 0 0 0 0 0 0 0 0 0 0 0 0 0 0
2.8456 1.1771 -109.8544 -10.2228 -11.8677 -11.0541 0 0 0 0 0 0 0 0 0 2.7394 -7.8309 8.8953 0 0 0 0 0 0 0 8.0501 -0.0039 0 0 0 0 0 0 0 0 0 0 0 0 0 0 172.0000 0 0 0 0 0 172.0000 0 0 0 0 0 0 0 0 0 0 0 0 0 0 0 0 0 0 0 0 0 0 0 0 0 0 0 0 0 0 0 0 0 0 0 0 0 0 0 0 0 0 0 0 0 0 0 0 0 0 0 0 0 0 0 0 0 0 0 0 0 0 0 0 0 0 0 0 0 0 0 0 0 0 0 0 -40.0000 172.0000 0 0 0 0 -40.0000 179.0000 0 0 0 0 -35.0000 -176.0000 0 0 0 0 0 0 0 0 0 0 0 113.0000 0 0 0 0 0 -113.0000 0 0 0 0 0 0 0 0 0 0 -5.2031 -172.0000 0 0 172.0000 0 0 0 0 0 0 0 0 0 0 -3.3020 172.0000 0 2.4100 172.0000 0 0 0 0 0 0 0 0 0 -11.7813 0 0 0 0 0 0 0 0 0 0 0 6.3869 0 0 0 0 0 0 0 0 0 0 0 0 0 0 0 0 0 0 0 0 0 0 0 0 0 0 0 0 0 51.7778 -16.7944 23.8826 0.7159 -43.6852 6.9814 -1.6012 16.0091 6.1617 0 0 0 16.9206 0 17.8707 18.8956 0 0 3.2045 0 0 0 0 0 -4.5039 16.6667 -5.4080 3.7996 0 -3.4365 4.8489 0 0 0 0 0 0 0 0 -2.7340 4.1174 -9.3690 2.8489 0 -1.9320 1.5636 0 0 0 0 0 0 0 0 21.8986 0.5085 -16.5321 2.4486 0 -4.1228 4.5369 0 0 -39.1104 -43.6306 -12.4394 -13.3405 18.6126 -24.2381 30.6838 -14.2687 1.1176 9.4549 -25.0220 8.8610 0 0 0 -77.6584 13.8681 -34.3354 11.8375 2.9810 -21.4526 2.3080 9.2039 -5.8743 0 0 0 -16.0511 0 -16.9465 -18.7207 0 0 -2.9543 0 0 0 0 0 3.7115 0 5.4719 -3.3131 0 0 -4.4113 0 0 0 0 0 0 0 0 1.7986 0 9.5758 -2.2609 0 0 -1.5416 0 0 0 0 0 0 0 0 -20.1882 0 16.6640 -2.5764 0 0 -5.1377 0 0 24.8409 -22.8633 8.7112 15.5331 -19.4894 25.1768 -29.3694 12.1369 -10.2936 -8.4751 24.9158 0 0 0 0 -6.0030 -9.0954 8.6718 -2.9326 36.0809 -0.0000 12.2136 -9.9993 0.0000 0 0 0 0 0 0 0 0 0 0 0 0 0 0 0 0 0 0 0 0 0 0 0 0 0 0 0 0 0 0 0 0 0 0 0 0 0 0 0 0 0 0 0 0 0 10.0022 19.7225 -17.6810 0.7640 23.0362 0.0000 26.1574 27.9572 -0.0000 0 0 0 0 0 0 0 0 0 0 0 0 0 0 0 0 0 0 0 0 0 0 0 0 0 0 0 0 0 0 0 0 0 0 0 0 0 0 0 0 0 0
2.6065 1.0894 -109.1126 -10.5377 -12.3240 -11.4008 0 0 0 0 0 0 0 0 0 2.1783 -7.3621 8.3612 0 0 0 0 0 0 0 8.0501 -0.0039 0 0 0 0 0 0 0 0 0 0 0 0 0 0 172.0000 0 0 0 0 0 172.0000 0 0 0 0 0 0 0 0 0 0 0 0 0 0 0 0 0 0 0 0 0 0 0 0 0 0 0 0 0 0 0 0 0 0 0 0 0 0 0 0 0 0 0 0 0 0 0 0 0 0 0 0 0 0 0 0 0 0 0 0 0 0 0 0 0 0 0 0 0 0 0 0 0 0 0 0 -40.0000 172.0000 0 0 0 0 -40.0000 179.0000 0 0 0 0 -35.0000 -176.0000 0 0 0 0 0 0 0 0 0 0 0 113.0000 0 0 0 0 0 -113.0000 0 0 0 0 0 0 0 0 0 0 -5.2402 -172.0000 0 0 172.0000 0 0 0 0 0 0 0 0 0 0 -3.7575 172.0000 0 2.9457 172.0000 0 0 0 0 0 0 0 0 0 -3.7334 0 0 0 0 0 0 0 0 0 0 0 -2.2084 0 0 0 0 0 0 0 0 0 0 0 0 0 0 0 0 0 0 0 0 0 0 0 0 0 0 0 0 0 51.6518 -17.4681 22.9543 1.7088 -45.3082 5.6719 -1.6293 15.8424 6.0836 0 0 0 16.7550 0 16.8162 18.7053 0 0 3.4658 0 0 0 0 0 -3.6019 16.6705 -5.3836 3.8854 0 -3.4397 4.8832 0 0 0 0 0 0 0 0 -1.8036 4.1245 -9.2232 3.2043 0 -1.9360 1.5643 0 0 0 0 0 0 0 0 21.3645 0.5037 -16.4470 2.8082 0 -4.1224 4.9379 0 0 -39.0899 -43.6194 -12.4182 -13.7958 19.0827 -24.8477 29.9527 -13.5758 0.4087 9.3364 -25.0062 8.8832 0 0 0 -77.4031 12.1798 -36.1524 9.9116 4.8569 -19.7213 2.2368 9.6740 -6.0842 0 0 0 -16.2211 0 -16.4573 -18.6328 0 0 -3.3508 0 0 0 0 0 3.3078 0 5.3465 -3.6895 0 0 -4.6350 0 0 0 0 0 0 0 0 1.3561 0 9.3470 -2.9781 0 0 -1.5357 0 0 0 0 0 0 0 0 -20.6275 0 16.4604 -2.9386 0 0 -5.1425 0 0 24.4719 -22.9325 9.5097 15.1394 -19.1943 25.1314 -29.1567 12.3853 -10.4723 -8.9728 24.9616 0 0 0 0 -7.5233 -8.9512 8.8053 -2.0126 35.8996 0.0000 13.1887 -9.9998 -0.0000 0 0 0 0 0 0 0 0 0 0 0 0 0 0 0 0 0 0 0 0 0 0 0 0 0 0 0 0 0 0 0 0 0 0 0 0 0 0 0 0 0 0 0 0 0 10.0008 21.1116 -16.2611 2.2334 22.7825 -0.0000 28.8715 27.9785 0.0000 0 0 0 0 0 0 0 0 0 0 0 0 0 0 0 0 0 0 0 0 0 0 0 0 0 0 0 0 0 0 0 0 0 0 0 0 0 0 0 0 0 0
2.2674 1.2901 -108.1820 -10.6073 -12.7368 -11.7091 0 0 0 0 0 0 0 0 0 2.2919 -7.0771 7.8407 0 0 0 0 0 0 0 8.0501 -0.0039 0 0 0 0 0 0 0 0 0 0 0 0 0 0 172.0000 0 0 0 0 0 172.0000 0 0 0 0 0 0 0 0 0 0 0 0 0 0 0 0 0 0 0 0 0 0 0 0 0 0 0 0 0 0 0 0 0 0 0 0 0 0 0 0 0 0 0 0 0 0 0 0 0 0 0 0 0 0 0 0 0 0 0 0 0 0 0 0 0 0 0 0 0 0 0 0 0 0 0 0 -40.0000 172.0000 0 0 0 0 -40.0000 179.0000 0 0 0 0 -35.0000 -176.0000 0 0 0 0 0 0 0 0 0 0 0 113.0000 0 0 0 0 0 -113.0000 0 0 0 0 0 0 0 0 0 0 -5.7220 -172.0000 0 0 172.0000 0 0 0 0 0 0 0 0 0 0 -4.8565 172.0000 0 4.1515 172.0000 0 0 0 0 0 0 0 0 0 -4.9952 0 0 0 0 0 0 0 0 0 0 0 -12.5771 0 0 0 0 0 0 0 0 0 0 0 0 0 0 0 0 0 0 0 0 0 0 0 0 0 0 0 0 0 52.7376 -16.8164 21.9001 3.5114 -46.8931 3.7148 -1.2734 14.0636 5.4392 0 0 0 13.7692 0 15.1850 17.0922 0 0 4.0464 0 0 0 0 0 -3.5137 16.6711 -4.4153 6.3478 0 -3.4403 4.7123 0 0 0 0 0 0 0 0 -2.0728 4.1263 -8.8911 5.5232 0 -1.9370 1.9623 0 0 0 0 0 0 0 0 17.1641 0.4944 -16.9004 4.1622 0 -4.1182 6.5469 0 0 -39.0919 -43.6188 -12.4126 -13.9754 18.0307 -24.5044 28.5614 -14.5424 -0.0559 10.0767 -25.0903 8.8877 0 0 0 -76.6255 11.6102 -36.3901 7.2895 7.3803 -16.9932 1.9380 8.5386 -5.7143 0 0 0 -17.1403 0 -10.4296 -17.5414 0 0 -3.9852 0 0 0 0 0 3.5218 0 4.3769 -6.3433 0 0 -4.6636 0 0 0 0 0 0 0 0 2.0202 0 8.9182 -5.5242 0 0 -1.9499 0 0 0 0 0 0 0 0 -17.0748 0 16.9041 -4.2014 0 0 -6.5294 0 0 20.3495 -19.0816 14.3569 13.6240 -15.3695 26.7463 -28.2938 15.2164 -10.6765 -10.1321 24.9326 0 0 0 0 -7.9463 -8.1872 10.1230 -0.9733 35.5944 0.0000 14.3432 -10.0000 -0.0000 0 0 0 0 0 0 0 0 0 0 0 0 0 0 0 0 0 0 0 0 0 0 0 0 0 0 0 0 0 0 0 0 0 0 0 0 0 0 0 0 0 0 0 0 0 10.0000 22.4926 -14.5157 2.9679 21.9729 -0.0000 31.9160 27.9969 0.0000 0 0 0 0 0 0 0 0 0 0 0 0 0 0 0 0 0 0 0 0 0 0 0 0 0 0 0 0 0 0 0 0 0 0 0 0 0 0 0 0 0 0
1.8391 2.2331 -106.9869 -10.3375 -12.9531 -11.9512 0 0 0 0 0 0 0 0 0 3.2164 -7.2667 6.9446 0 0 0 0 0 0 0 8.0501 -0.0039 0 0 0 0 0 0 0 0 0 0 0 0 0 0 172.0000 0 0 0 0 0 172.0000 0 0 0 0 0 0 0 0 0 0 0 0 0 0 0 0 0 0 0 0 0 0 0 0 0 0 0 0 0 0 0 0 0 0 0 0 0 0 0 0 0 0 0 0 0 0 0 0 0 0 0 0 0 0 0 0 0 0 0 0 0 0 0 0 0 0 0 0 0 0 0 0 0 0 0 0 -40.0000 172.0000 0 0 0 0 -40.0000 179.0000 0 0 0 0 -35.0000 -176.0000 0 0 0 0 0 0 0 0 0 0 0 113.0000 0 0 0 0 0 -113.0000 0 0 0 0 0 0 0 0 0 0 -6.3099 -172.0000 0 0 172.0000 0 0 0 0 0 0 0 0 0 0 -5.7813 172.0000 0 5.1951 172.0000 0 0 0 0 0 0 0 0 0 -12.1724 0 0 0 0 0 0 0 0 0 0 0 -16.7770 0 0 0 0 0 0 0 0 0 0 0 0 0 0 0 0 0 0 0 0 0 0 0 0 0 0 0 0 0 55.0788 -8.3469 22.1713 5.3338 -47.0122 1.9909 -0.9432 11.3695 4.5448 0 0 0 6.0825 0 10.6544 13.9387 0 0 5.3688 0 0 0 0 0 -4.4766 16.6704 -2.7542 11.3500 0 -3.4396 5.1655 0 0 0 0 0 0 0 0 -4.0581 4.1248 -8.2009 10.0424 0 -1.9361 4.2992 0 0 0 0 0 0 0 0 7.7037 0.4716 -17.7503 6.9791 0 -4.1093 11.8713 0 0 -39.0947 -43.6206 -12.4172 -13.9041 14.4261 -21.4218 25.3106 -19.8813 -0.1660 15.4413 -25.4160 8.9210 0 0 0 -75.5360 10.1421 -34.8681 5.2835 9.1828 -14.6881 1.6605 6.6676 -5.0286 0 0 0 -18.0063 0 3.8266 -14.9914 0 0 -5.1037 0 0 0 0 0 3.9121 0 3.5035 -11.3655 0 0 -5.1247 0 0 0 0 0 0 0 0 4.2408 0 8.5206 -9.9693 0 0 -4.1581 0 0 0 0 0 0 0 0 -7.1124 0 18.4720 -6.5965 0 0 -11.6823 0 0 10.4522 -9.7731 25.6502 12.5526 -6.6067 28.8131 -24.5913 23.5795 -12.7808 -15.8435 25.0048 0 0 0 0 -7.6724 -7.3351 11.2853 -0.3270 35.3572 0.0000 15.1784 -10.0001 -0.0000 0 0 0 0 0 0 0 0 0 0 0 0 0 0 0 0 0 0 0 0 0 0 0 0 0 0 0 0 0 0 0 0 0 0 0 0 0 0 0 0 0 0 0 0 0 9.9998 23.0420 -13.1101 2.6667 21.2106 -0.0000 34.1901 28.0033 0.0000 0 0 0 0 0 0 0 0 0 0 0 0 0 0 0 0 0 0 0 0 0 0 0 0 0 0 0 0 0 0 0 0 0 0 0 0 0 0 0 0 0 0
1.1844 4.0786 -105.4305 -9.9305 -12.5109 -12.2869 0 0 0 0 0 0 0 0 0 4.7238 -7.7895 5.4840 0 0 0 0 0 0 0 8.0501 -0.0039 0 0 0 0 0 0 0 0 0 0 0 0 0 0 172.0000 0 0 0 0 0 172.0000 0 0 0 0 0 0 0 0 0 0 0 0 0 0 0 0 0 0 0 0 0 0 0 0 0 0 0 0 0 0 0 0 0 0 0 0 0 0 0 0 0 0 0 0 0 0 0 0 0 0 0 0 0 0 0 0 0 0 0 0 0 0 0 0 0 0 0 0 0 0 0 0 0 0 0 0 -40.0000 172.0000 0 0 0 0 -40.0000 179.0000 0 0 0 0 -35.0000 -176.0000 0 0 0 0 0 0 0 0 0 0 0 113.0000 0 0 0 0 0 -113.0000 0 0 0 0 0 0 0 0 0 0 -6.6062 -172.0000 0 0 172.0000 0 0 0 0 0 0 0 0 0 0 -6.1997 172.0000 0 5.6999 172.0000 0 0 0 0 0 0 0 0 0 -11.1764 0 0 0 0 0 0 0 0 0 0 0 -16.9102 0 0 0 0 0 0 0 0 0 0 0 0 0 0 0 0 0 0 0 0 0 0 0 0 0 0 0 0 0 61.0350 4.7042 21.2210 3.5116 -39.2945 5.2223 -0.6448 8.6585 3.5747 0 0 0 -1.3481 0 5.0400 22.8494 0 0 7.9013 0 0 0 0 0 -5.1596 16.9818 -1.5271 23.3799 0 -3.5484 8.7851 0 0 0 0 0 0 0 0 -4.7164 4.2296 -6.1463 21.0324 0 -2.0071 9.8944 0 0 0 0 0 0 0 0 0.2123 0.3533 -16.0710 17.6838 0 -4.0538 20.7024 0 0 -34.8265 -39.3531 -16.6865 -12.6954 11.9156 -18.0935 22.4385 -26.8396 -1.2049 24.9200 -25.7840 9.0524 0 0 0 -74.1702 8.5653 -32.5014 3.8397 9.7534 -12.7686 1.4605 4.3219 -4.1614 0 0 0 -14.5258 0 15.1653 -11.8491 0 0 -6.1884 0 0 0 0 0 4.4667 0 5.6112 -15.8364 0 0 -5.9360 0 0 0 0 0 0 0 0 6.7385 0 8.9191 -11.1531 0 0 -7.2325 0 0 0 0 0 0 0 0 3.2547 0 20.1833 -7.6500 0 0 -19.6568 0 0 1.5903 -1.4739 34.5096 15.1182 -0.0138 28.0945 -18.9839 32.5701 -16.3369 -26.7361 25.2626 0 0 0 0 -6.5686 -6.0825 11.8412 0.0413 35.3731 0.0000 15.8117 -10.0000 -0.0000 0 0 0 0 0 0 0 0 0 0 0 0 0 0 0 0 0 0 0 0 0 0 0 0 0 0 0 0 0 0 0 0 0 0 0 0 0 0 0 0 0 0 0 0 0 9.9999 22.6265 -11.8866 2.2474 20.7459 -0.0000 35.1366 28.0028 0.0000 0 0 0 0 0 0 0 0 0 0 0 0 0 0 0 0 0 0 0 0 0 0 0 0 0 0 0 0 0 0 0 0 0 0 0 0 0 0 0 0 0 0
0.6249 5.6879 -104.2535 -9.6278 -11.7344 -12.6159 0 0 0 0 0 0 0 0 0 6.3421 -7.9566 3.8494 0 0 0 0 0 0 0 8.0501 -0.0039 0 0 0 0 0 0 0 0 0 0 0 0 0 0 172.0000 0 0 0 0 0 172.0000 0 0 0 0 0 0 0 0 0 0 0 0 0 0 0 0 0 0 0 0 0 0 0 0 0 0 0 0 0 0 0 0 0 0 0 0 0 0 0 0 0 0 0 0 0 0 0 0 0 0 0 0 0 0 0 0 0 0 0 0 0 0 0 0 0 0 0 0 0 0 0 0 0 0 0 0 -40.0000 172.0000 0 0 0 0 -40.0000 179.0000 0 0 0 0 -35.0000 -176.0000 0 0 0 0 0 0 0 0 0 0 0 113.0000 0 0 0 0 0 -113.0000 0 0 0 0 0 0 0 0 0 0 -6.2521 -172.0000 0 0 172.0000 0 0 0 0 0 0 0 0 0 0 -5.9581 172.0000 0 5.3915 172.0000 0 0 0 0 0 0 0 0 0 0.7713 0 0 0 0 0 0 0 0 0 0 0 -11.1936 0 0 0 0 0 0 0 0 0 0 0 0 0 0 0 0 0 0 0 0 0 0 0 0 0 0 0 0 0 72.2335 12.6608 14.3230 -3.2573 -21.3245 15.3417 -0.1653 6.1527 2.4703 0 0 0 -4.3899 0 2.3307 39.0187 0 0 10.7676 0 0 0 0 0 -5.0908 17.5347 -0.6650 38.2304 0 -3.7415 13.2688 0 0 0 0 0 0 0 0 -3.8526 4.4159 -3.1270 34.0217 0 -2.1332 14.6348 0 0 0 0 0 0 0 0 -1.7827 0.1978 -12.8309 31.5774 0 -3.9615 27.3825 0 0 -27.2509 -31.7775 -24.2652 -12.0083 12.1681 -17.3678 21.3680 -29.0865 -2.9152 31.8336 -25.9127 9.2068 0 0 0 -72.9696 7.8210 -30.5696 2.6587 9.7334 -11.2364 1.2416 1.4001 -3.1685 0 0 0 -7.7585 0 17.4168 -8.2538 0 0 -6.9604 0 0 0 0 0 6.1006 0 8.8398 -18.2982 0 0 -5.8108 0 0 0 0 0 0 0 0 8.7542 0 9.6853 -8.4872 0 0 -8.1453 0 0 0 0 0 0 0 0 8.6701 0 19.6420 -6.1679 0 0 -25.0418 0 0 -1.5265 1.4354 34.8776 18.9747 1.3367 26.2767 -15.0919 35.0138 -16.8914 -35.6819 25.4908 0 0 0 0 -4.7497 -4.0035 12.4096 0.6130 35.8518 -0.0000 16.3821 -10.0000 0.0000 0 0 0 0 0 0 0 0 0 0 0 0 0 0 0 0 0 0 0 0 0 0 0 0 0 0 0 0 0 0 0 0 0 0 0 0 0 0 0 0 0 0 0 0 0 9.5829 21.5324 -10.2998 2.0599 20.4835 0.0000 35.2452 28.0009 -0.0000 0 0 0 0 0 0 0 0 0 0 0 0 0 0 0 0 0 0 0 0 0 0 0 0 0 0 0 0 0 0 0 0 0 0 0 0 0 0 0 0 0 0
0.3344 6.6582 -103.5189 -9.0637 -10.9988 -12.8577 0 0 0 0 0 0 0 0 0 7.7496 -7.8238 2.4370 0 0 0 0 0 0 0 8.0501 -0.0039 0 0 0 0 0 0 0 0 0 0 0 0 0 0 172.0000 0 0 0 0 0 172.0000 0 0 0 0 0 0 0 0 0 0 0 0 0 0 0 0 0 0 0 0 0 0 0 0 0 0 0 0 0 0 0 0 0 0 0 0 0 0 0 0 0 0 0 0 0 0 0 0 0 0 0 0 0 0 0 0 0 0 0 0 0 0 0 0 0 0 0 0 0 0 0 0 0 0 0 0 -40.0000 172.0000 0 0 0 0 -40.0000 179.0000 0 0 0 0 -35.0000 -176.0000 0 0 0 0 0 0 0 0 0 0 0 113.0000 0 0 0 0 0 -113.0000 0 0 0 0 0 0 0 0 0 0 -5.2919 -172.0000 0 0 172.0000 0 0 0 0 0 0 0 0 0 0 -5.1162 172.0000 0 4.3719 172.0000 0 0 0 0 0 0 0 0 0 12.7924 0 0 0 0 0 0 0 0 0 0 0 1.8730 0 0 0 0 0 0 0 0 0 0 0 0 0 0 0 0 0 0 0 0 0 0 0 0 0 0 0 0 0 82.0456 21.4881 7.7480 -8.3289 -8.7181 22.8710 0.3524 3.7580 1.3257 0 0 0 -4.0636 0 -1.1935 34.4833 0 0 11.5779 0 0 0 0 0 -4.0560 17.6735 -2.2225 35.5492 0 -3.7900 12.6613 0 0 0 0 0 0 0 0 -4.1563 4.4626 -3.0246 29.7910 0 -2.1648 14.3053 0 0 0 0 0 0 0 0 -2.1053 0.1580 -12.1092 29.1426 0 -3.9273 29.7242 0 0 -25.3481 -29.8745 -26.1695 -13.3974 11.8874 -16.2715 19.5937 -26.2937 -2.6223 32.5406 -25.9692 9.3265 0 0 0 -72.5261 7.3468 -30.0242 1.9161 9.5839 -10.6141 1.0988 -1.6245 -2.1825 0 0 0 -2.1297 0 16.6481 -5.6485 0 0 -7.6307 0 0 0 0 0 6.8554 0 9.5451 -16.3400 0 0 -5.1483 0 0 0 0 0 0 0 0 9.9795 0 8.6575 -5.9834 0 0 -8.0685 0 0 0 0 0 0 0 0 9.8446 0 14.8836 -4.7539 0 0 -27.2471 0 0 1.0979 1.2446 30.1261 17.6323 0.7972 25.1484 -13.7234 31.7686 -14.6231 -36.2637 25.6127 0 0 0 0 -2.7995 -1.1651 13.1118 1.4734 36.8442 -0.0000 16.7377 -10.0000 0.0000 0 0 0 0 0 0 0 0 0 0 0 0 0 0 0 0 0 0 0 0 0 0 0 0 0 0 0 0 0 0 0 0 0 0 0 0 0 0 0 0 0 0 0 0 0 8.1090 20.4243 -8.5276 1.4297 20.0492 0.0000 35.1193 27.9999 -0.0000 0 0 0 0 0 0 0 0 0 0 0 0 0 0 0 0 0 0 0 0 0 0 0 0 0 0 0 0 0 0 0 0 0 0 0 0 0 0 0 0 0 0
-0.1653 8.4365 -102.0308 -7.5596 -9.5248 -13.2834 0 0 0 0 0 0 0 0 0 9.3954 -7.6690 0.7934 0 0 0 0 0 0 0 8.0501 -0.0039 0 0 0 0 0 0 0 0 0 0 0 0 0 0 172.0000 0 0 0 0 0 172.0000 0 0 0 0 0 0 0 0 0 0 0 0 0 0 0 0 0 0 0 0 0 0 0 0 0 0 0 0 0 0 0 0 0 0 0 0 0 0 0 0 0 0 0 0 0 0 0 0 0 0 0 0 0 0 0 0 0 0 0 0 0 0 0 0 0 0 0 0 0 0 0 0 0 0 0 0 -40.0000 172.0000 0 0 0 0 -40.0000 179.0000 0 0 0 0 -35.0000 -176.0000 0 0 0 0 0 0 0 0 0 0 0 113.0000 0 0 0 0 0 -113.0000 0 0 0 0 0 0 0 0 0 0 -4.5638 -172.0000 0 0 172.0000 0 0 0 0 0 0 0 0 0 0 -4.4658 172.0000 0 3.6010 172.0000 0 0 0 0 0 0 0 0 0 17.3854 0 0 0 0 0 0 0 0 0 0 0 8.2713 0 0 0 0 0 0 0 0 0 0 0 0 0 0 0 0 0 0 0 0 0 0 0 0 0 0 0 0 0 85.9205 30.1992 8.2301 -7.2936 -8.0124 21.9624 0.6116 2.3104 0.6061 0 0 0 -2.5666 0 -7.5780 17.4393 0 0 11.2655 0 0 0 0 0 -1.4053 17.5566 -6.0639 21.9873 0 -3.7492 8.6147 0 0 0 0 0 0 0 0 -4.1983 4.4232 -5.9125 15.4743 0 -2.1381 12.3963 0 0 0 0 0 0 0 0 -2.4829 0.1458 -11.7687 17.2742 0 -3.9313 32.2770 0 0 -26.9503 -31.4768 -24.5664 -12.7733 10.7760 -14.5453 17.9650 -22.6591 -0.9255 27.9235 -26.1076 9.4711 0 0 0 -72.8728 7.2699 -30.6703 0.9942 9.4959 -10.3673 1.1144 -3.7920 -1.4690 0 0 0 1.9444 0 16.0183 -6.0157 0 0 -8.8835 0 0 0 0 0 4.8385 0 8.2617 -13.2211 0 0 -4.7152 0 0 0 0 0 0 0 0 9.1425 0 6.2080 -5.7356 0 0 -9.3945 0 0 0 0 0 0 0 0 8.5888 0 8.7705 -6.7144 0 0 -30.8763 0 0 10.9806 -1.5749 21.2037 11.6758 -1.7374 23.0108 -14.5667 26.8681 -13.9249 -29.7179 25.6656 0 0 0 0 -1.1413 1.9794 13.9307 2.1193 37.9803 -0.0000 17.0364 -10.0000 0.0000 0 0 0 0 0 0 0 0 0 0 0 0 0 0 0 0 0 0 0 0 0 0 0 0 0 0 0 0 0 0 0 0 0 0 0 0 0 0 0 0 0 0 0 0 0 5.8585 19.6190 -6.4828 0.2629 19.0086 0.0000 34.9229 27.9997 -0.0000 0 0 0 0 0 0 0 0 0 0 0 0 0 0 0 0 0 0 0 0 0 0 0 0 0 0 0 0 0 0 0 0 0 0 0 0 0 0 0 0 0 0
-0.8351 10.4580 -100.7209 -5.6916 -7.6358 -13.6581 0 0 0 0 0 0 0 0 0 11.2393 -7.2760 -1.0517 0 0 0 0 0 0 0 8.0501 -0.0039 0 0 0 0 0 0 0 0 0 0 0 0 0 0 172.0000 0 0 0 0 0 172.0000 0 0 0 0 0 0 0 0 0 0 0 0 0 0 0 0 0 0 0 0 0 0 0 0 0 0 0 0 0 0 0 0 0 0 0 0 0 0 0 0 0 0 0 0 0 0 0 0 0 0 0 0 0 0 0 0 0 0 0 0 0 0 0 0 0 0 0 0 0 0 0 0 0 0 0 0 -40.0000 172.0000 0 0 0 0 -40.0000 179.0000 0 0 0 0 -35.0000 -176.0000 0 0 0 0 0 0 0 0 0 0 0 113.0000 0 0 0 0 0 -113.0000 0 0 0 0 0 0 0 0 0 0 -4.4242 -172.0000 0 0 172.0000 0 0 0 0 0 0 0 0 0 0 -4.3408 172.0000 0 3.4446 172.0000 0 0 0 0 0 0 0 0 0 17.3399 0 0 0 0 0 0 0 0 0 0 0 3.3032 0 0 0 0 0 0 0 0 0 0 0 0 0 0 0 0 0 0 0 0 0 0 0 0 0 0 0 0 0 86.3009 29.7942 10.1999 -4.8640 -8.7966 19.3234 0.5743 3.2684 0.8315 0 0 0 1.4805 0 -13.2344 17.1745 0 0 11.7369 0 0 0 0 0 3.2940 19.3973 -8.8945 20.2487 0 -4.5492 6.9136 0 0 0 0 0 0 0 0 1.2637 6.0343 -8.1030 14.6022 0 -2.8686 11.7801 0 0 0 0 0 0 0 0 2.6764 0.9455 -11.5742 16.6512 0 -4.3256 33.4783 0 0 -27.2896 -28.9078 -27.1373 -11.3990 13.9125 -14.5089 18.2028 -19.4803 0.0564 23.4534 -27.0915 10.1895 0 0 0 -73.5568 7.7760 -31.3785 0.0000 9.4773 -10.2065 1.0641 -3.6326 -1.5112 0 0 0 3.3886 0 14.5875 -8.1801 0 0 -10.5402 0 0 0 0 0 1.2494 0 7.7787 -13.4579 0 0 -4.9309 0 0 0 0 0 0 0 0 6.0400 0 5.9016 -7.3414 0 0 -11.3145 0 0 0 0 0 0 0 0 5.6862 0 6.7085 -10.4781 0 0 -34.9875 0 0 24.2101 -7.2810 9.1844 7.3762 -6.4803 19.1173 -16.9037 22.6154 -15.7721 -23.2201 25.6582 0 0 0 0 0.0528 4.3300 14.5373 2.1209 38.7610 0.0000 17.3170 -10.0000 -0.0000 0 0 0 0 0 0 0 0 0 0 0 0 0 0 0 0 0 0 0 0 0 0 0 0 0 0 0 0 0 0 0 0 0 0 0 0 0 0 0 0 0 0 0 0 0 3.8058 18.6036 -4.8895 -0.7701 17.8148 -0.0000 34.5861 27.8516 0.0000 0 0 0 0 0 0 0 0 0 0 0 0 0 0 0 0 0 0 0 0 0 0 0 0 0 0 0 0 0 0 0 0 0 0 0 0 0 0 0 0 0 0
-1.3246 11.5097 -100.5555 -4.2073 -6.2194 -14.0898 0 0 0 0 0 0 0 0 0 12.8732 -6.2548 -2.7054 0 0 0 0 0 0 0 8.0501 -0.0039 0 0 0 0 0 0 0 0 0 0 0 0 0 0 172.0000 0 0 0 0 0 172.0000 0 0 0 0 0 0 0 0 0 0 0 0 0 0 0 0 0 0 0 0 0 0 0 0 0 0 0 0 0 0 0 0 0 0 0 0 0 0 0 0 0 0 0 0 0 0 0 0 0 0 0 0 0 0 0 0 0 0 0 0 0 0 0 0 0 0 0 0 0 0 0 0 0 0 0 0 -40.0000 172.0000 0 0 0 0 -40.0000 179.0000 0 0 0 0 -35.0000 -176.0000 0 0 0 0 0 0 0 0 0 0 0 113.0000 0 0 0 0 0 -113.0000 0 0 0 0 0 0 0 0 0 0 -4.2883 -172.0000 0 0 172.0000 0 0 0 0 0 0 0 0 0 0 -4.2012 172.0000 0 3.3144 172.0000 0 0 0 0 0 0 0 0 0 16.1059 0 0 0 0 0 0 0 0 0 0 0 2.8482 0 0 0 0 0 0 0 0 0 0 0 0 0 0 0 0 0 0 0 0 0 0 0 0 0 0 0 0 0 85.9845 23.7269 8.5798 -5.2528 -8.4871 18.7817 0.3597 6.6386 1.9293 0 0 0 9.2922 0 -16.0861 31.4177 0 0 11.4756 0 0 0 0 0 9.3069 23.5120 -10.1580 30.2829 0 -6.3819 7.4916 0 0 0 0 0 0 0 0 13.7644 9.6114 -8.7991 29.0191 0 -4.5054 9.8914 0 0 0 0 0 0 0 0 19.4254 2.6667 -13.1006 26.2946 0 -5.1585 27.8315 0 0 -28.1483 -22.8316 -33.2184 -11.7357 21.2626 -15.8708 19.3737 -17.8124 0.2575 22.9195 -29.2511 11.6402 0 0 0 -74.4306 8.1729 -32.1675 -0.9451 9.4869 -10.6439 0.9166 -0.8849 -2.3262 0 0 0 -1.8015 0 12.6428 -19.0169 0 0 -12.2394 0 0 0 0 0 -5.4161 0 6.6688 -21.1250 0 0 -6.6477 0 0 0 0 0 0 0 0 -2.9310 0 5.7201 -16.0707 0 0 -12.3762 0 0 0 0 0 0 0 0 -3.1287 0 8.4136 -18.2466 0 0 -34.9831 0 0 27.7109 -14.9951 9.4958 6.4314 -12.1813 14.4741 -19.3249 19.1577 -18.9534 -21.9831 25.5353 0 0 0 0 0.6005 5.6374 14.5847 1.8980 39.2252 0.0000 17.5349 -10.0000 -0.0000 0 0 0 0 0 0 0 0 0 0 0 0 0 0 0 0 0 0 0 0 0 0 0 0 0 0 0 0 0 0 0 0 0 0 0 0 0 0 0 0 0 0 0 0 0 2.5859 17.3481 -4.8372 -1.3535 17.0288 -0.0000 34.2102 27.4635 0.0000 0 0 0 0 0 0 0 0 0 0 0 0 0 0 0 0 0 0 0 0 0 0 0 0 0 0 0 0 0 0 0 0 0 0 0 0 0 0 0 0 0 0
-1.6098 11.8468 -100.4342 -3.0122 -5.2570 -14.9841 0 0 0 0 0 0 0 0 0 14.2530 -4.7458 -4.1716 0 0 0 0 0 0 0 8.0501 -0.0039 0 0 0 0 0 0 0 0 0 0 0 0 0 0 172.0000 0 0 0 0 0 172.0000 0 0 0 0 0 0 0 0 0 0 0 0 0 0 0 0 0 0 0 0 0 0 0 0 0 0 0 0 0 0 0 0 0 0 0 0 0 0 0 0 0 0 0 0 0 0 0 0 0 0 0 0 0 0 0 0 0 0 0 0 0 0 0 0 0 0 0 0 0 0 0 0 0 0 0 0 -40.0000 172.0000 0 0 0 0 -40.0000 179.0000 0 0 0 0 -35.0000 -176.0000 0 0 0 0 0 0 0 0 0 0 0 113.0000 0 0 0 0 0 -113.0000 0 0 0 0 0 0 0 0 0 0 -3.9241 -172.0000 0 0 172.0000 0 0 0 0 0 0 0 0 0 0 -3.8389 172.0000 0 2.9726 172.0000 0 0 0 0 0 0 0 0 0 15.3451 0 0 0 0 0 0 0 0 0 0 0 6.9226 0 0 0 0 0 0 0 0 0 0 0 0 0 0 0 0 0 0 0 0 0 0 0 0 0 0 0 0 0 86.1977 18.5770 5.3267 -7.8862 -8.8403 18.7088 -0.0057 11.3184 3.5315 0 0 0 14.1914 0 -14.5048 36.5724 0 0 8.3124 0 0 0 0 0 12.6747 26.0400 -9.6059 34.8005 0 -7.5749 6.7859 0 0 0 0 0 0 0 0 24.0312 11.7522 -8.1360 37.6450 0 -5.5198 5.9709 0 0 0 0 0 0 0 0 35.2631 3.5284 -12.6312 29.3264 0 -5.5476 17.7026 0 0 -29.3492 -18.9141 -37.1394 -10.4433 24.4162 -16.6963 19.9501 -18.2278 0.1406 22.5511 -30.2029 12.6107 0 0 0 -76.4357 7.1718 -34.7769 -2.1104 9.4973 -12.0014 0.9892 3.3012 -3.5547 0 0 0 -13.3914 0 10.3141 -36.7906 0 0 -12.8966 0 0 0 0 0 -15.0993 0 3.8517 -34.8831 0 0 -8.5262 0 0 0 0 0 0 0 0 -19.1774 0 3.3877 -33.6819 0 0 -10.7162 0 0 0 0 0 0 0 0 -22.3757 0 10.4339 -29.8515 0 0 -28.3175 0 0 16.6423 -24.2719 30.3530 3.3192 -17.0277 10.6041 -21.3119 17.0780 -22.7174 -24.7740 25.3164 0 0 0 0 0.5586 6.6918 14.3110 1.8501 39.6957 0.0000 17.7576 -10.0000 -0.0000 0 0 0 0 0 0 0 0 0 0 0 0 0 0 0 0 0 0 0 0 0 0 0 0 0 0 0 0 0 0 0 0 0 0 0 0 0 0 0 0 0 0 0 0 0 1.9579 16.7276 -5.6806 -1.7601 16.8164 -0.0000 33.7703 26.9144 0.0000 0 0 0 0 0 0 0 0 0 0 0 0 0 0 0 0 0 0 0 0 0 0 0 0 0 0 0 0 0 0 0 0 0 0 0 0 0 0 0 0 0 0
-1.8477 11.6328 -100.0360 -1.9811 -4.8331 -15.7774 0 0 0 0 0 0 0 0 0 15.0480 -3.6306 -5.2760 0 0 0 0 0 0 0 8.0501 -0.0039 0 0 0 0 0 0 0 0 0 0 0 0 0 0 172.0000 0 0 0 0 0 172.0000 0 0 0 0 0 0 0 0 0 0 0 0 0 0 0 0 0 0 0 0 0 0 0 0 0 0 0 0 0 0 0 0 0 0 0 0 0 0 0 0 0 0 0 0 0 0 0 0 0 0 0 0 0 0 0 0 0 0 0 0 0 0 0 0 0 0 0 0 0 0 0 0 0 0 0 0 -40.0000 172.0000 0 0 0 0 -40.0000 179.0000 0 0 0 0 -35.0000 -176.0000 0 0 0 0 0 0 0 0 0 0 0 113.0000 0 0 0 0 0 -113.0000 0 0 0 0 0 0 0 0 0 0 -3.7195 -172.0000 0 0 172.0000 0 0 0 0 0 0 0 0 0 0 -3.6141 172.0000 0 2.7539 172.0000 0 0 0 0 0 0 0 0 0 15.2948 0 0 0 0 0 0 0 0 0 0 0 7.7548 0 0 0 0 0 0 0 0 0 0 0 0 0 0 0 0 0 0 0 0 0 0 0 0 0 0 0 0 0 86.3500 16.3484 3.8847 -10.1557 -9.4173 18.4582 -0.5056 15.9437 5.2197 0 0 0 12.1104 0 -10.0750 29.3231 0 0 3.9713 0 0 0 0 0 13.0991 26.3529 -6.3754 28.9984 0 -7.7665 4.8390 0 0 0 0 0 0 0 0 26.9813 11.9259 -5.7984 30.2819 0 -5.6532 2.9583 0 0 0 0 0 0 0 0 35.2042 3.4581 -9.5195 22.4572 0 -5.4373 9.5249 0 0 -29.9068 -18.5739 -37.4802 -8.5955 22.0018 -16.7992 20.5581 -17.4845 0.0142 22.4835 -28.5755 12.7253 0 0 0 -79.8110 4.8354 -39.0418 -3.0411 8.8952 -13.8894 1.3244 7.8970 -4.9760 0 0 0 -20.4455 0 7.2783 -41.4727 0 0 -10.1329 0 0 0 0 0 -19.4981 0 2.4887 -39.1718 0 0 -7.8240 0 0 0 0 0 0 0 0 -30.1849 0 2.1555 -41.6795 0 0 -6.5026 0 0 0 0 0 0 0 0 -38.3323 0 10.4139 -31.8131 0 0 -17.7548 0 0 4.6406 -30.7407 51.7172 -1.9430 -18.3926 9.6001 -21.7285 16.9203 -26.4847 -25.4648 25.2343 0 0 0 0 0.1084 7.5338 14.4894 1.7379 39.9967 0.0000 17.9791 -10.0000 -0.0000 0 0 0 0 0 0 0 0 0 0 0 0 0 0 0 0 0 0 0 0 0 0 0 0 0 0 0 0 0 0 0 0 0 0 0 0 0 0 0 0 0 0 0 0 0 1.1794 17.1814 -6.4984 -2.3438 17.0861 -0.0000 33.0012 26.1244 0.0000 0 0 0 0 0 0 0 0 0 0 0 0 0 0 0 0 0 0 0 0 0 0 0 0 0 0 0 0 0 0 0 0 0 0 0 0 0 0 0 0 0 0
-2.2367 10.8305 -99.6097 -1.0535 -5.0575 -16.1479 0 0 0 0 0 0 0 0 0 15.2094 -3.0306 -6.0519 0 0 0 0 0 0 0 8.0501 -0.0039 0 0 0 0 0 0 0 0 0 0 0 0 0 0 172.0000 0 0 0 0 0 172.0000 0 0 0 0 0 0 0 0 0 0 0 0 0 0 0 0 0 0 0 0 0 0 0 0 0 0 0 0 0 0 0 0 0 0 0 0 0 0 0 0 0 0 0 0 0 0 0 0 0 0 0 0 0 0 0 0 0 0 0 0 0 0 0 0 0 0 0 0 0 0 0 0 0 0 0 0 -40.0000 172.0000 0 0 0 0 -40.0000 179.0000 0 0 0 0 -35.0000 -176.0000 0 0 0 0 0 0 0 0 0 0 0 113.0000 0 0 0 0 0 -113.0000 0 0 0 0 0 0 0 0 0 0 -3.8381 -172.0000 0 0 172.0000 0 0 0 0 0 0 0 0 0 0 -3.6659 172.0000 0 2.7906 172.0000 0 0 0 0 0 0 0 0 0 15.4201 0 0 0 0 0 0 0 0 0 0 0 9.9231 0 0 0 0 0 0 0 0 0 0 0 0 0 0 0 0 0 0 0 0 0 0 0 0 0 0 0 0 0 86.4571 15.5583 4.7467 -11.2809 -10.5299 18.7852 -0.9488 18.4182 6.1751 0 0 0 8.1789 0 -7.3342 18.5339 0 0 2.0634 0 0 0 0 0 17.8955 26.6303 -2.9314 30.8503 0 -7.9331 4.1389 0 0 0 0 0 0 0 0 34.7067 12.1022 -3.7250 29.9082 0 -5.7928 5.9150 0 0 0 0 0 0 0 0 34.1547 3.4487 -8.6462 26.9703 0 -5.3599 9.3583 0 0 -29.3666 -19.3073 -37.6700 -8.3715 18.1331 -17.4075 22.2427 -15.8234 -0.3326 26.2130 -26.3112 12.5681 0 0 0 -82.7915 2.8441 -42.6187 -3.1496 7.3949 -15.5099 1.5488 11.6968 -6.1147 0 0 0 -17.0319 0 5.0587 -32.0964 0 0 -5.3636 0 0 0 0 0 -17.4589 0 1.9569 -31.3474 0 0 -5.4185 0 0 0 0 0 0 0 0 -30.7071 0 2.1796 -32.2783 0 0 -3.2107 0 0 0 0 0 0 0 0 -36.7623 0 8.6513 -23.3274 0 0 -9.4657 0 0 1.2135 -31.6206 59.3181 -0.8333 -17.9861 12.3648 -21.5353 16.1331 -28.9977 -25.0615 25.1807 0 0 0 0 -0.6029 7.9694 15.4988 1.3855 39.9450 -0.0000 18.2010 -10.0000 0.0000 0 0 0 0 0 0 0 0 0 0 0 0 0 0 0 0 0 0 0 0 0 0 0 0 0 0 0 0 0 0 0 0 0 0 0 0 0 0 0 0 0 0 0 0 0 0.2041 18.1959 -7.1939 -3.0457 17.5209 0.0000 32.1724 25.2960 -0.0000 0 0 0 0 0 0 0 0 0 0 0 0 0 0 0 0 0 0 0 0 0 0 0 0 0 0 0 0 0 0 0 0 0 0 0 0 0 0 0 0 0 0
-2.9387 9.6295 -99.2564 -0.3362 -5.4374 -16.4265 0 0 0 0 0 0 0 0 0 15.1183 -2.6112 -6.5363 0 0 0 0 0 0 0 8.0501 -0.0039 0 0 0 0 0 0 0 0 0 0 0 0 0 0 172.0000 0 0 0 0 0 172.0000 0 0 0 0 0 0 0 0 0 0 0 0 0 0 0 0 0 0 0 0 0 0 0 0 0 0 0 0 0 0 0 0 0 0 0 0 0 0 0 0 0 0 0 0 0 0 0 0 0 0 0 0 0 0 0 0 0 0 0 0 0 0 0 0 0 0 0 0 0 0 0 0 0 0 0 0 -40.0000 172.0000 0 0 0 0 -40.0000 179.0000 0 0 0 0 -35.0000 -176.0000 0 0 0 0 0 0 0 0 0 0 0 113.0000 0 0 0 0 0 -113.0000 0 0 0 0 0 0 0 0 0 0 -3.9439 -172.0000 0 0 172.0000 0 0 0 0 0 0 0 0 0 0 -3.7062 172.0000 0 2.8118 172.0000 0 0 0 0 0 0 0 0 0 15.4606 0 0 0 0 0 0 0 0 0 0 0 13.7621 0 0 0 0 0 0 0 0 0 0 0 0 0 0 0 0 0 0 0 0 0 0 0 0 0 0 0 0 0 87.2746 15.1743 5.5135 -11.3414 -10.3621 19.1465 -1.1427 17.7098 5.9392 0 0 0 6.9930 0 -7.2268 8.8894 0 0 3.1129 0 0 0 0 0 29.4579 26.8587 -1.8376 48.8097 0 -8.0987 5.5845 0 0 0 0 0 0 0 0 53.4770 12.2720 -3.3171 50.7534 0 -5.9231 16.5171 0 0 0 0 0 0 0 0 48.3022 3.4354 -11.6510 52.2118 0 -5.3273 18.2462 0 0 -28.3582 -20.0596 -38.5570 -8.7900 13.9136 -16.9852 22.6275 -15.6288 -0.8139 29.4529 -25.1989 12.3753 0 0 0 -83.9385 1.8151 -44.4201 -2.5914 6.2774 -16.4687 1.4593 13.2803 -6.3873 0 0 0 -11.9698 0 4.6979 -23.6298 0 0 -2.7251 0 0 0 0 0 -19.6993 0 1.1618 -31.5293 0 0 -4.3062 0 0 0 0 0 0 0 0 -36.0311 0 2.3704 -30.4181 0 0 -6.0242 0 0 0 0 0 0 0 0 -34.4708 0 8.8448 -26.9486 0 0 -9.3215 0 0 2.0270 -30.2611 58.8534 5.5366 -16.8299 16.1016 -22.1751 15.2326 -29.1041 -28.4463 25.0439 0 0 0 0 -1.2390 8.1959 16.3092 1.1624 39.8688 -0.0000 18.3645 -10.0000 0.0000 0 0 0 0 0 0 0 0 0 0 0 0 0 0 0 0 0 0 0 0 0 0 0 0 0 0 0 0 0 0 0 0 0 0 0 0 0 0 0 0 0 0 0 0 0 -0.3428 19.0444 -7.9246 -3.5601 17.9363 0.0000 31.7692 24.9243 -0.0000 0 0 0 0 0 0 0 0 0 0 0 0 0 0 0 0 0 0 0 0 0 0 0 0 0 0 0 0 0 0 0 0 0 0 0 0 0 0 0 0 0 0
-3.9639 8.4163 -99.2059 0.0694 -5.5199 -16.7398 0 0 0 0 0 0 0 0 0 15.0070 -2.4429 -6.6513 0 0 0 0 0 0 0 8.0501 -0.0039 0 0 0 0 0 0 0 0 0 0 0 0 0 0 172.0000 0 0 0 0 0 172.0000 0 0 0 0 0 0 0 0 0 0 0 0 0 0 0 0 0 0 0 0 0 0 0 0 0 0 0 0 0 0 0 0 0 0 0 0 0 0 0 0 0 0 0 0 0 0 0 0 0 0 0 0 0 0 0 0 0 0 0 0 0 0 0 0 0 0 0 0 0 0 0 0 0 0 0 0 -40.0000 172.0000 0 0 0 0 -40.0000 179.0000 0 0 0 0 -35.0000 -176.0000 0 0 0 0 0 0 0 0 0 0 0 113.0000 0 0 0 0 0 -113.0000 0 0 0 0 0 0 0 0 0 0 -3.8517 -172.0000 0 0 172.0000 0 0 0 0 0 0 0 0 0 0 -3.6128 172.0000 0 2.7041 172.0000 0 0 0 0 0 0 0 0 0 13.9983 0 0 0 0 0 0 0 0 0 0 0 10.7350 0 0 0 0 0 0 0 0 0 0 0 0 0 0 0 0 0 0 0 0 0 0 0 0 0 0 0 0 0 88.3739 16.0630 4.5266 -9.7183 -7.8051 17.8869 -1.1197 15.3518 5.0500 0 0 0 7.9380 0 -7.7831 4.4581 0 0 4.8671 0 0 0 0 0 39.4768 26.8193 -2.1913 66.8416 0 -8.0965 7.4856 0 0 0 0 0 0 0 0 69.9288 12.2339 -3.6312 73.1041 0 -5.9148 26.5956 0 0 0 0 0 0 0 0 64.8115 3.4115 -15.0061 76.7431 0 -5.3184 27.5131 0 0 -28.1469 -20.2090 -38.8194 -9.5971 10.5658 -15.0579 21.0324 -16.6026 -0.7269 29.1375 -25.4488 12.5020 0 0 0 -83.4961 1.1334 -44.8394 -2.2596 6.1494 -16.7932 1.2522 12.5445 -5.8516 0 0 0 -11.2082 0 6.0926 -19.8072 0 0 -3.2434 0 0 0 0 0 -29.8682 0 1.4627 -48.6554 0 0 -5.5226 0 0 0 0 0 0 0 0 -53.5295 0 3.1104 -50.6017 0 0 -16.5199 0 0 0 0 0 0 0 0 -48.0910 0 12.1241 -51.9579 0 0 -18.2196 0 0 2.6297 -29.2769 57.0807 10.0734 -13.5076 16.8707 -21.6335 15.9000 -28.5575 -30.6686 25.0776 0 0 0 0 -1.6266 8.3819 16.1907 1.3400 40.0155 -0.0000 18.4325 -10.0000 0.0000 0 0 0 0 0 0 0 0 0 0 0 0 0 0 0 0 0 0 0 0 0 0 0 0 0 0 0 0 0 0 0 0 0 0 0 0 0 0 0 0 0 0 0 0 0 -0.2596 19.4463 -8.5064 -3.6921 18.2097 0.0000 31.7023 24.9632 -0.0000 0 0 0 0 0 0 0 0 0 0 0 0 0 0 0 0 0 0 0 0 0 0 0 0 0 0 0 0 0 0 0 0 0 0 0 0 0 0 0 0 0 0
-5.0248 7.0322 -98.8043 0.5199 -5.5759 -17.1299 0 0 0 0 0 0 0 0 0 13.9937 -1.7545 -5.6611 0 0 0 0 0 0 0 8.0501 -0.0039 0 0 0 0 0 0 0 0 0 0 0 0 0 0 172.0000 0 0 0 0 0 172.0000 0 0 0 0 0 0 0 0 0 0 0 0 0 0 0 0 0 0 0 0 0 0 0 0 0 0 0 0 0 0 0 0 0 0 0 0 0 0 0 0 0 0 0 0 0 0 0 0 0 0 0 0 0 0 0 0 0 0 0 0 0 0 0 0 0 0 0 0 0 0 0 0 0 0 0 0 -40.0000 172.0000 0 0 0 0 -40.0000 179.0000 0 0 0 0 -35.0000 -176.0000 0 0 0 0 0 0 0 0 0 0 0 113.0000 0 0 0 0 0 -113.0000 0 0 0 0 0 0 0 0 0 0 -3.8160 -172.0000 0 0 172.0000 0 0 0 0 0 0 0 0 0 0 -3.6413 172.0000 0 2.7081 172.0000 0 0 0 0 0 0 0 0 0 6.8116 0 0 0 0 0 0 0 0 0 0 0 -2.0049 0 0 0 0 0 0 0 0 0 0 0 0 0 0 0 0 0 0 0 0 0 0 0 0 0 0 0 0 0 89.0006 17.4826 6.0247 -5.1077 -3.6874 21.6977 -0.7906 12.5053 3.9004 0 0 0 8.9577 0 -8.0406 4.0692 0 0 5.7306 0 0 0 0 0 42.9657 26.7927 -2.6187 73.6468 0 -8.0713 8.2905 0 0 0 0 0 0 0 0 75.5924 12.2162 -3.8966 81.9122 0 -5.8964 30.2785 0 0 0 0 0 0 0 0 71.5953 3.4301 -16.4041 85.8605 0 -5.3261 31.1102 0 0 -28.3507 -20.0588 -38.6229 -10.5435 8.9864 -13.4466 19.5581 -17.6459 -0.2552 28.0042 -26.2269 12.8799 0 0 0 -82.3663 0.4933 -45.1842 -3.5118 6.7771 -15.7537 0.9072 9.5884 -4.9294 0 0 0 -11.2022 0 8.4469 -14.1676 0 0 -4.7813 0 0 0 0 0 -39.3525 0 2.3293 -66.5219 0 0 -7.3803 0 0 0 0 0 0 0 0 -69.6156 0 3.8012 -72.8449 0 0 -26.5521 0 0 0 0 0 0 0 0 -64.5711 0 15.2659 -76.5781 0 0 -27.4907 0 0 2.6002 -28.9552 56.2177 11.5608 -10.2454 15.3715 -19.9770 16.8015 -28.6931 -29.4197 25.2413 0 0 0 0 -1.7963 8.5179 15.7331 1.6195 40.2156 0.0000 18.4454 -10.0000 -0.0000 0 0 0 0 0 0 0 0 0 0 0 0 0 0 0 0 0 0 0 0 0 0 0 0 0 0 0 0 0 0 0 0 0 0 0 0 0 0 0 0 0 0 0 0 0 -0.1816 20.2944 -9.4425 -3.7989 18.5680 -0.0000 31.1598 25.4904 0.0000 0 0 0 0 0 0 0 0 0 0 0 0 0 0 0 0 0 0 0 0 0 0 0 0 0 0 0 0 0 0 0 0 0 0 0 0 0 0 0 0 0 0
-5.9121 5.4969 -97.5990 1.2077 -5.4286 -17.6085 0 0 0 0 0 0 0 0 0 11.0707 -0.1606 -2.7369 0 0 0 0 0 0 0 8.0501 -0.0039 0 0 0 0 0 0 0 0 0 0 0 0 0 0 172.0000 0 0 0 0 0 172.0000 0 0 0 0 0 0 0 0 0 0 0 0 0 0 0 0 0 0 0 0 0 0 0 0 0 0 0 0 0 0 0 0 0 0 0 0 0 0 0 0 0 0 0 0 0 0 0 0 0 0 0 0 0 0 0 0 0 0 0 0 0 0 0 0 0 0 0 0 0 0 0 0 0 0 0 0 -40.0000 172.0000 0 0 0 0 -40.0000 179.0000 0 0 0 0 -35.0000 -176.0000 0 0 0 0 0 0 0 0 0 0 0 113.0000 0 0 0 0 0 -113.0000 0 0 0 0 0 0 0 0 0 0 -4.2173 -172.0000 0 0 172.0000 0 0 0 0 0 0 0 0 0 0 -4.0729 172.0000 0 3.0978 172.0000 0 0 0 0 0 0 0 0 0 -5.3813 0 0 0 0 0 0 0 0 0 0 0 -13.9271 0 0 0 0 0 0 0 0 0 0 0 0 0 0 0 0 0 0 0 0 0 0 0 0 0 0 0 0 0 88.8036 16.7853 13.3391 4.5408 2.3622 35.2911 0.1156 8.8539 2.3492 0 0 0 9.3196 0 -8.1452 4.8770 0 0 5.8453 0 0 0 0 0 42.7210 26.8048 -2.7987 73.5323 0 -8.0773 8.3326 0 0 0 0 0 0 0 0 75.1498 12.2261 -3.9856 82.0017 0 -5.9018 30.1398 0 0 0 0 0 0 0 0 71.8501 3.4097 -16.4335 85.6454 0 -5.2985 31.1127 0 0 -28.3377 -20.0694 -38.6264 -11.1304 8.6467 -12.7753 19.0505 -18.0355 0.0165 27.7099 -26.5676 13.1517 0 0 0 -81.0821 -0.2513 -44.7580 -6.9825 8.1171 -16.1562 0.3867 3.9803 -3.6066 0 0 0 -10.1906 0 9.5220 -7.4663 0 0 -5.6460 0 0 0 0 0 -42.7901 0 2.7944 -73.4856 0 0 -8.2401 0 0 0 0 0 0 0 0 -75.3855 0 4.0517 -81.7879 0 0 -30.2509 0 0 0 0 0 0 0 0 -71.5155 0 16.4295 -85.8322 0 0 -31.1016 0 0 2.4370 -28.9923 56.1085 11.3650 -9.0250 14.2291 -19.0991 17.2193 -28.9279 -28.1093 25.3359 0 0 0 0 -1.8083 8.5575 15.4778 1.7501 40.3045 0.0000 18.4371 -10.0000 -0.0000 0 0 0 0 0 0 0 0 0 0 0 0 0 0 0 0 0 0 0 0 0 0 0 0 0 0 0 0 0 0 0 0 0 0 0 0 0 0 0 0 0 0 0 0 0 -0.5728 22.1375 -11.3896 -4.2455 19.1688 -0.0000 29.7502 26.7005 0.0000 0 0 0 0 0 0 0 0 0 0 0 0 0 0 0 0 0 0 0 0 0 0 0 0 0 0 0 0 0 0 0 0 0 0 0 0 0 0 0 0 0 0
-6.5747 4.6512 -96.5745 1.8800 -4.6176 -17.9859 0 0 0 0 0 0 0 0 0 7.1446 1.0282 1.1878 0 0 0 0 0 0 0 8.0501 -0.0039 0 0 0 0 0 0 0 0 0 0 0 0 0 0 172.0000 0 0 0 0 0 172.0000 0 0 0 0 0 0 0 0 0 0 0 0 0 0 0 0 0 0 0 0 0 0 0 0 0 0 0 0 0 0 0 0 0 0 0 0 0 0 0 0 0 0 0 0 0 0 0 0 0 0 0 0 0 0 0 0 0 0 0 0 0 0 0 0 0 0 0 0 0 0 0 0 0 0 0 0 -40.0000 172.0000 0 0 0 0 -40.0000 179.0000 0 0 0 0 -35.0000 -176.0000 0 0 0 0 0 0 0 0 0 0 0 113.0000 0 0 0 0 0 -113.0000 0 0 0 0 0 0 0 0 0 0 -5.0747 -172.0000 0 0 172.0000 0 0 0 0 0 0 0 0 0 0 -4.7665 172.0000 0 3.8148 172.0000 0 0 0 0 0 0 0 0 0 -14.4905 0 0 0 0 0 0 0 0 0 0 0 -16.7680 0 0 0 0 0 0 0 0 0 0 0 0 0 0 0 0 0 0 0 0 0 0 0 0 0 0 0 0 0 87.4034 14.1546 19.9785 15.3994 7.5426 48.6758 1.2991 4.7400 0.6459 0 0 0 9.1869 0 -8.2250 5.4463 0 0 5.7099 0 0 0 0 0 41.7304 26.8062 -2.8076 71.8253 0 -8.0799 8.1653 0 0 0 0 0 0 0 0 73.5137 12.2266 -3.9771 79.9397 0 -5.9035 29.1683 0 0 0 0 0 0 0 0 70.4196 3.3637 -16.0879 83.3478 0 -5.2486 30.2489 0 0 -28.3090 -20.0903 -38.6561 -11.4273 8.6441 -12.6045 19.1086 -18.0078 0.0716 28.0412 -26.4924 13.3881 0 0 0 -80.0591 -0.9696 -41.9215 -11.2674 9.2969 -19.0307 0.0590 -2.4762 -1.9045 0 0 0 -9.4478 0 9.0166 -4.6564 0 0 -5.8147 0 0 0 0 0 -42.6419 0 2.8745 -73.5092 0 0 -8.3267 0 0 0 0 0 0 0 0 -75.0968 0 4.0410 -81.9869 0 0 -30.1331 0 0 0 0 0 0 0 0 -71.8785 0 16.3985 -85.6549 0 0 -31.1122 0 0 2.3429 -29.0927 56.2483 10.8057 -9.1372 13.7558 -19.0436 17.3526 -29.1634 -27.5945 25.3579 0 0 0 0 -2.0259 9.2552 15.7772 2.0252 40.3882 0.0000 18.7523 -10.0000 -0.0000 0 0 0 0 0 0 0 0 0 0 0 0 0 0 0 0 0 0 0 0 0 0 0 0 0 0 0 0 0 0 0 0 0 0 0 0 0 0 0 0 0 0 0 0 0 -0.7980 23.7642 -13.2612 -4.9053 19.2877 -0.0000 28.1098 27.7973 0.0000 0 0 0 0 0 0 0 0 0 0 0 0 0 0 0 0 0 0 0 0 0 0 0 0 0 0 0 0 0 0 0 0 0 0 0 0 0 0 0 0 0 0
-6.9818 4.8599 -96.2151 2.6444 -3.7334 -18.2823 0 0 0 0 0 0 0 0 0 2.5976 1.0142 5.7306 0 0 0 0 0 0 0 8.0501 -0.0039 0 0 0 0 0 0 0 0 0 0 0 0 0 0 172.0000 0 0 0 0 0 172.0000 0 0 0 0 0 0 0 0 0 0 0 0 0 0 0 0 0 0 0 0 0 0 0 0 0 0 0 0 0 0 0 0 0 0 0 0 0 0 0 0 0 0 0 0 0 0 0 0 0 0 0 0 0 0 0 0 0 0 0 0 0 0 0 0 0 0 0 0 0 0 0 0 0 0 0 0 -40.0000 172.0000 0 0 0 0 -40.0000 179.0000 0 0 0 0 -35.0000 -176.0000 0 0 0 0 0 0 0 0 0 0 0 113.0000 0 0 0 0 0 -113.0000 0 0 0 0 0 0 0 0 0 0 -5.8266 -172.0000 0 0 172.0000 0 0 0 0 0 0 0 0 0 0 -5.2880 172.0000 0 4.4398 172.0000 0 0 0 0 0 0 0 0 0 -17.1887 0 0 0 0 0 0 0 0 0 0 0 -9.8258 0 0 0 0 0 0 0 0 0 0 0 0 0 0 0 0 0 0 0 0 0 0 0 0 0 0 0 0 0 84.3919 12.9485 20.9568 22.7430 9.3012 56.2530 1.8367 0.8220 -0.7458 0 0 0 8.9941 0 -8.2375 5.6077 0 0 5.5983 0 0 0 0 0 41.1749 26.8040 -2.7699 70.7941 0 -8.0784 8.0513 0 0 0 0 0 0 0 0 72.6054 12.2249 -3.9504 78.6393 0 -5.9023 28.5992 0 0 0 0 0 0 0 0 69.4837 3.3290 -15.8659 81.9712 0 -5.2125 29.7125 0 0 -28.3175 -20.0840 -38.6489 -11.2879 8.7616 -12.6677 19.2912 -17.8725 0.0404 28.3053 -26.2714 13.6368 0 0 0 -78.3783 8.3997 -34.2693 -9.3065 6.6285 -22.7446 0.3560 -7.6159 -0.3302 0 0 0 -9.0676 0 8.3795 -4.5152 0 0 -5.7116 0 0 0 0 0 -41.7236 0 2.8124 -71.8497 0 0 -8.1737 0 0 0 0 0 0 0 0 -73.5306 0 3.9741 -79.9604 0 0 -29.1708 0 0 0 0 0 0 0 0 -70.4496 0 16.0964 -83.3218 0 0 -30.2508 0 0 2.3238 -29.1460 56.3613 10.4485 -9.6040 13.6345 -19.2920 17.4066 -29.3565 -27.5892 25.3506 0 0 0 0 -2.8182 11.3322 16.8633 2.6050 40.3637 0.0000 19.8128 -10.0000 -0.0000 0 0 0 0 0 0 0 0 0 0 0 0 0 0 0 0 0 0 0 0 0 0 0 0 0 0 0 0 0 0 0 0 0 0 0 0 0 0 0 0 0 0 0 0 0 -0.3547 24.4742 -14.5273 -5.9062 18.4650 -0.0000 26.1984 27.3244 0.0000 0 0 0 0 0 0 0 0 0 0 0 0 0 0 0 0 0 0 0 0 0 0 0 0 0 0 0 0 0 0 0 0 0 0 0 0 0 0 0 0 0 0
-7.2060 5.5824 -96.3127 3.4927 -3.1771 -18.4638 0 0 0 0 0 0 0 0 0 -2.4223 -0.0264 10.7469 0 0 0 0 0 0 0 8.0501 -0.0039 0 0 0 0 0 0 0 0 0 0 0 0 0 0 172.0000 0 0 0 0 0 172.0000 0 0 0 0 0 0 0 0 0 0 0 0 0 0 0 0 0 0 0 0 0 0 0 0 0 0 0 0 0 0 0 0 0 0 0 0 0 0 0 0 0 0 0 0 0 0 0 0 0 0 0 0 0 0 0 0 0 0 0 0 0 0 0 0 0 0 0 0 0 0 0 0 0 0 0 0 -40.0000 172.0000 0 0 0 0 -40.0000 179.0000 0 0 0 0 -35.0000 -176.0000 0 0 0 0 0 0 0 0 0 0 0 113.0000 0 0 0 0 0 -113.0000 0 0 0 0 0 0 0 0 0 0 -6.4339 -172.0000 0 0 172.0000 0 0 0 0 0 0 0 0 0 0 -5.6409 172.0000 0 4.9797 172.0000 0 0 0 0 0 0 0 0 0 -16.6674 0 0 0 0 0 0 0 0 0 0 0 2.9064 0 0 0 0 0 0 0 0 0 0 0 0 0 0 0 0 0 0 0 0 0 0 0 0 0 0 0 0 0 81.2692 13.9265 19.9139 27.3255 9.1464 61.0241 1.3947 -2.6560 -1.7435 0 0 0 9.0228 0 -8.3004 5.5916 0 0 5.5613 0 0 0 0 0 41.0685 26.8043 -2.7443 70.5650 0 -8.0783 8.0209 0 0 0 0 0 0 0 0 72.4354 12.2252 -3.9358 78.3285 0 -5.9023 28.4797 0 0 0 0 0 0 0 0 69.2532 3.2869 -15.8330 81.6716 0 -5.1749 29.5870 0 0 -28.3200 -20.0821 -38.6459 -11.1745 8.8977 -12.7808 19.4924 -17.7749 0.0079 28.4913 -25.9068 13.9901 0 0 0 -74.3585 31.7720 -22.4832 2.3987 -1.2523 -29.9592 1.5602 -11.5081 1.0638 0 0 0 -8.9337 0 8.0795 -5.1052 0 0 -5.6069 0 0 0 0 0 -41.1897 0 2.7546 -70.8148 0 0 -8.0580 0 0 0 0 0 0 0 0 -72.6286 0 3.9352 -78.6557 0 0 -28.6023 0 0 0 0 0 0 0 0 -69.4623 0 15.9329 -81.9057 0 0 -29.7140 0 0 2.3345 -29.1550 56.3977 10.3365 -9.9366 13.6932 -19.4791 17.4278 -29.4076 -27.7096 25.3412 0 0 0 0 -3.7535 13.3970 17.9006 2.9156 39.9628 -0.0000 21.1038 -10.0000 0.0000 0 0 0 0 0 0 0 0 0 0 0 0 0 0 0 0 0 0 0 0 0 0 0 0 0 0 0 0 0 0 0 0 0 0 0 0 0 0 0 0 0 0 0 0 0 0.4414 24.7995 -15.7253 -7.3491 17.1880 0.0000 24.1327 25.2712 -0.0000 0 0 0 0 0 0 0 0 0 0 0 0 0 0 0 0 0 0 0 0 0 0 0 0 0 0 0 0 0 0 0 0 0 0 0 0 0 0 0 0 0 0
-7.2602 6.1107 -96.7600 3.9377 -2.7832 -18.5057 0 0 0 0 0 0 0 0 0 -5.3884 -1.2456 13.7112 0 0 0 0 0 0 0 8.0501 -0.0039 0 0 0 0 0 0 0 0 0 0 0 0 0 0 172.0000 0 0 0 0 0 172.0000 0 0 0 0 0 0 0 0 0 0 0 0 0 0 0 0 0 0 0 0 0 0 0 0 0 0 0 0 0 0 0 0 0 0 0 0 0 0 0 0 0 0 0 0 0 0 0 0 0 0 0 0 0 0 0 0 0 0 0 0 0 0 0 0 0 0 0 0 0 0 0 0 0 0 0 0 -40.0000 172.0000 0 0 0 0 -40.0000 179.0000 0 0 0 0 -35.0000 -176.0000 0 0 0 0 0 0 0 0 0 0 0 113.0000 0 0 0 0 0 -113.0000 0 0 0 0 0 0 0 0 0 0 -7.2179 -172.0000 0 0 172.0000 0 0 0 0 0 0 0 0 0 0 -5.8095 172.0000 0 5.9729 172.0000 0 0 0 0 0 0 0 0 0 -15.7384 0 0 0 0 0 0 0 0 0 0 0 7.2785 0 0 0 0 0 0 0 0 0 0 0 0 0 0 0 0 0 0 0 0 0 0 0 0 0 0 0 0 0 80.4840 14.4234 20.6476 30.4459 8.6277 64.1819 0.5942 -5.2638 -2.3728 0 0 0 8.5147 0 -9.0991 14.4732 0 0 5.2907 0 0 0 0 0 41.0678 26.9298 -3.7924 66.5754 0 -8.2445 8.3822 0 0 0 0 0 0 0 0 72.5087 12.3020 -4.4871 78.9839 0 -5.9319 28.7116 0 0 0 0 0 0 0 0 67.3066 3.2830 -14.8353 83.0599 0 -5.1795 28.1821 0 0 -28.3181 -20.0835 -38.6477 -9.9577 10.4047 -13.9238 20.8426 -16.2984 -0.0594 29.7492 -25.4014 14.4052 0 0 0 -70.4712 46.9932 -15.7726 11.2532 -5.7397 -34.2976 2.9342 -13.0642 2.0231 0 0 0 -8.9480 0 8.0405 -5.5052 0 0 -5.5667 0 0 0 0 0 -41.0793 0 2.7337 -70.5719 0 0 -8.0230 0 0 0 0 0 0 0 0 -72.4457 0 3.9272 -78.3337 0 0 -28.4811 0 0 0 0 0 0 0 0 -69.1780 0 15.9190 -81.5816 0 0 -29.5882 0 0 2.3458 -29.1477 56.3932 10.3559 -10.0335 13.8066 -19.5302 17.4227 -29.3560 -27.7858 25.3366 0 0 0 0 -4.1592 13.9281 18.0284 2.7264 39.4608 -0.0000 21.7723 -10.0000 0.0000 0 0 0 0 0 0 0 0 0 0 0 0 0 0 0 0 0 0 0 0 0 0 0 0 0 0 0 0 0 0 0 0 0 0 0 0 0 0 0 0 0 0 0 0 0 1.0007 25.4025 -16.2067 -8.5517 16.7147 0.0000 23.0773 23.8836 -0.0000 0 0 0 0 0 0 0 0 0 0 0 0 0 0 0 0 0 0 0 0 0 0 0 0 0 0 0 0 0 0 0 0 0 0 0 0 0 0 0 0 0 0
-7.0119 6.3343 -97.2206 4.3478 -2.2652 -18.7895 0 0 0 0 0 0 0 0 0 -6.8697 -1.9007 15.1705 0 0 0 0 0 0 0 8.0501 -0.0039 0 0 0 0 0 0 0 0 0 0 0 0 0 0 172.0000 0 0 0 0 0 172.0000 0 0 0 0 0 0 0 0 0 0 0 0 0 0 0 0 0 0 0 0 0 0 0 0 0 0 0 0 0 0 0 0 0 0 0 0 0 0 0 0 0 0 0 0 0 0 0 0 0 0 0 0 0 0 0 0 0 0 0 0 0 0 0 0 0 0 0 0 0 0 0 0 0 0 0 0 -40.0000 172.0000 0 0 0 0 -40.0000 179.0000 0 0 0 0 -35.0000 -176.0000 0 0 0 0 0 0 0 0 0 0 0 113.0000 0 0 0 0 0 -113.0000 0 0 0 0 0 0 0 0 0 0 -7.4255 -172.0000 0 0 172.0000 0 0 0 0 0 0 0 0 0 0 -5.5713 172.0000 0 6.9831 172.0000 0 0 0 0 0 0 0 0 0 -10.3850 0 0 0 0 0 0 0 0 0 0 0 -0.6370 0 0 0 0 0 0 0 0 0 0 0 0 0 0 0 0 0 0 0 0 0 0 0 0 0 0 0 0 0 81.6387 13.1812 22.6591 32.6484 8.3432 66.3469 -0.0862 -6.8184 -2.6630 0 0 0 6.8561 0 -10.9552 33.2641 0 0 4.5505 0 0 0 0 0 44.8256 27.1904 -6.4069 62.0663 0 -8.5477 11.0563 0 0 0 0 0 0 0 0 73.7313 12.5072 -5.9085 81.2996 0 -6.0072 30.2359 0 0 0 0 0 0 0 0 66.0332 3.3665 -11.7026 86.0696 0 -5.2745 26.8161 0 0 -28.3863 -20.0784 -38.6477 -5.7635 15.6782 -15.1978 23.2776 -9.4839 -0.2572 32.4304 -24.8028 14.4801 0 0 0 -69.9405 45.0581 -16.7460 9.7294 -6.6579 -32.3547 3.5519 -11.4570 2.0400 0 0 0 -8.0756 0 8.5406 -14.4456 0 0 -5.2458 0 0 0 0 0 -40.8521 0 3.5705 -66.4089 0 0 -8.3370 0 0 0 0 0 0 0 0 -72.4329 0 4.4087 -78.9538 0 0 -28.7124 0 0 0 0 0 0 0 0 -67.1233 0 14.7998 -82.9195 0 0 -28.1675 0 0 8.5339 -28.7973 53.9094 -1.3508 -11.3700 14.9392 -20.7298 15.7883 -30.3881 -29.7206 25.2006 0 0 0 0 -4.4405 13.9704 17.9768 2.2059 38.9976 -0.0000 22.1230 -10.0000 0.0000 0 0 0 0 0 0 0 0 0 0 0 0 0 0 0 0 0 0 0 0 0 0 0 0 0 0 0 0 0 0 0 0 0 0 0 0 0 0 0 0 0 0 0 0 0 0.7677 26.9869 -15.2586 -9.1163 17.5649 0.0000 22.7926 23.7053 -0.0000 0 0 0 0 0 0 0 0 0 0 0 0 0 0 0 0 0 0 0 0 0 0 0 0 0 0 0 0 0 0 0 0 0 0 0 0 0 0 0 0 0 0
-6.4816 6.5143 -97.6933 5.1428 -1.4215 -19.2573 0 0 0 0 0 0 0 0 0 -8.9426 -3.3521 18.1577 0 0 0 0 0 0 0 8.0501 -0.0039 0 0 0 0 0 0 0 0 0 0 0 0 0 0 172.0000 0 0 0 0 0 172.0000 0 0 0 0 0 0 0 0 0 0 0 0 0 0 0 0 0 0 0 0 0 0 0 0 0 0 0 0 0 0 0 0 0 0 0 0 0 0 0 0 0 0 0 0 0 0 0 0 0 0 0 0 0 0 0 0 0 0 0 0 0 0 0 0 0 0 0 0 0 0 0 0 0 0 0 0 -40.0000 172.0000 0 0 0 0 -40.0000 179.0000 0 0 0 0 -35.0000 -176.0000 0 0 0 0 0 0 0 0 0 0 0 113.0000 0 0 0 0 0 -113.0000 0 0 0 0 0 0 0 0 0 0 -6.4446 -172.0000 0 0 172.0000 0 0 0 0 0 0 0 0 0 0 -5.1452 172.0000 0 6.9320 172.0000 0 0 0 0 0 0 0 0 0 2.8256 0 0 0 0 0 0 0 0 0 0 0 -6.6759 0 0 0 0 0 0 0 0 0 0 0 0 0 0 0 0 0 0 0 0 0 0 0 0 0 0 0 0 0 82.7383 11.5068 24.9085 33.8056 8.2914 67.2252 -0.9879 -8.5633 -3.0613 0 0 0 5.9856 0 -13.8202 48.3692 0 0 6.6165 0 0 0 0 0 58.2106 27.6760 -8.9892 68.1282 0 -8.8620 18.7998 0 0 0 0 0 0 0 0 78.0827 13.2985 -7.7942 83.9320 0 -6.3127 33.1771 0 0 0 0 0 0 0 0 67.9767 2.3830 -9.4842 88.2371 0 -6.0168 29.2516 0 0 -29.8820 -20.0692 -38.6474 -2.7054 23.8196 -14.2704 22.9326 1.3377 -0.4183 33.5206 -24.8981 14.6489 0 0 0 -71.7346 40.1535 -20.0704 8.8568 -14.4081 -37.9189 4.6174 -11.9371 2.8664 0 0 0 -19.1686 0 8.8173 -40.5516 0 0 -5.1065 0 0 0 0 0 -48.0140 0 5.5102 -61.1610 0 0 -10.6771 0 0 0 0 0 0 0 0 -75.0377 0 5.1538 -80.2204 0 0 -28.8989 0 0 0 0 0 0 0 0 -66.8562 0 12.6323 -83.8168 0 0 -26.1850 0 0 18.1887 -23.7198 41.1568 -32.5579 -10.5009 20.5636 -25.0734 14.8013 -29.7245 -31.4372 23.8049 0 0 0 0 -5.0156 14.6081 18.4674 1.5275 38.5898 0.0000 22.7657 -10.0000 -0.0000 0 0 0 0 0 0 0 0 0 0 0 0 0 0 0 0 0 0 0 0 0 0 0 0 0 0 0 0 0 0 0 0 0 0 0 0 0 0 0 0 0 0 0 0 0 0.1316 29.3295 -13.7710 -9.5426 18.5581 -0.0000 22.3096 23.7644 0.0000 0 0 0 0 0 0 0 0 0 0 0 0 0 0 0 0 0 0 0 0 0 0 0 0 0 0 0 0 0 0 0 0 0 0 0 0 0 0 0 0 0 0
-5.9853 6.6540 -98.1779 5.6367 -0.8132 -19.5973 0 0 0 0 0 0 0 0 0 -9.5505 -6.3992 21.2589 0 0 0 0 0 0 0 8.0501 -0.0039 0 0 0 0 0 0 0 0 0 0 0 0 0 0 172.0000 0 0 0 0 0 172.0000 0 0 0 0 0 0 0 0 0 0 0 0 0 0 0 0 0 0 0 0 0 0 0 0 0 0 0 0 0 0 0 0 0 0 0 0 0 0 0 0 0 0 0 0 0 0 0 0 0 0 0 0 0 0 0 0 0 0 0 0 0 0 0 0 0 0 0 0 0 0 0 0 0 0 0 0 -40.0000 172.0000 0 0 0 0 -40.0000 179.0000 0 0 0 0 -35.0000 -176.0000 0 0 0 0 0 0 0 0 0 0 0 113.0000 0 0 0 0 0 -113.0000 0 0 0 0 0 0 0 0 0 0 -3.1885 -172.0000 0 0 172.0000 0 0 0 0 0 0 0 0 0 0 -4.8282 172.0000 0 6.3536 172.0000 0 0 0 0 0 0 0 0 0 9.9548 0 0 0 0 0 0 0 0 0 0 0 -5.7175 0 0 0 0 0 0 0 0 0 0 0 0 0 0 0 0 0 0 0 0 0 0 0 0 0 0 0 0 0 82.9846 10.9498 26.8715 34.2044 8.3277 66.8436 -2.6944 -11.9805 -4.0250 0 0 0 8.1453 0 -17.3408 50.8805 0 0 12.3405 0 0 0 0 0 75.2762 28.3160 -10.0309 79.0750 0 -9.2343 29.5618 0 0 0 0 0 0 0 0 83.7902 14.4843 -8.8766 84.5054 0 -6.8216 35.6937 0 0 0 0 0 0 0 0 70.1282 0.2614 -11.1096 88.5311 0 -7.2886 32.6533 0 0 -33.6363 -18.7527 -39.9687 -4.3068 30.4869 -14.7402 17.9539 8.9808 -1.0766 27.7005 -25.7893 15.1601 0 0 0 -74.1173 37.8572 -23.2468 15.7417 -25.1471 -54.7218 7.5129 -19.3954 6.2710 0 0 0 -38.2088 0 9.1515 -67.0061 0 0 -7.9242 0 0 0 0 0 -66.5221 0 6.5950 -66.8404 0 0 -18.2806 0 0 0 0 0 0 0 0 -80.8448 0 5.1499 -81.5136 0 0 -29.7998 0 0 0 0 0 0 0 0 -69.4732 0 11.0951 -81.9975 0 0 -27.4987 0 0 16.5940 -16.5686 21.0022 -54.7145 -7.7199 25.4748 -28.6908 13.6758 -27.4036 -29.1093 21.8077 0 0 0 0 -5.3248 15.1052 18.9380 1.1751 38.6340 0.0000 23.3730 -10.0000 -0.0000 0 0 0 0 0 0 0 0 0 0 0 0 0 0 0 0 0 0 0 0 0 0 0 0 0 0 0 0 0 0 0 0 0 0 0 0 0 0 0 0 0 0 0 0 0 -0.1785 31.0990 -12.9396 -9.9288 19.2913 -0.0000 21.9356 24.3441 0.0000 0 0 0 0 0 0 0 0 0 0 0 0 0 0 0 0 0 0 0 0 0 0 0 0 0 0 0 0 0 0 0 0 0 0 0 0 0 0 0 0 0 0
-5.3825 6.6388 -98.3971 5.9727 -0.4054 -20.0741 0 0 0 0 0 0 0 0 0 -9.0528 -9.0802 22.4641 0 0 0 0 0 0 0 8.0501 -0.0039 0 0 0 0 0 0 0 0 0 0 0 0 0 0 172.0000 0 0 0 0 0 172.0000 0 0 0 0 0 0 0 0 0 0 0 0 0 0 0 0 0 0 0 0 0 0 0 0 0 0 0 0 0 0 0 0 0 0 0 0 0 0 0 0 0 0 0 0 0 0 0 0 0 0 0 0 0 0 0 0 0 0 0 0 0 0 0 0 0 0 0 0 0 0 0 0 0 0 0 0 -40.0000 172.0000 0 0 0 0 -40.0000 179.0000 0 0 0 0 -35.0000 -176.0000 0 0 0 0 0 0 0 0 0 0 0 113.0000 0 0 0 0 0 -113.0000 0 0 0 0 0 0 0 0 0 0 2.6265 -172.0000 0 0 172.0000 0 0 0 0 0 0 0 0 0 0 -2.7054 172.0000 0 5.0441 172.0000 0 0 0 0 0 0 0 0 0 1.1290 0 0 0 0 0 0 0 0 0 0 0 -5.4385 0 0 0 0 0 0 0 0 0 0 0 0 0 0 0 0 0 0 0 0 0 0 0 0 0 0 0 0 0 82.5953 11.7956 27.7684 34.5443 8.3627 66.3843 -4.1973 -14.8602 -4.9176 0 0 0 9.7910 0 -16.1024 40.6634 0 0 15.7598 0 0 0 0 0 82.1795 28.3116 -8.8453 84.9015 0 -9.3817 36.5644 0 0 0 0 0 0 0 0 82.0121 14.5242 -7.6080 82.8866 0 -7.0641 36.3495 0 0 0 0 0 0 0 0 71.9336 -0.8834 -14.1099 87.4023 0 -7.8259 33.3406 0 0 -37.5186 -15.3746 -43.3615 -7.1061 31.9938 -18.8761 12.1101 11.2845 -2.8718 15.4370 -26.3984 15.0151 0 0 0 -75.6761 36.1087 -26.1016 20.0812 -27.8872 -64.5611 9.6839 -25.7372 8.9150 0 0 0 -34.2251 0 11.4913 -66.5556 0 0 -12.8768 0 0 0 0 0 -81.0898 0 6.0986 -78.6828 0 0 -29.6529 0 0 0 0 0 0 0 0 -84.4181 0 4.5809 -82.7492 0 0 -32.8499 0 0 0 0 0 0 0 0 -69.3202 0 10.3933 -81.6972 0 0 -30.7785 0 0 8.6045 -18.3445 15.3734 -47.1037 -12.1573 21.2376 -25.3038 5.2744 -27.2548 -23.7689 22.0852 0 0 0 0 -5.4534 15.5649 19.4183 0.9279 38.9439 0.0000 23.5951 -10.0000 -0.0000 0 0 0 0 0 0 0 0 0 0 0 0 0 0 0 0 0 0 0 0 0 0 0 0 0 0 0 0 0 0 0 0 0 0 0 0 0 0 0 0 0 0 0 0 0 -0.6259 32.0660 -12.3234 -10.0658 19.7648 -0.0000 21.6646 25.2225 0.0000 0 0 0 0 0 0 0 0 0 0 0 0 0 0 0 0 0 0 0 0 0 0 0 0 0 0 0 0 0 0 0 0 0 0 0 0 0 0 0 0 0 0
-4.3372 6.3574 -98.6994 6.6169 0.2034 -20.8318 0 0 0 0 0 0 0 0 0 -9.5695 -10.0577 22.4660 0 0 0 0 0 0 0 8.0501 -0.0039 0 0 0 0 0 0 0 0 0 0 0 0 0 0 172.0000 0 0 0 0 0 172.0000 0 0 0 0 0 0 0 0 0 0 0 0 0 0 0 0 0 0 0 0 0 0 0 0 0 0 0 0 0 0 0 0 0 0 0 0 0 0 0 0 0 0 0 0 0 0 0 0 0 0 0 0 0 0 0 0 0 0 0 0 0 0 0 0 0 0 0 0 0 0 0 0 0 0 0 0 -40.0000 172.0000 0 0 0 0 -40.0000 179.0000 0 0 0 0 -35.0000 -176.0000 0 0 0 0 0 0 0 0 0 0 0 113.0000 0 0 0 0 0 -113.0000 0 0 0 0 0 0 0 0 0 0 5.4409 -172.0000 0 0 172.0000 0 0 0 0 0 0 0 0 0 0 0.2866 172.0000 0 3.2536 172.0000 0 0 0 0 0 0 0 0 0 -6.2211 0 0 0 0 0 0 0 0 0 0 0 -9.6573 0 0 0 0 0 0 0 0 0 0 0 0 0 0 0 0 0 0 0 0 0 0 0 0 0 0 0 0 0 82.1372 12.9099 27.8050 34.7754 8.3756 66.2597 -3.9046 -14.2657 -4.8959 0 0 0 10.2004 0 -10.7540 29.8840 0 0 14.5616 0 0 0 0 0 79.6752 27.1335 -7.2680 86.3222 0 -9.1037 37.7993 0 0 0 0 0 0 0 0 74.4813 13.0767 -5.6824 81.3064 0 -6.7893 35.7784 0 0 0 0 0 0 0 0 73.5853 -1.6389 -16.3315 85.9501 0 -7.5554 32.7723 0 0 -40.5914 -12.9206 -45.3808 -8.0970 29.9558 -22.9159 9.4818 13.0871 -4.8918 8.0167 -26.5794 14.3690 0 0 0 -75.8043 34.4285 -28.3886 15.5684 -20.9068 -55.5771 8.4036 -21.6609 7.2432 0 0 0 -14.3805 0 10.8215 -44.7028 0 0 -15.0981 0 0 0 0 0 -81.9819 0 5.1754 -85.2271 0 0 -37.0977 0 0 0 0 0 0 0 0 -79.9547 0 3.7951 -82.4084 0 0 -35.5116 0 0 0 0 0 0 0 0 -69.1564 0 11.3565 -83.7624 0 0 -32.3749 0 0 4.9751 -24.7161 28.1655 -27.0583 -19.4664 15.2343 -18.2721 -4.4570 -22.6583 -15.2938 24.0103 0 0 0 0 -5.7985 16.5233 20.2818 0.3769 39.0108 0.0000 23.6623 -10.0000 -0.0000 0 0 0 0 0 0 0 0 0 0 0 0 0 0 0 0 0 0 0 0 0 0 0 0 0 0 0 0 0 0 0 0 0 0 0 0 0 0 0 0 0 0 0 0 0 -1.6196 32.8136 -11.2802 -10.0579 19.7692 -0.0000 21.1002 25.8355 0.0000 0 0 0 0 0 0 0 0 0 0 0 0 0 0 0 0 0 0 0 0 0 0 0 0 0 0 0 0 0 0 0 0 0 0 0 0 0 0 0 0 0 0
-3.2435 5.8117 -101.3733 6.4701 1.1947 -20.1422 0 0 0 0 0 0 0 0 0 -10.4882 -9.9717 22.1774 0 0 0 0 0 0 0 8.0501 -0.0039 0 0 0 0 0 0 0 0 0 0 0 0 0 0 172.0000 0 0 0 0 0 172.0000 0 0 0 0 0 0 0 0 0 0 0 0 0 0 0 0 0 0 0 0 0 0 0 0 0 0 0 0 0 0 0 0 0 0 0 0 0 0 0 0 0 0 0 0 0 0 0 0 0 0 0 0 0 0 0 0 0 0 0 0 0 0 0 0 0 0 0 0 0 0 0 0 0 0 0 0 -40.0000 172.0000 0 0 0 0 -40.0000 179.0000 0 0 0 0 -35.0000 -176.0000 0 0 0 0 0 0 0 0 0 0 0 113.0000 0 0 0 0 0 -113.0000 0 0 0 0 0 0 0 0 0 0 1.6960 -172.0000 0 0 172.0000 0 0 0 0 0 0 0 0 0 0 -0.7761 172.0000 0 3.4863 172.0000 0 0 0 0 0 0 0 0 0 -3.7080 0 0 0 0 0 0 0 0 0 0 0 -14.4209 0 0 0 0 0 0 0 0 0 0 0 0 0 0 0 0 0 0 0 0 0 0 0 0 0 0 0 0 0 79.9188 12.0507 29.2945 34.9696 8.3752 65.6986 -2.5535 -11.9847 -4.3815 0 0 0 12.4390 0 -11.4686 21.0583 0 0 10.0403 0 0 0 0 0 77.9141 26.0141 -7.2727 85.7636 0 -8.8485 35.6792 0 0 0 0 0 0 0 0 75.1932 12.0144 -5.1535 82.2576 0 -6.4307 35.9586 0 0 0 0 0 0 0 0 77.7135 -2.8432 -17.3197 85.8579 0 -7.2278 33.0002 0 0 -41.3415 -11.5391 -45.9889 -7.7986 28.1765 -23.8784 10.9964 13.9163 -5.7306 10.0670 -26.3792 14.2339 0 0 0 -74.7778 33.5232 -29.7735 10.0857 -12.1679 -39.8704 5.8853 -14.1073 4.1456 0 0 0 -3.8197 0 6.3046 -27.6517 0 0 -13.3890 0 0 0 0 0 -76.7588 0 4.4240 -86.3078 0 0 -38.1556 0 0 0 0 0 0 0 0 -71.6269 0 2.7085 -80.8770 0 0 -35.8724 0 0 0 0 0 0 0 0 -70.7331 0 13.4332 -84.8633 0 0 -32.5250 0 0 4.3146 -27.1070 39.8300 -16.7369 -21.9542 14.4132 -14.8235 -9.8280 -13.0377 -10.1058 25.1261 0 0 0 0 -5.2947 15.9130 20.5876 -0.9901 37.7985 -0.0000 23.8664 -10.0000 0.0000 0 0 0 0 0 0 0 0 0 0 0 0 0 0 0 0 0 0 0 0 0 0 0 0 0 0 0 0 0 0 0 0 0 0 0 0 0 0 0 0 0 0 0 0 0 -1.7688 31.7053 -10.6775 -9.6857 18.9961 0.0000 20.3508 26.3826 -0.0000 0 0 0 0 0 0 0 0 0 0 0 0 0 0 0 0 0 0 0 0 0 0 0 0 0 0 0 0 0 0 0 0 0 0 0 0 0 0 0 0 0 0
-2.4061 5.4268 -105.2426 5.2201 2.0715 -18.3286 0 0 0 0 0 0 0 0 0 -11.3568 -9.8259 21.9980 0 0 0 0 0 0 0 8.0501 -0.0039 0 0 0 0 0 0 0 0 0 0 0 0 0 0 172.0000 0 0 0 0 0 172.0000 0 0 0 0 0 0 0 0 0 0 0 0 0 0 0 0 0 0 0 0 0 0 0 0 0 0 0 0 0 0 0 0 0 0 0 0 0 0 0 0 0 0 0 0 0 0 0 0 0 0 0 0 0 0 0 0 0 0 0 0 0 0 0 0 0 0 0 0 0 0 0 0 0 0 0 0 -40.0000 172.0000 0 0 0 0 -40.0000 179.0000 0 0 0 0 -35.0000 -176.0000 0 0 0 0 0 0 0 0 0 0 0 113.0000 0 0 0 0 0 -113.0000 0 0 0 0 0 0 0 0 0 0 -3.7103 -172.0000 0 0 172.0000 0 0 0 0 0 0 0 0 0 0 -4.3822 172.0000 0 5.0238 172.0000 0 0 0 0 0 0 0 0 0 -5.3591 0 0 0 0 0 0 0 0 0 0 0 -16.2377 0 0 0 0 0 0 0 0 0 0 0 0 0 0 0 0 0 0 0 0 0 0 0 0 0 0 0 0 0 75.7062 9.1942 31.7782 34.7887 8.2227 64.2768 -1.5631 -10.0700 -3.8802 0 0 0 24.1309 0 -16.9316 12.8539 0 0 5.4419 0 0 0 0 0 74.3571 23.9987 -10.8361 77.4791 0 -9.1627 31.7302 0 0 0 0 0 0 0 0 79.0257 8.9113 -8.6718 75.1484 0 -7.0599 33.2239 0 0 0 0 0 0 0 0 81.6458 -5.1557 -19.4148 76.3694 0 -8.3071 29.7967 0 0 -37.8397 -9.4389 -49.2272 -8.6165 28.5312 -20.6562 16.0405 6.7896 -4.4137 12.7211 -25.8018 14.5329 0 0 0 -72.8177 33.3698 -30.8173 8.1484 -8.7312 -33.1673 4.9334 -12.6235 3.3191 0 0 0 -3.5311 0 6.7607 -17.4480 0 0 -8.6759 0 0 0 0 0 -74.3244 0 4.3295 -85.3432 0 0 -35.8575 0 0 0 0 0 0 0 0 -72.0504 0 1.9309 -81.5805 0 0 -36.2173 0 0 0 0 0 0 0 0 -74.8556 0 14.3571 -85.4284 0 0 -33.0031 0 0 5.1169 -27.7198 43.3586 -23.9876 -21.7923 14.9442 -15.6503 -10.8490 -8.1217 -12.4181 25.2573 0 0 0 0 -3.4170 12.6437 19.8578 -3.5786 34.9365 -0.0000 24.1826 -10.0000 0.0000 0 0 0 0 0 0 0 0 0 0 0 0 0 0 0 0 0 0 0 0 0 0 0 0 0 0 0 0 0 0 0 0 0 0 0 0 0 0 0 0 0 0 0 0 0 -0.3515 27.8810 -10.9329 -8.7878 17.1715 0.0000 19.4599 27.0537 -0.0000 0 0 0 0 0 0 0 0 0 0 0 0 0 0 0 0 0 0 0 0 0 0 0 0 0 0 0 0 0 0 0 0 0 0 0 0 0 0 0 0 0 0
-1.7932 5.4437 -105.9047 4.0921 1.5819 -17.9486 0 0 0 0 0 0 0 0 0 -11.8640 -9.6753 21.8250 0 0 0 0 0 0 0 8.0501 -0.0039 0 0 0 0 0 0 0 0 0 0 0 0 0 0 172.0000 0 0 0 0 0 172.0000 0 0 0 0 0 0 0 0 0 0 0 0 0 0 0 0 0 0 0 0 0 0 0 0 0 0 0 0 0 0 0 0 0 0 0 0 0 0 0 0 0 0 0 0 0 0 0 0 0 0 0 0 0 0 0 0 0 0 0 0 0 0 0 0 0 0 0 0 0 0 0 0 0 0 0 0 -40.0000 172.0000 0 0 0 0 -40.0000 179.0000 0 0 0 0 -35.0000 -176.0000 0 0 0 0 0 0 0 0 0 0 0 113.0000 0 0 0 0 0 -113.0000 0 0 0 0 0 0 0 0 0 0 -6.5581 -172.0000 0 0 172.0000 0 0 0 0 0 0 0 0 0 0 -6.5593 172.0000 0 5.9540 172.0000 0 0 0 0 0 0 0 0 0 -11.9368 0 0 0 0 0 0 0 0 0 0 0 -16.0949 0 0 0 0 0 0 0 0 0 0 0 0 0 0 0 0 0 0 0 0 0 0 0 0 0 0 0 0 0 73.2758 8.0181 31.2921 34.1720 7.9789 63.3332 -0.8631 -7.5177 -3.0891 0 0 0 47.7240 0 -18.1133 20.3868 0 0 8.5941 0 0 0 0 0 64.9969 20.4636 -16.0836 63.8420 0 -9.6081 29.0261 0 0 0 0 0 0 0 0 76.4444 3.1398 -14.8455 59.3938 0 -8.1855 26.6823 0 0 0 0 0 0 0 0 80.0234 -8.4996 -22.3284 58.9743 0 -10.3025 24.4150 0 0 -34.5652 -8.7343 -52.4430 -9.4425 29.0232 -15.3269 21.9624 -6.2704 -1.8427 11.6896 -25.3587 14.8541 0 0 0 -70.6035 32.4447 -31.7087 9.6763 -9.7267 -35.8681 5.2385 -15.7232 4.1956 0 0 0 -12.4811 0 10.5377 -19.5900 0 0 -8.0449 0 0 0 0 0 -72.1225 0 5.6273 -83.0569 0 0 -32.5213 0 0 0 0 0 0 0 0 -78.3799 0 2.9317 -82.2476 0 0 -35.9943 0 0 0 0 0 0 0 0 -78.5226 0 13.8631 -85.3421 0 0 -34.6447 0 0 5.9455 -27.2169 45.7141 -31.3071 -20.1666 14.9075 -17.9872 -1.6307 -8.8148 -13.5944 25.3422 0 0 0 0 -1.9794 9.9361 19.0701 -5.1970 33.1898 -0.0000 24.4220 -10.0000 0.0000 0 0 0 0 0 0 0 0 0 0 0 0 0 0 0 0 0 0 0 0 0 0 0 0 0 0 0 0 0 0 0 0 0 0 0 0 0 0 0 0 0 0 0 0 0 0.7100 24.9240 -11.4436 -8.0632 16.1440 0.0000 18.9859 27.6208 -0.0000 0 0 0 0 0 0 0 0 0 0 0 0 0 0 0 0 0 0 0 0 0 0 0 0 0 0 0 0 0 0 0 0 0 0 0 0 0 0 0 0 0 0
-1.4522 5.6275 -104.8771 3.4300 0.5090 -17.9927 0 0 0 0 0 0 0 0 0 -11.7072 -9.1698 21.4985 0 0 0 0 0 0 0 8.0501 -0.0039 0 0 0 0 0 0 0 0 0 0 0 0 0 0 172.0000 0 0 0 0 0 172.0000 0 0 0 0 0 0 0 0 0 0 0 0 0 0 0 0 0 0 0 0 0 0 0 0 0 0 0 0 0 0 0 0 0 0 0 0 0 0 0 0 0 0 0 0 0 0 0 0 0 0 0 0 0 0 0 0 0 0 0 0 0 0 0 0 0 0 0 0 0 0 0 0 0 0 0 0 -40.0000 172.0000 0 0 0 0 -40.0000 179.0000 0 0 0 0 -35.0000 -176.0000 0 0 0 0 0 0 0 0 0 0 0 113.0000 0 0 0 0 0 -113.0000 0 0 0 0 0 0 0 0 0 0 -6.9795 -172.0000 0 0 172.0000 0 0 0 0 0 0 0 0 0 0 -6.9934 172.0000 0 6.0191 172.0000 0 0 0 0 0 0 0 0 0 -15.6056 0 0 0 0 0 0 0 0 0 0 0 -15.5727 0 0 0 0 0 0 0 0 0 0 0 0 0 0 0 0 0 0 0 0 0 0 0 0 0 0 0 0 0 72.5829 9.7661 28.7459 34.0272 7.9453 63.0160 0.0024 -3.2120 -1.6919 0 0 0 62.2243 0 -13.4675 46.7029 0 0 20.1406 0 0 0 0 0 57.0199 19.3787 -15.6441 61.8459 0 -9.6378 29.4140 0 0 0 0 0 0 0 0 74.2241 1.4609 -15.4918 56.8393 0 -8.3884 24.6022 0 0 0 0 0 0 0 0 75.4226 -9.4290 -19.9904 58.5150 0 -10.7285 27.2458 0 0 -34.5704 -9.2183 -52.5378 -6.2454 25.7787 -11.9986 25.4622 -17.9113 -0.0818 9.5581 -25.2503 14.9976 0 0 0 -67.9222 31.6305 -31.8988 14.1837 -14.6576 -44.1596 5.3432 -17.8992 4.6388 0 0 0 -32.6669 0 10.8560 -43.6988 0 0 -17.7165 0 0 0 0 0 -65.1261 0 7.7310 -79.1215 0 0 -30.7749 0 0 0 0 0 0 0 0 -80.2149 0 5.7573 -78.9909 0 0 -33.4657 0 0 0 0 0 0 0 0 -76.7122 0 12.8769 -83.2831 0 0 -37.0328 0 0 5.0696 -26.5364 49.8290 -23.5726 -18.1623 15.0468 -20.7378 13.5985 -10.3929 -10.7584 25.6340 0 0 0 0 -2.0496 10.2004 18.2767 -4.9306 33.9574 0.0000 24.5493 -10.0000 -0.0000 0 0 0 0 0 0 0 0 0 0 0 0 0 0 0 0 0 0 0 0 0 0 0 0 0 0 0 0 0 0 0 0 0 0 0 0 0 0 0 0 0 0 0 0 0 0.1696 25.1159 -11.8729 -7.9839 17.1922 -0.0000 19.3241 27.9319 0.0000 0 0 0 0 0 0 0 0 0 0 0 0 0 0 0 0 0 0 0 0 0 0 0 0 0 0 0 0 0 0 0 0 0 0 0 0 0 0 0 0 0 0
-1.3607 5.9810 -104.7020 2.8623 -0.0743 -17.6131 0 0 0 0 0 0 0 0 0 -10.9221 -8.2509 20.7467 0 0 0 0 0 0 0 8.0501 -0.0039 0 0 0 0 0 0 0 0 0 0 0 0 0 0 172.0000 0 0 0 0 0 172.0000 0 0 0 0 0 0 0 0 0 0 0 0 0 0 0 0 0 0 0 0 0 0 0 0 0 0 0 0 0 0 0 0 0 0 0 0 0 0 0 0 0 0 0 0 0 0 0 0 0 0 0 0 0 0 0 0 0 0 0 0 0 0 0 0 0 0 0 0 0 0 0 0 0 0 0 0 -40.0000 172.0000 0 0 0 0 -40.0000 179.0000 0 0 0 0 -35.0000 -176.0000 0 0 0 0 0 0 0 0 0 0 0 113.0000 0 0 0 0 0 -113.0000 0 0 0 0 0 0 0 0 0 0 -6.1281 -172.0000 0 0 172.0000 0 0 0 0 0 0 0 0 0 0 -6.1625 172.0000 0 5.0917 172.0000 0 0 0 0 0 0 0 0 0 -16.2996 0 0 0 0 0 0 0 0 0 0 0 -15.2897 0 0 0 0 0 0 0 0 0 0 0 0 0 0 0 0 0 0 0 0 0 0 0 0 0 0 0 0 0 71.9167 12.1000 26.6222 33.9540 7.8917 62.3462 0.8425 1.9111 0.0368 0 0 0 60.7792 0 -8.2861 70.4031 0 0 30.1753 0 0 0 0 0 54.5493 20.1706 -11.0958 69.5855 0 -9.5621 30.8604 0 0 0 0 0 0 0 0 75.2656 2.7331 -11.4773 66.3911 0 -8.1683 27.3453 0 0 0 0 0 0 0 0 72.0232 -8.7286 -14.6323 71.6690 0 -10.3047 35.0154 0 0 -35.0769 -9.2188 -52.0179 -1.6034 21.2490 -11.3962 26.2571 -24.1581 0.3923 8.2077 -25.3323 15.0652 0 0 0 -65.2431 31.2065 -31.7277 17.5359 -20.1860 -53.3625 4.6342 -16.4816 3.6676 0 0 0 -51.1896 0 8.7565 -68.7553 0 0 -28.8039 0 0 0 0 0 -58.0747 0 8.9126 -75.7812 0 0 -30.9224 0 0 0 0 0 0 0 0 -78.5660 0 8.2242 -74.7501 0 0 -30.6815 0 0 0 0 0 0 0 0 -73.1929 0 12.2381 -80.7763 0 0 -38.7103 0 0 3.5387 -29.0340 50.9455 -12.7140 -18.0240 14.5200 -23.5096 23.4168 -11.6398 -8.2397 25.7082 0 0 0 0 -2.9479 12.2464 16.8957 -4.5385 34.9566 0.0000 24.6009 -10.0000 -0.0000 0 0 0 0 0 0 0 0 0 0 0 0 0 0 0 0 0 0 0 0 0 0 0 0 0 0 0 0 0 0 0 0 0 0 0 0 0 0 0 0 0 0 0 0 0 -0.9086 26.5544 -12.4646 -7.9383 18.7500 -0.0000 19.7964 28.0489 0.0000 0 0 0 0 0 0 0 0 0 0 0 0 0 0 0 0 0 0 0 0 0 0 0 0 0 0 0 0 0 0 0 0 0 0 0 0 0 0 0 0 0 0
-1.5442 6.5654 -104.7753 2.1682 -0.6912 -17.8437 0 0 0 0 0 0 0 0 0 -9.2024 -6.5447 19.0432 0 0 0 0 0 0 0 8.0501 -0.0039 0 0 0 0 0 0 0 0 0 0 0 0 0 0 172.0000 0 0 0 0 0 172.0000 0 0 0 0 0 0 0 0 0 0 0 0 0 0 0 0 0 0 0 0 0 0 0 0 0 0 0 0 0 0 0 0 0 0 0 0 0 0 0 0 0 0 0 0 0 0 0 0 0 0 0 0 0 0 0 0 0 0 0 0 0 0 0 0 0 0 0 0 0 0 0 0 0 0 0 0 -40.0000 172.0000 0 0 0 0 -40.0000 179.0000 0 0 0 0 -35.0000 -176.0000 0 0 0 0 0 0 0 0 0 0 0 113.0000 0 0 0 0 0 -113.0000 0 0 0 0 0 0 0 0 0 0 -5.1796 -172.0000 0 0 172.0000 0 0 0 0 0 0 0 0 0 0 -5.1086 172.0000 0 4.0659 172.0000 0 0 0 0 0 0 0 0 0 -15.8478 0 0 0 0 0 0 0 0 0 0 0 -15.2386 0 0 0 0 0 0 0 0 0 0 0 0 0 0 0 0 0 0 0 0 0 0 0 0 0 0 0 0 0 71.7584 18.8536 25.5054 25.6047 5.5614 57.1031 1.3180 6.4834 1.6383 0 0 0 55.2030 0 -7.1927 73.6513 0 0 29.8718 0 0 0 0 0 56.5503 20.1609 -7.8895 68.1999 0 -9.5745 28.6603 0 0 0 0 0 0 0 0 74.9983 2.7075 -7.3137 65.2665 0 -8.1863 26.4313 0 0 0 0 0 0 0 0 70.6076 -8.7677 -10.0618 68.8589 0 -10.3272 35.0556 0 0 -34.9623 -9.1436 -52.1200 0.5070 18.9274 -11.7736 25.3332 -23.2234 0.2630 8.0494 -25.4107 15.1529 0 0 0 -63.7853 28.9878 -32.9385 17.0776 -21.5051 -56.9150 3.4108 -11.7380 1.6878 0 0 0 -57.0948 0 7.4123 -77.5515 0 0 -32.8837 0 0 0 0 0 -58.2812 0 9.1644 -68.6367 0 0 -28.7316 0 0 0 0 0 0 0 0 -77.3817 0 9.3457 -65.8701 0 0 -26.7848 0 0 0 0 0 0 0 0 -72.4577 0 11.7205 -69.1002 0 0 -35.3476 0 0 2.4728 -27.5031 47.7518 -9.6657 -17.1306 15.0933 -23.5257 24.9596 -10.4486 -7.5767 25.6076 0 0 0 0 -4.1898 14.5004 15.0677 -3.8543 34.9453 0.0000 24.6188 -10.0000 -0.0000 0 0 0 0 0 0 0 0 0 0 0 0 0 0 0 0 0 0 0 0 0 0 0 0 0 0 0 0 0 0 0 0 0 0 0 0 0 0 0 0 0 0 0 0 0 -1.5646 27.5113 -13.4508 -7.4334 19.5389 -0.0000 19.8870 28.0467 0.0000 0 0 0 0 0 0 0 0 0 0 0 0 0 0 0 0 0 0 0 0 0 0 0 0 0 0 0 0 0 0 0 0 0 0 0 0 0 0 0 0 0 0
-1.8228 7.0375 -104.8088 1.5961 -1.2584 -18.3525 0 0 0 0 0 0 0 0 0 -6.8296 -4.4990 16.6597 0 0 0 0 0 0 0 8.0501 -0.0039 0 0 0 0 0 0 0 0 0 0 0 0 0 0 172.0000 0 0 0 0 0 172.0000 0 0 0 0 0 0 0 0 0 0 0 0 0 0 0 0 0 0 0 0 0 0 0 0 0 0 0 0 0 0 0 0 0 0 0 0 0 0 0 0 0 0 0 0 0 0 0 0 0 0 0 0 0 0 0 0 0 0 0 0 0 0 0 0 0 0 0 0 0 0 0 0 0 0 0 0 -40.0000 172.0000 0 0 0 0 -40.0000 179.0000 0 0 0 0 -35.0000 -176.0000 0 0 0 0 0 0 0 0 0 0 0 113.0000 0 0 0 0 0 -113.0000 0 0 0 0 0 0 0 0 0 0 -4.7821 -172.0000 0 0 172.0000 0 0 0 0 0 0 0 0 0 0 -4.6818 172.0000 0 3.8650 172.0000 0 0 0 0 0 0 0 0 0 -15.4007 0 0 0 0 0 0 0 0 0 0 0 -15.2687 0 0 0 0 0 0 0 0 0 0 0 0 0 0 0 0 0 0 0 0 0 0 0 0 0 0 0 0 0 75.0005 32.3356 22.7571 5.1867 1.7492 42.9710 0.9810 10.9126 3.3341 0 0 0 51.6168 0 -6.9985 58.0719 0 0 18.6340 0 0 0 0 0 61.0218 20.0403 -4.6296 49.9549 0 -9.5834 19.3283 0 0 0 0 0 0 0 0 70.8938 2.5160 -2.6304 45.7862 0 -8.2164 18.0410 0 0 0 0 0 0 0 0 68.9074 -8.8776 -5.8685 41.8398 0 -10.3878 24.3467 0 0 -34.9095 -9.1605 -52.1777 -1.4390 17.5591 -12.4012 23.4358 -17.8061 0.0688 8.8455 -25.4387 15.1493 0 0 0 -63.1427 27.0447 -34.6353 15.5267 -21.2298 -57.4756 2.6976 -5.3263 -0.5244 0 0 0 -56.2514 0 7.4343 -76.4988 0 0 -32.4383 0 0 0 0 0 -63.5469 0 9.3781 -58.0885 0 0 -24.2494 0 0 0 0 0 0 0 0 -77.0092 0 9.8302 -46.3661 0 0 -18.6880 0 0 0 0 0 0 0 0 -74.0523 0 11.7428 -41.4096 0 0 -24.6131 0 0 1.7551 -19.7893 44.6570 -10.2782 -11.3030 19.9204 -20.4887 22.9508 -7.5928 -8.7163 25.1029 0 0 0 0 -5.1999 16.5284 12.8977 -2.4371 34.3943 0.0000 24.6749 -10.0000 -0.0000 0 0 0 0 0 0 0 0 0 0 0 0 0 0 0 0 0 0 0 0 0 0 0 0 0 0 0 0 0 0 0 0 0 0 0 0 0 0 0 0 0 0 0 0 0 -1.6453 27.7222 -14.3088 -6.7302 19.9110 -0.0000 19.8336 28.0172 0.0000 0 0 0 0 0 0 0 0 0 0 0 0 0 0 0 0 0 0 0 0 0 0 0 0 0 0 0 0 0 0 0 0 0 0 0 0 0 0 0 0 0 0
-1.9916 7.3616 -104.5152 0.9560 -1.9798 -18.6603 0 0 0 0 0 0 0 0 0 -1.9098 -4.3054 11.7361 0 0 0 0 0 0 0 8.0501 -0.0039 0 0 0 0 0 0 0 0 0 0 0 0 0 0 172.0000 0 0 0 0 0 172.0000 0 0 0 0 0 0 0 0 0 0 0 0 0 0 0 0 0 0 0 0 0 0 0 0 0 0 0 0 0 0 0 0 0 0 0 0 0 0 0 0 0 0 0 0 0 0 0 0 0 0 0 0 0 0 0 0 0 0 0 0 0 0 0 0 0 0 0 0 0 0 0 0 0 0 0 0 -40.0000 172.0000 0 0 0 0 -40.0000 179.0000 0 0 0 0 -35.0000 -176.0000 0 0 0 0 0 0 0 0 0 0 0 113.0000 0 0 0 0 0 -113.0000 0 0 0 0 0 0 0 0 0 0 -4.8649 -172.0000 0 0 172.0000 0 0 0 0 0 0 0 0 0 0 -4.8050 172.0000 0 4.3476 172.0000 0 0 0 0 0 0 0 0 0 -15.2321 0 0 0 0 0 0 0 0 0 0 0 -15.2970 0 0 0 0 0 0 0 0 0 0 0 0 0 0 0 0 0 0 0 0 0 0 0 0 0 0 0 0 0 83.9297 43.3607 16.4166 -11.3791 -0.9852 24.7930 -0.1949 14.5301 4.9562 0 0 0 53.4310 0 -2.6739 39.2357 0 0 5.7169 0 0 0 0 0 63.7406 20.0689 -0.1221 27.9198 0 -9.5795 7.8417 0 0 0 0 0 0 0 0 65.3766 2.5630 0.8502 23.9905 0 -8.2068 8.0750 0 0 0 0 0 0 0 0 66.1782 -8.8524 -4.5920 14.7679 0 -10.3730 12.2573 0 0 -34.9391 -9.1683 -52.1489 -7.4214 16.0192 -13.2733 21.9500 -14.0541 -0.0206 10.1034 -25.4597 15.1285 0 0 0 -61.7508 25.9162 -37.6137 10.9849 -17.0090 -53.7905 2.9071 -0.1202 -2.1020 0 0 0 -55.9855 0 5.8401 -68.3439 0 0 -26.9279 0 0 0 0 0 -65.0092 0 7.4468 -49.3212 0 0 -19.5801 0 0 0 0 0 0 0 0 -74.1275 0 8.3133 -26.4007 0 0 -9.6054 0 0 0 0 0 0 0 0 -73.1153 0 12.0343 -15.9797 0 0 -13.2399 0 0 1.5722 -16.0182 37.9689 -5.4084 -5.8710 23.9523 -18.9906 21.1012 -10.6059 -10.7792 24.3353 0 0 0 0 -6.1030 19.2410 9.7524 0.4059 32.6166 -0.0000 25.1366 -10.0000 0.0000 0 0 0 0 0 0 0 0 0 0 0 0 0 0 0 0 0 0 0 0 0 0 0 0 0 0 0 0 0 0 0 0 0 0 0 0 0 0 0 0 0 0 0 0 0 -1.4282 27.5634 -15.0177 -5.8639 20.6703 0.0000 19.7889 27.9994 -0.0000 0 0 0 0 0 0 0 0 0 0 0 0 0 0 0 0 0 0 0 0 0 0 0 0 0 0 0 0 0 0 0 0 0 0 0 0 0 0 0 0 0 0
-2.3682 7.7213 -104.0988 -0.4491 -3.5749 -19.1579 0 0 0 0 0 0 0 0 0 6.1209 -5.4317 3.6689 0 0 0 0 0 0 0 8.0501 -0.0039 0 0 0 0 0 0 0 0 0 0 0 0 0 0 172.0000 0 0 0 0 0 172.0000 0 0 0 0 0 0 0 0 0 0 0 0 0 0 0 0 0 0 0 0 0 0 0 0 0 0 0 0 0 0 0 0 0 0 0 0 0 0 0 0 0 0 0 0 0 0 0 0 0 0 0 0 0 0 0 0 0 0 0 0 0 0 0 0 0 0 0 0 0 0 0 0 0 0 0 0 -40.0000 172.0000 0 0 0 0 -40.0000 179.0000 0 0 0 0 -35.0000 -176.0000 0 0 0 0 0 0 0 0 0 0 0 113.0000 0 0 0 0 0 -113.0000 0 0 0 0 0 0 0 0 0 0 -4.9845 -172.0000 0 0 172.0000 0 0 0 0 0 0 0 0 0 0 -4.8950 172.0000 0 4.8343 172.0000 0 0 0 0 0 0 0 0 0 -15.2350 0 0 0 0 0 0 0 0 0 0 0 -15.3072 0 0 0 0 0 0 0 0 0 0 0 0 0 0 0 0 0 0 0 0 0 0 0 0 0 0 0 0 0 92.3869 48.5804 11.8012 -13.7162 -2.0288 11.2713 -1.1767 16.3565 5.8924 0 0 0 51.9381 0 1.8372 26.7700 0 0 -0.7790 0 0 0 0 0 60.3948 20.0812 1.9198 15.9787 0 -9.5790 1.7827 0 0 0 0 0 0 0 0 59.5787 2.5821 0.6018 12.6329 0 -8.2043 3.4146 0 0 0 0 0 0 0 0 62.3888 -8.8549 -7.7419 15.1959 0 -10.3721 6.6779 0 0 -34.9407 -9.1640 -52.1464 -10.6542 16.7842 -13.4358 21.7765 -13.0145 -0.0293 10.4633 -25.4504 15.1542 0 0 0 -58.9799 23.6376 -43.0349 2.2060 -7.7601 -45.2298 3.2886 1.6083 -2.5327 0 0 0 -57.0964 0 2.5997 -56.2847 0 0 -18.2796 0 0 0 0 0 -63.6058 0 3.8219 -40.4837 0 0 -14.3709 0 0 0 0 0 0 0 0 -69.8142 0 5.2559 -17.6387 0 0 -5.0835 0 0 0 0 0 0 0 0 -69.9495 0 11.1869 -6.9808 0 0 -8.3006 0 0 1.4061 -12.9109 24.0354 -0.8360 -6.3947 23.8937 -19.5582 19.6623 -15.7346 -11.2438 24.3824 0 0 0 0 -7.1781 23.0879 5.4157 5.1735 29.5891 -0.0000 26.1566 -9.9951 0.0000 0 0 0 0 0 0 0 0 0 0 0 0 0 0 0 0 0 0 0 0 0 0 0 0 0 0 0 0 0 0 0 0 0 0 0 0 0 0 0 0 0 0 0 0 0 -1.3233 27.7472 -16.1197 -4.9725 21.7246 0.0000 19.3829 27.9955 -0.0000 0 0 0 0 0 0 0 0 0 0 0 0 0 0 0 0 0 0 0 0 0 0 0 0 0 0 0 0 0 0 0 0 0 0 0 0 0 0 0 0 0 0
-2.8275 7.7942 -104.1420 -1.5790 -4.8300 -19.6590 0 0 0 0 0 0 0 0 0 11.4963 -4.8802 -1.7684 0 0 0 0 0 0 0 8.0501 -0.0039 0 0 0 0 0 0 0 0 0 0 0 0 0 0 172.0000 0 0 0 0 0 172.0000 0 0 0 0 0 0 0 0 0 0 0 0 0 0 0 0 0 0 0 0 0 0 0 0 0 0 0 0 0 0 0 0 0 0 0 0 0 0 0 0 0 0 0 0 0 0 0 0 0 0 0 0 0 0 0 0 0 0 0 0 0 0 0 0 0 0 0 0 0 0 0 0 0 0 0 0 -40.0000 172.0000 0 0 0 0 -40.0000 179.0000 0 0 0 0 -35.0000 -176.0000 0 0 0 0 0 0 0 0 0 0 0 113.0000 0 0 0 0 0 -113.0000 0 0 0 0 0 0 0 0 0 0 -4.7093 -172.0000 0 0 172.0000 0 0 0 0 0 0 0 0 0 0 -4.4439 172.0000 0 4.7789 172.0000 0 0 0 0 0 0 0 0 0 -15.2890 0 0 0 0 0 0 0 0 0 0 0 -15.3065 0 0 0 0 0 0 0 0 0 0 0 0 0 0 0 0 0 0 0 0 0 0 0 0 0 0 0 0 0 95.1424 50.8164 11.7398 -12.0503 -0.3257 7.1705 -1.4463 17.1680 6.2262 0 0 0 47.6018 0 1.4374 15.8383 0 0 3.2388 0 0 0 0 0 57.5895 20.0740 -0.9153 11.4631 0 -9.5797 6.7691 0 0 0 0 0 0 0 0 58.0370 2.5705 -2.8365 8.0606 0 -8.2064 8.7642 0 0 0 0 0 0 0 0 61.6923 -8.8561 -11.2334 39.8919 0 -10.3864 8.1868 0 0 -34.9357 -9.1637 -52.1514 -6.9528 20.0060 -12.0164 20.9354 -11.3450 -1.5633 8.8631 -25.4519 15.1229 0 0 0 -56.8345 21.1964 -47.3648 -2.9955 -2.4227 -41.6805 3.7733 0.0476 -1.9593 0 0 0 -57.3481 0 1.7775 -53.2318 0 0 -16.0998 0 0 0 0 0 -63.5653 0 2.9231 -37.6075 0 0 -12.7889 0 0 0 0 0 0 0 0 -68.9510 0 4.4659 -18.0453 0 0 -5.1872 0 0 0 0 0 0 0 0 -69.2225 0 10.6167 -7.8789 0 0 -8.5866 0 0 0.8409 -5.8912 20.7982 -5.3936 -6.7904 25.2424 -16.5491 20.0637 -8.7276 -8.8802 25.0781 0 0 0 0 -7.5278 26.0514 1.9775 9.1946 27.8066 -0.0000 27.0392 -9.9823 0.0000 0 0 0 0 0 0 0 0 0 0 0 0 0 0 0 0 0 0 0 0 0 0 0 0 0 0 0 0 0 0 0 0 0 0 0 0 0 0 0 0 0 0 0 0 0 -1.4015 28.3928 -17.1515 -4.4876 22.3774 0.0000 18.6721 27.9974 -0.0000 0 0 0 0 0 0 0 0 0 0 0 0 0 0 0 0 0 0 0 0 0 0 0 0 0 0 0 0 0 0 0 0 0 0 0 0 0 0 0 0 0 0
-3.2604 7.3560 -104.6101 -1.7655 -5.2970 -19.6944 0 0 0 0 0 0 0 0 0 12.7514 -3.4420 -3.1362 0 0 0 0 0 0 0 8.0501 -0.0039 0 0 0 0 0 0 0 0 0 0 0 0 0 0 172.0000 0 0 0 0 0 172.0000 0 0 0 0 0 0 0 0 0 0 0 0 0 0 0 0 0 0 0 0 0 0 0 0 0 0 0 0 0 0 0 0 0 0 0 0 0 0 0 0 0 0 0 0 0 0 0 0 0 0 0 0 0 0 0 0 0 0 0 0 0 0 0 0 0 0 0 0 0 0 0 0 0 0 0 0 -40.0000 172.0000 0 0 0 0 -40.0000 179.0000 0 0 0 0 -35.0000 -176.0000 0 0 0 0 0 0 0 0 0 0 0 113.0000 0 0 0 0 0 -113.0000 0 0 0 0 0 0 0 0 0 0 -4.0923 -172.0000 0 0 172.0000 0 0 0 0 0 0 0 0 0 0 -3.7204 172.0000 0 3.9990 172.0000 0 0 0 0 0 0 0 0 0 -15.3452 0 0 0 0 0 0 0 0 0 0 0 -15.3153 0 0 0 0 0 0 0 0 0 0 0 0 0 0 0 0 0 0 0 0 0 0 0 0 0 0 0 0 0 94.6236 49.1247 14.5245 -15.5350 -0.4914 9.9009 -1.3277 17.2369 6.1902 0 0 0 45.7870 0 0.4814 6.4854 0 0 12.2854 0 0 0 0 0 61.9368 20.0737 -3.6169 13.4226 0 -9.5796 18.7324 0 0 0 0 0 0 0 0 64.8138 2.5702 -4.2152 13.9882 0 -8.2063 19.4008 0 0 0 0 0 0 0 0 65.8497 -8.8306 -10.1114 52.9065 0 -10.4008 13.7965 0 0 -34.9366 -9.1644 -52.1507 -2.6393 22.1580 -10.5153 18.8060 -8.3731 -4.0627 5.7618 -25.4868 15.0209 0 0 0 -56.7094 19.9848 -48.6199 -2.3726 -3.0964 -42.8735 4.0921 -1.6853 -1.2899 0 0 0 -57.1193 0 2.4647 -55.7877 0 0 -17.9306 0 0 0 0 0 -64.3852 0 4.7844 -41.0049 0 0 -15.1809 0 0 0 0 0 0 0 0 -69.8580 0 4.3159 -30.4691 0 0 -7.9953 0 0 0 0 0 0 0 0 -69.2424 0 11.0473 -10.5701 0 0 -10.5254 0 0 0.6413 -1.1934 35.0438 -7.8012 -6.0430 26.7830 -10.6128 19.9361 6.2594 -4.8895 25.6965 0 0 0 0 -6.9030 27.1738 0.4978 10.6609 27.6602 0.0000 27.4103 -9.9756 -0.0000 0 0 0 0 0 0 0 0 0 0 0 0 0 0 0 0 0 0 0 0 0 0 0 0 0 0 0 0 0 0 0 0 0 0 0 0 0 0 0 0 0 0 0 0 0 -1.5882 29.0063 -17.7587 -4.2111 22.8160 -0.0000 18.2177 27.9994 0.0000 0 0 0 0 0 0 0 0 0 0 0 0 0 0 0 0 0 0 0 0 0 0 0 0 0 0 0 0 0 0 0 0 0 0 0 0 0 0 0 0 0 0
-4.2312 6.0293 -105.5509 -2.0410 -6.1997 -19.6666 0 0 0 0 0 0 0 0 0 13.6535 -2.7416 -4.2430 0 0 0 0 0 0 0 8.0501 -0.0039 0 0 0 0 0 0 0 0 0 0 0 0 0 0 172.0000 0 0 0 0 0 172.0000 0 0 0 0 0 0 0 0 0 0 0 0 0 0 0 0 0 0 0 0 0 0 0 0 0 0 0 0 0 0 0 0 0 0 0 0 0 0 0 0 0 0 0 0 0 0 0 0 0 0 0 0 0 0 0 0 0 0 0 0 0 0 0 0 0 0 0 0 0 0 0 0 0 0 0 0 -40.0000 172.0000 0 0 0 0 -40.0000 179.0000 0 0 0 0 -35.0000 -176.0000 0 0 0 0 0 0 0 0 0 0 0 113.0000 0 0 0 0 0 -113.0000 0 0 0 0 0 0 0 0 0 0 -3.8994 -172.0000 0 0 172.0000 0 0 0 0 0 0 0 0 0 0 -3.5991 172.0000 0 3.1624 172.0000 0 0 0 0 0 0 0 0 0 -15.7979 0 0 0 0 0 0 0 0 0 0 0 -15.3329 0 0 0 0 0 0 0 0 0 0 0 0 0 0 0 0 0 0 0 0 0 0 0 0 0 0 0 0 0 92.5736 44.5989 18.3392 -20.4911 -4.6124 13.9845 -1.0726 16.6351 5.9109 0 0 0 38.0341 0 0.0589 9.4526 0 0 13.1459 0 0 0 0 0 62.2720 20.0749 -3.5190 19.7920 0 -9.5795 21.9667 0 0 0 0 0 0 0 0 69.3481 2.5720 -2.4160 25.3581 0 -8.2060 20.6476 0 0 0 0 0 0 0 0 65.9546 -8.8523 -8.2203 45.9585 0 -10.3808 16.8039 0 0 -34.9372 -9.1643 -52.1501 -1.7423 20.7652 -9.2992 18.9404 -10.8456 -3.6939 7.9004 -25.4242 14.8967 0 0 0 -56.7482 19.7073 -47.9688 -1.5325 -3.9746 -42.7533 3.8440 -1.7385 -1.1517 0 0 0 -55.6838 0 5.1566 -54.8576 0 0 -16.9727 0 0 0 0 0 -64.5426 0 7.5087 -39.0106 0 0 -16.5701 0 0 0 0 0 0 0 0 -68.9204 0 3.1519 -45.4837 0 0 -11.4979 0 0 0 0 0 0 0 0 -66.3225 0 11.6579 -20.1211 0 0 -12.7727 0 0 0.9619 -6.0378 44.1715 -13.2225 -6.3159 24.6194 -11.3893 21.4282 9.2974 -8.2221 25.3766 0 0 0 0 -5.8966 27.7202 -0.4262 10.6035 27.5231 0.0000 27.5859 -9.9842 -0.0000 0 0 0 0 0 0 0 0 0 0 0 0 0 0 0 0 0 0 0 0 0 0 0 0 0 0 0 0 0 0 0 0 0 0 0 0 0 0 0 0 0 0 0 0 0 -1.8034 29.3865 -18.3371 -3.7936 23.4428 -0.0000 18.0486 28.0003 0.0000 0 0 0 0 0 0 0 0 0 0 0 0 0 0 0 0 0 0 0 0 0 0 0 0 0 0 0 0 0 0 0 0 0 0 0 0 0 0 0 0 0 0
-5.3719 4.1301 -106.7677 -2.2163 -7.1590 -19.5696 0 0 0 0 0 0 0 0 0 14.7055 -2.2056 -5.5520 0 0 0 0 0 0 0 8.0501 -0.0039 0 0 0 0 0 0 0 0 0 0 0 0 0 0 172.0000 0 0 0 0 0 172.0000 0 0 0 0 0 0 0 0 0 0 0 0 0 0 0 0 0 0 0 0 0 0 0 0 0 0 0 0 0 0 0 0 0 0 0 0 0 0 0 0 0 0 0 0 0 0 0 0 0 0 0 0 0 0 0 0 0 0 0 0 0 0 0 0 0 0 0 0 0 0 0 0 0 0 0 0 -40.0000 172.0000 0 0 0 0 -40.0000 179.0000 0 0 0 0 -35.0000 -176.0000 0 0 0 0 0 0 0 0 0 0 0 113.0000 0 0 0 0 0 -113.0000 0 0 0 0 0 0 0 0 0 0 -4.6900 -172.0000 0 0 172.0000 0 0 0 0 0 0 0 0 0 0 -4.5537 172.0000 0 3.6052 172.0000 0 0 0 0 0 0 0 0 0 -12.0836 0 0 0 0 0 0 0 0 0 0 0 -15.3317 0 0 0 0 0 0 0 0 0 0 0 0 0 0 0 0 0 0 0 0 0 0 0 0 0 0 0 0 0 89.6782 39.9831 21.6443 -23.5294 -8.1869 17.5616 -0.6906 15.2462 5.3114 0 0 0 29.1715 0 -3.8112 20.7219 0 0 7.7205 0 0 0 0 0 56.8016 20.0746 -4.0429 21.1366 0 -9.5796 14.2272 0 0 0 0 0 0 0 0 68.6264 2.5717 -1.7595 24.5632 0 -8.2061 12.5247 0 0 0 0 0 0 0 0 62.8240 -8.9128 -8.4001 37.3029 0 -10.3368 14.9914 0 0 -34.9369 -9.1642 -52.1503 -1.3346 15.9530 -7.3062 21.0478 -22.0929 -1.5176 19.3374 -25.3138 14.6173 0 0 0 -55.7972 19.6803 -46.8867 -2.0987 -3.4366 -42.7596 3.4112 -2.2848 -0.9050 0 0 0 -50.0321 0 12.1843 -46.7043 0 0 -12.9397 0 0 0 0 0 -63.7700 0 9.7088 -30.1748 0 0 -14.1514 0 0 0 0 0 0 0 0 -69.9128 0 4.2630 -39.2430 0 0 -11.2274 0 0 0 0 0 0 0 0 -63.1131 0 11.0635 -31.5423 0 0 -13.3199 0 0 2.5164 -16.6363 43.3275 -29.2198 -4.0957 21.1770 -16.3075 31.1621 2.5215 -22.3058 24.2782 0 0 0 0 -5.0802 28.2537 -1.3738 10.0124 27.0690 0.0000 27.7250 -9.9961 -0.0000 0 0 0 0 0 0 0 0 0 0 0 0 0 0 0 0 0 0 0 0 0 0 0 0 0 0 0 0 0 0 0 0 0 0 0 0 0 0 0 0 0 0 0 0 0 -2.2819 29.4889 -18.9163 -3.2759 23.9966 -0.0000 17.9150 28.0003 0.0000 0 0 0 0 0 0 0 0 0 0 0 0 0 0 0 0 0 0 0 0 0 0 0 0 0 0 0 0 0 0 0 0 0 0 0 0 0 0 0 0 0 0
-5.8855 3.3109 -107.3649 -1.5890 -7.6464 -19.0418 0 0 0 0 0 0 0 0 0 15.1410 -1.6843 -6.4147 0 0 0 0 0 0 0 8.0501 -0.0039 0 0 0 0 0 0 0 0 0 0 0 0 0 0 172.0000 0 0 0 0 0 172.0000 0 0 0 0 0 0 0 0 0 0 0 0 0 0 0 0 0 0 0 0 0 0 0 0 0 0 0 0 0 0 0 0 0 0 0 0 0 0 0 0 0 0 0 0 0 0 0 0 0 0 0 0 0 0 0 0 0 0 0 0 0 0 0 0 0 0 0 0 0 0 0 0 0 0 0 0 -40.0000 172.0000 0 0 0 0 -40.0000 179.0000 0 0 0 0 -35.0000 -176.0000 0 0 0 0 0 0 0 0 0 0 0 113.0000 0 0 0 0 0 -113.0000 0 0 0 0 0 0 0 0 0 0 -5.5233 -172.0000 0 0 172.0000 0 0 0 0 0 0 0 0 0 0 -5.6197 172.0000 0 4.6792 172.0000 0 0 0 0 0 0 0 0 0 -5.2054 0 0 0 0 0 0 0 0 0 0 0 -15.3160 0 0 0 0 0 0 0 0 0 0 0 0 0 0 0 0 0 0 0 0 0 0 0 0 0 0 0 0 0 86.5103 36.1822 23.9018 -24.6626 -10.2585 25.1707 -0.0102 12.7779 4.2269 0 0 0 23.9717 0 -6.9200 21.9141 0 0 2.8883 0 0 0 0 0 54.5069 20.0745 -4.9714 20.7513 0 -9.5796 6.2141 0 0 0 0 0 0 0 0 69.7021 2.5715 -1.6988 18.5089 0 -8.2061 4.8950 0 0 0 0 0 0 0 0 63.7490 -9.0527 -7.1814 24.0329 0 -10.2864 11.9136 0 0 -34.9369 -9.1643 -52.1504 -0.4088 12.9280 -5.8880 22.5566 -30.8916 -1.1699 30.3561 -25.3433 13.7971 0 0 0 -55.0083 20.7121 -45.1946 -0.9830 -4.5479 -44.4318 2.8640 -3.5320 -0.5951 0 0 0 -39.1167 0 16.3812 -29.4815 0 0 -6.7129 0 0 0 0 0 -62.9353 0 9.5620 -24.6014 0 0 -9.2484 0 0 0 0 0 0 0 0 -74.9310 0 6.0181 -24.4002 0 0 -7.3012 0 0 0 0 0 0 0 0 -63.9069 0 8.1357 -26.6902 0 0 -11.8452 0 0 5.3717 -22.1003 44.0539 -36.2255 -4.2972 16.9643 -16.6812 40.0489 0.2076 -32.7080 24.2663 0 0 0 0 -4.6077 28.6398 -2.2205 8.8667 26.0634 0.0000 27.8561 -10.0014 -0.0000 0 0 0 0 0 0 0 0 0 0 0 0 0 0 0 0 0 0 0 0 0 0 0 0 0 0 0 0 0 0 0 0 0 0 0 0 0 0 0 0 0 0 0 0 0 -3.4003 29.1712 -19.8573 -2.8507 24.2382 -0.0000 17.6290 28.0001 0.0000 0 0 0 0 0 0 0 0 0 0 0 0 0 0 0 0 0 0 0 0 0 0 0 0 0 0 0 0 0 0 0 0 0 0 0 0 0 0 0 0 0 0
-5.7556 4.1904 -106.8218 -0.6404 -7.6898 -18.3472 0 0 0 0 0 0 0 0 0 14.9844 -1.6270 -6.9317 0 0 0 0 0 0 0 8.0501 -0.0039 0 0 0 0 0 0 0 0 0 0 0 0 0 0 172.0000 0 0 0 0 0 172.0000 0 0 0 0 0 0 0 0 0 0 0 0 0 0 0 0 0 0 0 0 0 0 0 0 0 0 0 0 0 0 0 0 0 0 0 0 0 0 0 0 0 0 0 0 0 0 0 0 0 0 0 0 0 0 0 0 0 0 0 0 0 0 0 0 0 0 0 0 0 0 0 0 0 0 0 0 -40.0000 172.0000 0 0 0 0 -40.0000 179.0000 0 0 0 0 -35.0000 -176.0000 0 0 0 0 0 0 0 0 0 0 0 113.0000 0 0 0 0 0 -113.0000 0 0 0 0 0 0 0 0 0 0 -5.3505 -172.0000 0 0 172.0000 0 0 0 0 0 0 0 0 0 0 -5.5414 172.0000 0 4.6881 172.0000 0 0 0 0 0 0 0 0 0 -6.1878 0 0 0 0 0 0 0 0 0 0 0 -15.3049 0 0 0 0 0 0 0 0 0 0 0 0 0 0 0 0 0 0 0 0 0 0 0 0 0 0 0 0 0 82.5335 34.3057 23.4854 -24.2047 -12.4081 41.2448 0.7765 8.9537 2.5275 0 0 0 20.0976 0 -6.5420 14.5677 0 0 -0.0647 0 0 0 0 0 55.1785 20.0746 -4.8883 22.8754 0 -9.5796 2.6877 0 0 0 0 0 0 0 0 71.9791 2.5716 -0.9457 17.6944 0 -8.2061 1.3078 0 0 0 0 0 0 0 0 66.5534 -9.2646 -5.0268 9.8905 0 -10.2238 10.1463 0 0 -34.9369 -9.1643 -52.1503 0.0673 13.5653 -5.8387 23.1979 -32.0106 -2.1340 34.1820 -25.4854 12.7225 0 0 0 -54.7497 23.2564 -42.0467 1.5402 -7.0724 -47.0622 2.5402 -5.2457 -0.3159 0 0 0 -26.7930 0 12.5805 -13.7033 0 0 -1.4887 0 0 0 0 0 -60.4795 0 7.2296 -24.1056 0 0 -5.1813 0 0 0 0 0 0 0 0 -77.0770 0 4.4944 -18.6317 0 0 -3.6176 0 0 0 0 0 0 0 0 -66.7757 0 5.1731 -13.0064 0 0 -10.5039 0 0 6.3994 -24.7210 44.4539 -32.6516 -9.9344 11.5361 -16.6838 39.1342 -0.1405 -33.6060 25.1714 0 0 0 0 -4.0026 28.9361 -3.3267 6.9521 24.1260 -0.0000 28.0161 -10.0018 0.0000 0 0 0 0 0 0 0 0 0 0 0 0 0 0 0 0 0 0 0 0 0 0 0 0 0 0 0 0 0 0 0 0 0 0 0 0 0 0 0 0 0 0 0 0 0 -5.1798 28.5098 -21.6243 -2.3951 24.4387 0.0000 17.1107 28.0000 -0.0000 0 0 0 0 0 0 0 0 0 0 0 0 0 0 0 0 0 0 0 0 0 0 0 0 0 0 0 0 0 0 0 0 0 0 0 0 0 0 0 0 0 0
-5.3231 5.7296 -105.6076 0.1469 -7.1866 -17.6192 0 0 0 0 0 0 0 0 0 14.1831 -1.9656 -6.6667 0 0 0 0 0 0 0 8.0501 -0.0039 0 0 0 0 0 0 0 0 0 0 0 0 0 0 172.0000 0 0 0 0 0 172.0000 0 0 0 0 0 0 0 0 0 0 0 0 0 0 0 0 0 0 0 0 0 0 0 0 0 0 0 0 0 0 0 0 0 0 0 0 0 0 0 0 0 0 0 0 0 0 0 0 0 0 0 0 0 0 0 0 0 0 0 0 0 0 0 0 0 0 0 0 0 0 0 0 0 0 0 0 -40.0000 172.0000 0 0 0 0 -40.0000 179.0000 0 0 0 0 -35.0000 -176.0000 0 0 0 0 0 0 0 0 0 0 0 113.0000 0 0 0 0 0 -113.0000 0 0 0 0 0 0 0 0 0 0 -4.7848 -172.0000 0 0 172.0000 0 0 0 0 0 0 0 0 0 0 -4.9183 172.0000 0 4.0621 172.0000 0 0 0 0 0 0 0 0 0 -12.5114 0 0 0 0 0 0 0 0 0 0 0 -15.3005 0 0 0 0 0 0 0 0 0 0 0 0 0 0 0 0 0 0 0 0 0 0 0 0 0 0 0 0 0 78.1595 33.5212 21.7056 -22.4092 -12.2885 56.6310 1.3645 4.4617 0.5403 0 0 0 18.6807 0 -5.5454 9.6890 0 0 -0.7321 0 0 0 0 0 56.1467 20.0746 -4.6136 24.2854 0 -9.5796 2.4270 0 0 0 0 0 0 0 0 73.1328 2.5716 -0.4931 18.6447 0 -8.2061 0.9172 0 0 0 0 0 0 0 0 68.0470 -9.4842 -3.9593 4.2989 0 -10.1549 9.7894 0 0 -34.9369 -9.1643 -52.1503 0.1400 14.6364 -6.0609 23.0113 -30.6964 -2.6113 33.8595 -25.5932 11.8353 0 0 0 -54.4097 27.1105 -37.6284 3.2175 -7.8599 -50.1979 2.7000 -8.7191 0.5930 0 0 0 -19.1759 0 6.8019 -7.3233 0 0 0.6905 0 0 0 0 0 -57.4082 0 4.9620 -24.1228 0 0 -3.2441 0 0 0 0 0 0 0 0 -75.0374 0 1.6557 -17.8097 0 0 -1.7713 0 0 0 0 0 0 0 0 -68.3452 0 4.0206 -5.6840 0 0 -10.0267 0 0 5.3202 -27.7955 42.4760 -30.1449 -14.9525 7.6118 -18.7643 34.3769 -1.9689 -31.6819 25.7212 0 0 0 0 -2.9673 29.1700 -4.9188 4.4930 21.5516 -0.0000 28.3300 -10.0008 0.0000 0 0 0 0 0 0 0 0 0 0 0 0 0 0 0 0 0 0 0 0 0 0 0 0 0 0 0 0 0 0 0 0 0 0 0 0 0 0 0 0 0 0 0 0 0 -7.1919 27.8786 -23.5648 -1.8215 24.5244 0.0000 16.4904 28.0000 -0.0000 0 0 0 0 0 0 0 0 0 0 0 0 0 0 0 0 0 0 0 0 0 0 0 0 0 0 0 0 0 0 0 0 0 0 0 0 0 0 0 0 0 0
-4.8215 7.0809 -104.3444 0.8004 -6.4014 -16.9444 0 0 0 0 0 0 0 0 0 12.9317 -2.2425 -5.4875 0 0 0 0 0 0 0 8.0501 -0.0039 0 0 0 0 0 0 0 0 0 0 0 0 0 0 172.0000 0 0 0 0 0 172.0000 0 0 0 0 0 0 0 0 0 0 0 0 0 0 0 0 0 0 0 0 0 0 0 0 0 0 0 0 0 0 0 0 0 0 0 0 0 0 0 0 0 0 0 0 0 0 0 0 0 0 0 0 0 0 0 0 0 0 0 0 0 0 0 0 0 0 0 0 0 0 0 0 0 0 0 0 -40.0000 172.0000 0 0 0 0 -40.0000 179.0000 0 0 0 0 -35.0000 -176.0000 0 0 0 0 0 0 0 0 0 0 0 113.0000 0 0 0 0 0 -113.0000 0 0 0 0 0 0 0 0 0 0 -4.4301 -172.0000 0 0 172.0000 0 0 0 0 0 0 0 0 0 0 -4.5200 172.0000 0 3.5825 172.0000 0 0 0 0 0 0 0 0 0 -15.8097 0 0 0 0 0 0 0 0 0 0 0 -15.3005 0 0 0 0 0 0 0 0 0 0 0 0 0 0 0 0 0 0 0 0 0 0 0 0 0 0 0 0 0 74.4779 32.8155 20.7400 -19.5694 -7.9812 62.2913 1.8670 0.8355 -1.0215 0 0 0 15.6060 0 -6.7271 18.1980 0 0 1.2028 0 0 0 0 0 48.7451 20.0746 -5.0598 33.9476 0 -9.5796 6.7674 0 0 0 0 0 0 0 0 66.3184 2.5716 -1.8653 29.5933 0 -8.2061 5.6752 0 0 0 0 0 0 0 0 61.0454 -9.7303 -6.5473 17.1661 0 -10.0803 13.1160 0 0 -34.9369 -9.1643 -52.1503 -2.4659 12.5059 -5.0738 22.6714 -31.5457 -2.9429 33.3886 -25.7052 11.0500 0 0 0 -53.9949 31.4461 -32.8635 2.0525 -5.5468 -53.2326 2.7289 -13.1215 1.9312 0 0 0 -14.5099 0 5.8565 -16.9638 0 0 -0.8527 0 0 0 0 0 -48.2570 0 4.7170 -33.5581 0 0 -6.6806 0 0 0 0 0 0 0 0 -66.2789 0 1.7283 -28.8562 0 0 -5.6543 0 0 0 0 0 0 0 0 -61.3931 0 6.7592 -17.3768 0 0 -13.1817 0 0 5.2657 -28.2882 39.6339 -22.2500 -13.7470 5.4551 -20.3134 33.3594 -2.0242 -32.2878 25.8898 0 0 0 0 -1.9336 29.4024 -6.6258 2.1040 19.0796 -0.0000 28.8718 -10.0001 0.0000 0 0 0 0 0 0 0 0 0 0 0 0 0 0 0 0 0 0 0 0 0 0 0 0 0 0 0 0 0 0 0 0 0 0 0 0 0 0 0 0 0 0 0 0 0 -8.9478 27.6701 -24.9082 -1.4947 24.0859 0.0000 15.9693 28.0000 -0.0000 0 0 0 0 0 0 0 0 0 0 0 0 0 0 0 0 0 0 0 0 0 0 0 0 0 0 0 0 0 0 0 0 0 0 0 0 0 0 0 0 0 0
-4.3507 8.1861 -103.2134 1.3269 -5.5412 -16.6533 0 0 0 0 0 0 0 0 0 11.6255 -2.2703 -4.0976 0 0 0 0 0 0 0 8.0501 -0.0039 0 0 0 0 0 0 0 0 0 0 0 0 0 0 172.0000 0 0 0 0 0 172.0000 0 0 0 0 0 0 0 0 0 0 0 0 0 0 0 0 0 0 0 0 0 0 0 0 0 0 0 0 0 0 0 0 0 0 0 0 0 0 0 0 0 0 0 0 0 0 0 0 0 0 0 0 0 0 0 0 0 0 0 0 0 0 0 0 0 0 0 0 0 0 0 0 0 0 0 0 -40.0000 172.0000 0 0 0 0 -40.0000 179.0000 0 0 0 0 -35.0000 -176.0000 0 0 0 0 0 0 0 0 0 0 0 113.0000 0 0 0 0 0 -113.0000 0 0 0 0 0 0 0 0 0 0 -4.0866 -172.0000 0 0 172.0000 0 0 0 0 0 0 0 0 0 0 -4.1512 172.0000 0 3.1213 172.0000 0 0 0 0 0 0 0 0 0 -16.3057 0 0 0 0 0 0 0 0 0 0 0 -15.3016 0 0 0 0 0 0 0 0 0 0 0 0 0 0 0 0 0 0 0 0 0 0 0 0 0 0 0 0 0 71.6426 34.1472 18.9005 -17.3375 -4.1506 63.6726 2.2812 -1.2845 -1.8426 0 0 0 8.4839 0 -11.1228 44.2871 0 0 5.8340 0 0 0 0 0 28.2405 20.0746 -6.5961 58.1979 0 -9.5796 16.8306 0 0 0 0 0 0 0 0 47.8498 2.5716 -5.7686 56.4819 0 -8.2061 16.9957 0 0 0 0 0 0 0 0 41.9941 -9.8180 -14.0300 52.4341 0 -10.0554 21.5128 0 0 -34.9369 -9.1643 -52.1503 -9.1729 6.3370 -2.7475 22.3141 -36.5458 -3.4599 34.0515 -25.8775 10.8427 0 0 0 -53.7415 35.1387 -28.5436 -2.6735 -1.3549 -55.6092 2.4026 -16.6553 2.9311 0 0 0 -7.7973 0 10.1863 -44.1125 0 0 -5.6090 0 0 0 0 0 -27.6424 0 6.3075 -58.0096 0 0 -16.5921 0 0 0 0 0 0 0 0 -47.3771 0 5.3944 -56.2378 0 0 -16.7868 0 0 0 0 0 0 0 0 -42.2655 0 14.2549 -52.2823 0 0 -21.5053 0 0 7.1955 -26.2866 35.3082 -3.5034 -5.8534 3.0248 -21.2515 37.2905 0.4120 -37.1563 25.9527 0 0 0 0 -1.3783 29.7459 -7.8646 0.3909 17.3358 -0.0000 29.3833 -9.9998 0.0000 0 0 0 0 0 0 0 0 0 0 0 0 0 0 0 0 0 0 0 0 0 0 0 0 0 0 0 0 0 0 0 0 0 0 0 0 0 0 0 0 0 0 0 0 0 -10.2582 27.8825 -25.7400 -1.4385 23.4744 0.0000 15.7825 28.0000 -0.0000 0 0 0 0 0 0 0 0 0 0 0 0 0 0 0 0 0 0 0 0 0 0 0 0 0 0 0 0 0 0 0 0 0 0 0 0 0 0 0 0 0 0
-4.0221 8.9742 -102.4179 1.7154 -4.8072 -16.6070 0 0 0 0 0 0 0 0 0 10.3720 -2.2211 -2.8532 0 0 0 0 0 0 0 8.0501 -0.0039 0 0 0 0 0 0 0 0 0 0 0 0 0 0 172.0000 0 0 0 0 0 172.0000 0 0 0 0 0 0 0 0 0 0 0 0 0 0 0 0 0 0 0 0 0 0 0 0 0 0 0 0 0 0 0 0 0 0 0 0 0 0 0 0 0 0 0 0 0 0 0 0 0 0 0 0 0 0 0 0 0 0 0 0 0 0 0 0 0 0 0 0 0 0 0 0 0 0 0 0 -40.0000 172.0000 0 0 0 0 -40.0000 179.0000 0 0 0 0 -35.0000 -176.0000 0 0 0 0 0 0 0 0 0 0 0 113.0000 0 0 0 0 0 -113.0000 0 0 0 0 0 0 0 0 0 0 -3.7999 -172.0000 0 0 172.0000 0 0 0 0 0 0 0 0 0 0 -3.7781 172.0000 0 2.7150 172.0000 0 0 0 0 0 0 0 0 0 -15.8536 0 0 0 0 0 0 0 0 0 0 0 -15.3045 0 0 0 0 0 0 0 0 0 0 0 0 0 0 0 0 0 0 0 0 0 0 0 0 0 0 0 0 0 69.0183 36.8454 16.1422 -13.4346 -1.4185 65.9235 2.4170 -1.2178 -1.7380 0 0 0 2.1006 0 -15.2323 68.2517 0 0 9.8752 0 0 0 0 0 9.4623 20.0746 -8.0383 80.2135 0 -9.5796 25.6827 0 0 0 0 0 0 0 0 31.0512 2.5716 -9.3313 80.6895 0 -8.2061 27.0107 0 0 0 0 0 0 0 0 24.7387 -9.7852 -20.9105 84.2113 0 -10.0634 29.0448 0 0 -34.9369 -9.1643 -52.1503 -15.2362 0.9237 -0.8750 21.8964 -41.7313 -3.6616 34.7992 -26.0074 11.0194 0 0 0 -53.1738 38.6008 -24.7170 -7.1171 2.4668 -56.8727 1.9455 -17.7008 2.8695 0 0 0 -1.9312 0 14.8591 -68.4528 0 0 -9.8222 0 0 0 0 0 -9.2126 0 7.9456 -80.1975 0 0 -25.5615 0 0 0 0 0 0 0 0 -30.7724 0 9.1273 -80.7215 0 0 -26.8909 0 0 0 0 0 0 0 0 -24.8526 0 21.0097 -84.0665 0 0 -29.0287 0 0 9.2281 -24.1428 31.7895 13.4697 1.7013 1.0052 -21.6879 41.6825 2.9636 -42.0454 25.9963 0 0 0 0 -1.1751 30.1351 -8.4862 -0.7196 16.2502 0.0000 29.7458 -9.9999 -0.0000 0 0 0 0 0 0 0 0 0 0 0 0 0 0 0 0 0 0 0 0 0 0 0 0 0 0 0 0 0 0 0 0 0 0 0 0 0 0 0 0 0 0 0 0 0 -11.0586 28.1575 -26.4230 -1.3378 23.0751 -0.0000 15.8348 28.0000 0.0000 0 0 0 0 0 0 0 0 0 0 0 0 0 0 0 0 0 0 0 0 0 0 0 0 0 0 0 0 0 0 0 0 0 0 0 0 0 0 0 0 0 0
-3.7998 9.4240 -101.9539 2.0162 -4.3030 -16.5892 0 0 0 0 0 0 0 0 0 9.3733 -2.2355 -1.8655 0 0 0 0 0 0 0 8.0501 -0.0039 0 0 0 0 0 0 0 0 0 0 0 0 0 0 172.0000 0 0 0 0 0 172.0000 0 0 0 0 0 0 0 0 0 0 0 0 0 0 0 0 0 0 0 0 0 0 0 0 0 0 0 0 0 0 0 0 0 0 0 0 0 0 0 0 0 0 0 0 0 0 0 0 0 0 0 0 0 0 0 0 0 0 0 0 0 0 0 0 0 0 0 0 0 0 0 0 0 0 0 0 -40.0000 172.0000 0 0 0 0 -40.0000 179.0000 0 0 0 0 -35.0000 -176.0000 0 0 0 0 0 0 0 0 0 0 0 113.0000 0 0 0 0 0 -113.0000 0 0 0 0 0 0 0 0 0 0 -3.7350 -172.0000 0 0 172.0000 0 0 0 0 0 0 0 0 0 0 -3.5485 172.0000 0 2.5050 172.0000 0 0 0 0 0 0 0 0 0 -15.4921 0 0 0 0 0 0 0 0 0 0 0 -15.3206 0 0 0 0 0 0 0 0 0 0 0 0 0 0 0 0 0 0 0 0 0 0 0 0 0 0 0 0 0 66.7116 40.2491 12.8741 -8.0755 2.8383 67.0396 2.0338 1.7319 -0.5542 0 0 0 -0.2192 0 -16.5134 70.5436 0 0 10.0007 0 0 0 0 0 6.9967 19.9598 -8.5686 85.4257 0 -9.4645 29.9470 0 0 0 0 0 0 0 0 28.0736 2.4348 -10.2269 87.3901 0 -8.0604 30.5403 0 0 0 0 0 0 0 0 23.8900 -9.9175 -20.8297 93.5776 0 -9.9452 31.9218 0 0 -33.6104 -10.4917 -51.8343 -16.4969 1.0325 -0.7996 22.7648 -43.5147 -5.1237 35.1035 -25.9885 10.8753 0 0 0 -52.9308 42.5845 -20.8014 -10.2168 5.5653 -55.7745 1.4749 -15.1583 1.3354 0 0 0 0.0947 0 16.7108 -77.0217 0 0 -11.2894 0 0 0 0 0 -2.7343 0 8.5753 -88.0730 0 0 -28.7357 0 0 0 0 0 0 0 0 -25.0134 0 10.5660 -89.3174 0 0 -30.4764 0 0 0 0 0 0 0 0 -18.6520 0 23.4039 -95.3877 0 0 -31.6893 0 0 10.0050 -23.2944 30.6470 19.4808 4.4925 0.3458 -21.7343 43.4718 3.9591 -43.9074 26.0083 0 0 0 0 -1.1567 30.4709 -8.8545 -1.4905 15.5496 0.0000 30.0243 -10.0000 -0.0000 0 0 0 0 0 0 0 0 0 0 0 0 0 0 0 0 0 0 0 0 0 0 0 0 0 0 0 0 0 0 0 0 0 0 0 0 0 0 0 0 0 0 0 0 0 -11.2736 28.1235 -26.8418 -1.2520 22.6961 -0.0000 15.8882 28.0000 0.0000 0 0 0 0 0 0 0 0 0 0 0 0 0 0 0 0 0 0 0 0 0 0 0 0 0 0 0 0 0 0 0 0 0 0 0 0 0 0 0 0 0 0
-3.6035 9.6850 -101.6566 2.2406 -3.9099 -16.6931 0 0 0 0 0 0 0 0 0 8.7592 -2.1568 -1.2459 0 0 0 0 0 0 0 8.0501 -0.0039 0 0 0 0 0 0 0 0 0 0 0 0 0 0 172.0000 0 0 0 0 0 172.0000 0 0 0 0 0 0 0 0 0 0 0 0 0 0 0 0 0 0 0 0 0 0 0 0 0 0 0 0 0 0 0 0 0 0 0 0 0 0 0 0 0 0 0 0 0 0 0 0 0 0 0 0 0 0 0 0 0 0 0 0 0 0 0 0 0 0 0 0 0 0 0 0 0 0 0 0 -40.0000 172.0000 0 0 0 0 -40.0000 179.0000 0 0 0 0 -35.0000 -176.0000 0 0 0 0 0 0 0 0 0 0 0 113.0000 0 0 0 0 0 -113.0000 0 0 0 0 0 0 0 0 0 0 -3.9283 -172.0000 0 0 172.0000 0 0 0 0 0 0 0 0 0 0 -3.6762 172.0000 0 2.6520 172.0000 0 0 0 0 0 0 0 0 0 -15.3485 0 0 0 0 0 0 0 0 0 0 0 -15.3460 0 0 0 0 0 0 0 0 0 0 0 0 0 0 0 0 0 0 0 0 0 0 0 0 0 0 0 0 0 66.3111 46.1739 7.1602 -4.0273 6.8532 65.8097 1.0912 5.2388 0.8503 0 0 0 -0.5666 0 -15.5891 53.5287 0 0 6.5682 0 0 0 0 0 18.6442 19.7561 -8.6758 78.2567 0 -9.2602 32.8506 0 0 0 0 0 0 0 0 36.4041 2.1919 -9.3110 82.1744 0 -7.8018 30.4441 0 0 0 0 0 0 0 0 38.1777 -10.1366 -14.1460 88.1281 0 -9.7445 32.3894 0 0 -31.2554 -12.8484 -51.2734 -14.8840 6.0011 -3.0935 24.7158 -42.5437 -8.2845 35.1124 -25.8304 10.5987 0 0 0 -54.3338 47.5004 -15.9267 -14.2805 8.1863 -51.6197 1.0454 -10.3211 -0.8932 0 0 0 0.3098 0 16.2225 -70.1047 0 0 -9.9152 0 0 0 0 0 -7.5580 0 8.6918 -85.1266 0 0 -29.7415 0 0 0 0 0 0 0 0 -28.5713 0 10.3217 -87.0597 0 0 -30.3537 0 0 0 0 0 0 0 0 -24.3796 0 20.8362 -93.0160 0 0 -31.8003 0 0 11.7822 -22.2809 30.5019 19.0485 2.2655 1.7999 -21.9663 42.9564 4.7304 -43.4891 25.9511 0 0 0 0 -1.2364 30.7773 -9.2428 -1.9739 15.1189 0.0000 30.2702 -10.0000 -0.0000 0 0 0 0 0 0 0 0 0 0 0 0 0 0 0 0 0 0 0 0 0 0 0 0 0 0 0 0 0 0 0 0 0 0 0 0 0 0 0 0 0 0 0 0 0 -10.8863 27.6551 -27.0724 -1.3805 22.0342 -0.0000 15.9441 28.0000 0.0000 0 0 0 0 0 0 0 0 0 0 0 0 0 0 0 0 0 0 0 0 0 0 0 0 0 0 0 0 0 0 0 0 0 0 0 0 0 0 0 0 0 0
-3.5052 9.7943 -101.4633 2.3142 -3.4866 -16.9830 0 0 0 0 0 0 0 0 0 8.0760 -1.6352 -0.5619 0 0 0 0 0 0 0 8.0501 -0.0039 0 0 0 0 0 0 0 0 0 0 0 0 0 0 172.0000 0 0 0 0 0 172.0000 0 0 0 0 0 0 0 0 0 0 0 0 0 0 0 0 0 0 0 0 0 0 0 0 0 0 0 0 0 0 0 0 0 0 0 0 0 0 0 0 0 0 0 0 0 0 0 0 0 0 0 0 0 0 0 0 0 0 0 0 0 0 0 0 0 0 0 0 0 0 0 0 0 0 0 0 -40.0000 172.0000 0 0 0 0 -40.0000 179.0000 0 0 0 0 -35.0000 -176.0000 0 0 0 0 0 0 0 0 0 0 0 113.0000 0 0 0 0 0 -113.0000 0 0 0 0 0 0 0 0 0 0 -4.2382 -172.0000 0 0 172.0000 0 0 0 0 0 0 0 0 0 0 -4.0934 172.0000 0 3.0725 172.0000 0 0 0 0 0 0 0 0 0 -15.3138 0 0 0 0 0 0 0 0 0 0 0 -15.3546 0 0 0 0 0 0 0 0 0 0 0 0 0 0 0 0 0 0 0 0 0 0 0 0 0 0 0 0 0 67.9435 53.1659 0.4276 -0.8809 8.7591 61.7081 0.3455 5.3920 1.0961 0 0 0 -0.9488 0 -14.1209 32.6163 0 0 4.8478 0 0 0 0 0 25.2778 19.2757 -8.2754 61.4690 0 -9.0425 31.4514 0 0 0 0 0 0 0 0 37.4865 1.9580 -8.4917 66.2484 0 -7.6526 28.7010 0 0 0 0 0 0 0 0 43.6809 -10.2735 -9.3218 73.4399 0 -9.6401 32.1606 0 0 -27.6249 -16.4814 -48.0936 -11.8680 9.6164 -7.7019 27.6643 -38.8685 -10.0450 34.5261 -27.2925 9.3605 0 0 0 -56.6760 53.4851 -9.9222 -19.1151 9.6311 -46.0370 0.6751 -6.8600 -2.0769 0 0 0 0.7186 0 14.4489 -50.9982 0 0 -6.1676 0 0 0 0 0 -20.9287 0 8.8521 -76.4122 0 0 -31.9892 0 0 0 0 0 0 0 0 -38.4379 0 9.3462 -80.1870 0 0 -29.5809 0 0 0 0 0 0 0 0 -40.1920 0 13.7973 -85.3181 0 0 -31.7688 0 0 16.2656 -19.8511 30.1215 17.2106 -4.1059 5.5793 -22.7012 41.0586 6.5182 -41.9867 25.8043 0 0 0 0 -1.1953 31.0573 -9.5888 -2.3054 14.7557 -0.0000 30.5579 -10.0000 0.0000 0 0 0 0 0 0 0 0 0 0 0 0 0 0 0 0 0 0 0 0 0 0 0 0 0 0 0 0 0 0 0 0 0 0 0 0 0 0 0 0 0 0 0 0 0 -9.9577 27.0612 -27.2308 -1.5562 21.0008 0.0000 16.0672 28.0000 -0.0000 0 0 0 0 0 0 0 0 0 0 0 0 0 0 0 0 0 0 0 0 0 0 0 0 0 0 0 0 0 0 0 0 0 0 0 0 0 0 0 0 0 0
-3.4498 9.7776 -101.2875 2.2134 -3.1058 -17.3217 0 0 0 0 0 0 0 0 0 7.2335 -0.7933 0.2785 0 0 0 0 0 0 0 8.0501 -0.0039 0 0 0 0 0 0 0 0 0 0 0 0 0 0 172.0000 0 0 0 0 0 172.0000 0 0 0 0 0 0 0 0 0 0 0 0 0 0 0 0 0 0 0 0 0 0 0 0 0 0 0 0 0 0 0 0 0 0 0 0 0 0 0 0 0 0 0 0 0 0 0 0 0 0 0 0 0 0 0 0 0 0 0 0 0 0 0 0 0 0 0 0 0 0 0 0 0 0 0 0 -40.0000 172.0000 0 0 0 0 -40.0000 179.0000 0 0 0 0 -35.0000 -176.0000 0 0 0 0 0 0 0 0 0 0 0 113.0000 0 0 0 0 0 -113.0000 0 0 0 0 0 0 0 0 0 0 -4.2568 -172.0000 0 0 172.0000 0 0 0 0 0 0 0 0 0 0 -4.5059 172.0000 0 3.4828 172.0000 0 0 0 0 0 0 0 0 0 -15.3271 0 0 0 0 0 0 0 0 0 0 0 -15.3475 0 0 0 0 0 0 0 0 0 0 0 0 0 0 0 0 0 0 0 0 0 0 0 0 0 0 0 0 0 68.2976 57.0290 -3.2361 1.4326 8.9760 56.3761 0.4131 2.8908 0.4296 0 0 0 -1.0876 0 -12.9978 17.1754 0 0 7.3998 0 0 0 0 0 16.0077 17.6622 -6.5802 35.1621 0 -8.4221 22.2970 0 0 0 0 0 0 0 0 21.0472 0.9394 -7.6032 38.4200 0 -7.1763 23.3937 0 0 0 0 0 0 0 0 26.3256 -10.9168 -8.8201 47.7198 0 -9.3105 31.5998 0 0 -18.6383 -25.4741 -38.7274 -6.2557 9.1202 -12.6941 32.2684 -32.5663 -8.4200 33.6416 -31.9276 6.1509 0 0 0 -60.6519 58.0961 -3.4360 -16.8747 9.8972 -38.8229 0.5151 -5.9690 -1.8678 0 0 0 1.4304 0 13.1447 -31.0555 0 0 -4.6174 0 0 0 0 0 -26.2904 0 8.8985 -60.3458 0 0 -30.9648 0 0 0 0 0 0 0 0 -38.5924 0 8.7999 -65.1568 0 0 -28.2296 0 0 0 0 0 0 0 0 -44.8613 0 9.3116 -71.8947 0 0 -31.8295 0 0 21.2677 -18.1576 26.8801 11.6510 -9.8553 10.8177 -24.3801 38.9630 4.0987 -38.1925 25.6353 0 0 0 0 -1.0551 31.2953 -9.8560 -2.5320 14.5104 -0.0000 30.8140 -10.0000 0.0000 0 0 0 0 0 0 0 0 0 0 0 0 0 0 0 0 0 0 0 0 0 0 0 0 0 0 0 0 0 0 0 0 0 0 0 0 0 0 0 0 0 0 0 0 0 -8.9372 26.6083 -27.0050 -1.5161 20.0243 0.0000 16.2386 28.0000 -0.0000 0 0 0 0 0 0 0 0 0 0 0 0 0 0 0 0 0 0 0 0 0 0 0 0 0 0 0 0 0 0 0 0 0 0 0 0 0 0 0 0 0 0
-3.2684 9.7635 -101.0942 2.0207 -2.9954 -17.5168 0 0 0 0 0 0 0 0 0 6.6695 -0.2109 0.8422 0 0 0 0 0 0 0 8.0501 -0.0039 0 0 0 0 0 0 0 0 0 0 0 0 0 0 172.0000 0 0 0 0 0 172.0000 0 0 0 0 0 0 0 0 0 0 0 0 0 0 0 0 0 0 0 0 0 0 0 0 0 0 0 0 0 0 0 0 0 0 0 0 0 0 0 0 0 0 0 0 0 0 0 0 0 0 0 0 0 0 0 0 0 0 0 0 0 0 0 0 0 0 0 0 0 0 0 0 0 0 0 0 -40.0000 172.0000 0 0 0 0 -40.0000 179.0000 0 0 0 0 -35.0000 -176.0000 0 0 0 0 0 0 0 0 0 0 0 113.0000 0 0 0 0 0 -113.0000 0 0 0 0 0 0 0 0 0 0 -3.8060 -172.0000 0 0 172.0000 0 0 0 0 0 0 0 0 0 0 -4.7876 172.0000 0 3.7748 172.0000 0 0 0 0 0 0 0 0 0 -15.3476 0 0 0 0 0 0 0 0 0 0 0 -15.3391 0 0 0 0 0 0 0 0 0 0 0 0 0 0 0 0 0 0 0 0 0 0 0 0 0 0 0 0 0 66.1468 56.9964 -4.7429 1.8752 8.3121 54.7671 0.9769 1.6524 0.1861 0 0 0 -0.6478 0 -11.9734 9.6366 0 0 9.8478 0 0 0 0 0 3.5422 15.8809 -5.1684 13.1673 0 -7.6925 11.8838 0 0 0 0 0 0 0 0 3.5634 -0.4944 -6.3376 14.4767 0 -6.4593 14.7986 0 0 0 0 0 0 0 0 5.9643 -11.9416 -6.8441 21.1820 0 -8.7847 31.0150 0 0 -10.0021 -34.1162 -30.1066 -1.0267 9.2906 -17.0704 33.8444 -25.6628 -4.2407 33.0480 -35.0716 3.4194 0 0 0 -65.1836 59.0378 0.7967 -2.6211 9.7148 -29.7712 0.5524 -5.1901 -1.5898 0 0 0 1.8590 0 12.9153 -16.6902 0 0 -7.3538 0 0 0 0 0 -14.3352 0 8.6756 -34.2079 0 0 -22.1989 0 0 0 0 0 0 0 0 -20.1367 0 8.8934 -37.6709 0 0 -23.2418 0 0 0 0 0 0 0 0 -25.8778 0 9.5950 -47.0572 0 0 -31.4874 0 0 28.4450 -18.3160 17.6310 -1.1198 -13.2965 17.6841 -26.3861 34.0807 -5.5990 -31.9374 25.4168 0 0 0 0 -0.9648 31.5343 -10.1290 -2.6552 14.4736 -0.0000 30.9753 -10.0000 0.0000 0 0 0 0 0 0 0 0 0 0 0 0 0 0 0 0 0 0 0 0 0 0 0 0 0 0 0 0 0 0 0 0 0 0 0 0 0 0 0 0 0 0 0 0 0 -8.3632 26.2008 -26.7097 -1.3949 19.5474 0.0000 16.3479 28.0000 -0.0000 0 0 0 0 0 0 0 0 0 0 0 0 0 0 0 0 0 0 0 0 0 0 0 0 0 0 0 0 0 0 0 0 0 0 0 0 0 0 0 0 0 0
-3.0166 9.8696 -100.7498 1.7176 -3.1586 -17.6622 0 0 0 0 0 0 0 0 0 6.2495 0.1319 1.2620 0 0 0 0 0 0 0 8.0501 -0.0039 0 0 0 0 0 0 0 0 0 0 0 0 0 0 172.0000 0 0 0 0 0 172.0000 0 0 0 0 0 0 0 0 0 0 0 0 0 0 0 0 0 0 0 0 0 0 0 0 0 0 0 0 0 0 0 0 0 0 0 0 0 0 0 0 0 0 0 0 0 0 0 0 0 0 0 0 0 0 0 0 0 0 0 0 0 0 0 0 0 0 0 0 0 0 0 0 0 0 0 0 -40.0000 172.0000 0 0 0 0 -40.0000 179.0000 0 0 0 0 -35.0000 -176.0000 0 0 0 0 0 0 0 0 0 0 0 113.0000 0 0 0 0 0 -113.0000 0 0 0 0 0 0 0 0 0 0 -3.6181 -172.0000 0 0 172.0000 0 0 0 0 0 0 0 0 0 0 -4.8270 172.0000 0 3.8291 172.0000 0 0 0 0 0 0 0 0 0 -15.4139 0 0 0 0 0 0 0 0 0 0 0 -15.8613 0 0 0 0 0 0 0 0 0 0 0 0 0 0 0 0 0 0 0 0 0 0 0 0 0 0 0 0 0 62.4176 53.6207 -4.9240 -1.0125 5.3197 57.8973 1.4293 3.5169 0.9067 0 0 0 -0.6245 0 -11.6427 8.7217 0 0 10.1186 0 0 0 0 0 -2.9851 15.6369 -6.0995 4.7941 0 -7.5844 6.7742 0 0 0 0 0 0 0 0 -3.9483 -0.7773 -6.4208 5.2501 0 -6.3128 8.3337 0 0 0 0 0 0 0 0 -2.9345 -12.1990 -4.2901 7.1267 0 -8.6475 30.6897 0 0 -9.2465 -34.8723 -29.4063 0.8672 13.0444 -21.7905 30.1806 -19.8806 -0.6059 31.9336 -32.3344 3.0405 0 0 0 -65.5481 52.7468 -0.2573 11.6334 6.9502 -24.2499 0.3810 -2.5645 -2.1166 0 0 0 1.7257 0 12.7952 -9.5336 0 0 -9.8719 0 0 0 0 0 -0.0451 0 8.5345 -11.9427 0 0 -11.9380 0 0 0 0 0 0 0 0 -1.0354 0 8.7610 -13.4273 0 0 -14.7552 0 0 0 0 0 0 0 0 -4.2798 0 8.4917 -20.5510 0 0 -30.9740 0 0 39.4052 -18.3528 6.2871 -13.8924 -16.3375 24.0848 -26.5781 24.9156 -14.2168 -28.1391 25.1371 0 0 0 0 -0.9158 31.8275 -10.4276 -2.7304 14.5398 -0.0000 31.1185 -10.0000 0.0000 0 0 0 0 0 0 0 0 0 0 0 0 0 0 0 0 0 0 0 0 0 0 0 0 0 0 0 0 0 0 0 0 0 0 0 0 0 0 0 0 0 0 0 0 0 -8.0401 26.0490 -26.4976 -1.4074 19.3842 0.0000 16.4028 28.0000 -0.0000 0 0 0 0 0 0 0 0 0 0 0 0 0 0 0 0 0 0 0 0 0 0 0 0 0 0 0 0 0 0 0 0 0 0 0 0 0 0 0 0 0 0
-2.7514 9.9851 -100.2211 1.2998 -3.5128 -17.7922 0 0 0 0 0 0 0 0 0 5.7611 0.4894 1.7500 0 0 0 0 0 0 0 8.0501 -0.0039 0 0 0 0 0 0 0 0 0 0 0 0 0 0 172.0000 0 0 0 0 0 172.0000 0 0 0 0 0 0 0 0 0 0 0 0 0 0 0 0 0 0 0 0 0 0 0 0 0 0 0 0 0 0 0 0 0 0 0 0 0 0 0 0 0 0 0 0 0 0 0 0 0 0 0 0 0 0 0 0 0 0 0 0 0 0 0 0 0 0 0 0 0 0 0 0 0 0 0 0 -40.0000 172.0000 0 0 0 0 -40.0000 179.0000 0 0 0 0 -35.0000 -176.0000 0 0 0 0 0 0 0 0 0 0 0 113.0000 0 0 0 0 0 -113.0000 0 0 0 0 0 0 0 0 0 0 -4.2341 -172.0000 0 0 172.0000 0 0 0 0 0 0 0 0 0 0 -4.5083 172.0000 0 3.6864 172.0000 0 0 0 0 0 0 0 0 0 -15.9910 0 0 0 0 0 0 0 0 0 0 0 -16.7146 0 0 0 0 0 0 0 0 0 0 0 0 0 0 0 0 0 0 0 0 0 0 0 0 0 0 0 0 0 58.1029 44.0224 -0.0316 -5.7321 0.6155 62.2607 1.4228 6.6081 2.0020 0 0 0 -1.0593 0 -12.0806 9.8814 0 0 9.6962 0 0 0 0 0 -4.9304 15.9679 -7.9101 4.5205 0 -7.7218 6.1085 0 0 0 0 0 0 0 0 -5.1662 -0.4914 -7.5391 4.9025 0 -6.4569 6.3712 0 0 0 0 0 0 0 0 -4.0831 -11.9813 -3.7314 4.5174 0 -8.7315 30.6137 0 0 -10.7553 -33.3624 -30.9004 0.7847 17.0940 -25.4269 26.0794 -16.4744 0.6437 30.5440 -27.5572 3.2274 0 0 0 -62.8949 36.4696 -5.6969 17.3715 -1.0554 -25.4371 -0.0462 0.6948 -2.8970 0 0 0 1.3152 0 12.5100 -8.7406 0 0 -10.1420 0 0 0 0 0 5.6458 0 8.5772 -3.8958 0 0 -6.8312 0 0 0 0 0 0 0 0 6.0596 0 8.3760 -4.3980 0 0 -8.3240 0 0 0 0 0 0 0 0 4.2937 0 5.6910 -6.6548 0 0 -30.6759 0 0 47.9006 -17.8169 -0.3394 -19.6820 -18.4385 27.1773 -25.4433 17.3754 -16.7660 -28.1538 24.9430 0 0 0 0 -1.0073 32.2194 -10.5307 -2.7772 14.6527 0.0000 31.2789 -10.0000 -0.0000 0 0 0 0 0 0 0 0 0 0 0 0 0 0 0 0 0 0 0 0 0 0 0 0 0 0 0 0 0 0 0 0 0 0 0 0 0 0 0 0 0 0 0 0 0 -7.6725 26.3248 -26.1286 -1.4922 19.2340 -0.0000 16.4754 28.0000 0.0000 0 0 0 0 0 0 0 0 0 0 0 0 0 0 0 0 0 0 0 0 0 0 0 0 0 0 0 0 0 0 0 0 0 0 0 0 0 0 0 0 0 0
-2.4921 9.9397 -99.6544 0.8666 -3.9117 -17.7597 0 0 0 0 0 0 0 0 0 5.3329 0.8328 2.1778 0 0 0 0 0 0 0 8.0501 -0.0039 0 0 0 0 0 0 0 0 0 0 0 0 0 0 172.0000 0 0 0 0 0 172.0000 0 0 0 0 0 0 0 0 0 0 0 0 0 0 0 0 0 0 0 0 0 0 0 0 0 0 0 0 0 0 0 0 0 0 0 0 0 0 0 0 0 0 0 0 0 0 0 0 0 0 0 0 0 0 0 0 0 0 0 0 0 0 0 0 0 0 0 0 0 0 0 0 0 0 0 0 -40.0000 172.0000 0 0 0 0 -40.0000 179.0000 0 0 0 0 -35.0000 -176.0000 0 0 0 0 0 0 0 0 0 0 0 113.0000 0 0 0 0 0 -113.0000 0 0 0 0 0 0 0 0 0 0 -4.9714 -172.0000 0 0 172.0000 0 0 0 0 0 0 0 0 0 0 -3.8631 172.0000 0 3.0226 172.0000 0 0 0 0 0 0 0 0 0 -16.1397 0 0 0 0 0 0 0 0 0 0 0 -13.4806 0 0 0 0 0 0 0 0 0 0 0 0 0 0 0 0 0 0 0 0 0 0 0 0 0 0 0 0 0 56.6831 29.9097 9.1664 -11.3019 -5.4600 64.3876 0.9610 7.4971 2.5424 0 0 0 6.6736 0 -10.7797 22.5615 0 0 12.7945 0 0 0 0 0 2.5945 17.4561 -9.1949 18.1830 0 -8.0609 11.8323 0 0 0 0 0 0 0 0 2.2608 0.7196 -8.1796 19.0607 0 -6.9966 11.5083 0 0 0 0 0 0 0 0 5.1872 -11.3470 -5.0321 18.5826 0 -9.0680 32.2011 0 0 -13.0003 -31.4231 -30.6732 -1.7129 21.3098 -27.9948 23.1963 -13.5526 0.5449 29.7613 -25.1067 3.8795 0 0 0 -60.1114 19.9073 -12.6281 19.8805 -10.7488 -31.7942 0.1016 1.0789 -2.7221 0 0 0 0.9980 0 12.4218 -10.0099 0 0 -9.7040 0 0 0 0 0 5.7398 0 8.6376 -4.2578 0 0 -6.1308 0 0 0 0 0 0 0 0 5.8679 0 8.1691 -4.6263 0 0 -6.3755 0 0 0 0 0 0 0 0 4.3780 0 4.2360 -4.4212 0 0 -30.6145 0 0 50.5345 -17.4758 -1.7219 -20.2624 -18.9897 27.5772 -24.7233 14.9523 -16.2657 -29.0758 24.8902 0 0 0 0 -1.3380 32.6560 -10.1439 -2.7398 14.7196 0.0000 31.4420 -10.0000 -0.0000 0 0 0 0 0 0 0 0 0 0 0 0 0 0 0 0 0 0 0 0 0 0 0 0 0 0 0 0 0 0 0 0 0 0 0 0 0 0 0 0 0 0 0 0 0 -7.3370 26.6887 -25.8164 -1.5225 19.1147 -0.0000 16.5629 28.0000 0.0000 0 0 0 0 0 0 0 0 0 0 0 0 0 0 0 0 0 0 0 0 0 0 0 0 0 0 0 0 0 0 0 0 0 0 0 0 0 0 0 0 0 0
-2.3572 9.7970 -99.0574 0.4043 -4.1270 -17.5800 0 0 0 0 0 0 0 0 0 4.9463 0.9862 2.5641 0 0 0 0 0 0 0 8.0501 -0.0039 0 0 0 0 0 0 0 0 0 0 0 0 0 0 172.0000 0 0 0 0 0 172.0000 0 0 0 0 0 0 0 0 0 0 0 0 0 0 0 0 0 0 0 0 0 0 0 0 0 0 0 0 0 0 0 0 0 0 0 0 0 0 0 0 0 0 0 0 0 0 0 0 0 0 0 0 0 0 0 0 0 0 0 0 0 0 0 0 0 0 0 0 0 0 0 0 0 0 0 0 -40.0000 172.0000 0 0 0 0 -40.0000 179.0000 0 0 0 0 -35.0000 -176.0000 0 0 0 0 0 0 0 0 0 0 0 113.0000 0 0 0 0 0 -113.0000 0 0 0 0 0 0 0 0 0 0 -4.9511 -172.0000 0 0 172.0000 0 0 0 0 0 0 0 0 0 0 -3.1741 172.0000 0 1.5650 172.0000 0 0 0 0 0 0 0 0 0 -10.2619 0 0 0 0 0 0 0 0 0 0 0 -4.7434 0 0 0 0 0 0 0 0 0 0 0 0 0 0 0 0 0 0 0 0 0 0 0 0 0 0 0 0 0 58.3688 20.5138 16.7870 -19.8517 -15.3257 65.3496 0.2369 5.6575 2.3229 0 0 0 26.7003 0 -5.6049 53.2526 0 0 21.4401 0 0 0 0 0 20.7291 20.1198 -8.8020 50.3797 0 -8.6699 25.3897 0 0 0 0 0 0 0 0 21.4104 2.8658 -7.0096 51.6848 0 -7.9517 24.6542 0 0 0 0 0 0 0 0 27.4802 -10.2971 -7.3716 52.1736 0 -9.6699 36.2353 0 0 -17.1958 -27.7702 -30.4926 -5.2330 26.0705 -29.5128 21.3930 -7.8536 -0.1912 30.2628 -24.9310 5.0848 0 0 0 -56.3887 13.2146 -18.4461 23.0964 -17.0799 -41.9331 1.2507 -2.1062 -1.5346 0 0 0 -6.2247 0 9.9570 -22.3519 0 0 -12.5650 0 0 0 0 0 -1.4078 0 7.5246 -18.2551 0 0 -11.8633 0 0 0 0 0 0 0 0 -3.8307 0 6.8680 -18.5425 0 0 -11.4012 0 0 0 0 0 0 0 0 -6.0569 0 4.4358 -18.3236 0 0 -32.1238 0 0 42.5508 -20.1103 7.1234 -21.7458 -19.2931 26.3972 -24.2991 12.7050 -13.5452 -30.3633 24.8269 0 0 0 0 -1.6624 32.7500 -9.5262 -2.6307 14.6567 0.0000 31.7161 -9.9451 -0.0000 0 0 0 0 0 0 0 0 0 0 0 0 0 0 0 0 0 0 0 0 0 0 0 0 0 0 0 0 0 0 0 0 0 0 0 0 0 0 0 0 0 0 0 0 0 -6.9810 26.8562 -25.6560 -1.4793 19.0232 -0.0000 16.6683 28.0000 0.0000 0 0 0 0 0 0 0 0 0 0 0 0 0 0 0 0 0 0 0 0 0 0 0 0 0 0 0 0 0 0 0 0 0 0 0 0 0 0 0 0 0 0
-2.2568 9.7226 -98.4687 0.0021 -4.0623 -17.3691 0 0 0 0 0 0 0 0 0 4.6431 0.9053 2.8669 0 0 0 0 0 0 0 8.0501 -0.0039 0 0 0 0 0 0 0 0 0 0 0 0 0 0 172.0000 0 0 0 0 0 172.0000 0 0 0 0 0 0 0 0 0 0 0 0 0 0 0 0 0 0 0 0 0 0 0 0 0 0 0 0 0 0 0 0 0 0 0 0 0 0 0 0 0 0 0 0 0 0 0 0 0 0 0 0 0 0 0 0 0 0 0 0 0 0 0 0 0 0 0 0 0 0 0 0 0 0 0 0 -40.0000 172.0000 0 0 0 0 -40.0000 179.0000 0 0 0 0 -35.0000 -176.0000 0 0 0 0 0 0 0 0 0 0 0 113.0000 0 0 0 0 0 -113.0000 0 0 0 0 0 0 0 0 0 0 -4.4020 -172.0000 0 0 172.0000 0 0 0 0 0 0 0 0 0 0 -1.6807 172.0000 0 2.0018 172.0000 0 0 0 0 0 0 0 0 0 2.6748 0 0 0 0 0 0 0 0 0 0 0 0.1507 0 0 0 0 0 0 0 0 0 0 0 0 0 0 0 0 0 0 0 0 0 0 0 0 0 0 0 0 0 59.9353 17.9082 21.0414 -26.9408 -22.9777 67.2022 -0.4696 3.2090 1.7771 0 0 0 37.7804 0 -2.7599 71.3786 0 0 26.4974 0 0 0 0 0 30.5835 22.4040 -6.6545 74.5589 0 -9.0399 31.7465 0 0 0 0 0 0 0 0 33.0256 4.8639 -4.4017 74.7977 0 -8.5203 31.8192 0 0 0 0 0 0 0 0 42.9919 -8.7930 -7.8307 75.6243 0 -10.6134 34.6108 0 0 -18.1654 -25.2441 -31.7399 -5.9298 25.5031 -27.5014 21.2546 -6.7424 -1.6848 32.0975 -25.5920 5.3296 0 0 0 -52.4696 13.9823 -22.1290 25.8767 -19.9464 -52.4799 2.7814 -6.0172 -0.2742 0 0 0 -18.7743 0 5.4557 -42.7834 0 0 -18.1435 0 0 0 0 0 -12.4763 0 5.5040 -40.3399 0 0 -21.1746 0 0 0 0 0 0 0 0 -23.3182 0 5.1259 -41.4311 0 0 -18.8557 0 0 0 0 0 0 0 0 -25.9297 0 8.4627 -41.8467 0 0 -30.1846 0 0 29.1606 -24.4637 21.0515 -17.6325 -17.0325 26.1384 -20.6707 9.8269 -5.4358 -27.9655 25.1168 0 0 0 0 -1.9146 31.9761 -8.7029 -2.5211 14.3381 -0.0000 32.1112 -9.8477 0.0000 0 0 0 0 0 0 0 0 0 0 0 0 0 0 0 0 0 0 0 0 0 0 0 0 0 0 0 0 0 0 0 0 0 0 0 0 0 0 0 0 0 0 0 0 0 -6.6252 26.7602 -25.5358 -1.4333 18.8455 0.0000 16.7609 28.0000 -0.0000 0 0 0 0 0 0 0 0 0 0 0 0 0 0 0 0 0 0 0 0 0 0 0 0 0 0 0 0 0 0 0 0 0 0 0 0 0 0 0 0 0 0
-2.1123 9.7117 -97.8747 -0.2414 -3.8625 -17.1606 0 0 0 0 0 0 0 0 0 4.4876 0.8467 2.9786 0 0 0 0 0 0 0 8.0501 -0.0039 0 0 0 0 0 0 0 0 0 0 0 0 0 0 172.0000 0 0 0 0 0 172.0000 0 0 0 0 0 0 0 0 0 0 0 0 0 0 0 0 0 0 0 0 0 0 0 0 0 0 0 0 0 0 0 0 0 0 0 0 0 0 0 0 0 0 0 0 0 0 0 0 0 0 0 0 0 0 0 0 0 0 0 0 0 0 0 0 0 0 0 0 0 0 0 0 0 0 0 0 -40.0000 172.0000 0 0 0 0 -40.0000 179.0000 0 0 0 0 -35.0000 -176.0000 0 0 0 0 0 0 0 0 0 0 0 113.0000 0 0 0 0 0 -113.0000 0 0 0 0 0 0 0 0 0 0 -4.2856 -172.0000 0 0 172.0000 0 0 0 0 0 0 0 0 0 0 0.1783 172.0000 0 5.0622 172.0000 0 0 0 0 0 0 0 0 0 13.0898 0 0 0 0 0 0 0 0 0 0 0 -4.4670 0 0 0 0 0 0 0 0 0 0 0 0 0 0 0 0 0 0 0 0 0 0 0 0 0 0 0 0 0 60.3009 17.4689 23.8377 -28.9003 -23.3206 69.2447 -0.8864 1.6632 1.2870 0 0 0 27.3031 0 -7.0809 56.3861 0 0 21.0294 0 0 0 0 0 22.2669 24.6556 -5.2427 67.7421 0 -9.2748 22.1678 0 0 0 0 0 0 0 0 23.8157 6.9557 -2.9496 64.5644 0 -8.8796 23.3933 0 0 0 0 0 0 0 0 35.6937 -6.8269 -5.2856 65.3524 0 -11.9001 22.6158 0 0 -16.8843 -23.4055 -33.8307 -8.5189 20.3441 -27.5112 20.8908 -7.8829 -2.7464 33.6345 -25.8191 5.3286 0 0 0 -50.0601 16.5519 -24.8173 27.6096 -20.3710 -59.7604 3.9122 -8.5003 0.5022 0 0 0 -21.9000 0 4.2920 -47.7926 0 0 -19.5857 0 0 0 0 0 -15.0514 0 4.9937 -45.5624 0 0 -23.3728 0 0 0 0 0 0 0 0 -34.9241 0 5.4286 -48.5281 0 0 -18.4977 0 0 0 0 0 0 0 0 -36.7286 0 15.9152 -45.6152 0 0 -19.9331 0 0 31.8478 -26.4503 19.8808 3.7322 -13.4861 29.4458 -12.4681 2.9081 0.3123 -22.4293 25.7801 0 0 0 0 -2.2881 30.4760 -7.1387 -2.2155 13.4813 -0.0000 32.5535 -9.8468 0.0000 0 0 0 0 0 0 0 0 0 0 0 0 0 0 0 0 0 0 0 0 0 0 0 0 0 0 0 0 0 0 0 0 0 0 0 0 0 0 0 0 0 0 0 0 0 -6.3201 26.5612 -25.4499 -1.4440 18.5684 0.0000 16.8083 28.0000 -0.0000 0 0 0 0 0 0 0 0 0 0 0 0 0 0 0 0 0 0 0 0 0 0 0 0 0 0 0 0 0 0 0 0 0 0 0 0 0 0 0 0 0 0
-2.0700 9.6749 -97.2392 -0.4394 -3.6092 -16.8714 0 0 0 0 0 0 0 0 0 4.3294 0.8475 3.0591 0 0 0 0 0 0 0 8.0501 -0.0039 0 0 0 0 0 0 0 0 0 0 0 0 0 0 172.0000 0 0 0 0 0 172.0000 0 0 0 0 0 0 0 0 0 0 0 0 0 0 0 0 0 0 0 0 0 0 0 0 0 0 0 0 0 0 0 0 0 0 0 0 0 0 0 0 0 0 0 0 0 0 0 0 0 0 0 0 0 0 0 0 0 0 0 0 0 0 0 0 0 0 0 0 0 0 0 0 0 0 0 0 -40.0000 172.0000 0 0 0 0 -40.0000 179.0000 0 0 0 0 -35.0000 -176.0000 0 0 0 0 0 0 0 0 0 0 0 113.0000 0 0 0 0 0 -113.0000 0 0 0 0 0 0 0 0 0 0 -4.6474 -172.0000 0 0 172.0000 0 0 0 0 0 0 0 0 0 0 -0.5012 172.0000 0 6.5929 172.0000 0 0 0 0 0 0 0 0 0 15.3417 0 0 0 0 0 0 0 0 0 0 0 -7.9751 0 0 0 0 0 0 0 0 0 0 0 0 0 0 0 0 0 0 0 0 0 0 0 0 0 0 0 0 0 60.4311 18.6494 26.2009 -28.9718 -20.8791 71.1978 -0.8485 1.3433 0.9920 0 0 0 12.0325 0 -11.4303 32.3543 0 0 11.4135 0 0 0 0 0 9.5425 25.3843 -4.3734 42.6047 0 -9.3709 11.0502 0 0 0 0 0 0 0 0 12.2383 7.6126 -2.6001 34.6225 0 -9.0283 10.2378 0 0 0 0 0 0 0 0 18.5839 -6.3479 -1.6820 37.3671 0 -12.3216 11.1120 0 0 -16.8156 -22.7241 -34.3390 -16.6540 17.2769 -34.5970 20.1845 3.9313 -1.9848 34.3591 -25.2433 5.6281 0 0 0 -49.0619 18.9245 -27.5028 28.3204 -18.4932 -63.0272 4.1383 -9.2309 0.7096 0 0 0 -16.8756 0 6.2198 -39.5428 0 0 -16.2352 0 0 0 0 0 -11.0564 0 5.1302 -37.1869 0 0 -19.2941 0 0 0 0 0 0 0 0 -30.4132 0 5.6262 -38.4568 0 0 -13.7677 0 0 0 0 0 0 0 0 -31.1049 0 17.4329 -31.1098 0 0 -10.7649 0 0 44.6618 -27.2059 8.5879 26.4485 -15.3079 34.9361 -8.1016 -13.9871 -5.5681 -24.0845 25.6231 0 0 0 0 -2.4616 28.7508 -5.0214 -1.8474 12.2335 -0.0000 33.0849 -9.9331 0.0000 0 0 0 0 0 0 0 0 0 0 0 0 0 0 0 0 0 0 0 0 0 0 0 0 0 0 0 0 0 0 0 0 0 0 0 0 0 0 0 0 0 0 0 0 0 -5.8695 26.4253 -25.3717 -1.5076 18.3038 0.0000 16.8385 28.0000 -0.0000 0 0 0 0 0 0 0 0 0 0 0 0 0 0 0 0 0 0 0 0 0 0 0 0 0 0 0 0 0 0 0 0 0 0 0 0 0 0 0 0 0 0
-2.1373 9.6206 -96.7648 -0.5714 -3.2991 -16.5669 0 0 0 0 0 0 0 0 0 4.1537 0.8150 3.2150 0 0 0 0 0 0 0 8.0501 -0.0039 0 0 0 0 0 0 0 0 0 0 0 0 0 0 172.0000 0 0 0 0 0 172.0000 0 0 0 0 0 0 0 0 0 0 0 0 0 0 0 0 0 0 0 0 0 0 0 0 0 0 0 0 0 0 0 0 0 0 0 0 0 0 0 0 0 0 0 0 0 0 0 0 0 0 0 0 0 0 0 0 0 0 0 0 0 0 0 0 0 0 0 0 0 0 0 0 0 0 0 0 -40.0000 172.0000 0 0 0 0 -40.0000 179.0000 0 0 0 0 -35.0000 -176.0000 0 0 0 0 0 0 0 0 0 0 0 113.0000 0 0 0 0 0 -113.0000 0 0 0 0 0 0 0 0 0 0 -4.8037 -172.0000 0 0 172.0000 0 0 0 0 0 0 0 0 0 0 -3.0757 172.0000 0 5.5448 172.0000 0 0 0 0 0 0 0 0 0 13.3923 0 0 0 0 0 0 0 0 0 0 0 -1.1137 0 0 0 0 0 0 0 0 0 0 0 0 0 0 0 0 0 0 0 0 0 0 0 0 0 0 0 0 0 62.4738 22.2540 28.1433 -27.3801 -18.1048 73.8974 -0.3008 2.0286 0.8309 0 0 0 4.8926 0 -11.8382 20.2971 0 0 5.5243 0 0 0 0 0 3.1000 24.8714 -3.3833 23.2858 0 -9.3129 7.4564 0 0 0 0 0 0 0 0 9.6593 7.1406 -2.3100 11.8779 0 -8.9392 3.1653 0 0 0 0 0 0 0 0 7.8927 -6.9180 0.6619 17.2955 0 -12.1134 7.2034 0 0 -17.0297 -23.1623 -33.9005 -23.9104 17.1973 -42.2428 20.1527 20.4215 -0.5707 34.7371 -24.4613 5.7209 0 0 0 -49.8264 21.6373 -29.7442 26.9518 -15.9065 -64.6560 3.5331 -9.3324 0.6480 0 0 0 -11.1610 0 8.5632 -30.0213 0 0 -10.7996 0 0 0 0 0 -7.0744 0 4.2831 -28.2256 0 0 -14.0797 0 0 0 0 0 0 0 0 -19.9278 0 4.0339 -23.0534 0 0 -8.8451 0 0 0 0 0 0 0 0 -18.4453 0 9.5860 -19.0336 0 0 -8.1101 0 0 47.2550 -25.5400 2.3662 33.0470 -18.8060 40.5027 -12.2324 -27.7897 -12.4129 -31.1917 24.6149 0 0 0 0 -2.2204 27.2104 -3.1864 -1.9058 11.1330 -0.0000 33.6041 -9.9953 0.0000 0 0 0 0 0 0 0 0 0 0 0 0 0 0 0 0 0 0 0 0 0 0 0 0 0 0 0 0 0 0 0 0 0 0 0 0 0 0 0 0 0 0 0 0 0 -5.3265 26.2721 -25.1919 -1.5707 18.1587 0.0000 16.8870 28.0000 -0.0000 0 0 0 0 0 0 0 0 0 0 0 0 0 0 0 0 0 0 0 0 0 0 0 0 0 0 0 0 0 0 0 0 0 0 0 0 0 0 0 0 0 0
-2.2008 9.4936 -96.4749 -0.5370 -3.0556 -16.4585 0 0 0 0 0 0 0 0 0 4.0212 0.7025 3.3566 0 0 0 0 0 0 0 8.0501 -0.0039 0 0 0 0 0 0 0 0 0 0 0 0 0 0 172.0000 0 0 0 0 0 172.0000 0 0 0 0 0 0 0 0 0 0 0 0 0 0 0 0 0 0 0 0 0 0 0 0 0 0 0 0 0 0 0 0 0 0 0 0 0 0 0 0 0 0 0 0 0 0 0 0 0 0 0 0 0 0 0 0 0 0 0 0 0 0 0 0 0 0 0 0 0 0 0 0 0 0 0 0 -40.0000 172.0000 0 0 0 0 -40.0000 179.0000 0 0 0 0 -35.0000 -176.0000 0 0 0 0 0 0 0 0 0 0 0 113.0000 0 0 0 0 0 -113.0000 0 0 0 0 0 0 0 0 0 0 -4.3172 -172.0000 0 0 172.0000 0 0 0 0 0 0 0 0 0 0 -4.3906 172.0000 0 3.8286 172.0000 0 0 0 0 0 0 0 0 0 8.5568 0 0 0 0 0 0 0 0 0 0 0 4.0273 0 0 0 0 0 0 0 0 0 0 0 0 0 0 0 0 0 0 0 0 0 0 0 0 0 0 0 0 0 64.5296 29.5468 30.3645 -24.7831 -15.6465 75.3907 0.4484 2.6286 0.5041 0 0 0 4.1148 0 -11.0249 18.5802 0 0 4.1837 0 0 0 0 0 2.1634 24.8737 -2.9781 17.3474 0 -9.3110 7.9002 0 0 0 0 0 0 0 0 10.8431 7.1448 -2.2140 4.9698 0 -8.9361 1.9415 0 0 0 0 0 0 0 0 5.3663 -6.9753 1.2577 11.5689 0 -12.1647 7.5447 0 0 -16.9922 -23.1695 -33.9203 -26.5334 17.8798 -45.2735 20.2980 27.8134 0.1232 34.9155 -23.9820 5.7570 0 0 0 -51.2024 26.9794 -32.5827 24.5379 -13.8513 -66.3831 2.9437 -10.7494 1.0299 0 0 0 -6.8901 0 10.2980 -22.8949 0 0 -6.2959 0 0 0 0 0 -4.2643 0 3.3543 -21.7136 0 0 -10.0261 0 0 0 0 0 0 0 0 -12.8422 0 2.5558 -10.9792 0 0 -4.6156 0 0 0 0 0 0 0 0 -8.9149 0 1.3253 -14.1303 0 0 -8.1904 0 0 42.4492 -22.0979 1.2592 29.9123 -19.2949 44.1374 -18.1146 -30.1499 -12.8780 -35.3932 23.8494 0 0 0 0 -2.0176 26.4529 -2.0775 -2.2309 10.4385 0.0000 33.9118 -10.0132 -0.0000 0 0 0 0 0 0 0 0 0 0 0 0 0 0 0 0 0 0 0 0 0 0 0 0 0 0 0 0 0 0 0 0 0 0 0 0 0 0 0 0 0 0 0 0 0 -4.8723 26.2014 -24.8623 -1.6710 18.0708 -0.0000 16.9618 28.0000 0.0000 0 0 0 0 0 0 0 0 0 0 0 0 0 0 0 0 0 0 0 0 0 0 0 0 0 0 0 0 0 0 0 0 0 0 0 0 0 0 0 0 0 0
-2.2587 9.1366 -96.2420 -0.4170 -2.9151 -16.5679 0 0 0 0 0 0 0 0 0 3.8072 0.4569 3.5569 0 0 0 0 0 0 0 8.0501 -0.0039 0 0 0 0 0 0 0 0 0 0 0 0 0 0 172.0000 0 0 0 0 0 172.0000 0 0 0 0 0 0 0 0 0 0 0 0 0 0 0 0 0 0 0 0 0 0 0 0 0 0 0 0 0 0 0 0 0 0 0 0 0 0 0 0 0 0 0 0 0 0 0 0 0 0 0 0 0 0 0 0 0 0 0 0 0 0 0 0 0 0 0 0 0 0 0 0 0 0 0 0 -40.0000 172.0000 0 0 0 0 -40.0000 179.0000 0 0 0 0 -35.0000 -176.0000 0 0 0 0 0 0 0 0 0 0 0 113.0000 0 0 0 0 0 -113.0000 0 0 0 0 0 0 0 0 0 0 -3.4907 -172.0000 0 0 172.0000 0 0 0 0 0 0 0 0 0 0 -4.0532 172.0000 0 2.4550 172.0000 0 0 0 0 0 0 0 0 0 -1.3810 0 0 0 0 0 0 0 0 0 0 0 -3.5722 0 0 0 0 0 0 0 0 0 0 0 0 0 0 0 0 0 0 0 0 0 0 0 0 0 0 0 0 0 64.7816 37.9801 32.3324 -23.0016 -14.0451 76.0134 0.7980 2.2663 -0.0089 0 0 0 5.3248 0 -10.3982 20.4006 0 0 4.7682 0 0 0 0 0 3.1313 24.9527 -2.9649 18.3088 0 -9.3204 9.0395 0 0 0 0 0 0 0 0 12.1973 7.2170 -2.2243 6.1534 0 -8.9506 2.8829 0 0 0 0 0 0 0 0 6.3585 -6.9037 1.0748 12.8357 0 -12.2485 8.6958 0 0 -16.9674 -23.0999 -33.9838 -26.5059 18.3043 -45.2688 20.3778 28.4329 0.2136 35.0108 -23.8346 5.8096 0 0 0 -50.0674 34.9969 -37.1185 23.2547 -12.6224 -67.2746 3.1294 -13.5836 2.0064 0 0 0 -5.5697 0 10.7650 -20.7448 0 0 -4.8097 0 0 0 0 0 -3.4789 0 2.9819 -19.8291 0 0 -8.7657 0 0 0 0 0 0 0 0 -10.9685 0 2.0218 -7.1938 0 0 -3.1759 0 0 0 0 0 0 0 0 -6.0200 0 -1.9391 -13.9693 0 0 -8.8785 0 0 38.8453 -20.3636 2.0683 26.3536 -18.7589 45.0516 -20.7743 -28.2930 -11.4295 -36.2902 23.6171 0 0 0 0 -2.0022 26.6314 -1.4983 -2.4863 10.1861 0.0000 34.0686 -10.0093 -0.0000 0 0 0 0 0 0 0 0 0 0 0 0 0 0 0 0 0 0 0 0 0 0 0 0 0 0 0 0 0 0 0 0 0 0 0 0 0 0 0 0 0 0 0 0 0 -4.4956 26.3828 -24.5049 -1.8570 17.9770 -0.0000 17.0306 28.0000 0.0000 0 0 0 0 0 0 0 0 0 0 0 0 0 0 0 0 0 0 0 0 0 0 0 0 0 0 0 0 0 0 0 0 0 0 0 0 0 0 0 0 0 0
-2.3484 8.5772 -96.2909 -0.3079 -2.8262 -16.7391 0 0 0 0 0 0 0 0 0 3.5856 0.2271 3.7723 0 0 0 0 0 0 0 8.0501 -0.0039 0 0 0 0 0 0 0 0 0 0 0 0 0 0 172.0000 0 0 0 0 0 172.0000 0 0 0 0 0 0 0 0 0 0 0 0 0 0 0 0 0 0 0 0 0 0 0 0 0 0 0 0 0 0 0 0 0 0 0 0 0 0 0 0 0 0 0 0 0 0 0 0 0 0 0 0 0 0 0 0 0 0 0 0 0 0 0 0 0 0 0 0 0 0 0 0 0 0 0 0 -40.0000 172.0000 0 0 0 0 -40.0000 179.0000 0 0 0 0 -35.0000 -176.0000 0 0 0 0 0 0 0 0 0 0 0 113.0000 0 0 0 0 0 -113.0000 0 0 0 0 0 0 0 0 0 0 -3.2598 -172.0000 0 0 172.0000 0 0 0 0 0 0 0 0 0 0 -3.5970 172.0000 0 2.1240 172.0000 0 0 0 0 0 0 0 0 0 -11.6361 0 0 0 0 0 0 0 0 0 0 0 -13.7146 0 0 0 0 0 0 0 0 0 0 0 0 0 0 0 0 0 0 0 0 0 0 0 0 0 0 0 0 0 65.6253 41.4259 31.8875 -21.2963 -12.3145 78.7797 0.7201 1.8033 -0.2526 0 0 0 6.2367 0 -10.1796 21.9343 0 0 5.4530 0 0 0 0 0 3.9568 24.9346 -3.0541 20.3327 0 -9.3186 9.6394 0 0 0 0 0 0 0 0 12.7526 7.2002 -2.2537 8.5483 0 -8.9478 3.7609 0 0 0 0 0 0 0 0 7.5713 -6.9109 0.8282 14.9924 0 -12.2790 9.3278 0 0 -16.9788 -23.1144 -33.9665 -25.8868 18.4117 -44.5431 20.3612 27.0527 0.1029 35.0270 -23.8689 5.8596 0 0 0 -48.4042 40.2161 -40.1114 22.8743 -12.1279 -67.5373 3.7672 -15.6968 2.7963 0 0 0 -5.7683 0 10.6285 -21.1224 0 0 -4.9706 0 0 0 0 0 -3.6673 0 2.9742 -20.2260 0 0 -8.9585 0 0 0 0 0 0 0 0 -11.5099 0 2.0460 -7.7488 0 0 -3.2997 0 0 0 0 0 0 0 0 -6.5049 0 -1.9887 -15.0390 0 0 -9.2860 0 0 37.7654 -20.1155 2.8363 24.8483 -18.3083 44.7455 -21.0079 -26.5696 -10.3986 -35.8363 23.6571 0 0 0 0 -1.9919 27.1080 -1.1232 -2.6377 10.2798 0.0000 34.2243 -10.0026 -0.0000 0 0 0 0 0 0 0 0 0 0 0 0 0 0 0 0 0 0 0 0 0 0 0 0 0 0 0 0 0 0 0 0 0 0 0 0 0 0 0 0 0 0 0 0 0 -4.2443 26.5835 -24.2922 -2.0021 17.9715 -0.0000 17.0642 28.0000 0.0000 0 0 0 0 0 0 0 0 0 0 0 0 0 0 0 0 0 0 0 0 0 0 0 0 0 0 0 0 0 0 0 0 0 0 0 0 0 0 0 0 0 0
-2.4864 8.0805 -96.6255 -0.2098 -2.7441 -16.8827 0 0 0 0 0 0 0 0 0 3.4980 0.1222 3.8585 0 0 0 0 0 0 0 8.0501 -0.0039 0 0 0 0 0 0 0 0 0 0 0 0 0 0 172.0000 0 0 0 0 0 172.0000 0 0 0 0 0 0 0 0 0 0 0 0 0 0 0 0 0 0 0 0 0 0 0 0 0 0 0 0 0 0 0 0 0 0 0 0 0 0 0 0 0 0 0 0 0 0 0 0 0 0 0 0 0 0 0 0 0 0 0 0 0 0 0 0 0 0 0 0 0 0 0 0 0 0 0 0 -40.0000 172.0000 0 0 0 0 -40.0000 179.0000 0 0 0 0 -35.0000 -176.0000 0 0 0 0 0 0 0 0 0 0 0 113.0000 0 0 0 0 0 -113.0000 0 0 0 0 0 0 0 0 0 0 -3.9099 -172.0000 0 0 172.0000 0 0 0 0 0 0 0 0 0 0 -3.9329 172.0000 0 2.7892 172.0000 0 0 0 0 0 0 0 0 0 -16.4466 0 0 0 0 0 0 0 0 0 0 0 -17.4373 0 0 0 0 0 0 0 0 0 0 0 0 0 0 0 0 0 0 0 0 0 0 0 0 0 0 0 0 0 65.9695 40.9329 30.5855 -20.4456 -11.5038 80.1636 0.6640 2.1536 -0.0600 0 0 0 6.5222 0 -10.2055 22.4471 0 0 5.7372 0 0 0 0 0 4.2361 24.9264 -3.1126 21.3568 0 -9.3175 9.7375 0 0 0 0 0 0 0 0 12.7714 7.1927 -2.2695 9.7490 0 -8.9462 4.0791 0 0 0 0 0 0 0 0 8.0906 -6.9023 0.7135 16.0284 0 -12.3194 9.4430 0 0 -16.9801 -23.1220 -33.9605 -25.5126 18.3747 -44.0707 20.3177 26.0489 0.0124 35.0142 -23.9347 5.9078 0 0 0 -48.4162 40.2829 -39.6889 22.5248 -12.0572 -67.6243 4.0891 -15.9185 2.8885 0 0 0 -6.1990 0 10.4216 -22.0226 0 0 -5.4271 0 0 0 0 0 -3.9730 0 3.0590 -20.9251 0 0 -9.3811 0 0 0 0 0 0 0 0 -12.2961 0 2.1893 -9.0030 0 0 -3.7227 0 0 0 0 0 0 0 0 -7.5013 0 -1.2348 -15.7495 0 0 -9.3734 0 0 37.9621 -20.3785 3.1181 24.6996 -18.1528 44.3406 -20.5213 -25.9352 -10.1153 -35.3392 23.7378 0 0 0 0 -1.9893 27.3753 -0.8623 -2.6820 10.4145 -0.0000 34.3215 -9.9994 0.0000 0 0 0 0 0 0 0 0 0 0 0 0 0 0 0 0 0 0 0 0 0 0 0 0 0 0 0 0 0 0 0 0 0 0 0 0 0 0 0 0 0 0 0 0 0 -4.1143 26.6355 -24.2071 -2.0296 18.0222 0.0000 17.0833 28.0000 -0.0000 0 0 0 0 0 0 0 0 0 0 0 0 0 0 0 0 0 0 0 0 0 0 0 0 0 0 0 0 0 0 0 0 0 0 0 0 0 0 0 0 0 0
-2.6805 7.7683 -96.7179 -0.0953 -2.6160 -16.9274 0 0 0 0 0 0 0 0 0 3.4793 0.0865 3.8300 0 0 0 0 0 0 0 8.0501 -0.0039 0 0 0 0 0 0 0 0 0 0 0 0 0 0 172.0000 0 0 0 0 0 172.0000 0 0 0 0 0 0 0 0 0 0 0 0 0 0 0 0 0 0 0 0 0 0 0 0 0 0 0 0 0 0 0 0 0 0 0 0 0 0 0 0 0 0 0 0 0 0 0 0 0 0 0 0 0 0 0 0 0 0 0 0 0 0 0 0 0 0 0 0 0 0 0 0 0 0 0 0 -40.0000 172.0000 0 0 0 0 -40.0000 179.0000 0 0 0 0 -35.0000 -176.0000 0 0 0 0 0 0 0 0 0 0 0 113.0000 0 0 0 0 0 -113.0000 0 0 0 0 0 0 0 0 0 0 -4.6649 -172.0000 0 0 172.0000 0 0 0 0 0 0 0 0 0 0 -4.4910 172.0000 0 3.5195 172.0000 0 0 0 0 0 0 0 0 0 -16.9194 0 0 0 0 0 0 0 0 0 0 0 -17.0733 0 0 0 0 0 0 0 0 0 0 0 0 0 0 0 0 0 0 0 0 0 0 0 0 0 0 0 0 0 64.3842 39.5622 29.9017 -20.9944 -12.1417 79.1203 0.7576 2.9696 0.3044 0 0 0 6.5023 0 -10.2963 22.3975 0 0 5.7488 0 0 0 0 0 4.2108 24.9311 -3.1274 21.5054 0 -9.3181 9.6542 0 0 0 0 0 0 0 0 12.6496 7.1970 -2.2722 9.9180 0 -8.9470 4.0654 0 0 0 0 0 0 0 0 8.1299 -6.8671 0.6928 16.1577 0 -12.3711 9.3626 0 0 -16.9780 -23.1180 -33.9645 -25.4652 18.3093 -43.9136 20.2899 25.7502 -0.0170 35.0023 -23.9804 5.9652 0 0 0 -47.8731 38.6568 -38.3082 22.6688 -12.5987 -66.9681 3.9657 -14.9607 2.5351 0 0 0 -6.4030 0 10.3107 -22.6321 0 0 -5.6707 0 0 0 0 0 -4.1173 0 3.1134 -21.2633 0 0 -9.5968 0 0 0 0 0 0 0 0 -12.6535 0 2.2724 -9.6475 0 0 -3.9552 0 0 0 0 0 0 0 0 -7.9964 0 -0.7618 -15.9356 0 0 -9.3296 0 0 38.3437 -20.6013 3.1082 24.9534 -18.1655 44.1624 -20.1702 -25.9491 -10.1945 -35.1400 23.7782 0 0 0 0 -2.0054 27.4299 -0.7423 -2.6677 10.4406 -0.0000 34.3257 -9.9990 0.0000 0 0 0 0 0 0 0 0 0 0 0 0 0 0 0 0 0 0 0 0 0 0 0 0 0 0 0 0 0 0 0 0 0 0 0 0 0 0 0 0 0 0 0 0 0 -3.9895 26.6788 -24.1134 -2.0326 18.0277 0.0000 17.1036 28.0000 -0.0000 0 0 0 0 0 0 0 0 0 0 0 0 0 0 0 0 0 0 0 0 0 0 0 0 0 0 0 0 0 0 0 0 0 0 0 0 0 0 0 0 0 0
-2.8918 7.6005 -96.3897 0.0676 -2.4124 -16.7776 0 0 0 0 0 0 0 0 0 3.4448 0.1079 3.7868 0 0 0 0 0 0 0 8.0501 -0.0039 0 0 0 0 0 0 0 0 0 0 0 0 0 0 172.0000 0 0 0 0 0 172.0000 0 0 0 0 0 0 0 0 0 0 0 0 0 0 0 0 0 0 0 0 0 0 0 0 0 0 0 0 0 0 0 0 0 0 0 0 0 0 0 0 0 0 0 0 0 0 0 0 0 0 0 0 0 0 0 0 0 0 0 0 0 0 0 0 0 0 0 0 0 0 0 0 0 0 0 0 -40.0000 172.0000 0 0 0 0 -40.0000 179.0000 0 0 0 0 -35.0000 -176.0000 0 0 0 0 0 0 0 0 0 0 0 113.0000 0 0 0 0 0 -113.0000 0 0 0 0 0 0 0 0 0 0 -4.9449 -172.0000 0 0 172.0000 0 0 0 0 0 0 0 0 0 0 -4.6867 172.0000 0 3.7155 172.0000 0 0 0 0 0 0 0 0 0 -16.0675 0 0 0 0 0 0 0 0 0 0 0 -15.9413 0 0 0 0 0 0 0 0 0 0 0 0 0 0 0 0 0 0 0 0 0 0 0 0 0 0 0 0 0 62.4992 37.8595 29.3007 -22.9809 -15.5161 77.1753 0.7290 3.4270 0.5667 0 0 0 6.4063 0 -10.3314 22.2401 0 0 5.6878 0 0 0 0 0 4.1280 24.9313 -3.1226 21.3514 0 -9.3181 9.5789 0 0 0 0 0 0 0 0 12.5695 7.1972 -2.2701 9.7341 0 -8.9471 3.9804 0 0 0 0 0 0 0 0 8.0187 -6.8649 0.7183 15.9817 0 -12.4116 9.2850 0 0 -16.9783 -23.1177 -33.9646 -25.4809 18.2784 -43.9305 20.3209 25.7999 -0.0135 34.9600 -24.0024 6.0262 0 0 0 -46.0042 36.8858 -37.1990 23.7017 -13.6888 -65.7904 3.8708 -13.6942 2.1201 0 0 0 -6.4298 0 10.2956 -22.6346 0 0 -5.7128 0 0 0 0 0 -4.1333 0 3.1268 -21.3050 0 0 -9.6290 0 0 0 0 0 0 0 0 -12.6862 0 2.2895 -9.7457 0 0 -3.9978 0 0 0 0 0 0 0 0 -8.0630 0 -0.6505 -15.8749 0 0 -9.2814 0 0 38.5331 -20.6763 3.0344 25.2126 -18.2095 44.1505 -20.0693 -26.1105 -10.3799 -35.1361 23.7838 0 0 0 0 -2.0144 27.4105 -0.7263 -2.6522 10.4301 -0.0000 34.3104 -9.9994 0.0000 0 0 0 0 0 0 0 0 0 0 0 0 0 0 0 0 0 0 0 0 0 0 0 0 0 0 0 0 0 0 0 0 0 0 0 0 0 0 0 0 0 0 0 0 0 -3.8690 26.7760 -23.9904 -2.0739 17.9949 0.0000 17.1165 28.0000 -0.0000 0 0 0 0 0 0 0 0 0 0 0 0 0 0 0 0 0 0 0 0 0 0 0 0 0 0 0 0 0 0 0 0 0 0 0 0 0 0 0 0 0 0
-3.0429 7.6303 -95.9091 0.2664 -2.2075 -16.5330 0 0 0 0 0 0 0 0 0 3.3883 0.1657 3.7994 0 0 0 0 0 0 0 8.0501 -0.0039 0 0 0 0 0 0 0 0 0 0 0 0 0 0 172.0000 0 0 0 0 0 172.0000 0 0 0 0 0 0 0 0 0 0 0 0 0 0 0 0 0 0 0 0 0 0 0 0 0 0 0 0 0 0 0 0 0 0 0 0 0 0 0 0 0 0 0 0 0 0 0 0 0 0 0 0 0 0 0 0 0 0 0 0 0 0 0 0 0 0 0 0 0 0 0 0 0 0 0 0 -40.0000 172.0000 0 0 0 0 -40.0000 179.0000 0 0 0 0 -35.0000 -176.0000 0 0 0 0 0 0 0 0 0 0 0 113.0000 0 0 0 0 0 -113.0000 0 0 0 0 0 0 0 0 0 0 -5.1651 -172.0000 0 0 172.0000 0 0 0 0 0 0 0 0 0 0 -4.9315 172.0000 0 4.0458 172.0000 0 0 0 0 0 0 0 0 0 -15.5684 0 0 0 0 0 0 0 0 0 0 0 -15.3868 0 0 0 0 0 0 0 0 0 0 0 0 0 0 0 0 0 0 0 0 0 0 0 0 0 0 0 0 0 60.5602 36.0478 28.9889 -25.9061 -20.8498 74.2318 0.2930 3.1247 0.7206 0 0 0 7.0356 0 -9.2088 21.5955 0 0 5.1780 0 0 0 0 0 5.8010 24.9305 -2.6089 20.4169 0 -9.3180 8.9006 0 0 0 0 0 0 0 0 14.3242 7.1965 -2.3132 11.4708 0 -8.9470 3.3211 0 0 0 0 0 0 0 0 10.2881 -6.9347 0.5184 16.2506 0 -12.4507 7.8720 0 0 -16.9785 -23.1184 -33.9639 -21.5725 17.0951 -40.5074 20.5071 21.0392 -0.0043 32.0001 -24.2943 6.1591 0 0 0 -43.8843 34.7577 -35.8678 24.3162 -17.1203 -64.1049 4.0952 -12.1187 1.6625 0 0 0 -4.2734 0 11.8180 -20.7534 0 0 -4.8059 0 0 0 0 0 -4.3968 0 4.1897 -20.4419 0 0 -8.9940 0 0 0 0 0 0 0 0 -13.2351 0 3.4790 -11.5165 0 0 -3.3583 0 0 0 0 0 0 0 0 -7.5209 0 2.3057 -15.9581 0 0 -7.8249 0 0 41.8922 -22.8964 3.7680 23.4588 -19.3933 39.0546 -18.1163 -23.5382 -14.4241 -31.6850 24.5353 0 0 0 0 -2.0126 27.4070 -0.7366 -2.6541 10.4285 -0.0000 34.3108 -9.9994 0.0000 0 0 0 0 0 0 0 0 0 0 0 0 0 0 0 0 0 0 0 0 0 0 0 0 0 0 0 0 0 0 0 0 0 0 0 0 0 0 0 0 0 0 0 0 0 -3.8171 26.8411 -23.9227 -2.1099 17.9688 0.0000 17.1202 28.0000 -0.0000 0 0 0 0 0 0 0 0 0 0 0 0 0 0 0 0 0 0 0 0 0 0 0 0 0 0 0 0 0 0 0 0 0 0 0 0 0 0 0 0 0 0
-3.0682 7.7986 -95.3840 0.5059 -2.0867 -16.3887 0 0 0 0 0 0 0 0 0 3.3390 0.1598 3.7795 0 0 0 0 0 0 0 8.0501 -0.0039 0 0 0 0 0 0 0 0 0 0 0 0 0 0 172.0000 0 0 0 0 0 172.0000 0 0 0 0 0 0 0 0 0 0 0 0 0 0 0 0 0 0 0 0 0 0 0 0 0 0 0 0 0 0 0 0 0 0 0 0 0 0 0 0 0 0 0 0 0 0 0 0 0 0 0 0 0 0 0 0 0 0 0 0 0 0 0 0 0 0 0 0 0 0 0 0 0 0 0 0 -40.0000 172.0000 0 0 0 0 -40.0000 179.0000 0 0 0 0 -35.0000 -176.0000 0 0 0 0 0 0 0 0 0 0 0 113.0000 0 0 0 0 0 -113.0000 0 0 0 0 0 0 0 0 0 0 -5.6594 -172.0000 0 0 172.0000 0 0 0 0 0 0 0 0 0 0 -5.4931 172.0000 0 4.9556 172.0000 0 0 0 0 0 0 0 0 0 -15.3693 0 0 0 0 0 0 0 0 0 0 0 -15.5902 0 0 0 0 0 0 0 0 0 0 0 0 0 0 0 0 0 0 0 0 0 0 0 0 0 0 0 0 0 57.6079 33.1263 28.8119 -27.8439 -23.8069 72.1535 -0.4959 1.9994 0.8019 0 0 0 8.8390 0 -8.9027 21.9796 0 0 3.5321 0 0 0 0 0 10.3091 26.8247 -2.5797 22.2954 0 -9.4238 6.7825 0 0 0 0 0 0 0 0 16.9659 8.8686 -3.1824 18.5953 0 -9.1102 1.8110 0 0 0 0 0 0 0 0 15.4547 -6.1203 -2.3524 17.7680 0 -12.9682 5.6734 0 0 -18.6299 -21.7097 -35.3523 -12.9859 14.4373 -32.7564 19.6838 7.3907 -0.9089 27.3138 -25.0425 6.6347 0 0 0 -42.5211 33.3300 -34.6016 23.2220 -23.6197 -62.0793 4.5453 -10.6670 1.3163 0 0 0 -1.0450 0 15.7618 -16.9223 0 0 -6.3347 0 0 0 0 0 -4.9909 0 6.9811 -24.1616 0 0 -12.3688 0 0 0 0 0 0 0 0 -17.0925 0 5.8467 -25.6756 0 0 -2.6818 0 0 0 0 0 0 0 0 -8.7109 0 11.1033 -20.9702 0 0 -4.0589 0 0 50.5969 -28.7096 8.1806 15.9740 -23.1085 23.9035 -11.8347 -17.2553 -24.9329 -21.2543 26.8449 0 0 0 0 -2.0078 27.4204 -0.7426 -2.6630 10.4356 0.0000 34.3202 -9.9991 -0.0000 0 0 0 0 0 0 0 0 0 0 0 0 0 0 0 0 0 0 0 0 0 0 0 0 0 0 0 0 0 0 0 0 0 0 0 0 0 0 0 0 0 0 0 0 0 -3.8318 26.7819 -23.8783 -2.1395 17.8912 -0.0000 17.1195 28.0000 0.0000 0 0 0 0 0 0 0 0 0 0 0 0 0 0 0 0 0 0 0 0 0 0 0 0 0 0 0 0 0 0 0 0 0 0 0 0 0 0 0 0 0 0
-3.0598 7.9043 -94.9123 0.7671 -1.9603 -16.3318 0 0 0 0 0 0 0 0 0 3.2830 0.0712 3.6980 0 0 0 0 0 0 0 8.0501 -0.0039 0 0 0 0 0 0 0 0 0 0 0 0 0 0 172.0000 0 0 0 0 0 172.0000 0 0 0 0 0 0 0 0 0 0 0 0 0 0 0 0 0 0 0 0 0 0 0 0 0 0 0 0 0 0 0 0 0 0 0 0 0 0 0 0 0 0 0 0 0 0 0 0 0 0 0 0 0 0 0 0 0 0 0 0 0 0 0 0 0 0 0 0 0 0 0 0 0 0 0 0 -40.0000 172.0000 0 0 0 0 -40.0000 179.0000 0 0 0 0 -35.0000 -176.0000 0 0 0 0 0 0 0 0 0 0 0 113.0000 0 0 0 0 0 -113.0000 0 0 0 0 0 0 0 0 0 0 -5.9889 -172.0000 0 0 172.0000 0 0 0 0 0 0 0 0 0 0 -5.8525 172.0000 0 5.5887 172.0000 0 0 0 0 0 0 0 0 0 -15.2826 0 0 0 0 0 0 0 0 0 0 0 -16.1631 0 0 0 0 0 0 0 0 0 0 0 0 0 0 0 0 0 0 0 0 0 0 0 0 0 0 0 0 0 54.8214 30.2671 28.6711 -28.8877 -25.1362 70.9973 -1.2090 0.6943 0.8152 0 0 0 7.6572 0 -11.7328 25.2862 0 0 2.1051 0 0 0 0 0 14.8630 32.3348 -5.8573 31.3315 0 -9.7008 4.3866 0 0 0 0 0 0 0 0 16.3045 14.0040 -6.2012 29.1177 0 -9.5381 0.6620 0 0 0 0 0 0 0 0 16.1609 -3.3113 -8.8874 22.0299 0 -14.4617 6.0388 0 0 -21.5616 -18.1781 -38.8107 -9.6629 13.5520 -27.7173 18.4856 -8.8401 -2.9881 28.0555 -25.7124 7.3036 0 0 0 -42.2179 32.8035 -33.7458 21.7193 -28.2686 -60.7360 4.9779 -9.9969 1.2556 0 0 0 -5.5812 0 19.3385 -13.8198 0 0 -11.4118 0 0 0 0 0 -6.3508 0 9.5245 -32.4534 0 0 -19.0301 0 0 0 0 0 0 0 0 -22.1426 0 7.4644 -44.9492 0 0 -3.1104 0 0 0 0 0 0 0 0 -15.9928 0 20.8394 -28.2141 0 0 -0.9394 0 0 58.5214 -34.0085 13.9956 9.3663 -27.4195 10.3205 -4.2740 -15.3094 -35.0161 -11.8176 29.2173 0 0 0 0 -2.0051 27.4295 -0.7439 -2.6680 10.4404 0.0000 34.3259 -9.9990 -0.0000 0 0 0 0 0 0 0 0 0 0 0 0 0 0 0 0 0 0 0 0 0 0 0 0 0 0 0 0 0 0 0 0 0 0 0 0 0 0 0 0 0 0 0 0 0 -3.7864 26.5801 -23.7866 -2.2002 17.7082 -0.0000 17.1191 28.0000 0.0000 0 0 0 0 0 0 0 0 0 0 0 0 0 0 0 0 0 0 0 0 0 0 0 0 0 0 0 0 0 0 0 0 0 0 0 0 0 0 0 0 0 0
-3.1525 7.8568 -94.6075 0.9985 -1.7407 -16.2713 0 0 0 0 0 0 0 0 0 3.2302 -0.0324 3.6317 0 0 0 0 0 0 0 8.0501 -0.0039 0 0 0 0 0 0 0 0 0 0 0 0 0 0 172.0000 0 0 0 0 0 172.0000 0 0 0 0 0 0 0 0 0 0 0 0 0 0 0 0 0 0 0 0 0 0 0 0 0 0 0 0 0 0 0 0 0 0 0 0 0 0 0 0 0 0 0 0 0 0 0 0 0 0 0 0 0 0 0 0 0 0 0 0 0 0 0 0 0 0 0 0 0 0 0 0 0 0 0 0 -40.0000 172.0000 0 0 0 0 -40.0000 179.0000 0 0 0 0 -35.0000 -176.0000 0 0 0 0 0 0 0 0 0 0 0 113.0000 0 0 0 0 0 -113.0000 0 0 0 0 0 0 0 0 0 0 -5.7798 -172.0000 0 0 172.0000 0 0 0 0 0 0 0 0 0 0 -5.8768 172.0000 0 5.6414 172.0000 0 0 0 0 0 0 0 0 0 -16.2369 0 0 0 0 0 0 0 0 0 0 0 -16.4003 0 0 0 0 0 0 0 0 0 0 0 0 0 0 0 0 0 0 0 0 0 0 0 0 0 0 0 0 0 54.2221 29.5839 28.6923 -29.5569 -26.1128 70.3759 -1.4816 0.0773 0.8302 0 0 0 0.4273 0 -13.3626 29.9037 0 0 2.6992 0 0 0 0 0 17.8016 39.3261 -11.6281 41.9507 0 -9.9530 3.7513 0 0 0 0 0 0 0 0 16.2359 21.0840 -11.1884 36.2029 0 -9.9274 0.7186 0 0 0 0 0 0 0 0 13.3408 0.6046 -14.5526 28.8511 0 -16.4603 8.0372 0 0 -22.2981 -14.2174 -42.7118 -14.0697 16.1918 -27.0682 18.7059 -21.2108 -4.7254 32.1067 -25.9871 7.5798 0 0 0 -42.9264 33.0186 -33.8489 20.3588 -29.4258 -59.4684 5.2058 -9.8157 1.3085 0 0 0 -21.3790 0 20.6086 -20.2497 0 0 -15.0679 0 0 0 0 0 -8.1646 0 10.3571 -34.0786 0 0 -19.4746 0 0 0 0 0 0 0 0 -22.8012 0 8.2690 -47.4652 0 0 -3.4253 0 0 0 0 0 0 0 0 -30.2711 0 25.7604 -28.9188 0 0 -3.9446 0 0 58.0053 -30.4868 21.6047 8.1111 -22.9793 13.7718 -0.9956 -18.2290 -37.6389 -9.4005 29.8468 0 0 0 0 -1.9290 27.5756 -0.8978 -2.8118 10.2895 0.0000 34.3272 -9.9990 -0.0000 0 0 0 0 0 0 0 0 0 0 0 0 0 0 0 0 0 0 0 0 0 0 0 0 0 0 0 0 0 0 0 0 0 0 0 0 0 0 0 0 0 0 0 0 0 -3.5629 26.3778 -23.6806 -2.2905 17.5110 -0.0000 17.1255 28.0000 0.0000 0 0 0 0 0 0 0 0 0 0 0 0 0 0 0 0 0 0 0 0 0 0 0 0 0 0 0 0 0 0 0 0 0 0 0 0 0 0 0 0 0 0
-3.2896 7.7831 -93.9892 1.4549 -1.8757 -16.5325 0 0 0 0 0 0 0 0 0 3.2071 -0.0972 3.6067 0 0 0 0 0 0 0 8.0501 -0.0039 0 0 0 0 0 0 0 0 0 0 0 0 0 0 172.0000 0 0 0 0 0 172.0000 0 0 0 0 0 0 0 0 0 0 0 0 0 0 0 0 0 0 0 0 0 0 0 0 0 0 0 0 0 0 0 0 0 0 0 0 0 0 0 0 0 0 0 0 0 0 0 0 0 0 0 0 0 0 0 0 0 0 0 0 0 0 0 0 0 0 0 0 0 0 0 0 0 0 0 0 -40.0000 172.0000 0 0 0 0 -40.0000 179.0000 0 0 0 0 -35.0000 -176.0000 0 0 0 0 0 0 0 0 0 0 0 113.0000 0 0 0 0 0 -113.0000 0 0 0 0 0 0 0 0 0 0 -5.2783 -172.0000 0 0 172.0000 0 0 0 0 0 0 0 0 0 0 -5.7784 172.0000 0 5.4264 172.0000 0 0 0 0 0 0 0 0 0 -17.5579 0 0 0 0 0 0 0 0 0 0 0 -16.0750 0 0 0 0 0 0 0 0 0 0 0 0 0 0 0 0 0 0 0 0 0 0 0 0 0 0 0 0 0 56.7465 31.9167 28.4577 -29.0075 -25.9815 70.6182 -1.5758 -1.2725 0.4442 0 0 0 -4.3944 0 -10.0005 34.1779 0 0 3.9110 0 0 0 0 0 17.2107 43.7161 -13.6051 46.7430 0 -10.0355 4.2002 0 0 0 0 0 0 0 0 18.7145 25.8381 -13.3874 36.7909 0 -10.0548 1.1546 0 0 0 0 0 0 0 0 15.3782 2.9630 -15.3795 33.8108 0 -17.8539 9.0696 0 0 -21.6780 -11.6193 -45.3278 -15.9731 18.0120 -25.2606 18.8575 -27.9813 -4.7558 33.5309 -26.3794 7.8323 0 0 0 -45.1466 31.1502 -37.3785 15.9685 -31.9546 -55.1079 5.1710 -9.0919 1.0898 0 0 0 -35.4016 0 18.9863 -37.0591 0 0 -15.1211 0 0 0 0 0 -8.0276 0 8.8227 -32.8214 0 0 -14.7142 0 0 0 0 0 0 0 0 -19.9619 0 7.4899 -40.2587 0 0 -2.6954 0 0 0 0 0 0 0 0 -41.8947 0 25.0087 -28.9631 0 0 -11.1296 0 0 43.5298 -16.8375 28.7528 3.6999 -8.5835 25.2062 -4.7438 -10.2624 -32.4077 -11.6501 29.2298 0 0 0 0 -1.7312 27.9514 -1.3023 -3.1852 9.8901 -0.0000 34.3267 -9.9990 0.0000 0 0 0 0 0 0 0 0 0 0 0 0 0 0 0 0 0 0 0 0 0 0 0 0 0 0 0 0 0 0 0 0 0 0 0 0 0 0 0 0 0 0 0 0 0 -3.2862 26.3314 -23.5668 -2.4101 17.3441 0.0000 17.1418 28.0000 -0.0000 0 0 0 0 0 0 0 0 0 0 0 0 0 0 0 0 0 0 0 0 0 0 0 0 0 0 0 0 0 0 0 0 0 0 0 0 0 0 0 0 0 0
-3.4769 7.8016 -93.4686 2.0533 -2.4222 -17.0264 0 0 0 0 0 0 0 0 0 3.1617 -0.0541 3.6056 0 0 0 0 0 0 0 8.0501 -0.0039 0 0 0 0 0 0 0 0 0 0 0 0 0 0 172.0000 0 0 0 0 0 172.0000 0 0 0 0 0 0 0 0 0 0 0 0 0 0 0 0 0 0 0 0 0 0 0 0 0 0 0 0 0 0 0 0 0 0 0 0 0 0 0 0 0 0 0 0 0 0 0 0 0 0 0 0 0 0 0 0 0 0 0 0 0 0 0 0 0 0 0 0 0 0 0 0 0 0 0 0 -40.0000 172.0000 0 0 0 0 -40.0000 179.0000 0 0 0 0 -35.0000 -176.0000 0 0 0 0 0 0 0 0 0 0 0 113.0000 0 0 0 0 0 -113.0000 0 0 0 0 0 0 0 0 0 0 -5.0566 -172.0000 0 0 172.0000 0 0 0 0 0 0 0 0 0 0 -5.5650 172.0000 0 4.9538 172.0000 0 0 0 0 0 0 0 0 0 -17.9630 0 0 0 0 0 0 0 0 0 0 0 -15.6443 0 0 0 0 0 0 0 0 0 0 0 0 0 0 0 0 0 0 0 0 0 0 0 0 0 0 0 0 0 60.5016 38.7113 27.6725 -27.1952 -25.0111 70.8743 -1.1324 -2.4553 -0.2133 0 0 0 -0.3085 0 -2.8420 36.5853 0 0 4.0696 0 0 0 0 0 11.6034 43.9794 -8.8289 45.1806 0 -10.0187 3.8259 0 0 0 0 0 0 0 0 17.5291 26.1590 -9.2646 33.4999 0 -10.0289 0.9070 0 0 0 0 0 0 0 0 18.7539 2.7353 -12.0822 34.5236 0 -18.1099 9.2205 0 0 -21.7032 -11.3148 -45.6526 -11.6685 15.1919 -20.1978 19.0257 -29.6721 -2.7821 32.9149 -26.8714 8.3732 0 0 0 -47.5007 29.5199 -42.2373 12.4261 -34.0571 -51.6236 4.3177 -7.7720 0.4737 0 0 0 -32.7119 0 12.2629 -46.1113 0 0 -10.0713 0 0 0 0 0 -6.0732 0 5.0133 -35.9150 0 0 -8.5747 0 0 0 0 0 0 0 0 -15.8359 0 4.6867 -34.4562 0 0 -1.3305 0 0 0 0 0 0 0 0 -38.3807 0 19.1141 -31.8444 0 0 -13.3569 0 0 20.1903 -5.0677 21.8020 -0.6723 -0.3360 26.2337 -13.2408 10.5654 -24.7311 -19.4797 28.0962 0 0 0 0 -1.5292 28.0998 -1.6569 -3.5134 9.5155 -0.0000 34.4000 -9.9991 0.0000 0 0 0 0 0 0 0 0 0 0 0 0 0 0 0 0 0 0 0 0 0 0 0 0 0 0 0 0 0 0 0 0 0 0 0 0 0 0 0 0 0 0 0 0 0 -3.0636 26.2210 -23.4570 -2.5028 17.1897 0.0000 17.1548 28.0000 -0.0000 0 0 0 0 0 0 0 0 0 0 0 0 0 0 0 0 0 0 0 0 0 0 0 0 0 0 0 0 0 0 0 0 0 0 0 0 0 0 0 0 0 0
-3.7502 7.6120 -93.7742 2.2219 -2.5736 -17.2495 0 0 0 0 0 0 0 0 0 3.0322 0.1051 3.5305 0 0 0 0 0 0 0 8.0501 -0.0039 0 0 0 0 0 0 0 0 0 0 0 0 0 0 172.0000 0 0 0 0 0 172.0000 0 0 0 0 0 0 0 0 0 0 0 0 0 0 0 0 0 0 0 0 0 0 0 0 0 0 0 0 0 0 0 0 0 0 0 0 0 0 0 0 0 0 0 0 0 0 0 0 0 0 0 0 0 0 0 0 0 0 0 0 0 0 0 0 0 0 0 0 0 0 0 0 0 0 0 0 -40.0000 172.0000 0 0 0 0 -40.0000 179.0000 0 0 0 0 -35.0000 -176.0000 0 0 0 0 0 0 0 0 0 0 0 113.0000 0 0 0 0 0 -113.0000 0 0 0 0 0 0 0 0 0 0 -5.1464 -172.0000 0 0 172.0000 0 0 0 0 0 0 0 0 0 0 -5.3405 172.0000 0 4.4882 172.0000 0 0 0 0 0 0 0 0 0 -17.7957 0 0 0 0 0 0 0 0 0 0 0 -15.4345 0 0 0 0 0 0 0 0 0 0 0 0 0 0 0 0 0 0 0 0 0 0 0 0 0 0 0 0 0 61.9513 49.1301 26.7280 -25.3426 -23.6203 69.4527 0.2901 -0.9068 -0.5059 0 0 0 5.8600 0 3.4833 36.6165 0 0 3.6696 0 0 0 0 0 5.8223 43.2395 -2.9444 41.7437 0 -9.9958 2.9366 0 0 0 0 0 0 0 0 13.7109 25.3498 -3.6902 30.5043 0 -9.9935 0.2850 0 0 0 0 0 0 0 0 18.9418 2.1957 -8.3128 33.2465 0 -17.9481 9.0761 0 0 -21.7937 -11.7861 -45.1740 -6.8794 10.9615 -15.4588 19.9927 -28.9132 -0.5821 32.1342 -26.7765 8.6294 0 0 0 -49.4085 36.4831 -42.7193 14.6890 -31.4383 -54.8045 3.0753 -9.0272 0.6686 0 0 0 -18.8910 0 2.3140 -42.5165 0 0 -4.1802 0 0 0 0 0 -4.6002 0 1.7276 -39.3440 0 0 -3.3542 0 0 0 0 0 0 0 0 -12.3609 0 2.2689 -30.2637 0 0 -0.1772 0 0 0 0 0 0 0 0 -25.8985 0 11.5209 -32.9955 0 0 -10.9069 0 0 3.6213 -1.6791 7.3625 0.9148 -3.1723 19.5586 -20.0015 26.6094 -20.9745 -28.4885 26.6698 0 0 0 0 -1.3911 28.2796 -2.0037 -3.7405 9.4867 -0.0000 34.5937 -9.9996 0.0000 0 0 0 0 0 0 0 0 0 0 0 0 0 0 0 0 0 0 0 0 0 0 0 0 0 0 0 0 0 0 0 0 0 0 0 0 0 0 0 0 0 0 0 0 0 -2.7937 26.2900 -23.2207 -2.6878 17.2326 0.0000 17.1450 28.0000 -0.0000 0 0 0 0 0 0 0 0 0 0 0 0 0 0 0 0 0 0 0 0 0 0 0 0 0 0 0 0 0 0 0 0 0 0 0 0 0 0 0 0 0 0
-3.9906 7.0869 -93.9475 2.1345 -2.3827 -17.4418 0 0 0 0 0 0 0 0 0 2.9018 0.1714 3.4073 0 0 0 0 0 0 0 8.0501 -0.0039 0 0 0 0 0 0 0 0 0 0 0 0 0 0 172.0000 0 0 0 0 0 172.0000 0 0 0 0 0 0 0 0 0 0 0 0 0 0 0 0 0 0 0 0 0 0 0 0 0 0 0 0 0 0 0 0 0 0 0 0 0 0 0 0 0 0 0 0 0 0 0 0 0 0 0 0 0 0 0 0 0 0 0 0 0 0 0 0 0 0 0 0 0 0 0 0 0 0 0 0 -40.0000 172.0000 0 0 0 0 -40.0000 179.0000 0 0 0 0 -35.0000 -176.0000 0 0 0 0 0 0 0 0 0 0 0 113.0000 0 0 0 0 0 -113.0000 0 0 0 0 0 0 0 0 0 0 -5.4317 -172.0000 0 0 172.0000 0 0 0 0 0 0 0 0 0 0 -5.3727 172.0000 0 4.5099 172.0000 0 0 0 0 0 0 0 0 0 -17.0529 0 0 0 0 0 0 0 0 0 0 0 -15.3918 0 0 0 0 0 0 0 0 0 0 0 0 0 0 0 0 0 0 0 0 0 0 0 0 0 0 0 0 0 62.1079 56.4991 25.7976 -23.9478 -22.0763 65.6351 1.6020 1.1959 -0.6077 0 0 0 8.5250 0 5.8638 35.9364 0 0 3.3885 0 0 0 0 0 3.5849 43.3650 -0.4430 39.9877 0 -9.9922 2.4751 0 0 0 0 0 0 0 0 11.6278 25.4819 -1.2242 29.4375 0 -9.9880 -0.0413 0 0 0 0 0 0 0 0 18.0614 2.3127 -6.5214 32.1909 0 -17.9377 8.9530 0 0 -21.7695 -11.7274 -45.2312 -5.2401 8.7046 -13.4373 20.5917 -27.9964 0.3078 31.8639 -26.4586 8.7759 0 0 0 -53.7727 45.8833 -38.8958 16.1530 -27.4532 -58.0003 2.6111 -12.9093 1.8677 0 0 0 -8.6558 0 -4.5461 -37.3088 0 0 -2.2636 0 0 0 0 0 -4.1564 0 0.6057 -40.7269 0 0 -1.5924 0 0 0 0 0 0 0 0 -11.1976 0 1.4432 -29.0584 0 0 0.2100 0 0 0 0 0 0 0 0 -17.6525 0 6.8809 -32.6702 0 0 -9.0943 0 0 -1.0439 -2.4071 0.0782 3.8957 -7.8589 15.0958 -22.1896 30.9797 -21.0634 -32.5828 25.6689 0 0 0 0 -1.2992 29.2911 -2.6229 -4.0635 9.8069 -0.0000 34.7701 -9.9999 0.0000 0 0 0 0 0 0 0 0 0 0 0 0 0 0 0 0 0 0 0 0 0 0 0 0 0 0 0 0 0 0 0 0 0 0 0 0 0 0 0 0 0 0 0 0 0 -2.4986 26.9018 -22.7954 -2.9760 17.4898 0.0000 17.1398 28.0000 -0.0000 0 0 0 0 0 0 0 0 0 0 0 0 0 0 0 0 0 0 0 0 0 0 0 0 0 0 0 0 0 0 0 0 0 0 0 0 0 0 0 0 0 0
-4.2285 6.6958 -93.5819 2.3158 -2.3288 -17.7853 0 0 0 0 0 0 0 0 0 2.4880 0.0769 3.7773 0 0 0 0 0 0 0 8.0501 -0.0039 0 0 0 0 0 0 0 0 0 0 0 0 0 0 172.0000 0 0 0 0 0 172.0000 0 0 0 0 0 0 0 0 0 0 0 0 0 0 0 0 0 0 0 0 0 0 0 0 0 0 0 0 0 0 0 0 0 0 0 0 0 0 0 0 0 0 0 0 0 0 0 0 0 0 0 0 0 0 0 0 0 0 0 0 0 0 0 0 0 0 0 0 0 0 0 0 0 0 0 0 -40.0000 172.0000 0 0 0 0 -40.0000 179.0000 0 0 0 0 -35.0000 -176.0000 0 0 0 0 0 0 0 0 0 0 0 113.0000 0 0 0 0 0 -113.0000 0 0 0 0 0 0 0 0 0 0 -5.9560 -172.0000 0 0 172.0000 0 0 0 0 0 0 0 0 0 0 -5.7349 172.0000 0 5.0403 172.0000 0 0 0 0 0 0 0 0 0 -15.9597 0 0 0 0 0 0 0 0 0 0 0 -15.4002 0 0 0 0 0 0 0 0 0 0 0 0 0 0 0 0 0 0 0 0 0 0 0 0 0 0 0 0 0 62.0759 56.9371 25.0410 -23.6744 -21.0208 62.9721 2.1383 2.2509 -0.5124 0 0 0 7.4925 0 3.1811 35.5874 0 0 4.1222 0 0 0 0 0 1.9924 43.4515 -1.2507 40.5794 0 -9.9937 3.4885 0 0 0 0 0 0 0 0 8.2954 25.5777 -1.6793 31.6742 0 -9.9903 1.5662 0 0 0 0 0 0 0 0 13.8055 2.2807 -6.6108 32.0315 0 -17.9537 10.2858 0 0 -21.7609 -11.6675 -45.2925 -8.5868 8.7003 -13.1197 20.2684 -25.1103 0.3308 28.5515 -26.4742 9.1338 0 0 0 -57.0851 47.5331 -35.3853 13.5756 -23.7327 -55.9252 2.2381 -13.8460 2.1074 0 0 0 -2.8782 0 -2.5506 -31.9944 0 0 -1.9682 0 0 0 0 0 -2.6407 0 1.6441 -41.6148 0 0 -2.8407 0 0 0 0 0 0 0 0 -7.9264 0 2.7722 -28.7808 0 0 -0.0471 0 0 0 0 0 0 0 0 -11.2886 0 7.3437 -30.4192 0 0 -8.7353 0 0 4.5189 -6.2126 3.6375 10.8071 -8.4103 16.2565 -19.8128 25.4838 -20.7908 -29.6432 25.3504 0 0 0 0 -1.2416 30.5668 -3.4283 -4.4565 10.0340 0.0000 34.8635 -10.0001 -0.0000 0 0 0 0 0 0 0 0 0 0 0 0 0 0 0 0 0 0 0 0 0 0 0 0 0 0 0 0 0 0 0 0 0 0 0 0 0 0 0 0 0 0 0 0 0 -1.9037 27.3034 -22.2352 -3.2479 17.3876 -0.0000 17.5547 28.0000 0.0000 0 0 0 0 0 0 0 0 0 0 0 0 0 0 0 0 0 0 0 0 0 0 0 0 0 0 0 0 0 0 0 0 0 0 0 0 0 0 0 0 0 0
-4.5328 6.6219 -93.0565 2.6370 -2.2260 -18.2060 0 0 0 0 0 0 0 0 0 1.7236 0.0438 4.5800 0 0 0 0 0 0 0 8.0501 -0.0039 0 0 0 0 0 0 0 0 0 0 0 0 0 0 172.0000 0 0 0 0 0 172.0000 0 0 0 0 0 0 0 0 0 0 0 0 0 0 0 0 0 0 0 0 0 0 0 0 0 0 0 0 0 0 0 0 0 0 0 0 0 0 0 0 0 0 0 0 0 0 0 0 0 0 0 0 0 0 0 0 0 0 0 0 0 0 0 0 0 0 0 0 0 0 0 0 0 0 0 0 -40.0000 172.0000 0 0 0 0 -40.0000 179.0000 0 0 0 0 -35.0000 -176.0000 0 0 0 0 0 0 0 0 0 0 0 113.0000 0 0 0 0 0 -113.0000 0 0 0 0 0 0 0 0 0 0 -6.2545 -172.0000 0 0 172.0000 0 0 0 0 0 0 0 0 0 0 -5.9662 172.0000 0 5.3530 172.0000 0 0 0 0 0 0 0 0 0 -15.3081 0 0 0 0 0 0 0 0 0 0 0 -15.3892 0 0 0 0 0 0 0 0 0 0 0 0 0 0 0 0 0 0 0 0 0 0 0 0 0 0 0 0 0 59.7883 54.0228 24.4500 -25.9199 -22.5267 65.2203 2.0299 1.9782 -0.3833 0 0 0 3.5472 0 -4.0722 35.6201 0 0 6.2724 0 0 0 0 0 -1.6468 43.4126 -4.2419 43.0776 0 -9.9939 6.3997 0 0 0 0 0 0 0 0 0.8127 25.5356 -3.8434 37.6742 0 -9.9906 5.9622 0 0 0 0 0 0 0 0 3.9711 2.1584 -7.8001 32.5327 0 -17.9825 13.8921 0 0 -21.7666 -11.6901 -45.2699 -16.8006 10.6566 -13.6732 19.3443 -18.2056 0.1312 19.7155 -26.5207 9.4090 0 0 0 -55.9330 42.0939 -35.2046 9.8601 -20.0087 -50.6843 1.6932 -11.3564 1.3202 0 0 0 2.3080 0 6.7242 -27.0514 0 0 -2.5357 0 0 0 0 0 1.3821 0 4.4467 -43.5420 0 0 -6.2101 0 0 0 0 0 0 0 0 0.1662 0 5.6992 -30.5385 0 0 -2.1799 0 0 0 0 0 0 0 0 -1.3395 0 10.5629 -27.4995 0 0 -10.4999 0 0 13.6901 -11.6521 12.6895 22.9216 -6.5359 20.4395 -15.3438 14.0732 -19.8347 -20.1797 25.3454 0 0 0 0 -1.1933 31.3692 -4.2850 -4.8446 9.8823 0.0000 34.9401 -10.0001 -0.0000 0 0 0 0 0 0 0 0 0 0 0 0 0 0 0 0 0 0 0 0 0 0 0 0 0 0 0 0 0 0 0 0 0 0 0 0 0 0 0 0 0 0 0 0 0 -0.5993 27.2041 -21.4087 -3.2927 17.2148 -0.0000 18.6900 28.0000 0.0000 0 0 0 0 0 0 0 0 0 0 0 0 0 0 0 0 0 0 0 0 0 0 0 0 0 0 0 0 0 0 0 0 0 0 0 0 0 0 0 0 0 0
-4.8084 6.6077 -92.5618 2.7720 -1.9874 -18.6219 0 0 0 0 0 0 0 0 0 1.3211 0.1111 4.9594 0 0 0 0 0 0 0 8.0501 -0.0039 0 0 0 0 0 0 0 0 0 0 0 0 0 0 172.0000 0 0 0 0 0 172.0000 0 0 0 0 0 0 0 0 0 0 0 0 0 0 0 0 0 0 0 0 0 0 0 0 0 0 0 0 0 0 0 0 0 0 0 0 0 0 0 0 0 0 0 0 0 0 0 0 0 0 0 0 0 0 0 0 0 0 0 0 0 0 0 0 0 0 0 0 0 0 0 0 0 0 0 0 -40.0000 172.0000 0 0 0 0 -40.0000 179.0000 0 0 0 0 -35.0000 -176.0000 0 0 0 0 0 0 0 0 0 0 0 113.0000 0 0 0 0 0 -113.0000 0 0 0 0 0 0 0 0 0 0 -6.1760 -172.0000 0 0 172.0000 0 0 0 0 0 0 0 0 0 0 -5.8864 172.0000 0 5.1945 172.0000 0 0 0 0 0 0 0 0 0 -15.1672 0 0 0 0 0 0 0 0 0 0 0 -15.3479 0 0 0 0 0 0 0 0 0 0 0 0 0 0 0 0 0 0 0 0 0 0 0 0 0 0 0 0 0 55.0105 49.9727 24.1817 -29.2369 -27.5762 71.6424 1.4219 0.2379 -0.5660 0 0 0 -0.5103 0 -11.7171 31.5521 0 0 8.4608 0 0 0 0 0 -2.9941 44.9586 -7.0729 44.3794 0 -9.9946 8.5650 0 0 0 0 0 0 0 0 1.3653 26.2768 -5.7706 47.9100 0 -9.9916 12.2699 0 0 0 0 0 0 0 0 4.0156 2.5500 -7.6546 40.6725 0 -18.2618 20.4076 0 0 -20.1483 -9.7401 -47.2205 -21.5771 12.2998 -16.0002 18.5972 -14.8669 -0.8490 15.4784 -26.3928 9.5100 0 0 0 -55.2001 36.2888 -33.3831 9.4865 -20.3841 -50.1478 2.0552 -10.6796 1.3681 0 0 0 4.0362 0 13.8803 -29.6385 0 0 -5.1018 0 0 0 0 0 5.1074 0 6.8797 -45.3784 0 0 -9.0856 0 0 0 0 0 0 0 0 6.9305 0 7.2242 -36.5896 0 0 -6.5415 0 0 0 0 0 0 0 0 6.5004 0 11.5261 -28.3243 0 0 -14.2548 0 0 13.8211 -13.0010 13.8178 29.5531 -8.1039 20.5420 -14.4885 7.4986 -21.4325 -11.6440 25.4444 0 0 0 0 -1.0197 31.8098 -4.9619 -5.1051 9.6482 0.0000 34.9864 -10.0000 -0.0000 0 0 0 0 0 0 0 0 0 0 0 0 0 0 0 0 0 0 0 0 0 0 0 0 0 0 0 0 0 0 0 0 0 0 0 0 0 0 0 0 0 0 0 0 0 0.9836 27.5603 -20.5761 -2.7466 17.7002 -0.0000 19.8719 28.0000 0.0000 0 0 0 0 0 0 0 0 0 0 0 0 0 0 0 0 0 0 0 0 0 0 0 0 0 0 0 0 0 0 0 0 0 0 0 0 0 0 0 0 0 0
-4.9678 6.5199 -92.2789 2.7894 -1.7281 -18.9699 0 0 0 0 0 0 0 0 0 1.2047 0.1591 5.0636 0 0 0 0 0 0 0 8.0501 -0.0039 0 0 0 0 0 0 0 0 0 0 0 0 0 0 172.0000 0 0 0 0 0 172.0000 0 0 0 0 0 0 0 0 0 0 0 0 0 0 0 0 0 0 0 0 0 0 0 0 0 0 0 0 0 0 0 0 0 0 0 0 0 0 0 0 0 0 0 0 0 0 0 0 0 0 0 0 0 0 0 0 0 0 0 0 0 0 0 0 0 0 0 0 0 0 0 0 0 0 0 0 -40.0000 172.0000 0 0 0 0 -40.0000 179.0000 0 0 0 0 -35.0000 -176.0000 0 0 0 0 0 0 0 0 0 0 0 113.0000 0 0 0 0 0 -113.0000 0 0 0 0 0 0 0 0 0 0 -5.9459 -172.0000 0 0 172.0000 0 0 0 0 0 0 0 0 0 0 -5.6495 172.0000 0 4.8385 172.0000 0 0 0 0 0 0 0 0 0 -15.2304 0 0 0 0 0 0 0 0 0 0 0 -15.3131 0 0 0 0 0 0 0 0 0 0 0 0 0 0 0 0 0 0 0 0 0 0 0 0 0 0 0 0 0 49.4751 45.3979 24.3496 -31.0118 -32.1142 77.7550 0.7916 -1.3746 -0.8136 0 0 0 -3.1653 0 -16.3415 19.6976 0 0 10.1642 0 0 0 0 0 2.3371 48.7766 -8.8359 39.2099 0 -9.9971 11.6461 0 0 0 0 0 0 0 0 22.6850 27.6098 -5.4550 62.7396 0 -9.9790 19.4632 0 0 0 0 0 0 0 0 27.1500 2.8231 -3.7743 58.8731 0 -18.5095 28.5748 0 0 -17.5474 -5.6444 -51.1615 -17.3150 10.8969 -19.1956 18.3627 -20.5632 -2.4270 22.4993 -26.2776 9.7302 0 0 0 -55.1256 35.8392 -26.7468 12.1203 -26.5113 -61.5544 3.1712 -13.3360 2.6323 0 0 0 2.9069 0 13.5907 -31.2163 0 0 -7.6842 0 0 0 0 0 5.9867 0 8.1361 -38.9595 0 0 -8.5797 0 0 0 0 0 0 0 0 0.2591 0 6.3620 -49.7695 0 0 -12.5237 0 0 0 0 0 0 0 0 0.9448 0 8.4115 -40.2981 0 0 -20.7949 0 0 9.0114 -9.3444 9.2965 25.8395 -8.2886 16.9951 -15.6097 12.9358 -21.0455 -12.6785 25.6386 0 0 0 0 -0.5422 32.3119 -5.5333 -5.2594 9.4868 -0.0000 34.9781 -10.0000 0.0000 0 0 0 0 0 0 0 0 0 0 0 0 0 0 0 0 0 0 0 0 0 0 0 0 0 0 0 0 0 0 0 0 0 0 0 0 0 0 0 0 0 0 0 0 0 2.2460 28.8822 -19.8688 -2.1697 18.1987 0.0000 20.5677 28.0000 -0.0000 0 0 0 0 0 0 0 0 0 0 0 0 0 0 0 0 0 0 0 0 0 0 0 0 0 0 0 0 0 0 0 0 0 0 0 0 0 0 0 0 0 0
-4.9640 6.5515 -91.9645 2.7884 -1.1067 -19.6203 0 0 0 0 0 0 0 0 0 0.7406 0.1764 5.3607 0 0 0 0 0 0 0 8.0501 -0.0039 0 0 0 0 0 0 0 0 0 0 0 0 0 0 172.0000 0 0 0 0 0 172.0000 0 0 0 0 0 0 0 0 0 0 0 0 0 0 0 0 0 0 0 0 0 0 0 0 0 0 0 0 0 0 0 0 0 0 0 0 0 0 0 0 0 0 0 0 0 0 0 0 0 0 0 0 0 0 0 0 0 0 0 0 0 0 0 0 0 0 0 0 0 0 0 0 0 0 0 0 -40.0000 172.0000 0 0 0 0 -40.0000 179.0000 0 0 0 0 -35.0000 -176.0000 0 0 0 0 0 0 0 0 0 0 0 113.0000 0 0 0 0 0 -113.0000 0 0 0 0 0 0 0 0 0 0 -5.3115 -172.0000 0 0 172.0000 0 0 0 0 0 0 0 0 0 0 -5.0393 172.0000 0 4.1422 172.0000 0 0 0 0 0 0 0 0 0 -15.2943 0 0 0 0 0 0 0 0 0 0 0 -15.3028 0 0 0 0 0 0 0 0 0 0 0 0 0 0 0 0 0 0 0 0 0 0 0 0 0 0 0 0 0 45.6059 42.3422 25.1587 -30.1225 -27.8300 75.1157 0.6901 -1.1578 -0.7606 0 0 0 -1.6473 0 -14.1015 7.7452 0 0 11.8731 0 0 0 0 0 9.4803 51.3456 -8.9130 27.1710 0 -9.9991 19.1497 0 0 0 0 0 0 0 0 52.5048 27.9418 -2.2388 74.6318 0 -9.9526 24.0063 0 0 0 0 0 0 0 0 56.8791 2.0563 1.4853 72.0276 0 -18.2302 32.3728 0 0 -17.3103 -3.6689 -52.8599 -9.7425 6.4132 -18.6811 18.4395 -28.3274 -2.4863 31.2945 -26.7087 10.3459 0 0 0 -53.4416 37.0707 -23.0724 10.9858 -29.0052 -70.1944 3.3582 -14.4791 3.1537 0 0 0 0.0243 0 6.7938 -19.9809 0 0 -9.2251 0 0 0 0 0 2.7084 0 8.1411 -22.3790 0 0 -8.8058 0 0 0 0 0 0 0 0 -26.2529 0 3.5049 -68.6027 0 0 -19.4097 0 0 0 0 0 0 0 0 -24.2937 0 2.7681 -62.2151 0 0 -29.1374 0 0 7.1393 -4.8255 7.3202 15.9577 -2.3990 14.2083 -15.4858 26.0302 -17.1930 -23.3895 25.8733 0 0 0 0 0.0549 32.9937 -6.1815 -5.4547 9.2706 -0.0000 34.9525 -10.0000 0.0000 0 0 0 0 0 0 0 0 0 0 0 0 0 0 0 0 0 0 0 0 0 0 0 0 0 0 0 0 0 0 0 0 0 0 0 0 0 0 0 0 0 0 0 0 0 2.9318 30.4058 -18.7705 -2.0245 17.9661 0.0000 21.0906 28.0000 -0.0000 0 0 0 0 0 0 0 0 0 0 0 0 0 0 0 0 0 0 0 0 0 0 0 0 0 0 0 0 0 0 0 0 0 0 0 0 0 0 0 0 0 0
-4.8770 7.0201 -91.8335 3.0228 -0.6276 -20.8194 0 0 0 0 0 0 0 0 0 -0.1838 -0.1374 5.9627 0 0 0 0 0 0 0 8.0501 -0.0039 0 0 0 0 0 0 0 0 0 0 0 0 0 0 172.0000 0 0 0 0 0 172.0000 0 0 0 0 0 0 0 0 0 0 0 0 0 0 0 0 0 0 0 0 0 0 0 0 0 0 0 0 0 0 0 0 0 0 0 0 0 0 0 0 0 0 0 0 0 0 0 0 0 0 0 0 0 0 0 0 0 0 0 0 0 0 0 0 0 0 0 0 0 0 0 0 0 0 0 0 -40.0000 172.0000 0 0 0 0 -40.0000 179.0000 0 0 0 0 -35.0000 -176.0000 0 0 0 0 0 0 0 0 0 0 0 113.0000 0 0 0 0 0 -113.0000 0 0 0 0 0 0 0 0 0 0 -4.5192 -172.0000 0 0 172.0000 0 0 0 0 0 0 0 0 0 0 -4.3451 172.0000 0 3.2455 172.0000 0 0 0 0 0 0 0 0 0 -15.3145 0 0 0 0 0 0 0 0 0 0 0 -15.3025 0 0 0 0 0 0 0 0 0 0 0 0 0 0 0 0 0 0 0 0 0 0 0 0 0 0 0 0 0 44.0866 42.6883 25.7520 -25.2829 -16.3251 65.3625 0.9278 0.9036 -0.2389 0 0 0 5.4975 0 -5.3432 3.1361 0 0 13.1630 0 0 0 0 0 12.2649 51.2343 -6.5896 16.1965 0 -9.9991 26.0454 0 0 0 0 0 0 0 0 71.2029 27.6605 1.6231 78.4789 0 -9.9452 24.5065 0 0 0 0 0 0 0 0 73.7471 1.5365 3.9265 74.1859 0 -17.9682 31.2774 0 0 -18.0398 -4.1259 -52.3329 -5.1836 1.8386 -14.9156 18.6135 -32.0980 -1.1257 35.0631 -27.3467 10.9338 0 0 0 -51.8736 37.1041 -23.6959 4.5728 -20.9447 -62.2665 2.1622 -11.6448 1.8598 0 0 0 -6.2836 0 -0.9567 -7.4221 0 0 -11.2754 0 0 0 0 0 -4.0001 0 6.1998 -10.6066 0 0 -15.9676 0 0 0 0 0 0 0 0 -57.1045 0 -0.5045 -79.9417 0 0 -23.6428 0 0 0 0 0 0 0 0 -55.9940 0 -1.7498 -75.8270 0 0 -32.8064 0 0 4.4391 -3.1310 6.1598 6.7149 1.9033 13.0886 -16.5804 34.0581 -18.3481 -33.5696 25.9517 0 0 0 0 0.2495 33.5831 -6.8840 -5.8766 8.9396 -0.0000 34.9480 -10.0000 0.0000 0 0 0 0 0 0 0 0 0 0 0 0 0 0 0 0 0 0 0 0 0 0 0 0 0 0 0 0 0 0 0 0 0 0 0 0 0 0 0 0 0 0 0 0 0 2.4786 31.3380 -17.9815 -2.4428 16.9505 0.0000 21.0897 28.0000 -0.0000 0 0 0 0 0 0 0 0 0 0 0 0 0 0 0 0 0 0 0 0 0 0 0 0 0 0 0 0 0 0 0 0 0 0 0 0 0 0 0 0 0 0
-4.8625 7.7680 -92.3917 3.7390 -1.3473 -22.0394 0 0 0 0 0 0 0 0 0 -1.3424 -1.1362 6.5723 0 0 0 0 0 0 0 8.0501 -0.0039 0 0 0 0 0 0 0 0 0 0 0 0 0 0 172.0000 0 0 0 0 0 172.0000 0 0 0 0 0 0 0 0 0 0 0 0 0 0 0 0 0 0 0 0 0 0 0 0 0 0 0 0 0 0 0 0 0 0 0 0 0 0 0 0 0 0 0 0 0 0 0 0 0 0 0 0 0 0 0 0 0 0 0 0 0 0 0 0 0 0 0 0 0 0 0 0 0 0 0 0 -40.0000 172.0000 0 0 0 0 -40.0000 179.0000 0 0 0 0 -35.0000 -176.0000 0 0 0 0 0 0 0 0 0 0 0 113.0000 0 0 0 0 0 -113.0000 0 0 0 0 0 0 0 0 0 0 -4.4242 -172.0000 0 0 172.0000 0 0 0 0 0 0 0 0 0 0 -4.3576 172.0000 0 2.8018 172.0000 0 0 0 0 0 0 0 0 0 -15.3117 0 0 0 0 0 0 0 0 0 0 0 -15.3022 0 0 0 0 0 0 0 0 0 0 0 0 0 0 0 0 0 0 0 0 0 0 0 0 0 0 0 0 0 46.4828 49.1818 18.1856 -22.6072 -9.7960 62.7690 0.8411 2.5228 0.4181 0 0 0 12.8161 0 -0.6183 4.0758 0 0 13.0569 0 0 0 0 0 12.0712 47.9400 -1.6969 12.4479 0 -8.8656 26.3861 0 0 0 0 0 0 0 0 66.4201 25.5167 4.9789 69.1539 0 -9.0563 24.1966 0 0 0 0 0 0 0 0 67.1332 -0.0162 3.8985 64.0610 0 -17.2146 30.2969 0 0 -16.6220 -7.0560 -49.4664 -3.1921 -0.4015 -13.0669 20.1568 -32.1876 -0.1029 34.6539 -28.3574 10.2879 0 0 0 -51.9431 38.8282 -21.0286 -4.1958 -10.6761 -50.6489 1.3460 -9.2617 0.5028 0 0 0 -11.9921 0 -4.7336 -3.1540 0 0 -13.1334 0 0 0 0 0 -9.3726 0 3.9629 -9.3223 0 0 -24.5446 0 0 0 0 0 0 0 0 -73.6242 0 -3.2821 -80.2935 0 0 -24.1381 0 0 0 0 0 0 0 0 -74.5434 0 -3.2025 -76.0357 0 0 -31.3914 0 0 1.0368 -3.9613 4.8680 2.8435 1.6531 13.0585 -18.6153 33.9614 -23.3906 -37.1607 25.8837 0 0 0 0 -0.0976 34.0056 -7.6691 -6.6077 8.5095 -0.0000 34.9699 -10.0000 0.0000 0 0 0 0 0 0 0 0 0 0 0 0 0 0 0 0 0 0 0 0 0 0 0 0 0 0 0 0 0 0 0 0 0 0 0 0 0 0 0 0 0 0 0 0 0 0.8597 31.7321 -18.5677 -3.6174 15.6850 0.0000 19.8069 28.0000 -0.0000 0 0 0 0 0 0 0 0 0 0 0 0 0 0 0 0 0 0 0 0 0 0 0 0 0 0 0 0 0 0 0 0 0 0 0 0 0 0 0 0 0 0
-4.8399 8.0746 -92.9816 4.3093 -1.8238 -23.0342 0 0 0 0 0 0 0 0 0 -2.2996 -2.2195 6.5916 0 0 0 0 0 0 0 8.0501 -0.0039 0 0 0 0 0 0 0 0 0 0 0 0 0 0 172.0000 0 0 0 0 0 172.0000 0 0 0 0 0 0 0 0 0 0 0 0 0 0 0 0 0 0 0 0 0 0 0 0 0 0 0 0 0 0 0 0 0 0 0 0 0 0 0 0 0 0 0 0 0 0 0 0 0 0 0 0 0 0 0 0 0 0 0 0 0 0 0 0 0 0 0 0 0 0 0 0 0 0 0 0 -40.0000 172.0000 0 0 0 0 -40.0000 179.0000 0 0 0 0 -35.0000 -176.0000 0 0 0 0 0 0 0 0 0 0 0 113.0000 0 0 0 0 0 -113.0000 0 0 0 0 0 0 0 0 0 0 -4.8417 -172.0000 0 0 172.0000 0 0 0 0 0 0 0 0 0 0 -4.8371 172.0000 0 2.8310 172.0000 0 0 0 0 0 0 0 0 0 -15.3051 0 0 0 0 0 0 0 0 0 0 0 -15.3021 0 0 0 0 0 0 0 0 0 0 0 0 0 0 0 0 0 0 0 0 0 0 0 0 0 0 0 0 0 55.0449 59.0631 1.5607 -25.4572 -9.1374 65.9089 0.4973 2.6332 0.7685 0 0 0 17.2039 0 -4.6045 6.4339 0 0 10.5782 0 0 0 0 0 14.1309 40.8119 5.4499 12.7457 0 -6.1774 19.4187 0 0 0 0 0 0 0 0 42.1130 19.8558 8.8245 43.1361 0 -6.7064 21.6544 0 0 0 0 0 0 0 0 39.3542 -4.7345 5.0018 39.2253 0 -14.8849 28.4038 0 0 -11.5655 -14.2466 -42.0741 -1.4543 0.1269 -13.7664 24.1091 -28.6187 0.2020 32.6464 -29.4604 8.8730 0 0 0 -54.7546 44.1203 -13.4854 -9.5667 -6.4065 -46.9445 1.5153 -9.2452 0.0819 0 0 0 -13.2849 0 -3.5554 -3.4531 0 0 -12.9056 0 0 0 0 0 -8.7430 0 3.5720 -11.0336 0 0 -26.0894 0 0 0 0 0 0 0 0 -64.6741 0 -3.2064 -68.1081 0 0 -23.9945 0 0 0 0 0 0 0 0 -66.2233 0 -1.6004 -63.5365 0 0 -30.0868 0 0 5.3826 -6.4290 3.9818 3.4016 0.1891 15.2918 -19.9720 30.6129 -24.8120 -35.0585 25.7734 0 0 0 0 -0.3147 34.7366 -8.7102 -7.1712 8.4387 0.0000 34.9938 -10.0000 -0.0000 0 0 0 0 0 0 0 0 0 0 0 0 0 0 0 0 0 0 0 0 0 0 0 0 0 0 0 0 0 0 0 0 0 0 0 0 0 0 0 0 0 0 0 0 0 -0.7128 32.4842 -19.5762 -4.6322 14.9287 -0.0000 18.2566 28.0000 0.0000 0 0 0 0 0 0 0 0 0 0 0 0 0 0 0 0 0 0 0 0 0 0 0 0 0 0 0 0 0 0 0 0 0 0 0 0 0 0 0 0 0 0
-4.6944 7.2683 -93.4704 4.2561 -0.7578 -24.1463 0 0 0 0 0 0 0 0 0 -2.7017 -2.6298 6.4226 0 0 0 0 0 0 0 8.0501 -0.0039 0 0 0 0 0 0 0 0 0 0 0 0 0 0 172.0000 0 0 0 0 0 172.0000 0 0 0 0 0 0 0 0 0 0 0 0 0 0 0 0 0 0 0 0 0 0 0 0 0 0 0 0 0 0 0 0 0 0 0 0 0 0 0 0 0 0 0 0 0 0 0 0 0 0 0 0 0 0 0 0 0 0 0 0 0 0 0 0 0 0 0 0 0 0 0 0 0 0 0 0 -40.0000 172.0000 0 0 0 0 -40.0000 179.0000 0 0 0 0 -35.0000 -176.0000 0 0 0 0 0 0 0 0 0 0 0 113.0000 0 0 0 0 0 -113.0000 0 0 0 0 0 0 0 0 0 0 -5.1235 -172.0000 0 0 172.0000 0 0 0 0 0 0 0 0 0 0 -5.1367 172.0000 0 2.9265 172.0000 0 0 0 0 0 0 0 0 0 -15.3016 0 0 0 0 0 0 0 0 0 0 0 -15.3021 0 0 0 0 0 0 0 0 0 0 0 0 0 0 0 0 0 0 0 0 0 0 0 0 0 0 0 0 0 64.2679 65.0802 -10.4386 -23.5413 -6.4615 62.9072 0.1822 1.6697 0.5565 0 0 0 19.1452 0 -9.0451 8.0954 0 0 6.3619 0 0 0 0 0 18.2070 34.2279 10.2068 10.0434 0 -3.6299 9.5974 0 0 0 0 0 0 0 0 22.1914 13.7493 11.0966 16.9745 0 -4.2705 13.5880 0 0 0 0 0 0 0 0 15.4140 -9.9399 7.5797 16.5314 0 -12.1324 22.9069 0 0 -6.2670 -22.4645 -33.4825 -0.1346 1.8242 -13.5924 28.1541 -23.7906 0.1476 32.5616 -28.7968 8.3993 0 0 0 -60.2125 52.4758 -4.0627 -8.7885 -7.2315 -48.7146 1.8525 -9.8319 0.1644 0 0 0 -12.3811 0 2.2102 -4.3249 0 0 -9.7594 0 0 0 0 0 -5.0158 0 4.0907 -10.5783 0 0 -19.3336 0 0 0 0 0 0 0 0 -34.3767 0 -1.2550 -39.5004 0 0 -21.4519 0 0 0 0 0 0 0 0 -33.5226 0 1.3457 -35.9157 0 0 -27.6563 0 0 22.0189 -11.8865 3.5395 0.5464 -2.8457 19.7772 -21.3195 23.7811 -21.4471 -32.2006 25.5009 0 0 0 0 0.0293 36.1516 -10.1963 -7.3952 8.9618 0.0000 35.0034 -10.0000 -0.0000 0 0 0 0 0 0 0 0 0 0 0 0 0 0 0 0 0 0 0 0 0 0 0 0 0 0 0 0 0 0 0 0 0 0 0 0 0 0 0 0 0 0 0 0 0 -1.5976 33.9611 -20.1589 -4.9248 14.8756 -0.0000 17.6791 28.0000 0.0000 0 0 0 0 0 0 0 0 0 0 0 0 0 0 0 0 0 0 0 0 0 0 0 0 0 0 0 0 0 0 0 0 0 0 0 0 0 0 0 0 0 0
-4.5003 5.3546 -94.2081 4.0553 0.2128 -25.0580 0 0 0 0 0 0 0 0 0 -2.6390 -2.5696 6.4135 0 0 0 0 0 0 0 8.0501 -0.0039 0 0 0 0 0 0 0 0 0 0 0 0 0 0 172.0000 0 0 0 0 0 172.0000 0 0 0 0 0 0 0 0 0 0 0 0 0 0 0 0 0 0 0 0 0 0 0 0 0 0 0 0 0 0 0 0 0 0 0 0 0 0 0 0 0 0 0 0 0 0 0 0 0 0 0 0 0 0 0 0 0 0 0 0 0 0 0 0 0 0 0 0 0 0 0 0 0 0 0 0 -40.0000 172.0000 0 0 0 0 -40.0000 179.0000 0 0 0 0 -35.0000 -176.0000 0 0 0 0 0 0 0 0 0 0 0 113.0000 0 0 0 0 0 -113.0000 0 0 0 0 0 0 0 0 0 0 -5.2995 -172.0000 0 0 172.0000 0 0 0 0 0 0 0 0 0 0 -5.3121 172.0000 0 3.3030 172.0000 0 0 0 0 0 0 0 0 0 -15.3011 0 0 0 0 0 0 0 0 0 0 0 -15.3021 0 0 0 0 0 0 0 0 0 0 0 0 0 0 0 0 0 0 0 0 0 0 0 0 0 0 0 0 0 68.1375 67.4950 -13.4542 -16.3122 -1.2685 56.5855 0.0275 0.2691 -0.0315 0 0 0 17.9626 0 -10.3113 9.4077 0 0 2.8210 0 0 0 0 0 17.5218 31.3927 8.0285 4.8511 0 -2.2610 3.2606 0 0 0 0 0 0 0 0 13.8725 10.5137 8.3157 5.2347 0 -3.0528 5.2679 0 0 0 0 0 0 0 0 6.3866 -12.4713 7.1837 8.3084 0 -10.7204 17.9662 0 0 -5.5557 -27.2254 -28.6330 -0.7547 3.5347 -13.2976 29.2922 -22.8053 0.0430 34.0535 -27.2018 8.4532 0 0 0 -65.0256 58.7690 3.0267 -7.3074 -8.1652 -50.1443 1.9413 -10.1194 0.3659 0 0 0 -12.3861 0 8.8022 -5.3131 0 0 -5.2624 0 0 0 0 0 -4.7301 0 3.8833 -7.3943 0 0 -9.5262 0 0 0 0 0 0 0 0 -10.2918 0 0.6932 -12.5220 0 0 -13.3626 0 0 0 0 0 0 0 0 -5.6044 0 2.2175 -11.2119 0 0 -21.8079 0 0 35.6403 -17.5647 4.4311 -6.3381 -7.6108 22.1904 -22.9847 17.4152 -16.4814 -34.0951 25.1397 0 0 0 0 0.2180 37.5634 -11.5994 -7.7294 9.5839 0.0000 35.0036 -10.0000 -0.0000 0 0 0 0 0 0 0 0 0 0 0 0 0 0 0 0 0 0 0 0 0 0 0 0 0 0 0 0 0 0 0 0 0 0 0 0 0 0 0 0 0 0 0 0 0 -2.2223 35.2357 -20.8227 -5.1311 15.3366 -0.0000 17.5816 28.0000 0.0000 0 0 0 0 0 0 0 0 0 0 0 0 0 0 0 0 0 0 0 0 0 0 0 0 0 0 0 0 0 0 0 0 0 0 0 0 0 0 0 0 0 0
-4.2866 2.6878 -93.9650 3.9710 0.2009 -25.3580 0 0 0 0 0 0 0 0 0 -2.4192 -2.3833 6.2285 0 0 0 0 0 0 0 8.0501 -0.0039 0 0 0 0 0 0 0 0 0 0 0 0 0 0 172.0000 0 0 0 0 0 172.0000 0 0 0 0 0 0 0 0 0 0 0 0 0 0 0 0 0 0 0 0 0 0 0 0 0 0 0 0 0 0 0 0 0 0 0 0 0 0 0 0 0 0 0 0 0 0 0 0 0 0 0 0 0 0 0 0 0 0 0 0 0 0 0 0 0 0 0 0 0 0 0 0 0 0 0 0 -40.0000 172.0000 0 0 0 0 -40.0000 179.0000 0 0 0 0 -35.0000 -176.0000 0 0 0 0 0 0 0 0 0 0 0 113.0000 0 0 0 0 0 -113.0000 0 0 0 0 0 0 0 0 0 0 -5.3931 -172.0000 0 0 172.0000 0 0 0 0 0 0 0 0 0 0 -5.3686 172.0000 0 3.9517 172.0000 0 0 0 0 0 0 0 0 0 -15.3016 0 0 0 0 0 0 0 0 0 0 0 -15.3037 0 0 0 0 0 0 0 0 0 0 0 0 0 0 0 0 0 0 0 0 0 0 0 0 0 0 0 0 0 68.6328 69.6043 -13.3810 -11.6808 2.9906 52.7066 0.1694 -0.7497 -0.4702 0 0 0 14.8681 0 -11.2885 10.2950 0 0 1.3133 0 0 0 0 0 11.3060 31.3626 1.2848 2.6388 0 -2.1229 1.6314 0 0 0 0 0 0 0 0 8.6788 10.3825 1.6669 4.1839 0 -3.0202 1.8251 0 0 0 0 0 0 0 0 3.4503 -12.4752 2.8468 8.0065 0 -10.7269 16.5856 0 0 -6.5344 -27.5091 -28.4292 -3.5064 6.5437 -15.8298 27.6224 -24.4540 -0.0088 34.9992 -25.9793 8.3781 0 0 0 -67.0589 60.6671 5.9947 -9.3171 -6.4524 -48.0506 1.6590 -9.7068 0.2926 0 0 0 -12.7578 0 12.5300 -7.5370 0 0 -2.1515 0 0 0 0 0 -5.9383 0 3.8331 -4.7355 0 0 -3.3191 0 0 0 0 0 0 0 0 -2.9564 0 2.5724 -2.5237 0 0 -5.1328 0 0 0 0 0 0 0 0 2.6725 0 1.7413 -3.4133 0 0 -17.1607 0 0 32.6424 -19.3494 6.1502 -4.9882 -10.8287 21.6110 -24.4246 18.1764 -12.5095 -36.8237 25.0102 0 0 0 0 0.0482 38.8284 -12.8671 -8.3922 10.2804 0.0000 35.0014 -10.0000 -0.0000 0 0 0 0 0 0 0 0 0 0 0 0 0 0 0 0 0 0 0 0 0 0 0 0 0 0 0 0 0 0 0 0 0 0 0 0 0 0 0 0 0 0 0 0 0 -2.6551 36.2374 -21.8107 -5.7087 16.1563 -0.0000 17.4975 28.0000 0.0000 0 0 0 0 0 0 0 0 0 0 0 0 0 0 0 0 0 0 0 0 0 0 0 0 0 0 0 0 0 0 0 0 0 0 0 0 0 0 0 0 0 0
-4.0356 -0.1997 -92.3968 3.8004 0.0588 -25.3151 0 0 0 0 0 0 0 0 0 -2.0704 -2.0123 5.7978 0 0 0 0 0 0 0 8.0501 -0.0039 0 0 0 0 0 0 0 0 0 0 0 0 0 0 172.0000 0 0 0 0 0 172.0000 0 0 0 0 0 0 0 0 0 0 0 0 0 0 0 0 0 0 0 0 0 0 0 0 0 0 0 0 0 0 0 0 0 0 0 0 0 0 0 0 0 0 0 0 0 0 0 0 0 0 0 0 0 0 0 0 0 0 0 0 0 0 0 0 0 0 0 0 0 0 0 0 0 0 0 0 -40.0000 172.0000 0 0 0 0 -40.0000 179.0000 0 0 0 0 -35.0000 -176.0000 0 0 0 0 0 0 0 0 0 0 0 113.0000 0 0 0 0 0 -113.0000 0 0 0 0 0 0 0 0 0 0 -5.3910 -172.0000 0 0 172.0000 0 0 0 0 0 0 0 0 0 0 -5.2520 172.0000 0 4.3835 172.0000 0 0 0 0 0 0 0 0 0 -15.3021 0 0 0 0 0 0 0 0 0 0 0 -15.3085 0 0 0 0 0 0 0 0 0 0 0 0 0 0 0 0 0 0 0 0 0 0 0 0 0 0 0 0 0 68.4947 71.2114 -13.3385 -9.5368 5.5339 50.5727 0.4961 -1.0519 -0.5390 0 0 0 12.5602 0 -12.2630 10.4255 0 0 1.2223 0 0 0 0 0 5.9286 31.8090 -4.0610 3.3565 0 -2.3662 2.1855 0 0 0 0 0 0 0 0 5.6536 10.9136 -3.5922 6.3235 0 -3.2163 1.6898 0 0 0 0 0 0 0 0 2.4362 -12.1147 -1.0915 9.0674 0 -10.9355 16.8849 0 0 -6.4247 -26.7071 -29.2269 -6.1027 9.5929 -19.0643 25.6498 -25.3774 -0.0246 35.2270 -25.1982 8.3864 0 0 0 -67.1676 61.4207 6.7065 -12.5223 -4.2984 -44.8872 1.1577 -8.8504 -0.0439 0 0 0 -12.5806 0 13.4070 -9.6992 0 0 -1.1552 0 0 0 0 0 -5.6748 0 4.3714 -4.0455 0 0 -1.7260 0 0 0 0 0 0 0 0 -2.9653 0 4.0556 -3.5419 0 0 -1.7952 0 0 0 0 0 0 0 0 1.1586 0 1.6888 -5.5121 0 0 -16.3179 0 0 23.0303 -18.3608 7.2696 2.6597 -11.3750 20.5899 -25.1391 22.7533 -10.4840 -36.9566 25.0927 0 0 0 0 0.1923 40.5448 -14.5857 -9.2244 11.1667 -0.0000 35.0000 -10.0000 0.0000 0 0 0 0 0 0 0 0 0 0 0 0 0 0 0 0 0 0 0 0 0 0 0 0 0 0 0 0 0 0 0 0 0 0 0 0 0 0 0 0 0 0 0 0 0 -2.6983 37.6200 -22.7725 -6.3865 17.2322 0.0000 17.4954 28.0000 -0.0000 0 0 0 0 0 0 0 0 0 0 0 0 0 0 0 0 0 0 0 0 0 0 0 0 0 0 0 0 0 0 0 0 0 0 0 0 0 0 0 0 0 0
-3.7244 -2.1726 -90.8792 3.6714 0.0555 -25.2492 0 0 0 0 0 0 0 0 0 -1.6382 -1.5969 5.3606 0 0 0 0 0 0 0 8.0501 -0.0039 0 0 0 0 0 0 0 0 0 0 0 0 0 0 172.0000 0 0 0 0 0 172.0000 0 0 0 0 0 0 0 0 0 0 0 0 0 0 0 0 0 0 0 0 0 0 0 0 0 0 0 0 0 0 0 0 0 0 0 0 0 0 0 0 0 0 0 0 0 0 0 0 0 0 0 0 0 0 0 0 0 0 0 0 0 0 0 0 0 0 0 0 0 0 0 0 0 0 0 0 -40.0000 172.0000 0 0 0 0 -40.0000 179.0000 0 0 0 0 -35.0000 -176.0000 0 0 0 0 0 0 0 0 0 0 0 113.0000 0 0 0 0 0 -113.0000 0 0 0 0 0 0 0 0 0 0 -5.5198 -172.0000 0 0 172.0000 0 0 0 0 0 0 0 0 0 0 -5.3191 172.0000 0 4.7329 172.0000 0 0 0 0 0 0 0 0 0 -15.3063 0 0 0 0 0 0 0 0 0 0 0 -15.3139 0 0 0 0 0 0 0 0 0 0 0 0 0 0 0 0 0 0 0 0 0 0 0 0 0 0 0 0 0 67.2496 72.1748 -14.4015 -9.1655 5.9352 50.0274 0.8323 0.0753 -0.1446 0 0 0 11.8648 0 -12.6402 10.2933 0 0 1.5283 0 0 0 0 0 4.0879 31.7133 -5.7552 4.3335 0 -2.3329 2.9209 0 0 0 0 0 0 0 0 5.0259 10.8146 -5.2555 7.9031 0 -3.1773 2.4336 0 0 0 0 0 0 0 0 2.4814 -12.2254 -2.4916 9.7931 0 -10.8784 17.4024 0 0 -6.2976 -26.8434 -29.0792 -7.0658 10.7752 -20.4761 24.8234 -25.5514 -0.0308 35.1410 -25.0077 8.3961 0 0 0 -66.3200 61.5673 6.2619 -13.0747 -4.3002 -44.3594 0.6272 -7.9389 -0.4845 0 0 0 -12.3749 0 13.0469 -10.5055 0 0 -1.2852 0 0 0 0 0 -5.2210 0 4.7173 -4.2567 0 0 -2.2301 0 0 0 0 0 0 0 0 -4.7343 0 4.5237 -6.5771 0 0 -1.7038 0 0 0 0 0 0 0 0 -1.7880 0 1.7648 -8.6886 0 0 -16.9123 0 0 17.7896 -17.3186 7.5506 7.0833 -10.9610 20.0750 -25.2402 25.4111 -10.1873 -36.3828 25.1753 0 0 0 0 0.4855 42.1846 -16.2260 -9.8478 11.7818 -0.0000 34.9997 -10.0000 0.0000 0 0 0 0 0 0 0 0 0 0 0 0 0 0 0 0 0 0 0 0 0 0 0 0 0 0 0 0 0 0 0 0 0 0 0 0 0 0 0 0 0 0 0 0 0 -2.6107 39.0131 -23.3434 -6.7887 18.0426 0.0000 17.5082 28.0000 -0.0000 0 0 0 0 0 0 0 0 0 0 0 0 0 0 0 0 0 0 0 0 0 0 0 0 0 0 0 0 0 0 0 0 0 0 0 0 0 0 0 0 0 0
-3.3251 -2.7290 -89.7449 3.6460 -0.0098 -25.1737 0 0 0 0 0 0 0 0 0 -0.3761 -0.6168 4.1365 0 0 0 0 0 0 0 8.0501 -0.0039 0 0 0 0 0 0 0 0 0 0 0 0 0 0 172.0000 0 0 0 0 0 172.0000 0 0 0 0 0 0 0 0 0 0 0 0 0 0 0 0 0 0 0 0 0 0 0 0 0 0 0 0 0 0 0 0 0 0 0 0 0 0 0 0 0 0 0 0 0 0 0 0 0 0 0 0 0 0 0 0 0 0 0 0 0 0 0 0 0 0 0 0 0 0 0 0 0 0 0 0 -40.0000 172.0000 0 0 0 0 -40.0000 179.0000 0 0 0 0 -35.0000 -176.0000 0 0 0 0 0 0 0 0 0 0 0 113.0000 0 0 0 0 0 -113.0000 0 0 0 0 0 0 0 0 0 0 -5.6020 -172.0000 0 0 172.0000 0 0 0 0 0 0 0 0 0 0 -5.5769 172.0000 0 5.0646 172.0000 0 0 0 0 0 0 0 0 0 -11.2225 0 0 0 0 0 0 0 0 0 0 0 -15.3146 0 0 0 0 0 0 0 0 0 0 0 0 0 0 0 0 0 0 0 0 0 0 0 0 0 0 0 0 0 63.4777 75.2706 -18.1229 -16.2386 1.1878 54.1538 0.9722 1.8957 0.3398 0 0 0 11.9776 0 -12.6508 10.1772 0 0 1.7401 0 0 0 0 0 4.2391 31.6656 -5.5208 4.7669 0 -2.3027 3.2437 0 0 0 0 0 0 0 0 5.3639 10.7545 -5.0227 8.3684 0 -3.1557 2.9274 0 0 0 0 0 0 0 0 2.7400 -12.2927 -2.4072 9.9814 0 -10.8473 17.6514 0 0 -6.3432 -26.9371 -28.9888 -7.0982 10.7654 -20.5642 24.7671 -25.4459 -0.0223 35.0329 -25.0773 8.3925 0 0 0 -60.8956 56.2455 0.0852 -7.5297 -3.8681 -50.1891 0.3028 -7.2277 -0.8356 0 0 0 -12.3121 0 12.6347 -10.4969 0 0 -1.6052 0 0 0 0 0 -5.0028 0 4.8025 -4.5536 0 0 -2.9258 0 0 0 0 0 0 0 0 -5.8294 0 4.4575 -8.2147 0 0 -2.4494 0 0 0 0 0 0 0 0 -3.2743 0 1.8237 -10.1636 0 0 -17.4836 0 0 16.8501 -16.9099 7.4557 7.9417 -10.5264 20.0477 -25.1633 25.9902 -10.4687 -35.9943 25.2073 0 0 0 0 0.5616 42.9797 -17.0212 -10.0748 11.9437 -0.0000 34.9998 -10.0000 0.0000 0 0 0 0 0 0 0 0 0 0 0 0 0 0 0 0 0 0 0 0 0 0 0 0 0 0 0 0 0 0 0 0 0 0 0 0 0 0 0 0 0 0 0 0 0 -3.0932 39.8196 -23.9219 -6.6477 18.5208 0.0000 17.5297 28.0000 -0.0000 0 0 0 0 0 0 0 0 0 0 0 0 0 0 0 0 0 0 0 0 0 0 0 0 0 0 0 0 0 0 0 0 0 0 0 0 0 0 0 0 0 0
-2.9468 -2.5760 -88.4748 3.5040 -0.1002 -25.0958 0 0 0 0 0 0 0 0 0 1.3684 0.7628 2.2500 0 0 0 0 0 0 0 8.0501 -0.0039 0 0 0 0 0 0 0 0 0 0 0 0 0 0 172.0000 0 0 0 0 0 172.0000 0 0 0 0 0 0 0 0 0 0 0 0 0 0 0 0 0 0 0 0 0 0 0 0 0 0 0 0 0 0 0 0 0 0 0 0 0 0 0 0 0 0 0 0 0 0 0 0 0 0 0 0 0 0 0 0 0 0 0 0 0 0 0 0 0 0 0 0 0 0 0 0 0 0 0 0 -40.0000 172.0000 0 0 0 0 -40.0000 179.0000 0 0 0 0 -35.0000 -176.0000 0 0 0 0 0 0 0 0 0 0 0 113.0000 0 0 0 0 0 -113.0000 0 0 0 0 0 0 0 0 0 0 -5.7038 -172.0000 0 0 172.0000 0 0 0 0 0 0 0 0 0 0 -5.9749 172.0000 0 5.3838 172.0000 0 0 0 0 0 0 0 0 0 -0.7453 0 0 0 0 0 0 0 0 0 0 0 -15.3151 0 0 0 0 0 0 0 0 0 0 0 0 0 0 0 0 0 0 0 0 0 0 0 0 0 0 0 0 0 57.6213 81.4972 -24.3362 -31.9348 -8.5227 63.7116 0.2904 0.9142 -0.0011 0 0 0 12.1328 0 -12.6487 10.1052 0 0 1.7979 0 0 0 0 0 4.7753 31.6912 -4.9681 4.8008 0 -2.3146 3.2672 0 0 0 0 0 0 0 0 5.7244 10.7834 -4.4785 8.2772 0 -3.1666 3.0549 0 0 0 0 0 0 0 0 2.8457 -12.2356 -2.1090 9.8958 0 -10.8979 17.6814 0 0 -6.3526 -26.8949 -29.0320 -7.0698 10.3638 -20.2807 24.8354 -25.4295 -0.0066 34.9865 -25.1663 8.3918 0 0 0 -48.9179 44.2151 -14.2661 2.9552 0.7213 -61.4452 1.0141 -8.9167 -0.1666 0 0 0 -12.3434 0 12.4864 -10.3058 0 0 -1.7724 0 0 0 0 0 -4.9766 0 4.7721 -4.6870 0 0 -3.2360 0 0 0 0 0 0 0 0 -6.0832 0 4.3038 -8.5007 0 0 -2.9339 0 0 0 0 0 0 0 0 -3.4542 0 1.8346 -10.3226 0 0 -17.6950 0 0 17.5273 -16.9070 7.3293 7.3619 -10.3078 20.2032 -25.1284 25.7372 -10.6979 -35.8911 25.2075 0 0 0 0 0.5383 43.0785 -17.1200 -10.0658 11.8962 0.0000 34.9999 -10.0000 -0.0000 0 0 0 0 0 0 0 0 0 0 0 0 0 0 0 0 0 0 0 0 0 0 0 0 0 0 0 0 0 0 0 0 0 0 0 0 0 0 0 0 0 0 0 0 0 -4.3798 40.1319 -24.9786 -5.9509 19.1043 -0.0000 17.5883 28.0000 0.0000 0 0 0 0 0 0 0 0 0 0 0 0 0 0 0 0 0 0 0 0 0 0 0 0 0 0 0 0 0 0 0 0 0 0 0 0 0 0 0 0 0 0
-2.8500 -0.7872 -86.6870 2.7987 0.4743 -25.1488 0 0 0 0 0 0 0 0 0 3.1997 0.0385 0.2761 0 0 0 0 0 0 0 8.0501 -0.0039 0 0 0 0 0 0 0 0 0 0 0 0 0 0 172.0000 0 0 0 0 0 172.0000 0 0 0 0 0 0 0 0 0 0 0 0 0 0 0 0 0 0 0 0 0 0 0 0 0 0 0 0 0 0 0 0 0 0 0 0 0 0 0 0 0 0 0 0 0 0 0 0 0 0 0 0 0 0 0 0 0 0 0 0 0 0 0 0 0 0 0 0 0 0 0 0 0 0 0 0 -40.0000 172.0000 0 0 0 0 -40.0000 179.0000 0 0 0 0 -35.0000 -176.0000 0 0 0 0 0 0 0 0 0 0 0 113.0000 0 0 0 0 0 -113.0000 0 0 0 0 0 0 0 0 0 0 -6.2066 -172.0000 0 0 172.0000 0 0 0 0 0 0 0 0 0 0 -6.5839 172.0000 0 6.0178 172.0000 0 0 0 0 0 0 0 0 0 8.3835 0 0 0 0 0 0 0 0 0 0 0 -11.4694 0 0 0 0 0 0 0 0 0 0 0 0 0 0 0 0 0 0 0 0 0 0 0 0 0 0 0 0 0 53.9281 85.7091 -28.2821 -40.4480 -13.6332 68.9853 -1.1906 -3.2320 -1.0395 0 0 0 11.2456 0 -12.9394 11.9504 0 0 2.1587 0 0 0 0 0 7.5233 31.6928 -5.1255 8.3528 0 -2.3166 3.0799 0 0 0 0 0 0 0 0 8.7999 10.7862 -4.7986 11.0472 0 -3.1675 2.7338 0 0 0 0 0 0 0 0 11.4628 -12.3758 -1.0408 10.5139 0 -10.9085 15.9754 0 0 -6.3434 -26.8899 -29.0363 -10.1736 10.6655 -17.0008 23.4654 -26.5656 0.0013 34.5156 -25.3109 8.3925 0 0 0 -32.4263 34.2598 -30.0803 16.5684 1.4341 -73.1581 2.7335 -14.2220 1.8787 0 0 0 -16.8596 0 7.4167 -14.4554 0 0 -3.4854 0 0 0 0 0 -12.5166 0 2.4504 -10.3381 0 0 -3.9193 0 0 0 0 0 0 0 0 -15.4107 0 2.0173 -14.3507 0 0 -2.6382 0 0 0 0 0 0 0 0 -16.6493 0 0.2848 -11.3400 0 0 -16.0278 0 0 15.3348 -19.7845 15.4467 4.5496 -6.5186 21.5347 -26.6442 28.4684 -12.9197 -36.4679 24.0792 0 0 0 0 1.3979 42.5769 -17.0495 -9.6234 11.6797 0.0000 35.0000 -10.0000 -0.0000 0 0 0 0 0 0 0 0 0 0 0 0 0 0 0 0 0 0 0 0 0 0 0 0 0 0 0 0 0 0 0 0 0 0 0 0 0 0 0 0 0 0 0 0 0 -4.5742 39.8833 -26.2632 -5.1515 19.2955 -0.0000 17.6315 28.0000 0.0000 0 0 0 0 0 0 0 0 0 0 0 0 0 0 0 0 0 0 0 0 0 0 0 0 0 0 0 0 0 0 0 0 0 0 0 0 0 0 0 0 0 0
-2.9950 3.5008 -85.9637 2.3747 -0.3853 -23.8387 0 0 0 0 0 0 0 0 0 7.3454 -3.6214 -3.8573 0 0 0 0 0 0 0 8.0501 -0.0039 0 0 0 0 0 0 0 0 0 0 0 0 0 0 172.0000 0 0 0 0 0 172.0000 0 0 0 0 0 0 0 0 0 0 0 0 0 0 0 0 0 0 0 0 0 0 0 0 0 0 0 0 0 0 0 0 0 0 0 0 0 0 0 0 0 0 0 0 0 0 0 0 0 0 0 0 0 0 0 0 0 0 0 0 0 0 0 0 0 0 0 0 0 0 0 0 0 0 0 0 -40.0000 172.0000 0 0 0 0 -40.0000 179.0000 0 0 0 0 -35.0000 -176.0000 0 0 0 0 0 0 0 0 0 0 0 113.0000 0 0 0 0 0 -113.0000 0 0 0 0 0 0 0 0 0 0 -6.7525 -172.0000 0 0 172.0000 0 0 0 0 0 0 0 0 0 0 -6.9839 172.0000 0 6.7076 172.0000 0 0 0 0 0 0 0 0 0 11.2859 0 0 0 0 0 0 0 0 0 0 0 -1.3795 0 0 0 0 0 0 0 0 0 0 0 0 0 0 0 0 0 0 0 0 0 0 0 0 0 0 0 0 0 56.2793 68.9032 -13.1168 -37.2334 -15.6838 67.1940 -2.3400 -6.7446 -1.7909 0 0 0 8.9658 0 -13.5194 16.9172 0 0 3.1203 0 0 0 0 0 14.0023 31.6885 -6.2435 17.8181 0 -2.3143 2.7096 0 0 0 0 0 0 0 0 16.4869 10.7811 -6.3312 18.6640 0 -3.1656 1.9414 0 0 0 0 0 0 0 0 33.9286 -12.7769 1.4372 12.3629 0 -10.8044 11.5807 0 0 -6.3440 -26.8975 -29.0286 -17.6123 12.7327 -8.8549 19.9717 -29.2918 0.0024 33.3068 -25.6059 8.4007 0 0 0 -9.6384 30.4119 -42.6514 31.6369 -7.8099 -82.8182 4.0942 -19.6942 4.0263 0 0 0 -23.3963 0 -0.3872 -23.2847 0 0 -6.5685 0 0 0 0 0 -27.1548 0 -0.8209 -23.0860 0 0 -4.8023 0 0 0 0 0 0 0 0 -33.5011 0 -0.9695 -26.9147 0 0 -1.6400 0 0 0 0 0 0 0 0 -46.7857 0 -2.9884 -13.9105 0 0 -11.6166 0 0 8.4397 -24.9669 36.3505 3.1325 -1.3829 20.6561 -27.8145 34.3770 -16.0477 -36.7722 22.3704 0 0 0 0 1.4550 39.8753 -14.4225 -8.1486 9.7741 0.0000 35.0000 -9.5846 -0.0000 0 0 0 0 0 0 0 0 0 0 0 0 0 0 0 0 0 0 0 0 0 0 0 0 0 0 0 0 0 0 0 0 0 0 0 0 0 0 0 0 0 0 0 0 0 -4.2862 37.5324 -26.6472 -4.0499 17.3996 -0.0000 17.9678 28.0000 0.0000 0 0 0 0 0 0 0 0 0 0 0 0 0 0 0 0 0 0 0 0 0 0 0 0 0 0 0 0 0 0 0 0 0 0 0 0 0 0 0 0 0 0
-2.9016 7.6715 -86.7469 3.8811 -4.0371 -20.7730 0 0 0 0 0 0 0 0 0 10.3489 -7.7856 -9.0210 0 0 0 0 0 0 0 8.0501 -0.0039 0 0 0 0 0 0 0 0 0 0 0 0 0 0 172.0000 0 0 0 0 0 172.0000 0 0 0 0 0 0 0 0 0 0 0 0 0 0 0 0 0 0 0 0 0 0 0 0 0 0 0 0 0 0 0 0 0 0 0 0 0 0 0 0 0 0 0 0 0 0 0 0 0 0 0 0 0 0 0 0 0 0 0 0 0 0 0 0 0 0 0 0 0 0 0 0 0 0 0 0 -40.0000 172.0000 0 0 0 0 -40.0000 179.0000 0 0 0 0 -35.0000 -176.0000 0 0 0 0 0 0 0 0 0 0 0 113.0000 0 0 0 0 0 -113.0000 0 0 0 0 0 0 0 0 0 0 -6.9701 -172.0000 0 0 172.0000 0 0 0 0 0 0 0 0 0 0 -7.0230 172.0000 0 7.0508 172.0000 0 0 0 0 0 0 0 0 0 10.8912 0 0 0 0 0 0 0 0 0 0 0 7.8089 0 0 0 0 0 0 0 0 0 0 0 0 0 0 0 0 0 0 0 0 0 0 0 0 0 0 0 0 0 57.6300 42.8726 -0.5924 -37.9703 -24.8304 62.9002 -2.6885 -7.5543 -1.8051 0 0 0 7.0197 0 -14.0519 21.4831 0 0 4.0059 0 0 0 0 0 19.8116 31.6892 -7.3429 26.4698 0 -2.3145 2.4008 0 0 0 0 0 0 0 0 23.4481 10.7818 -7.8065 25.6604 0 -3.1659 1.2457 0 0 0 0 0 0 0 0 54.1326 -13.0041 3.3273 14.0161 0 -10.7747 7.6004 0 0 -6.3453 -26.8966 -29.0297 -23.4927 15.5744 -1.6663 16.8191 -31.6887 -0.0298 32.2105 -25.8746 8.4154 0 0 0 10.5803 25.7541 -49.9966 39.3382 -13.0424 -89.4810 4.5630 -22.7538 5.4616 0 0 0 -20.4612 0 1.8861 -27.4413 0 0 -7.1246 0 0 0 0 0 -31.8206 0 0.8784 -31.2643 0 0 -4.2792 0 0 0 0 0 0 0 0 -38.9113 0 1.1383 -33.1112 0 0 -0.9463 0 0 0 0 0 0 0 0 -65.9773 0 -4.9107 -15.4037 0 0 -7.6105 0 0 2.4605 -25.9403 54.5228 9.9405 -4.6026 12.8294 -24.1490 36.6434 -14.7346 -34.9990 22.9506 0 0 0 0 -1.7929 36.2158 -8.3462 -6.8609 6.2655 0 35.0000 -8.6892 -0.0000 0 0 0 0 0 0 0 0 0 0 0 0 0 0 0 0 0 0 0 0 0 0 0 0 0 0 0 0 0 0 0 0 0 0 0 0 0 0 0 0 0 0 0 0 0 -6.4449 33.8260 -25.3743 -3.3541 14.1026 0 18.5810 28.0000 0.0000 0 0 0 0 0 0 0 0 0 0 0 0 0 0 0 0 0 0 0 0 0 0 0 0 0 0 0 0 0 0 0 0 0 0 0 0 0 0 0 0 0 0
-2.4743 9.7148 -88.7607 5.5759 -6.0558 -16.9483 0 0 0 0 0 0 0 0 0 9.3124 -10.1239 -11.6804 0 0 0 0 0 0 0 8.0501 -0.0039 0 0 0 0 0 0 0 0 0 0 0 0 0 0 172.0000 0 0 0 0 0 172.0000 0 0 0 0 0 0 0 0 0 0 0 0 0 0 0 0 0 0 0 0 0 0 0 0 0 0 0 0 0 0 0 0 0 0 0 0 0 0 0 0 0 0 0 0 0 0 0 0 0 0 0 0 0 0 0 0 0 0 0 0 0 0 0 0 0 0 0 0 0 0 0 0 0 0 0 0 -40.0000 172.0000 0 0 0 0 -40.0000 179.0000 0 0 0 0 -35.0000 -176.0000 0 0 0 0 0 0 0 0 0 0 0 113.0000 0 0 0 0 0 -113.0000 0 0 0 0 0 0 0 0 0 0 -6.9739 -172.0000 0 0 172.0000 0 0 0 0 0 0 0 0 0 0 -6.9510 172.0000 0 7.0978 172.0000 0 0 0 0 0 0 0 0 0 9.9488 0 0 0 0 0 0 0 0 0 0 0 11.0819 0 0 0 0 0 0 0 0 0 0 0 0 0 0 0 0 0 0 0 0 0 0 0 0 0 0 0 0 0 45.6606 29.3744 -10.6550 -42.1465 -32.2838 51.2033 -2.5760 -5.6909 -0.9586 0 0 0 6.3945 0 -14.3410 23.1317 0 0 4.3240 0 0 0 0 0 21.8570 31.6897 -7.7560 29.5601 0 -2.3148 2.2983 0 0 0 0 0 0 0 0 25.9175 10.7824 -8.3530 28.1684 0 -3.1661 1.0048 0 0 0 0 0 0 0 0 61.1208 -13.0795 3.6174 14.5469 0 -10.8362 6.1884 0 0 -6.3449 -26.8956 -29.0306 -24.9269 17.2646 0.7313 15.6211 -32.5794 -0.0810 31.8280 -25.9739 8.4342 0 0 0 16.3899 7.7850 -52.8442 40.2646 -9.7027 -85.0215 4.2301 -22.4047 5.7933 0 0 0 -11.7867 0 10.5664 -25.5846 0 0 -5.4103 0 0 0 0 0 -26.1430 0 5.4450 -31.2672 0 0 -2.9602 0 0 0 0 0 0 0 0 -31.4175 0 5.9725 -30.8059 0 0 -0.8915 0 0 0 0 0 0 0 0 -65.7442 0 -4.8112 -15.1249 0 0 -6.1811 0 0 0.7142 -23.1331 60.2610 19.2454 -12.5735 3.9551 -18.7769 34.6851 -10.8666 -32.6333 24.9737 0 0 0 0 -4.8829 33.2760 -3.4906 -6.9351 3.7135 -0.0000 35.0000 -7.8733 0.0000 0 0 0 0 0 0 0 0 0 0 0 0 0 0 0 0 0 0 0 0 0 0 0 0 0 0 0 0 0 0 0 0 0 0 0 0 0 0 0 0 0 0 0 0 0 -9.0182 30.8095 -25.7827 -2.6326 11.7211 0.0000 18.7895 28.0000 -0.0000 0 0 0 0 0 0 0 0 0 0 0 0 0 0 0 0 0 0 0 0 0 0 0 0 0 0 0 0 0 0 0 0 0 0 0 0 0 0 0 0 0 0
-2.0715 10.6293 -94.5751 5.5110 -6.3105 -11.8503 0 0 0 0 0 0 0 0 0 9.4729 -10.5911 -12.1218 0 0 0 0 0 0 0 8.0501 -0.0039 0 0 0 0 0 0 0 0 0 0 0 0 0 0 172.0000 0 0 0 0 0 172.0000 0 0 0 0 0 0 0 0 0 0 0 0 0 0 0 0 0 0 0 0 0 0 0 0 0 0 0 0 0 0 0 0 0 0 0 0 0 0 0 0 0 0 0 0 0 0 0 0 0 0 0 0 0 0 0 0 0 0 0 0 0 0 0 0 0 0 0 0 0 0 0 0 0 0 0 0 -40.0000 172.0000 0 0 0 0 -40.0000 179.0000 0 0 0 0 -35.0000 -176.0000 0 0 0 0 0 0 0 0 0 0 0 113.0000 0 0 0 0 0 -113.0000 0 0 0 0 0 0 0 0 0 0 -6.9239 -172.0000 0 0 172.0000 0 0 0 0 0 0 0 0 0 0 -6.8970 172.0000 0 7.0444 172.0000 0 0 0 0 0 0 0 0 0 9.4591 0 0 0 0 0 0 0 0 0 0 0 10.9029 0 0 0 0 0 0 0 0 0 0 0 0 0 0 0 0 0 0 0 0 0 0 0 0 0 0 0 0 0 26.4767 1.0384 7.5016 -41.0381 -27.3857 34.3523 -2.4300 -1.2556 0.8220 0 0 0 6.3240 0 -14.4482 23.0316 0 0 4.3083 0 0 0 0 0 21.7290 31.6895 -7.7479 29.3967 0 -2.3147 2.3090 0 0 0 0 0 0 0 0 25.7755 10.7822 -8.3373 28.0420 0 -3.1660 1.0226 0 0 0 0 0 0 0 0 60.5472 -13.1186 3.4121 14.4569 0 -10.8471 6.2695 0 0 -6.3448 -26.8960 -29.0303 -24.6591 17.3730 0.6061 15.4843 -32.7461 -0.0741 31.8757 -25.9902 8.4591 0 0 0 16.5322 -14.4854 -55.5637 37.6282 -6.4299 -64.8437 3.3702 -17.0810 4.2314 0 0 0 -7.4708 0 14.3134 -23.5895 0 0 -4.1155 0 0 0 0 0 -21.5001 0 7.8687 -29.3029 0 0 -2.2679 0 0 0 0 0 0 0 0 -25.4691 0 8.4640 -27.8865 0 0 -1.0243 0 0 0 0 0 0 0 0 -61.4789 0 -4.8104 -14.6502 0 0 -6.2181 0 0 1.0685 -21.1581 59.4511 23.1590 -16.5225 -0.1746 -16.6360 33.2347 -9.3965 -31.4590 26.2222 0 0 0 0 -5.0767 24.3647 1.2830 -6.5691 7.5891 -0.0000 35.0000 -7.6665 0.0000 0 0 0 0 0 0 0 0 0 0 0 0 0 0 0 0 0 0 0 0 0 0 0 0 0 0 0 0 0 0 0 0 0 0 0 0 0 0 0 0 0 0 0 0 0 -9.7314 27.3117 -30.1406 0.5126 9.6630 0.0000 18.6994 28.0000 -0.0000 0 0 0 0 0 0 0 0 0 0 0 0 0 0 0 0 0 0 0 0 0 0 0 0 0 0 0 0 0 0 0 0 0 0 0 0 0 0 0 0 0 0
-1.9307 11.4249 -100.0361 5.0592 -7.4889 -8.6408 0 0 0 0 0 0 0 0 0 11.1590 -10.3368 -12.0001 0 0 0 0 0 0 0 8.0501 -0.0039 0 0 0 0 0 0 0 0 0 0 0 0 0 0 172.0000 0 0 0 0 0 172.0000 0 0 0 0 0 0 0 0 0 0 0 0 0 0 0 0 0 0 0 0 0 0 0 0 0 0 0 0 0 0 0 0 0 0 0 0 0 0 0 0 0 0 0 0 0 0 0 0 0 0 0 0 0 0 0 0 0 0 0 0 0 0 0 0 0 0 0 0 0 0 0 0 0 0 0 0 -40.0000 172.0000 0 0 0 0 -40.0000 179.0000 0 0 0 0 -35.0000 -176.0000 0 0 0 0 0 0 0 0 0 0 0 113.0000 0 0 0 0 0 -113.0000 0 0 0 0 0 0 0 0 0 0 -6.8920 -172.0000 0 0 172.0000 0 0 0 0 0 0 0 0 0 0 -6.8808 172.0000 0 7.0001 172.0000 0 0 0 0 0 0 0 0 0 9.3820 0 0 0 0 0 0 0 0 0 0 0 10.0050 0 0 0 0 0 0 0 0 0 0 0 0 0 0 0 0 0 0 0 0 0 0 0 0 0 0 0 0 0 15.0925 -36.2478 51.9442 -37.5216 -14.6484 22.2679 -2.5434 4.0317 2.9022 0 0 0 6.2858 0 -14.4885 22.5541 0 0 4.2222 0 0 0 0 0 21.1578 31.6894 -7.6435 28.5525 0 -2.3147 2.3402 0 0 0 0 0 0 0 0 25.0938 10.7821 -8.1961 27.3606 0 -3.1660 1.0915 0 0 0 0 0 0 0 0 58.4543 -13.0981 3.2905 14.2533 0 -10.8351 6.6593 0 0 -6.3449 -26.8960 -29.0302 -24.3708 16.8115 0.0088 15.5404 -32.8176 -0.0265 32.0117 -25.9932 8.4669 0 0 0 21.4616 -14.6074 -59.7369 27.7579 -0.3619 -46.5694 2.7648 -9.4646 1.5885 0 0 0 -9.4230 0 11.5581 -23.6055 0 0 -2.9782 0 0 0 0 0 -19.9855 0 8.2740 -28.0839 0 0 -2.1556 0 0 0 0 0 0 0 0 -23.5815 0 8.8470 -26.6301 0 0 -1.1198 0 0 0 0 0 0 0 0 -61.0176 0 -6.0681 -14.9972 0 0 -6.3096 0 0 1.7081 -20.6080 57.5693 21.4139 -15.7625 -1.0010 -18.4405 34.5518 -11.3837 -30.3052 27.5037 0 0 0 0 -4.3326 13.4244 6.8570 -5.9680 15.4104 -0.0000 35.0000 -7.5583 0.0000 0 0 0 0 0 0 0 0 0 0 0 0 0 0 0 0 0 0 0 0 0 0 0 0 0 0 0 0 0 0 0 0 0 0 0 0 0 0 0 0 0 0 0 0 0 -9.7023 24.1359 -33.6914 3.2163 8.1846 0.0000 18.6882 28.0000 -0.0000 0 0 0 0 0 0 0 0 0 0 0 0 0 0 0 0 0 0 0 0 0 0 0 0 0 0 0 0 0 0 0 0 0 0 0 0 0 0 0 0 0 0
-2.0046 11.7167 -101.1103 5.1273 -8.2322 -9.1091 0 0 0 0 0 0 0 0 0 11.3375 -10.0668 -11.9033 0 0 0 0 0 0 0 8.0501 -0.0039 0 0 0 0 0 0 0 0 0 0 0 0 0 0 172.0000 0 0 0 0 0 172.0000 0 0 0 0 0 0 0 0 0 0 0 0 0 0 0 0 0 0 0 0 0 0 0 0 0 0 0 0 0 0 0 0 0 0 0 0 0 0 0 0 0 0 0 0 0 0 0 0 0 0 0 0 0 0 0 0 0 0 0 0 0 0 0 0 0 0 0 0 0 0 0 0 0 0 0 0 -40.0000 172.0000 0 0 0 0 -40.0000 179.0000 0 0 0 0 -35.0000 -176.0000 0 0 0 0 0 0 0 0 0 0 0 113.0000 0 0 0 0 0 -113.0000 0 0 0 0 0 0 0 0 0 0 -6.8842 -172.0000 0 0 172.0000 0 0 0 0 0 0 0 0 0 0 -6.8837 172.0000 0 6.9853 172.0000 0 0 0 0 0 0 0 0 0 9.4519 0 0 0 0 0 0 0 0 0 0 0 9.4912 0 0 0 0 0 0 0 0 0 0 0 0 0 0 0 0 0 0 0 0 0 0 0 0 0 0 0 0 0 9.4343 -55.0591 76.4687 -36.4777 -7.0093 18.9484 -2.6302 6.5481 3.9655 0 0 0 6.3116 0 -14.4381 22.2807 0 0 4.1725 0 0 0 0 0 20.8344 31.6895 -7.5808 28.0682 0 -2.3147 2.3570 0 0 0 0 0 0 0 0 24.7051 10.7822 -8.1124 26.9684 0 -3.1660 1.1300 0 0 0 0 0 0 0 0 57.2760 -13.1145 3.2799 14.1439 0 -10.8343 6.8816 0 0 -6.3449 -26.8960 -29.0303 -24.2207 16.4727 -0.2593 15.6533 -32.7809 0.0014 32.0780 -25.9934 8.4683 0 0 0 24.1842 -8.3566 -61.1286 22.4545 3.0278 -41.0104 2.3604 -5.2030 -0.0474 0 0 0 -12.9889 0 7.6595 -24.3575 0 0 -2.0447 0 0 0 0 0 -20.1623 0 7.9428 -27.8001 0 0 -2.2524 0 0 0 0 0 0 0 0 -23.8408 0 8.4856 -26.5527 0 0 -1.1472 0 0 0 0 0 0 0 0 -62.5833 0 -6.8407 -15.6803 0 0 -6.1644 0 0 2.0196 -20.7417 56.5969 18.5536 -14.1460 -0.5149 -20.9657 36.5055 -13.8447 -29.1861 28.6837 0 0 0 0 -4.1275 9.8334 8.8411 -6.3156 18.1086 -0.0000 35.0000 -6.8775 0 0 0 0 0 0 0 0 0 0 0 0 0 0 0 0 0 0 0 0 0 0 0 0 0 0 0 0 0 0 0 0 0 0 0 0 0 0 0 0 0 0 0 0 0 0 -9.4760 18.6762 -30.2789 2.1467 12.0740 0.0000 18.7027 22.1090 -0.0000 0 0 0 0 0 0 0 0 0 0 0 0 0 0 0 0 0 0 0 0 0 0 0 0 0 0 0 0 0 0 0 0 0 0 0 0 0 0 0 0 0 0
-2.0640 11.3906 -101.3400 5.0883 -8.0508 -9.9446 0 0 0 0 0 0 0 0 0 10.9855 -9.9605 -11.8040 0 0 0 0 0 0 0 8.0501 -0.0039 0 0 0 0 0 0 0 0 0 0 0 0 0 0 172.0000 0 0 0 0 0 172.0000 0 0 0 0 0 0 0 0 0 0 0 0 0 0 0 0 0 0 0 0 0 0 0 0 0 0 0 0 0 0 0 0 0 0 0 0 0 0 0 0 0 0 0 0 0 0 0 0 0 0 0 0 0 0 0 0 0 0 0 0 0 0 0 0 0 0 0 0 0 0 0 0 0 0 0 0 -40.0000 172.0000 0 0 0 0 -40.0000 179.0000 0 0 0 0 -35.0000 -176.0000 0 0 0 0 0 0 0 0 0 0 0 113.0000 0 0 0 0 0 -113.0000 0 0 0 0 0 0 0 0 0 0 -6.8871 -172.0000 0 0 172.0000 0 0 0 0 0 0 0 0 0 0 -6.8894 172.0000 0 6.9869 172.0000 0 0 0 0 0 0 0 0 0 9.5138 0 0 0 0 0 0 0 0 0 0 0 9.3884 0 0 0 0 0 0 0 0 0 0 0 0 0 0 0 0 0 0 0 0 0 0 0 0 0 0 0 0 0 2.0397 -60.9313 79.3137 -38.1799 -8.5799 21.1996 -2.3550 5.0023 3.5331 0 0 0 6.4519 0 -14.2630 22.2256 0 0 4.1624 0 0 0 0 0 20.7711 31.6895 -7.5669 27.9708 0 -2.3147 2.3600 0 0 0 0 0 0 0 0 24.6279 10.7822 -8.0944 26.8889 0 -3.1660 1.1373 0 0 0 0 0 0 0 0 57.0247 -13.1570 3.3237 14.1204 0 -10.8326 6.9257 0 0 -6.3449 -26.8960 -29.0303 -24.1762 16.4183 -0.1966 15.7850 -32.6538 0.0072 32.0696 -25.9858 8.4825 0 0 0 18.3627 -21.3660 -57.0911 31.7125 -4.6994 -41.0042 1.6757 -6.0023 0.0589 0 0 0 -11.9348 0 8.6801 -23.8796 0 0 -2.4944 0 0 0 0 0 -20.6361 0 7.6398 -27.9172 0 0 -2.3394 0 0 0 0 0 0 0 0 -24.4555 0 8.1693 -26.8067 0 0 -1.1411 0 0 0 0 0 0 0 0 -61.3193 0 -5.5670 -15.3941 0 0 -6.3298 0 0 2.0590 -20.9568 56.4462 19.4994 -14.9841 0.0646 -20.0669 35.4513 -12.9168 -29.7947 28.0828 0 0 0 0 -3.8582 8.5797 8.5601 -6.5846 17.9347 -0.0000 35.0000 -6.8193 0 0 0 0 0 0 0 0 0 0 0 0 0 0 0 0 0 0 0 0 0 0 0 0 0 0 0 0 0 0 0 0 0 0 0 0 0 0 0 0 0 0 0 0 0 0 -9.4001 10.5096 -23.5832 0.5048 19.4998 0.0000 18.8326 11.7656 -0.0000 0 0 0 0 0 0 0 0 0 0 0 0 0 0 0 0 0 0 0 0 0 0 0 0 0 0 0 0 0 0 0 0 0 0 0 0 0 0 0 0 0 0
-2.0829 10.7749 -101.4245 4.7834 -8.0494 -10.3555 0 0 0 0 0 0 0 0 0 11.0693 -9.9594 -11.7077 0 0 0 0 0 0 0 8.0501 -0.0039 0 0 0 0 0 0 0 0 0 0 0 0 0 0 172.0000 0 0 0 0 0 172.0000 0 0 0 0 0 0 0 0 0 0 0 0 0 0 0 0 0 0 0 0 0 0 0 0 0 0 0 0 0 0 0 0 0 0 0 0 0 0 0 0 0 0 0 0 0 0 0 0 0 0 0 0 0 0 0 0 0 0 0 0 0 0 0 0 0 0 0 0 0 0 0 0 0 0 0 0 -40.0000 172.0000 0 0 0 0 -40.0000 179.0000 0 0 0 0 -35.0000 -176.0000 0 0 0 0 0 0 0 0 0 0 0 113.0000 0 0 0 0 0 -113.0000 0 0 0 0 0 0 0 0 0 0 -6.8907 -172.0000 0 0 172.0000 0 0 0 0 0 0 0 0 0 0 -6.8923 172.0000 0 6.9914 172.0000 0 0 0 0 0 0 0 0 0 9.5353 0 0 0 0 0 0 0 0 0 0 0 9.4481 0 0 0 0 0 0 0 0 0 0 0 0 0 0 0 0 0 0 0 0 0 0 0 0 0 0 0 0 0 -2.1523 -62.3081 77.1065 -39.0434 -9.5256 23.7528 -1.8441 1.7180 2.3877 0 0 0 6.5869 0 -14.1160 22.2623 0 0 4.1682 0 0 0 0 0 20.8096 31.6895 -7.5734 28.0268 0 -2.3147 2.3577 0 0 0 0 0 0 0 0 24.6735 10.7822 -8.1033 26.9340 0 -3.1660 1.1326 0 0 0 0 0 0 0 0 57.1619 -13.1822 3.3461 14.1375 0 -10.8305 6.8996 0 0 -6.3449 -26.8960 -29.0302 -24.2239 16.4269 -0.1103 15.8236 -32.5876 0.0041 32.0299 -25.9700 8.4945 0 0 0 14.2805 -31.5905 -55.1115 39.1632 -10.3069 -44.4222 1.0451 -9.9622 1.3420 0 0 0 -8.7689 0 12.1527 -23.0544 0 0 -3.6055 0 0 0 0 0 -20.8875 0 7.5316 -28.0580 0 0 -2.3702 0 0 0 0 0 0 0 0 -24.7743 0 8.0601 -26.9829 0 0 -1.1308 0 0 0 0 0 0 0 0 -59.0073 0 -4.3052 -14.6033 0 0 -6.6923 0 0 2.0086 -21.0581 56.5865 21.7351 -16.2124 0.2588 -17.8725 33.3984 -10.7747 -31.1827 26.6856 0 0 0 0 -2.8668 7.7491 7.8058 -7.3178 18.1076 -0.0000 35.0000 -7.8149 0 0 0 0 0 0 0 0 0 0 0 0 0 0 0 0 0 0 0 0 0 0 0 0 0 0 0 0 0 0 0 0 0 0 0 0 0 0 0 0 0 0 0 0 0 0 -9.9421 7.3079 -20.4698 0.5057 22.7316 0.0000 19.2516 7.7301 -0.0000 0 0 0 0 0 0 0 0 0 0 0 0 0 0 0 0 0 0 0 0 0 0 0 0 0 0 0 0 0 0 0 0 0 0 0 0 0 0 0 0 0 0
-2.1257 10.1033 -100.5980 4.6471 -8.5959 -10.9024 0 0 0 0 0 0 0 0 0 11.2370 -9.9780 -11.5803 0 0 0 0 0 0 0 8.0501 -0.0039 0 0 0 0 0 0 0 0 0 0 0 0 0 0 172.0000 0 0 0 0 0 172.0000 0 0 0 0 0 0 0 0 0 0 0 0 0 0 0 0 0 0 0 0 0 0 0 0 0 0 0 0 0 0 0 0 0 0 0 0 0 0 0 0 0 0 0 0 0 0 0 0 0 0 0 0 0 0 0 0 0 0 0 0 0 0 0 0 0 0 0 0 0 0 0 0 0 0 0 0 -40.0000 172.0000 0 0 0 0 -40.0000 179.0000 0 0 0 0 -35.0000 -176.0000 0 0 0 0 0 0 0 0 0 0 0 113.0000 0 0 0 0 0 -113.0000 0 0 0 0 0 0 0 0 0 0 -6.8923 -172.0000 0 0 172.0000 0 0 0 0 0 0 0 0 0 0 -6.8927 172.0000 0 6.9938 172.0000 0 0 0 0 0 0 0 0 0 9.5338 0 0 0 0 0 0 0 0 0 0 0 9.5099 0 0 0 0 0 0 0 0 0 0 0 0 0 0 0 0 0 0 0 0 0 0 0 0 0 0 0 0 0 -1.6803 -63.0949 76.7695 -38.4328 -7.4284 25.6960 -1.3544 -0.8885 1.3926 0 0 0 6.6229 0 -14.0968 22.3016 0 0 4.1742 0 0 0 0 0 20.8487 31.6895 -7.5808 28.0849 0 -2.3147 2.3556 0 0 0 0 0 0 0 0 24.7203 10.7822 -8.1132 26.9810 0 -3.1660 1.1279 0 0 0 0 0 0 0 0 57.3225 -13.1912 3.3371 14.1599 0 -10.8291 6.8729 0 0 -6.3449 -26.8960 -29.0302 -24.1138 16.5955 -0.1499 15.9223 -32.4706 0.0008 31.9988 -25.9602 8.5087 0 0 0 19.8392 -19.1950 -60.4695 32.2518 -3.5561 -51.6663 0.7748 -14.4467 2.8939 0 0 0 -7.8254 0 13.5404 -23.1320 0 0 -4.1118 0 0 0 0 0 -20.9294 0 7.5373 -28.1172 0 0 -2.3683 0 0 0 0 0 0 0 0 -24.8243 0 8.0684 -27.0311 0 0 -1.1259 0 0 0 0 0 0 0 0 -58.6939 0 -4.6317 -14.2603 0 0 -6.8588 0 0 1.9679 -21.0692 56.7098 21.6939 -15.5730 0.1605 -17.5695 33.2331 -10.4523 -31.7013 26.1591 0 0 0 0 -1.6228 7.6570 6.9001 -8.8017 20.1729 -0.0000 35.0000 -9.0605 0 0 0 0 0 0 0 0 0 0 0 0 0 0 0 0 0 0 0 0 0 0 0 0 0 0 0 0 0 0 0 0 0 0 0 0 0 0 0 0 0 0 0 0 0 0 -10.4089 7.8939 -18.6730 0.4179 23.2818 0.0000 19.7803 8.2232 -0.0000 0 0 0 0 0 0 0 0 0 0 0 0 0 0 0 0 0 0 0 0 0 0 0 0 0 0 0 0 0 0 0 0 0 0 0 0 0 0 0 0 0 0
-2.2069 9.6605 -100.1220 4.6386 -8.9686 -11.2113 0 0 0 0 0 0 0 0 0 11.1117 -9.9836 -11.2734 0 0 0 0 0 0 0 8.0501 -0.0039 0 0 0 0 0 0 0 0 0 0 0 0 0 0 172.0000 0 0 0 0 0 172.0000 0 0 0 0 0 0 0 0 0 0 0 0 0 0 0 0 0 0 0 0 0 0 0 0 0 0 0 0 0 0 0 0 0 0 0 0 0 0 0 0 0 0 0 0 0 0 0 0 0 0 0 0 0 0 0 0 0 0 0 0 0 0 0 0 0 0 0 0 0 0 0 0 0 0 0 0 -40.0000 172.0000 0 0 0 0 -40.0000 179.0000 0 0 0 0 -35.0000 -176.0000 0 0 0 0 0 0 0 0 0 0 0 113.0000 0 0 0 0 0 -113.0000 0 0 0 0 0 0 0 0 0 0 -6.8924 -172.0000 0 0 172.0000 0 0 0 0 0 0 0 0 0 0 -6.8922 172.0000 0 6.9942 172.0000 0 0 0 0 0 0 0 0 0 9.5277 0 0 0 0 0 0 0 0 0 0 0 9.5338 0 0 0 0 0 0 0 0 0 0 0 0 0 0 0 0 0 0 0 0 0 0 0 0 0 0 0 0 0 -1.2472 -63.4283 76.2392 -38.1150 -6.3811 26.8533 -1.0934 -1.9278 0.9544 0 0 0 6.5773 0 -14.1778 22.3137 0 0 4.1765 0 0 0 0 0 20.8637 31.6895 -7.5838 28.1075 0 -2.3147 2.3549 0 0 0 0 0 0 0 0 24.7384 10.7822 -8.1172 26.9993 0 -3.1660 1.1261 0 0 0 0 0 0 0 0 57.3823 -13.2049 3.3302 14.1701 0 -10.8273 6.8625 0 0 -6.3449 -26.8960 -29.0302 -23.9884 16.7438 -0.2126 16.0139 -32.3745 -0.0005 31.9990 -25.9672 8.5226 0 0 0 27.6137 -1.2447 -67.0760 21.5208 6.1643 -57.8988 0.7209 -16.9310 3.7786 0 0 0 -8.0220 0 13.2236 -23.3741 0 0 -4.1624 0 0 0 0 0 -20.8951 0 7.5669 -28.1200 0 0 -2.3597 0 0 0 0 0 0 0 0 -24.7787 0 8.0998 -27.0186 0 0 -1.1253 0 0 0 0 0 0 0 0 -59.0313 0 -5.0998 -14.2343 0 0 -6.8766 0 0 1.9547 -21.0517 56.7525 21.0934 -14.8436 0.0641 -17.9449 33.6632 -10.7444 -31.7196 26.1380 0 0 0 0 -0.7404 7.5541 6.3389 -9.7723 22.3391 -0.0000 35.0000 -9.9426 0 0 0 0 0 0 0 0 0 0 0 0 0 0 0 0 0 0 0 0 0 0 0 0 0 0 0 0 0 0 0 0 0 0 0 0 0 0 0 0 0 0 0 0 0 0 -10.4690 8.1382 -17.2688 0.1354 23.8587 0.0000 20.1422 8.4280 -0.0000 0 0 0 0 0 0 0 0 0 0 0 0 0 0 0 0 0 0 0 0 0 0 0 0 0 0 0 0 0 0 0 0 0 0 0 0 0 0 0 0 0 0
-2.3079 9.3873 -100.3639 4.4667 -8.8278 -11.3361 0 0 0 0 0 0 0 0 0 10.8402 -9.9888 -10.9743 0 0 0 0 0 0 0 8.0501 -0.0039 0 0 0 0 0 0 0 0 0 0 0 0 0 0 172.0000 0 0 0 0 0 172.0000 0 0 0 0 0 0 0 0 0 0 0 0 0 0 0 0 0 0 0 0 0 0 0 0 0 0 0 0 0 0 0 0 0 0 0 0 0 0 0 0 0 0 0 0 0 0 0 0 0 0 0 0 0 0 0 0 0 0 0 0 0 0 0 0 0 0 0 0 0 0 0 0 0 0 0 0 -40.0000 172.0000 0 0 0 0 -40.0000 179.0000 0 0 0 0 -35.0000 -176.0000 0 0 0 0 0 0 0 0 0 0 0 113.0000 0 0 0 0 0 -113.0000 0 0 0 0 0 0 0 0 0 0 -6.8920 -172.0000 0 0 172.0000 0 0 0 0 0 0 0 0 0 0 -6.8919 172.0000 0 6.9939 172.0000 0 0 0 0 0 0 0 0 0 9.5243 0 0 0 0 0 0 0 0 0 0 0 9.5338 0 0 0 0 0 0 0 0 0 0 0 0 0 0 0 0 0 0 0 0 0 0 0 0 0 0 0 0 0 -0.8253 -63.3118 75.7837 -37.8662 -6.2257 27.3154 -1.1465 -1.4927 1.0989 0 0 0 6.4834 0 -14.3026 22.2968 0 0 4.1764 0 0 0 0 0 20.8636 31.6895 -7.5839 28.1076 0 -2.3147 2.3549 0 0 0 0 0 0 0 0 24.7384 10.7822 -8.1173 26.9994 0 -3.1660 1.1262 0 0 0 0 0 0 0 0 57.3786 -13.2197 3.3273 14.1703 0 -10.8259 6.8626 0 0 -6.3449 -26.8960 -29.0302 -24.1015 16.6307 -0.2612 15.9111 -32.4787 -0.0005 32.0247 -26.0030 8.5377 0 0 0 31.0058 6.7070 -68.8910 16.5898 10.5700 -60.4069 0.7461 -16.3741 3.5935 0 0 0 -8.1297 0 13.1381 -23.3881 0 0 -4.0975 0 0 0 0 0 -20.8636 0 7.5838 -28.1076 0 0 -2.3549 0 0 0 0 0 0 0 0 -24.7383 0 8.1172 -26.9993 0 0 -1.1261 0 0 0 0 0 0 0 0 -59.0842 0 -5.0799 -14.3269 0 0 -6.8492 0 0 1.9563 -21.0382 56.7493 21.1085 -14.9223 0.0548 -17.9617 33.6812 -10.7858 -31.6744 26.1835 0 0 0 0 -0.3229 9.0867 5.4816 -9.9444 20.3602 -0.0000 35.0000 -10.1903 0 0 0 0 0 0 0 0 0 0 0 0 0 0 0 0 0 0 0 0 0 0 0 0 0 0 0 0 0 0 0 0 0 0 0 0 0 0 0 0 0 0 0 0 0 0 -10.3614 8.4808 -17.2744 0.1224 23.9110 0.0000 20.3679 8.5818 -0.0000 0 0 0 0 0 0 0 0 0 0 0 0 0 0 0 0 0 0 0 0 0 0 0 0 0 0 0 0 0 0 0 0 0 0 0 0 0 0 0 0 0 0
-2.3532 9.1828 -100.4405 4.1802 -8.7997 -11.5585 0 0 0 0 0 0 0 0 0 10.8339 -9.9970 -10.9036 0 0 0 0 0 0 0 8.0501 -0.0039 0 0 0 0 0 0 0 0 0 0 0 0 0 0 172.0000 0 0 0 0 0 172.0000 0 0 0 0 0 0 0 0 0 0 0 0 0 0 0 0 0 0 0 0 0 0 0 0 0 0 0 0 0 0 0 0 0 0 0 0 0 0 0 0 0 0 0 0 0 0 0 0 0 0 0 0 0 0 0 0 0 0 0 0 0 0 0 0 0 0 0 0 0 0 0 0 0 0 0 0 -40.0000 172.0000 0 0 0 0 -40.0000 179.0000 0 0 0 0 -35.0000 -176.0000 0 0 0 0 0 0 0 0 0 0 0 113.0000 0 0 0 0 0 -113.0000 0 0 0 0 0 0 0 0 0 0 -6.8918 -172.0000 0 0 172.0000 0 0 0 0 0 0 0 0 0 0 -6.8917 172.0000 0 6.9936 172.0000 0 0 0 0 0 0 0 0 0 9.5236 0 0 0 0 0 0 0 0 0 0 0 9.5281 0 0 0 0 0 0 0 0 0 0 0 0 0 0 0 0 0 0 0 0 0 0 0 0 0 0 0 0 0 -1.2329 -62.1051 73.1181 -37.4210 -5.9337 27.5200 -1.5294 0.1345 1.6931 0 0 0 6.4242 0 -14.3604 22.2780 0 0 4.1758 0 0 0 0 0 20.8599 31.6895 -7.5832 28.1022 0 -2.3147 2.3551 0 0 0 0 0 0 0 0 24.7340 10.7822 -8.1164 26.9950 0 -3.1660 1.1266 0 0 0 0 0 0 0 0 57.3756 -13.2256 3.3163 14.1668 0 -10.8255 6.8651 0 0 -6.3449 -26.8960 -29.0302 -24.1723 16.5545 -0.5055 15.8161 -32.5758 -0.0002 32.0444 -26.0454 8.5701 0 0 0 32.4703 7.9603 -66.2090 15.4480 10.9655 -60.2967 0.8860 -13.1344 2.4636 0 0 0 -8.4278 0 13.4177 -23.5170 0 0 -4.0192 0 0 0 0 0 -20.8524 0 7.5872 -28.0992 0 0 -2.3539 0 0 0 0 0 0 0 0 -24.7243 0 8.1205 -26.9903 0 0 -1.1268 0 0 0 0 0 0 0 0 -59.4591 0 -5.3783 -14.5013 0 0 -6.8159 0 0 1.9605 -21.0341 56.7371 20.9572 -14.9853 0.0454 -18.1328 33.6159 -11.0637 -31.5775 26.2814 0 0 0 0 -0.1914 10.8491 4.7213 -9.7812 17.1991 -0.0000 35.0000 -10.1318 0 0 0 0 0 0 0 0 0 0 0 0 0 0 0 0 0 0 0 0 0 0 0 0 0 0 0 0 0 0 0 0 0 0 0 0 0 0 0 0 0 0 0 0 0 0 -10.0969 8.9094 -17.1121 -0.0107 24.1370 0.0000 20.5077 8.5463 -0.0000 0 0 0 0 0 0 0 0 0 0 0 0 0 0 0 0 0 0 0 0 0 0 0 0 0 0 0 0 0 0 0 0 0 0 0 0 0 0 0 0 0 0
-2.3977 9.1428 -100.1095 3.9380 -8.7985 -11.6649 0 0 0 0 0 0 0 0 0 10.9776 -10.0004 -10.9368 0 0 0 0 0 0 0 8.0501 -0.0039 0 0 0 0 0 0 0 0 0 0 0 0 0 0 172.0000 0 0 0 0 0 172.0000 0 0 0 0 0 0 0 0 0 0 0 0 0 0 0 0 0 0 0 0 0 0 0 0 0 0 0 0 0 0 0 0 0 0 0 0 0 0 0 0 0 0 0 0 0 0 0 0 0 0 0 0 0 0 0 0 0 0 0 0 0 0 0 0 0 0 0 0 0 0 0 0 0 0 0 0 -40.0000 172.0000 0 0 0 0 -40.0000 179.0000 0 0 0 0 -35.0000 -176.0000 0 0 0 0 0 0 0 0 0 0 0 113.0000 0 0 0 0 0 -113.0000 0 0 0 0 0 0 0 0 0 0 -6.5011 -172.0000 0 0 172.0000 0 0 0 0 0 0 0 0 0 0 -6.3637 172.0000 0 6.2918 172.0000 0 0 0 0 0 0 0 0 0 10.0578 0 0 0 0 0 0 0 0 0 0 0 10.8583 0 0 0 0 0 0 0 0 0 0 0 0 0 0 0 0 0 0 0 0 0 0 0 0 0 0 0 0 0 0.1126 -60.4170 69.3868 -36.7354 -5.1070 27.5218 -2.0132 1.8410 2.2909 0 0 0 6.4514 0 -14.3152 22.2830 0 0 4.1755 0 0 0 0 0 20.8577 31.6895 -7.5828 28.0988 0 -2.3147 2.3552 0 0 0 0 0 0 0 0 24.7313 10.7822 -8.1158 26.9923 0 -3.1660 1.1269 0 0 0 0 0 0 0 0 57.3860 -13.2245 3.3016 14.1639 0 -10.8256 6.8666 0 0 -6.3449 -26.8960 -29.0302 -24.0523 16.6711 -0.7386 15.8834 -32.5093 -0.0000 32.0458 -26.0437 8.6052 0 0 0 35.4095 9.3128 -62.2479 14.8916 10.0580 -58.5912 1.1431 -10.0594 1.3669 0 0 0 -8.3458 0 13.4237 -23.3473 0 0 -4.0213 0 0 0 0 0 -20.8530 0 7.5853 -28.0969 0 0 -2.3545 0 0 0 0 0 0 0 0 -24.7253 0 8.1184 -26.9894 0 0 -1.1270 0 0 0 0 0 0 0 0 -59.4594 0 -5.3486 -14.5293 0 0 -6.8145 0 0 1.9627 -21.0347 56.7303 21.2514 -15.7939 0.0150 -18.0502 33.0742 -10.9699 -31.6300 26.2293 0 0 0 0 -0.2440 11.4041 4.7090 -9.6595 16.1011 -0.0000 35.0000 -9.9816 0 0 0 0 0 0 0 0 0 0 0 0 0 0 0 0 0 0 0 0 0 0 0 0 0 0 0 0 0 0 0 0 0 0 0 0 0 0 0 0 0 0 0 0 0 0 -9.6698 9.2959 -16.9327 0.0836 24.3304 0.0000 20.5562 7.4760 -0.0000 0 0 0 0 0 0 0 0 0 0 0 0 0 0 0 0 0 0 0 0 0 0 0 0 0 0 0 0 0 0 0 0 0 0 0 0 0 0 0 0 0 0
-2.5550 9.2522 -99.4750 3.6155 -8.5974 -11.3110 0 0 0 0 0 0 0 0 0 11.2105 -9.5537 -10.4944 0 0 0 0 0 0 0 8.0501 -0.0039 0 0 0 0 0 0 0 0 0 0 0 0 0 0 172.0000 0 0 0 0 0 172.0000 0 0 0 0 0 0 0 0 0 0 0 0 0 0 0 0 0 0 0 0 0 0 0 0 0 0 0 0 0 0 0 0 0 0 0 0 0 0 0 0 0 0 0 0 0 0 0 0 0 0 0 0 0 0 0 0 0 0 0 0 0 0 0 0 0 0 0 0 0 0 0 0 0 0 0 0 -40.0000 172.0000 0 0 0 0 -40.0000 179.0000 0 0 0 0 -35.0000 -176.0000 0 0 0 0 0 0 0 0 0 0 0 113.0000 0 0 0 0 0 -113.0000 0 0 0 0 0 0 0 0 0 0 -5.4775 -172.0000 0 0 172.0000 0 0 0 0 0 0 0 0 0 0 -5.1174 172.0000 0 4.5281 172.0000 0 0 0 0 0 0 0 0 0 11.4567 0 0 0 0 0 0 0 0 0 0 0 13.5523 0 0 0 0 0 0 0 0 0 0 0 0 0 0 0 0 0 0 0 0 0 0 0 0 0 0 0 0 0 5.0501 -61.9324 64.8781 -34.3590 -3.5782 29.3458 -2.1979 1.4877 2.1079 0 0 0 6.5175 0 -14.2196 22.2980 0 0 4.1754 0 0 0 0 0 20.8572 31.6895 -7.5827 28.0980 0 -2.3147 2.3552 0 0 0 0 0 0 0 0 24.7307 10.7822 -8.1156 26.9917 0 -3.1660 1.1269 0 0 0 0 0 0 0 0 57.3663 -13.2557 3.3209 14.1630 0 -10.8170 6.8670 0 0 -6.3449 -26.8960 -29.0302 -23.9651 16.7575 -0.5722 15.9849 -32.4080 0.0000 32.0473 -26.0145 8.6368 0 0 0 36.4408 13.1942 -58.2415 16.0810 8.0401 -57.2682 1.4050 -10.3035 1.3117 0 0 0 -7.9789 0 13.1437 -22.9733 0 0 -4.0618 0 0 0 0 0 -20.8561 0 7.5833 -28.0976 0 0 -2.3551 0 0 0 0 0 0 0 0 -24.7293 0 8.1163 -26.9910 0 0 -1.1270 0 0 0 0 0 0 0 0 -59.0156 0 -4.9047 -14.4060 0 0 -6.8312 0 0 1.9631 -21.0361 56.7290 21.8015 -16.7208 -0.0016 -17.7445 32.6393 -10.5599 -31.7602 26.0984 0 0 0 0 -0.7892 11.6848 6.0343 -9.3062 16.0839 -0.0000 35.0000 -8.9998 0 0 0 0 0 0 0 0 0 0 0 0 0 0 0 0 0 0 0 0 0 0 0 0 0 0 0 0 0 0 0 0 0 0 0 0 0 0 0 0 0 0 0 0 0 0 -8.3130 9.7104 -18.2031 -0.0696 24.0831 0.0000 19.5245 5.6784 -0.0000 0 0 0 0 0 0 0 0 0 0 0 0 0 0 0 0 0 0 0 0 0 0 0 0 0 0 0 0 0 0 0 0 0 0 0 0 0 0 0 0 0 0
-2.6470 9.2416 -98.7870 3.2087 -8.5936 -10.6642 0 0 0 0 0 0 0 0 0 11.5643 -8.7609 -9.6968 0 0 0 0 0 0 0 8.0501 -0.0039 0 0 0 0 0 0 0 0 0 0 0 0 0 0 172.0000 0 0 0 0 0 172.0000 0 0 0 0 0 0 0 0 0 0 0 0 0 0 0 0 0 0 0 0 0 0 0 0 0 0 0 0 0 0 0 0 0 0 0 0 0 0 0 0 0 0 0 0 0 0 0 0 0 0 0 0 0 0 0 0 0 0 0 0 0 0 0 0 0 0 0 0 0 0 0 0 0 0 0 0 -40.0000 172.0000 0 0 0 0 -40.0000 179.0000 0 0 0 0 -35.0000 -176.0000 0 0 0 0 0 0 0 0 0 0 0 113.0000 0 0 0 0 0 -113.0000 0 0 0 0 0 0 0 0 0 0 -4.5548 -172.0000 0 0 172.0000 0 0 0 0 0 0 0 0 0 0 -4.1705 172.0000 0 3.0925 172.0000 0 0 0 0 0 0 0 0 0 12.9935 0 0 0 0 0 0 0 0 0 0 0 10.2522 0 0 0 0 0 0 0 0 0 0 0 0 0 0 0 0 0 0 0 0 0 0 0 0 0 0 0 0 0 11.3772 -65.4091 53.5142 -32.6644 -4.6390 38.1414 -2.1002 -0.9678 1.0281 0 0 0 6.5811 0 -14.1234 22.3131 0 0 4.1754 0 0 0 0 0 20.8574 31.6895 -7.5827 28.0983 0 -2.3147 2.3552 0 0 0 0 0 0 0 0 24.7309 10.7822 -8.1157 26.9919 0 -3.1660 1.1269 0 0 0 0 0 0 0 0 57.3181 -13.3213 3.3688 14.1631 0 -10.8019 6.8668 0 0 -6.3449 -26.8960 -29.0302 -23.9378 16.7851 -0.2589 16.0615 -32.3312 0.0000 32.0439 -25.9964 8.6692 0 0 0 31.3869 19.3599 -53.7760 20.9016 3.3188 -54.4545 2.0695 -12.4516 1.8564 0 0 0 -8.2915 0 12.4482 -23.0554 0 0 -4.0321 0 0 0 0 0 -20.8578 0 7.5825 -28.0985 0 0 -2.3553 0 0 0 0 0 0 0 0 -24.7315 0 8.1155 -26.9922 0 0 -1.1269 0 0 0 0 0 0 0 0 -59.1432 0 -5.0393 -14.3946 0 0 -6.8250 0 0 1.9628 -21.0368 56.7298 21.5811 -16.2137 -0.0046 -17.8297 32.9865 -10.5975 -31.7496 26.1078 0 0 0 0 -2.8676 10.2390 10.8840 -6.8240 18.0308 -0.0000 35.0000 -7.6333 0 0 0 0 0 0 0 0 0 0 0 0 0 0 0 0 0 0 0 0 0 0 0 0 0 0 0 0 0 0 0 0 0 0 0 0 0 0 0 0 0 0 0 0 0 0 -5.3069 10.2736 -21.4158 -0.7793 23.4222 0.0000 16.8302 3.3497 -0.0000 0 0 0 0 0 0 0 0 0 0 0 0 0 0 0 0 0 0 0 0 0 0 0 0 0 0 0 0 0 0 0 0 0 0 0 0 0 0 0 0 0 0
-2.5414 8.6273 -98.2263 3.3911 -10.4610 -10.3246 0 0 0 0 0 0 0 0 0 12.1955 -7.5459 -8.6274 0 0 0 0 0 0 0 8.0501 -0.0039 0 0 0 0 0 0 0 0 0 0 0 0 0 0 172.0000 0 0 0 0 0 172.0000 0 0 0 0 0 0 0 0 0 0 0 0 0 0 0 0 0 0 0 0 0 0 0 0 0 0 0 0 0 0 0 0 0 0 0 0 0 0 0 0 0 0 0 0 0 0 0 0 0 0 0 0 0 0 0 0 0 0 0 0 0 0 0 0 0 0 0 0 0 0 0 0 0 0 0 0 -40.0000 172.0000 0 0 0 0 -40.0000 179.0000 0 0 0 0 -35.0000 -176.0000 0 0 0 0 0 0 0 0 0 0 0 113.0000 0 0 0 0 0 -113.0000 0 0 0 0 0 0 0 0 0 0 -4.1442 -172.0000 0 0 172.0000 0 0 0 0 0 0 0 0 0 0 -3.7310 172.0000 0 2.5942 172.0000 0 0 0 0 0 0 0 0 0 14.1941 0 0 0 0 0 0 0 0 0 0 0 -2.0129 0 0 0 0 0 0 0 0 0 0 0 0 0 0 0 0 0 0 0 0 0 0 0 0 0 0 0 0 0 18.5180 -65.0927 35.3086 -36.9874 -12.2336 51.6678 -1.8351 -2.4322 0.1541 0 0 0 6.6252 0 -14.0759 22.3263 0 0 4.1755 0 0 0 0 0 20.8576 31.6895 -7.5828 28.0987 0 -2.3147 2.3552 0 0 0 0 0 0 0 0 24.7312 10.7822 -8.1158 26.9922 0 -3.1660 1.1269 0 0 0 0 0 0 0 0 57.3089 -13.3617 3.3790 14.1601 0 -10.7948 6.8666 0 0 -6.3449 -26.8960 -29.0302 -23.8150 16.9084 -0.1949 16.1576 -32.2349 0.0000 32.0220 -25.9775 8.6910 0 0 0 15.8104 21.1783 -45.1788 24.8084 -1.1710 -51.4152 3.0446 -12.3190 1.7444 0 0 0 -9.0601 0 12.6335 -23.5207 0 0 -3.9523 0 0 0 0 0 -20.8582 0 7.5825 -28.0989 0 0 -2.3553 0 0 0 0 0 0 0 0 -24.7319 0 8.1155 -26.9926 0 0 -1.1269 0 0 0 0 0 0 0 0 -59.4955 0 -5.3961 -14.5138 0 0 -6.8087 0 0 1.9625 -21.0370 56.7307 20.9290 -15.0402 0.6126 -17.9280 33.3596 -10.2804 -31.6502 26.2074 0 0 0 0 -6.3920 4.4308 19.2215 -3.7378 24.8812 -0.0000 35.0000 -7.9162 0 0 0 0 0 0 0 0 0 0 0 0 0 0 0 0 0 0 0 0 0 0 0 0 0 0 0 0 0 0 0 0 0 0 0 0 0 0 0 0 0 0 0 0 0 0 -1.4659 11.7769 -24.5158 -1.6222 22.6554 0.0000 15.6965 2.3102 -0.0000 0 0 0 0 0 0 0 0 0 0 0 0 0 0 0 0 0 0 0 0 0 0 0 0 0 0 0 0 0 0 0 0 0 0 0 0 0 0 0 0 0 0
-2.5137 7.0379 -97.5954 4.0040 -13.5451 -10.9967 0 0 0 0 0 0 0 0 0 13.1835 -5.8159 -7.3019 0 0 0 0 0 0 0 8.0501 -0.0039 0 0 0 0 0 0 0 0 0 0 0 0 0 0 172.0000 0 0 0 0 0 172.0000 0 0 0 0 0 0 0 0 0 0 0 0 0 0 0 0 0 0 0 0 0 0 0 0 0 0 0 0 0 0 0 0 0 0 0 0 0 0 0 0 0 0 0 0 0 0 0 0 0 0 0 0 0 0 0 0 0 0 0 0 0 0 0 0 0 0 0 0 0 0 0 0 0 0 0 0 -40.0000 172.0000 0 0 0 0 -40.0000 179.0000 0 0 0 0 -35.0000 -176.0000 0 0 0 0 0 0 0 0 0 0 0 113.0000 0 0 0 0 0 -113.0000 0 0 0 0 0 0 0 0 0 0 -3.7472 -172.0000 0 0 172.0000 0 0 0 0 0 0 0 0 0 0 -3.1861 172.0000 0 2.2161 172.0000 0 0 0 0 0 0 0 0 0 10.2185 0 0 0 0 0 0 0 0 0 0 0 -13.2132 0 0 0 0 0 0 0 0 0 0 0 0 0 0 0 0 0 0 0 0 0 0 0 0 0 0 0 0 0 28.6196 -47.9763 20.8899 -42.5068 -19.1531 58.7230 -1.2371 -1.2392 0.2444 0 0 0 5.3386 0 -12.2834 23.7731 0 0 4.0312 0 0 0 0 0 17.9131 31.6895 -7.3266 30.6028 0 -2.3147 2.4288 0 0 0 0 0 0 0 0 23.0878 10.7822 -7.7114 28.5421 0 -3.1660 1.5056 0 0 0 0 0 0 0 0 49.9303 -13.3990 2.7146 18.4790 0 -10.7768 8.3473 0 0 -6.3449 -26.8960 -29.0302 -25.0754 15.4043 -2.9360 16.5036 -29.3918 -0.0000 29.0646 -25.9667 8.7519 0 0 0 -12.2348 13.2698 -30.4665 24.5258 -1.5856 -53.2905 3.2332 -8.6656 0.5420 0 0 0 -9.5006 0 10.8575 -25.1400 0 0 -3.7652 0 0 0 0 0 -19.5593 0 4.8564 -30.4920 0 0 -2.3390 0 0 0 0 0 0 0 0 -24.2477 0 5.3068 -28.3818 0 0 -1.4220 0 0 0 0 0 0 0 0 -53.7719 0 -5.8330 -18.8335 0 0 -8.2714 0 0 1.6581 -17.7751 47.9364 22.0756 -12.8909 4.5659 -18.2822 30.7898 -11.2067 -28.9198 26.0253 0 0 0 0 -9.3081 -1.0379 25.8732 -4.7364 32.2424 -0.0000 28.9041 -9.2604 0 0 0 0 0 0 0 0 0 0 0 0 0 0 0 0 0 0 0 0 0 0 0 0 0 0 0 0 0 0 0 0 0 0 0 0 0 0 0 0 0 0 0 0 0 0 2.4264 14.6208 -25.5860 -1.4713 22.9133 0.0000 17.6222 4.2266 -0.0000 0 0 0 0 0 0 0 0 0 0 0 0 0 0 0 0 0 0 0 0 0 0 0 0 0 0 0 0 0 0 0 0 0 0 0 0 0 0 0 0 0 0
-2.5826 4.3822 -97.3924 3.9014 -13.1754 -12.6955 0 0 0 0 0 0 0 0 0 13.6447 -5.1443 -7.0014 0 0 0 0 0 0 0 8.0501 -0.0039 0 0 0 0 0 0 0 0 0 0 0 0 0 0 172.0000 0 0 0 0 0 172.0000 0 0 0 0 0 0 0 0 0 0 0 0 0 0 0 0 0 0 0 0 0 0 0 0 0 0 0 0 0 0 0 0 0 0 0 0 0 0 0 0 0 0 0 0 0 0 0 0 0 0 0 0 0 0 0 0 0 0 0 0 0 0 0 0 0 0 0 0 0 0 0 0 0 0 0 0 -40.0000 172.0000 0 0 0 0 -40.0000 179.0000 0 0 0 0 -35.0000 -176.0000 0 0 0 0 0 0 0 0 0 0 0 113.0000 0 0 0 0 0 -113.0000 0 0 0 0 0 0 0 0 0 0 -3.2268 -172.0000 0 0 172.0000 0 0 0 0 0 0 0 0 0 0 -2.6458 172.0000 0 1.7612 172.0000 0 0 0 0 0 0 0 0 0 -1.9358 0 0 0 0 0 0 0 0 0 0 0 -12.1542 0 0 0 0 0 0 0 0 0 0 0 0 0 0 0 0 0 0 0 0 0 0 0 0 0 0 0 0 0 43.5959 -10.4152 17.0843 -39.8568 -19.1170 56.2489 -0.4571 1.1153 0.7980 0 0 0 1.8189 0 -9.0748 27.2379 0 0 5.4249 0 0 0 0 0 8.8703 31.6895 -6.9894 39.6678 0 -2.3147 3.4394 0 0 0 0 0 0 0 0 16.9598 10.7822 -7.0590 34.2896 0 -3.1660 3.5393 0 0 0 0 0 0 0 0 28.7190 -13.4667 0.0095 31.6585 0 -10.7368 13.1041 0 0 -6.3449 -26.8960 -29.0302 -25.7550 10.1212 -9.4473 18.0203 -24.9780 -0.0000 23.7514 -26.0076 8.8794 0 0 0 -40.5831 4.8294 -18.1760 24.8856 -3.5893 -55.8466 2.6193 -4.4414 -0.8195 0 0 0 -9.1942 0 4.2416 -29.2083 0 0 -5.9429 0 0 0 0 0 -15.4658 0 -1.7652 -40.2499 0 0 -3.4680 0 0 0 0 0 0 0 0 -22.8119 0 -2.0529 -34.4698 0 0 -3.3160 0 0 0 0 0 0 0 0 -37.1481 0 -6.7847 -32.2542 0 0 -13.1373 0 0 0.8609 -10.8386 25.1659 22.9182 -6.3734 12.0494 -20.1529 26.0795 -13.7177 -24.1345 25.5147 0 0 0 0 -10.4383 -1.4456 28.6106 -8.1660 36.1719 -0.0000 18.0882 -10.0341 0 0 0 0 0 0 0 0 0 0 0 0 0 0 0 0 0 0 0 0 0 0 0 0 0 0 0 0 0 0 0 0 0 0 0 0 0 0 0 0 0 0 0 0 0 0 6.2451 16.8909 -26.6054 1.0404 25.5639 0.0000 19.2945 5.9052 -0.0000 0 0 0 0 0 0 0 0 0 0 0 0 0 0 0 0 0 0 0 0 0 0 0 0 0 0 0 0 0 0 0 0 0 0 0 0 0 0 0 0 0 0
-2.5929 0.3708 -97.5358 2.9511 -9.1980 -14.8210 0 0 0 0 0 0 0 0 0 13.5271 -5.3794 -7.2293 0 0 0 0 0 0 0 8.0501 -0.0039 0 0 0 0 0 0 0 0 0 0 0 0 0 0 172.0000 0 0 0 0 0 172.0000 0 0 0 0 0 0 0 0 0 0 0 0 0 0 0 0 0 0 0 0 0 0 0 0 0 0 0 0 0 0 0 0 0 0 0 0 0 0 0 0 0 0 0 0 0 0 0 0 0 0 0 0 0 0 0 0 0 0 0 0 0 0 0 0 0 0 0 0 0 0 0 0 0 0 0 0 -40.0000 172.0000 0 0 0 0 -40.0000 179.0000 0 0 0 0 -35.0000 -176.0000 0 0 0 0 0 0 0 0 0 0 0 113.0000 0 0 0 0 0 -113.0000 0 0 0 0 0 0 0 0 0 0 -2.8998 -172.0000 0 0 172.0000 0 0 0 0 0 0 0 0 0 0 -2.3359 172.0000 0 1.4485 172.0000 0 0 0 0 0 0 0 0 0 -8.3145 0 0 0 0 0 0 0 0 0 0 0 0.8341 0 0 0 0 0 0 0 0 0 0 0 0 0 0 0 0 0 0 0 0 0 0 0 0 0 0 0 0 0 59.6585 20.5799 16.9711 -33.2285 -17.8426 49.8048 0.0020 3.1362 1.3701 0 0 0 1.7321 0 -9.0521 30.8767 0 0 7.9377 0 0 0 0 0 2.7439 31.6895 -6.7894 53.8456 0 -2.3147 5.8893 0 0 0 0 0 0 0 0 11.4804 10.7822 -6.7362 46.4023 0 -3.1660 9.2602 0 0 0 0 0 0 0 0 11.9822 -13.5182 -3.1235 49.2591 0 -10.7056 18.6724 0 0 -6.3449 -26.8960 -29.0302 -22.2144 3.5584 -15.0451 20.2823 -25.1466 -0.0000 23.2397 -26.0819 8.9791 0 0 0 -59.7836 2.7307 -14.5855 27.0392 -11.5026 -53.6153 2.2269 -2.2102 -1.4378 0 0 0 -11.1943 0 0.4675 -34.4300 0 0 -9.8762 0 0 0 0 0 -13.3932 0 -5.8248 -55.9388 0 0 -6.3437 0 0 0 0 0 0 0 0 -22.5113 0 -7.2584 -47.5877 0 0 -9.0320 0 0 0 0 0 0 0 0 -23.9607 0 -7.3258 -50.3646 0 0 -18.8827 0 0 0.8319 -10.1172 4.9666 18.8764 3.8801 18.5938 -22.9551 24.6733 -11.6082 -24.1844 24.7246 0 0 0 0 -10.4381 1.3480 29.8784 -10.1279 39.6360 -0.0000 17.0628 -10.1990 0 0 0 0 0 0 0 0 0 0 0 0 0 0 0 0 0 0 0 0 0 0 0 0 0 0 0 0 0 0 0 0 0 0 0 0 0 0 0 0 0 0 0 0 0 0 9.1264 18.3209 -29.6380 4.8883 29.4791 0.0000 19.5912 6.1805 -0.0000 0 0 0 0 0 0 0 0 0 0 0 0 0 0 0 0 0 0 0 0 0 0 0 0 0 0 0 0 0 0 0 0 0 0 0 0 0 0 0 0 0 0
-2.7625 -4.6333 -97.5351 2.0213 -6.2347 -16.8111 0 0 0 0 0 0 0 0 0 13.3661 -5.3856 -6.8756 0 0 0 0 0 0 0 8.0501 -0.0039 0 0 0 0 0 0 0 0 0 0 0 0 0 0 172.0000 0 0 0 0 0 172.0000 0 0 0 0 0 0 0 0 0 0 0 0 0 0 0 0 0 0 0 0 0 0 0 0 0 0 0 0 0 0 0 0 0 0 0 0 0 0 0 0 0 0 0 0 0 0 0 0 0 0 0 0 0 0 0 0 0 0 0 0 0 0 0 0 0 0 0 0 0 0 0 0 0 0 0 0 -40.0000 172.0000 0 0 0 0 -40.0000 179.0000 0 0 0 0 -35.0000 -176.0000 0 0 0 0 0 0 0 0 0 0 0 113.0000 0 0 0 0 0 -113.0000 0 0 0 0 0 0 0 0 0 0 -2.8330 -172.0000 0 0 172.0000 0 0 0 0 0 0 0 0 0 0 -2.2925 172.0000 0 1.4058 172.0000 0 0 0 0 0 0 0 0 0 -4.4002 0 0 0 0 0 0 0 0 0 0 0 8.1514 0 0 0 0 0 0 0 0 0 0 0 0 0 0 0 0 0 0 0 0 0 0 0 0 0 0 0 0 0 71.9535 29.1799 11.9536 -32.3979 -19.5863 46.2750 -0.2327 3.6195 1.7045 0 0 0 13.7248 0 -8.8310 41.1050 0 0 9.4429 0 0 0 0 0 12.8922 30.7991 -5.1424 67.8162 0 -1.5553 9.2685 0 0 0 0 0 0 0 0 19.1014 9.2142 -4.0979 61.6973 0 -2.2407 16.3479 0 0 0 0 0 0 0 0 20.7328 -14.9287 -1.6616 62.2286 0 -9.9162 22.7401 0 0 -8.0215 -28.5107 -27.7009 -16.3265 -0.2263 -16.7920 20.8727 -27.5699 -0.0000 25.1166 -26.6554 9.3771 0 0 0 -68.9510 5.2780 -14.3768 29.4529 -18.8305 -50.8805 2.8795 -2.6270 -1.1209 0 0 0 -15.6711 0 3.2860 -41.4928 0 0 -10.6519 0 0 0 0 0 -20.0616 0 -3.1788 -68.4133 0 0 -9.5597 0 0 0 0 0 0 0 0 -26.7266 0 -4.9399 -62.4979 0 0 -16.7654 0 0 0 0 0 0 0 0 -27.4680 0 -6.5313 -64.3922 0 0 -22.4577 0 0 2.7250 -15.6246 -0.3560 16.0454 7.5341 20.5022 -23.0010 23.5443 -5.1416 -26.2717 23.8961 0 0 0 0 -10.1664 4.4463 30.9647 -10.5203 43.4580 -0.0000 24.1837 -10.1152 0 0 0 0 0 0 0 0 0 0 0 0 0 0 0 0 0 0 0 0 0 0 0 0 0 0 0 0 0 0 0 0 0 0 0 0 0 0 0 0 0 0 0 0 0 0 10.3609 20.3866 -31.9599 8.2760 32.8985 0.0000 19.5703 6.1528 -0.0000 0 0 0 0 0 0 0 0 0 0 0 0 0 0 0 0 0 0 0 0 0 0 0 0 0 0 0 0 0 0 0 0 0 0 0 0 0 0 0 0 0 0
-3.0752 -8.9512 -97.5130 1.6518 -6.1374 -18.2758 0 0 0 0 0 0 0 0 0 13.0891 -5.3478 -6.4297 0 0 0 0 0 0 0 8.0501 -0.0039 0 0 0 0 0 0 0 0 0 0 0 0 0 0 172.0000 0 0 0 0 0 172.0000 0 0 0 0 0 0 0 0 0 0 0 0 0 0 0 0 0 0 0 0 0 0 0 0 0 0 0 0 0 0 0 0 0 0 0 0 0 0 0 0 0 0 0 0 0 0 0 0 0 0 0 0 0 0 0 0 0 0 0 0 0 0 0 0 0 0 0 0 0 0 0 0 0 0 0 0 -40.0000 172.0000 0 0 0 0 -40.0000 179.0000 0 0 0 0 -35.0000 -176.0000 0 0 0 0 0 0 0 0 0 0 0 113.0000 0 0 0 0 0 -113.0000 0 0 0 0 0 0 0 0 0 0 -2.9006 -172.0000 0 0 172.0000 0 0 0 0 0 0 0 0 0 0 -2.5013 172.0000 0 1.6050 172.0000 0 0 0 0 0 0 0 0 0 -4.5971 0 0 0 0 0 0 0 0 0 0 0 1.9430 0 0 0 0 0 0 0 0 0 0 0 0 0 0 0 0 0 0 0 0 0 0 0 0 0 0 0 0 0 77.5450 25.9449 4.0052 -34.9530 -22.6176 49.0055 -1.0799 2.2029 1.5994 0 0 0 35.2014 0 -5.5333 62.5026 0 0 14.0700 0 0 0 0 0 37.8906 28.2271 -0.9082 79.0284 0 1.0297 14.6069 0 0 0 0 0 0 0 0 42.8679 5.0141 1.8937 74.2876 0 0.6902 19.2955 0 0 0 0 0 0 0 0 46.9673 -18.4884 3.0545 70.1192 0 -7.7443 26.6703 0 0 -13.3532 -33.8246 -23.1771 -10.2622 0.3415 -14.2355 19.5658 -24.8177 0.0000 21.9705 -27.4101 10.5765 0 0 0 -69.5856 9.1323 -12.4128 32.0159 -21.2676 -52.6481 4.4630 -4.8644 -0.2468 0 0 0 -19.8066 0 6.9665 -55.2511 0 0 -13.9451 0 0 0 0 0 -31.5545 0 1.9582 -74.6485 0 0 -15.5677 0 0 0 0 0 0 0 0 -34.2061 0 0.2080 -72.2538 0 0 -21.1458 0 0 0 0 0 0 0 0 -37.1122 0 -5.0616 -72.4783 0 0 -25.0089 0 0 4.2321 -14.7922 2.2676 18.7672 1.7649 15.9759 -20.0107 22.6058 -1.8701 -27.0762 24.1119 0 0 0 0 -9.9979 6.6444 32.2082 -10.2919 46.0708 -0.0000 27.3375 -10.0236 0 0 0 0 0 0 0 0 0 0 0 0 0 0 0 0 0 0 0 0 0 0 0 0 0 0 0 0 0 0 0 0 0 0 0 0 0 0 0 0 0 0 0 0 0 0 10.4338 22.8696 -32.3583 10.0451 35.3986 0.0000 19.5179 6.1097 -0.0000 0 0 0 0 0 0 0 0 0 0 0 0 0 0 0 0 0 0 0 0 0 0 0 0 0 0 0 0 0 0 0 0 0 0 0 0 0 0 0 0 0 0
-3.0526 -10.9750 -97.5043 1.7556 -6.9426 -19.1044 0 0 0 0 0 0 0 0 0 12.5803 -5.1817 -5.9428 0 0 0 0 0 0 0 8.0501 -0.0039 0 0 0 0 0 0 0 0 0 0 0 0 0 0 172.0000 0 0 0 0 0 172.0000 0 0 0 0 0 0 0 0 0 0 0 0 0 0 0 0 0 0 0 0 0 0 0 0 0 0 0 0 0 0 0 0 0 0 0 0 0 0 0 0 0 0 0 0 0 0 0 0 0 0 0 0 0 0 0 0 0 0 0 0 0 0 0 0 0 0 0 0 0 0 0 0 0 0 0 0 -40.0000 172.0000 0 0 0 0 -40.0000 179.0000 0 0 0 0 -35.0000 -176.0000 0 0 0 0 0 0 0 0 0 0 0 113.0000 0 0 0 0 0 -113.0000 0 0 0 0 0 0 0 0 0 0 -2.9003 -172.0000 0 0 172.0000 0 0 0 0 0 0 0 0 0 0 -2.5389 172.0000 0 1.6351 172.0000 0 0 0 0 0 0 0 0 0 -9.8264 0 0 0 0 0 0 0 0 0 0 0 -2.3280 0 0 0 0 0 0 0 0 0 0 0 0 0 0 0 0 0 0 0 0 0 0 0 0 0 0 0 0 0 77.3680 21.5315 0.6199 -36.3840 -24.4959 53.7062 -1.8592 0.5670 1.3558 0 0 0 53.6341 0 -2.1060 82.2487 0 0 22.6309 0 0 0 0 0 62.0827 26.0698 2.6906 85.6995 0 3.5641 22.4402 0 0 0 0 0 0 0 0 67.3939 1.7999 6.0120 82.8841 0 3.3897 20.2394 0 0 0 0 0 0 0 0 69.8609 -21.0381 3.9945 78.4184 0 -5.9951 30.8622 0 0 -18.2824 -38.8895 -18.7429 -7.0928 3.2825 -10.0624 18.4122 -19.1520 0.0000 19.2700 -27.1252 11.7353 0 0 0 -68.8855 9.9061 -11.6071 33.6118 -21.9350 -55.1689 5.7540 -6.7731 0.4128 0 0 0 -30.3612 0 5.0217 -73.4454 0 0 -23.7687 0 0 0 0 0 -43.3438 0 4.2930 -78.9329 0 0 -27.3068 0 0 0 0 0 0 0 0 -44.1375 0 1.7696 -78.3909 0 0 -23.7652 0 0 0 0 0 0 0 0 -46.9702 0 -3.0457 -78.2051 0 0 -29.7111 0 0 2.9923 -7.2421 3.3713 19.7535 -2.7902 9.6256 -18.2539 26.4664 -5.1047 -31.1884 25.0560 0 0 0 0 -9.9587 7.9639 34.4497 -10.0560 48.0352 -0.0000 25.8275 -9.9870 0 0 0 0 0 0 0 0 0 0 0 0 0 0 0 0 0 0 0 0 0 0 0 0 0 0 0 0 0 0 0 0 0 0 0 0 0 0 0 0 0 0 0 0 0 0 10.1823 24.7834 -33.3235 10.0572 36.5453 0.0000 19.1186 5.7183 -0.0000 0 0 0 0 0 0 0 0 0 0 0 0 0 0 0 0 0 0 0 0 0 0 0 0 0 0 0 0 0 0 0 0 0 0 0 0 0 0 0 0 0 0
-2.6298 -10.4006 -97.4443 2.1391 -7.2037 -19.3069 0 0 0 0 0 0 0 0 0 11.8734 -4.8600 -5.2466 0 0 0 0 0 0 0 8.0501 -0.0039 0 0 0 0 0 0 0 0 0 0 0 0 0 0 172.0000 0 0 0 0 0 172.0000 0 0 0 0 0 0 0 0 0 0 0 0 0 0 0 0 0 0 0 0 0 0 0 0 0 0 0 0 0 0 0 0 0 0 0 0 0 0 0 0 0 0 0 0 0 0 0 0 0 0 0 0 0 0 0 0 0 0 0 0 0 0 0 0 0 0 0 0 0 0 0 0 0 0 0 0 -40.0000 172.0000 0 0 0 0 -40.0000 179.0000 0 0 0 0 -35.0000 -176.0000 0 0 0 0 0 0 0 0 0 0 0 113.0000 0 0 0 0 0 -113.0000 0 0 0 0 0 0 0 0 0 0 -2.8522 -172.0000 0 0 172.0000 0 0 0 0 0 0 0 0 0 0 -2.3302 172.0000 0 1.4517 172.0000 0 0 0 0 0 0 0 0 0 -13.7573 0 0 0 0 0 0 0 0 0 0 0 3.2794 0 0 0 0 0 0 0 0 0 0 0 0 0 0 0 0 0 0 0 0 0 0 0 0 0 0 0 0 0 76.2764 20.0289 3.5353 -37.9954 -26.0079 56.0076 -2.1370 -0.0481 1.2706 0 0 0 65.2186 0 2.1168 90.2344 0 0 28.1808 0 0 0 0 0 72.2626 25.9619 2.2708 87.0525 0 3.8305 29.6636 0 0 0 0 0 0 0 0 77.3850 1.7569 5.4682 86.1859 0 3.6168 23.6502 0 0 0 0 0 0 0 0 80.5550 -21.0143 -0.2213 83.6402 0 -5.9250 34.6234 0 0 -18.7033 -39.3747 -18.2770 -6.5668 6.7215 -13.0983 18.9338 -13.8134 0.0000 24.0248 -26.1447 11.9403 0 0 0 -69.2369 8.8176 -13.2369 34.3402 -23.3657 -55.8741 6.0680 -7.3387 0.5625 0 0 0 -50.7952 0 -1.4610 -86.0623 0 0 -30.1110 0 0 0 0 0 -56.4020 0 3.3618 -82.7468 0 0 -37.6005 0 0 0 0 0 0 0 0 -58.1389 0 -0.1042 -82.6066 0 0 -27.8783 0 0 0 0 0 0 0 0 -62.5858 0 0.8378 -81.7156 0 0 -36.3681 0 0 0.8535 -6.5215 10.2843 14.1364 -5.3866 12.3598 -19.1506 23.8561 -12.1843 -34.7811 25.3891 0 0 0 0 -9.9749 8.0689 37.0002 -9.9645 49.7642 -0.0000 25.1519 -9.9862 0 0 0 0 0 0 0 0 0 0 0 0 0 0 0 0 0 0 0 0 0 0 0 0 0 0 0 0 0 0 0 0 0 0 0 0 0 0 0 0 0 0 0 0 0 0 10.0088 25.5891 -34.8414 9.2088 36.0699 0.0000 18.1192 4.7202 -0.0000 0 0 0 0 0 0 0 0 0 0 0 0 0 0 0 0 0 0 0 0 0 0 0 0 0 0 0 0 0 0 0 0 0 0 0 0 0 0 0 0 0 0
-2.0273 -7.6944 -96.8348 2.6320 -7.1235 -18.8449 0 0 0 0 0 0 0 0 0 11.0644 -4.4284 -4.4326 0 0 0 0 0 0 0 8.0501 -0.0039 0 0 0 0 0 0 0 0 0 0 0 0 0 0 172.0000 0 0 0 0 0 172.0000 0 0 0 0 0 0 0 0 0 0 0 0 0 0 0 0 0 0 0 0 0 0 0 0 0 0 0 0 0 0 0 0 0 0 0 0 0 0 0 0 0 0 0 0 0 0 0 0 0 0 0 0 0 0 0 0 0 0 0 0 0 0 0 0 0 0 0 0 0 0 0 0 0 0 0 0 -40.0000 172.0000 0 0 0 0 -40.0000 179.0000 0 0 0 0 -35.0000 -176.0000 0 0 0 0 0 0 0 0 0 0 0 113.0000 0 0 0 0 0 -113.0000 0 0 0 0 0 0 0 0 0 0 -2.9880 -172.0000 0 0 172.0000 0 0 0 0 0 0 0 0 0 0 -2.3912 172.0000 0 1.5043 172.0000 0 0 0 0 0 0 0 0 0 -15.6858 0 0 0 0 0 0 0 0 0 0 0 11.7684 0 0 0 0 0 0 0 0 0 0 0 0 0 0 0 0 0 0 0 0 0 0 0 0 0 0 0 0 0 76.5000 19.6771 7.6521 -39.1676 -27.2718 56.9969 -2.1014 0.0082 1.2939 0 0 0 67.5002 0 3.5826 89.1670 0 0 29.6611 0 0 0 0 0 67.1964 26.3207 0.6306 85.6294 0 3.3777 34.1902 0 0 0 0 0 0 0 0 72.8639 2.2649 3.8053 85.1998 0 3.1472 26.6429 0 0 0 0 0 0 0 0 77.4387 -20.6445 -3.5313 84.2311 0 -6.1993 36.8038 0 0 -17.8445 -38.4803 -19.0692 -8.0996 10.1760 -20.3238 20.5242 -10.5579 -0.0138 31.1512 -25.4241 11.8377 0 0 0 -69.1278 9.0441 -15.0577 34.4098 -24.5494 -56.3414 5.9136 -7.3824 0.5577 0 0 0 -64.6774 0 -3.3902 -88.8551 0 0 -30.6028 0 0 0 0 0 -62.1985 0 1.5166 -84.6892 0 0 -39.8806 0 0 0 0 0 0 0 0 -66.5603 0 -2.6649 -84.0496 0 0 -29.4452 0 0 0 0 0 0 0 0 -71.8552 0 3.2922 -83.0069 0 0 -39.4139 0 0 -0.1598 -13.1010 22.4325 8.3447 -8.2590 21.3376 -21.3979 15.6001 -15.7341 -35.5056 24.6957 0 0 0 0 -9.9944 7.1492 38.4563 -9.8710 50.0165 -0.0000 26.3601 -9.9946 0 0 0 0 0 0 0 0 0 0 0 0 0 0 0 0 0 0 0 0 0 0 0 0 0 0 0 0 0 0 0 0 0 0 0 0 0 0 0 0 0 0 0 0 0 0 9.8052 25.0834 -35.8835 7.6352 34.4321 0.0000 17.1715 3.7891 -0.0000 0 0 0 0 0 0 0 0 0 0 0 0 0 0 0 0 0 0 0 0 0 0 0 0 0 0 0 0 0 0 0 0 0 0 0 0 0 0 0 0 0 0
-1.3754 -4.2649 -95.8736 3.0736 -7.0779 -17.1162 0 0 0 0 0 0 0 0 0 10.3052 -3.9167 -1.0158 0 0 0 0 0 0 0 8.0501 -0.0039 0 0 0 0 0 0 0 0 0 0 0 0 0 0 172.0000 0 0 0 0 0 172.0000 0 0 0 0 0 0 0 0 0 0 0 0 0 0 0 0 0 0 0 0 0 0 0 0 0 0 0 0 0 0 0 0 0 0 0 0 0 0 0 0 0 0 0 0 0 0 0 0 0 0 0 0 0 0 0 0 0 0 0 0 0 0 0 0 0 0 0 0 0 0 0 0 0 0 0 0 -40.0000 172.0000 0 0 0 0 -40.0000 179.0000 0 0 0 0 -35.0000 -176.0000 0 0 0 0 0 0 0 0 0 0 0 113.0000 0 0 0 0 0 -113.0000 0 0 0 0 0 0 0 0 0 0 -3.2174 -172.0000 0 0 172.0000 0 0 0 0 0 0 0 0 0 0 -2.7040 172.0000 0 1.7715 172.0000 0 0 0 0 0 0 0 0 0 -15.9485 0 0 0 0 0 0 0 0 0 0 0 11.8338 0 0 0 0 0 0 0 0 0 0 0 0 0 0 0 0 0 0 0 0 0 0 0 0 0 0 0 0 0 76.9920 19.3713 8.9293 -38.8816 -27.2641 59.4302 -1.8945 -0.0816 1.1702 0 0 0 56.3535 0 0.1918 84.9984 0 0 29.3860 0 0 0 0 0 54.5378 26.2568 0.0628 83.6534 0 3.4381 36.1679 0 0 0 0 0 0 0 0 61.1501 2.1574 2.7497 82.8131 0 3.2175 24.5105 0 0 0 0 0 0 0 0 63.5173 -20.7407 -1.6400 84.4010 0 -6.1438 35.7608 0 0 -17.9722 -38.6061 -18.9634 -15.0321 10.2420 -18.1291 20.6861 -17.9206 -0.0442 34.9827 -25.3606 11.8795 0 0 0 -69.5254 9.8715 -15.9068 34.1333 -26.1821 -59.1043 5.8465 -8.0598 0.8496 0 0 0 -60.0402 0 1.7139 -86.5077 0 0 -29.6814 0 0 0 0 0 -56.9006 0 1.5618 -84.6537 0 0 -37.9202 0 0 0 0 0 0 0 0 -62.8163 0 -3.0987 -83.1768 0 0 -25.3558 0 0 0 0 0 0 0 0 -65.1633 0 1.2003 -84.0672 0 0 -36.8856 0 0 -0.2892 -12.5067 22.7465 9.6268 -5.6612 22.6413 -23.3095 20.5072 -12.8689 -37.3425 23.5247 0 0 0 0 -9.7550 5.9258 39.0311 -9.7415 48.9117 -0.0000 27.1151 -10.0000 0 0 0 0 0 0 0 0 0 0 0 0 0 0 0 0 0 0 0 0 0 0 0 0 0 0 0 0 0 0 0 0 0 0 0 0 0 0 0 0 0 0 0 0 0 0 9.0541 23.6929 -36.7938 5.9361 32.6093 0.0000 16.8059 3.4489 -0.0000 0 0 0 0 0 0 0 0 0 0 0 0 0 0 0 0 0 0 0 0 0 0 0 0 0 0 0 0 0 0 0 0 0 0 0 0 0 0 0 0 0 0
-0.8514 -1.1074 -96.3516 3.4373 -6.9287 -14.2384 0 0 0 0 0 0 0 0 0 8.5004 -4.0082 4.2826 0 0 0 0 0 0 0 8.0501 -0.0039 0 0 0 0 0 0 0 0 0 0 0 0 0 0 172.0000 0 0 0 0 0 172.0000 0 0 0 0 0 0 0 0 0 0 0 0 0 0 0 0 0 0 0 0 0 0 0 0 0 0 0 0 0 0 0 0 0 0 0 0 0 0 0 0 0 0 0 0 0 0 0 0 0 0 0 0 0 0 0 0 0 0 0 0 0 0 0 0 0 0 0 0 0 0 0 0 0 0 0 0 -40.0000 172.0000 0 0 0 0 -40.0000 179.0000 0 0 0 0 -35.0000 -176.0000 0 0 0 0 0 0 0 0 0 0 0 113.0000 0 0 0 0 0 -113.0000 0 0 0 0 0 0 0 0 0 0 -3.5409 -172.0000 0 0 172.0000 0 0 0 0 0 0 0 0 0 0 -3.0840 172.0000 0 2.1119 172.0000 0 0 0 0 0 0 0 0 0 -15.6477 0 0 0 0 0 0 0 0 0 0 0 -0.1410 0 0 0 0 0 0 0 0 0 0 0 0 0 0 0 0 0 0 0 0 0 0 0 0 0 0 0 0 0 77.2236 18.8961 8.1580 -37.4432 -28.3220 63.1501 -1.5928 -0.6529 0.8247 0 0 0 41.2740 0 -5.5896 81.7125 0 0 26.2322 0 0 0 0 0 44.7461 26.2155 -2.1415 81.5267 0 3.4948 33.2953 0 0 0 0 0 0 0 0 49.5243 2.1028 -0.4470 79.8286 0 3.2745 17.5383 0 0 0 0 0 0 0 0 49.2735 -20.7805 0.6366 83.8473 0 -6.1141 31.0677 0 0 -18.0767 -38.7165 -18.8644 -22.5918 7.0383 -8.9805 18.9161 -30.7150 -0.0643 35.9146 -25.7552 11.8913 0 0 0 -70.3950 10.0276 -14.8339 33.5369 -30.2774 -65.7291 5.8757 -9.3689 1.4211 0 0 0 -47.0265 0 9.4883 -83.7947 0 0 -26.5450 0 0 0 0 0 -49.8977 0 5.0061 -83.2802 0 0 -33.2700 0 0 0 0 0 0 0 0 -53.8312 0 1.3457 -80.9155 0 0 -17.6641 0 0 0 0 0 0 0 0 -52.8031 0 -0.2925 -84.1522 0 0 -31.1325 0 0 -0.1410 -5.7081 14.6663 14.7664 -0.1660 15.9042 -23.0937 33.6385 -8.9664 -39.6288 23.0408 0 0 0 0 -8.4703 4.0889 37.1398 -9.7772 47.1981 -0.0000 27.0983 -10.0013 0 0 0 0 0 0 0 0 0 0 0 0 0 0 0 0 0 0 0 0 0 0 0 0 0 0 0 0 0 0 0 0 0 0 0 0 0 0 0 0 0 0 0 0 0 0 8.1720 21.6760 -35.6550 4.2448 30.3610 0.0000 18.4338 5.0582 -0.0000 0 0 0 0 0 0 0 0 0 0 0 0 0 0 0 0 0 0 0 0 0 0 0 0 0 0 0 0 0 0 0 0 0 0 0 0 0 0 0 0 0 0
-0.5810 1.2321 -97.7976 3.6904 -6.4343 -12.4914 0 0 0 0 0 0 0 0 0 5.5809 -4.4069 6.1938 0 0 0 0 0 0 0 8.0501 -0.0039 0 0 0 0 0 0 0 0 0 0 0 0 0 0 172.0000 0 0 0 0 0 172.0000 0 0 0 0 0 0 0 0 0 0 0 0 0 0 0 0 0 0 0 0 0 0 0 0 0 0 0 0 0 0 0 0 0 0 0 0 0 0 0 0 0 0 0 0 0 0 0 0 0 0 0 0 0 0 0 0 0 0 0 0 0 0 0 0 0 0 0 0 0 0 0 0 0 0 0 0 -40.0000 172.0000 0 0 0 0 -40.0000 179.0000 0 0 0 0 -35.0000 -176.0000 0 0 0 0 0 0 0 0 0 0 0 113.0000 0 0 0 0 0 -113.0000 0 0 0 0 0 0 0 0 0 0 -3.9418 -172.0000 0 0 172.0000 0 0 0 0 0 0 0 0 0 0 -3.4816 172.0000 0 2.4870 172.0000 0 0 0 0 0 0 0 0 0 -15.3794 0 0 0 0 0 0 0 0 0 0 0 -12.5070 0 0 0 0 0 0 0 0 0 0 0 0 0 0 0 0 0 0 0 0 0 0 0 0 0 0 0 0 0 77.7939 17.6818 7.6130 -35.0279 -31.3175 64.2110 -1.4367 -1.1185 0.5784 0 0 0 31.5799 0 -11.7042 79.9948 0 0 24.0257 0 0 0 0 0 41.1397 26.2347 -6.0615 79.5195 0 3.4727 27.9652 0 0 0 0 0 0 0 0 40.2344 2.1318 -5.2241 78.0795 0 3.2508 12.9709 0 0 0 0 0 0 0 0 39.6754 -20.8056 -0.2373 82.4567 0 -6.1089 25.7698 0 0 -18.0334 -38.6722 -18.9030 -24.5863 3.6620 -2.8690 17.2968 -37.8747 -0.1116 35.5681 -26.0810 11.8882 0 0 0 -71.3792 10.3522 -13.0134 32.7748 -33.7580 -70.1373 5.9554 -10.2662 1.8319 0 0 0 -38.2645 0 14.2583 -82.1414 0 0 -23.7097 0 0 0 0 0 -45.8698 0 8.0997 -81.4779 0 0 -27.9186 0 0 0 0 0 0 0 0 -46.3963 0 6.0164 -79.2951 0 0 -12.2225 0 0 0 0 0 0 0 0 -42.2402 0 1.0029 -83.0123 0 0 -25.5878 0 0 -0.0179 -1.9690 8.8776 18.4678 2.1180 8.8866 -20.9680 40.7503 -7.9050 -40.3665 23.6412 0 0 0 0 -5.5294 1.7295 28.5443 -9.9239 45.3907 -0.0000 27.0722 -10.0008 0 0 0 0 0 0 0 0 0 0 0 0 0 0 0 0 0 0 0 0 0 0 0 0 0 0 0 0 0 0 0 0 0 0 0 0 0 0 0 0 0 0 0 0 0 0 7.3549 20.0389 -30.8817 1.3410 26.7665 0.0000 23.8638 10.4829 -0.0000 0 0 0 0 0 0 0 0 0 0 0 0 0 0 0 0 0 0 0 0 0 0 0 0 0 0 0 0 0 0 0 0 0 0 0 0 0 0 0 0 0 0
-0.5686 1.5979 -98.1008 3.7287 -6.2452 -12.5785 0 0 0 0 0 0 0 0 0 4.1365 -4.3599 5.9223 0 0 0 0 0 0 0 8.0501 -0.0039 0 0 0 0 0 0 0 0 0 0 0 0 0 0 172.0000 0 0 0 0 0 172.0000 0 0 0 0 0 0 0 0 0 0 0 0 0 0 0 0 0 0 0 0 0 0 0 0 0 0 0 0 0 0 0 0 0 0 0 0 0 0 0 0 0 0 0 0 0 0 0 0 0 0 0 0 0 0 0 0 0 0 0 0 0 0 0 0 0 0 0 0 0 0 0 0 0 0 0 0 -40.0000 172.0000 0 0 0 0 -40.0000 179.0000 0 0 0 0 -35.0000 -176.0000 0 0 0 0 0 0 0 0 0 0 0 113.0000 0 0 0 0 0 -113.0000 0 0 0 0 0 0 0 0 0 0 -4.0267 -172.0000 0 0 172.0000 0 0 0 0 0 0 0 0 0 0 -3.5862 172.0000 0 2.5988 172.0000 0 0 0 0 0 0 0 0 0 -15.2724 0 0 0 0 0 0 0 0 0 0 0 -17.2526 0 0 0 0 0 0 0 0 0 0 0 0 0 0 0 0 0 0 0 0 0 0 0 0 0 0 0 0 0 78.5017 16.5350 7.9468 -32.9849 -33.4277 63.1152 -1.4885 -1.0422 0.6166 0 0 0 28.1929 0 -14.7445 80.1907 0 0 27.4984 0 0 0 0 0 40.3831 26.2368 -8.4315 79.0135 0 3.4689 28.3760 0 0 0 0 0 0 0 0 34.7709 2.1337 -7.6848 78.4096 0 3.2473 17.7608 0 0 0 0 0 0 0 0 34.7884 -20.8990 -1.0249 81.8357 0 -6.0645 24.6452 0 0 -18.0269 -38.6650 -18.9097 -22.7874 2.3083 -1.3169 16.9954 -39.0081 -0.1898 35.1081 -26.1806 11.9013 0 0 0 -72.3095 11.3795 -12.3955 32.6339 -33.9462 -69.4790 6.0942 -10.2047 1.8547 0 0 0 -37.4171 0 14.2259 -81.9657 0 0 -23.7200 0 0 0 0 0 -45.2813 0 8.1787 -81.0202 0 0 -27.0134 0 0 0 0 0 0 0 0 -45.1023 0 6.3085 -79.2379 0 0 -11.9979 0 0 0 0 0 0 0 0 -37.4955 0 1.8615 -82.2235 0 0 -23.5754 0 0 0.0228 -1.9243 7.9046 19.5438 1.0048 5.3218 -19.2430 41.1661 -8.6749 -39.6247 24.4586 0 0 0 0 -1.6684 1.9926 17.1387 -8.2911 41.5560 -0.0000 27.2312 -10.0002 0 0 0 0 0 0 0 0 0 0 0 0 0 0 0 0 0 0 0 0 0 0 0 0 0 0 0 0 0 0 0 0 0 0 0 0 0 0 0 0 0 0 0 0 0 0 4.4118 20.4505 -24.9531 -2.1299 22.9921 0.0000 29.2851 15.9517 -0.0000 0 0 0 0 0 0 0 0 0 0 0 0 0 0 0 0 0 0 0 0 0 0 0 0 0 0 0 0 0 0 0 0 0 0 0 0 0 0 0 0 0 0
-0.4950 1.4474 -98.0219 3.7153 -6.2385 -12.8991 0 0 0 0 0 0 0 0 0 3.9790 -4.3963 6.4654 0 0 0 0 0 0 0 8.0501 -0.0039 0 0 0 0 0 0 0 0 0 0 0 0 0 0 172.0000 0 0 0 0 0 172.0000 0 0 0 0 0 0 0 0 0 0 0 0 0 0 0 0 0 0 0 0 0 0 0 0 0 0 0 0 0 0 0 0 0 0 0 0 0 0 0 0 0 0 0 0 0 0 0 0 0 0 0 0 0 0 0 0 0 0 0 0 0 0 0 0 0 0 0 0 0 0 0 0 0 0 0 0 -40.0000 172.0000 0 0 0 0 -40.0000 179.0000 0 0 0 0 -35.0000 -176.0000 0 0 0 0 0 0 0 0 0 0 0 113.0000 0 0 0 0 0 -113.0000 0 0 0 0 0 0 0 0 0 0 -3.8575 -172.0000 0 0 172.0000 0 0 0 0 0 0 0 0 0 0 -3.4668 172.0000 0 2.4910 172.0000 0 0 0 0 0 0 0 0 0 -15.6591 0 0 0 0 0 0 0 0 0 0 0 -13.9424 0 0 0 0 0 0 0 0 0 0 0 0 0 0 0 0 0 0 0 0 0 0 0 0 0 0 0 0 0 78.7981 16.0590 8.4486 -32.3895 -33.8997 63.5922 -1.5804 -0.7196 0.7601 0 0 0 33.0736 0 -11.9047 82.0319 0 0 32.0022 0 0 0 0 0 41.9135 26.2333 -7.6589 80.5002 0 3.4731 32.6716 0 0 0 0 0 0 0 0 37.7025 2.1288 -6.1621 79.9983 0 3.2518 25.7605 0 0 0 0 0 0 0 0 37.8408 -20.9498 -0.5853 82.5659 0 -6.0385 28.0121 0 0 -17.3202 -39.4144 -18.8454 -18.0624 6.6023 -3.3681 18.2427 -32.4177 -0.8547 32.9586 -26.0419 11.4878 0 0 0 -72.9056 12.1322 -12.7036 32.7146 -33.2066 -68.6876 6.1856 -9.7249 1.6827 0 0 0 -38.9661 0 13.4936 -82.2616 0 0 -24.1573 0 0 0 0 0 -46.0381 0 7.6813 -81.4025 0 0 -28.0466 0 0 0 0 0 0 0 0 -46.5459 0 5.5187 -79.5020 0 0 -12.8921 0 0 0 0 0 0 0 0 -38.1329 0 1.7441 -82.2409 0 0 -23.9563 0 0 1.6409 -2.2157 8.6309 16.4159 -0.4756 5.8895 -19.5982 38.8995 -8.8732 -38.4424 24.3759 0 0 0 0 2.0047 6.4934 11.1702 -3.7606 33.8405 -0.0000 21.6379 -9.9999 0 0 0 0 0 0 0 0 0 0 0 0 0 0 0 0 0 0 0 0 0 0 0 0 0 0 0 0 0 0 0 0 0 0 0 0 0 0 0 0 0 0 0 0 0 0 -1.1463 22.0817 -19.5415 -5.1516 19.9973 0.0000 30.1829 12.8382 -0.0000 0 0 0 0 0 0 0 0 0 0 0 0 0 0 0 0 0 0 0 0 0 0 0 0 0 0 0 0 0 0 0 0 0 0 0 0 0 0 0 0 0 0
-0.1195 2.2642 -98.6887 3.8835 -5.8014 -13.2230 0 0 0 0 0 0 0 0 0 3.6023 -4.7755 7.1308 0 0 0 0 0 0 0 8.0501 -0.0039 0 0 0 0 0 0 0 0 0 0 0 0 0 0 172.0000 0 0 0 0 0 172.0000 0 0 0 0 0 0 0 0 0 0 0 0 0 0 0 0 0 0 0 0 0 0 0 0 0 0 0 0 0 0 0 0 0 0 0 0 0 0 0 0 0 0 0 0 0 0 0 0 0 0 0 0 0 0 0 0 0 0 0 0 0 0 0 0 0 0 0 0 0 0 0 0 0 0 0 0 -40.0000 172.0000 0 0 0 0 -40.0000 179.0000 0 0 0 0 -35.0000 -176.0000 0 0 0 0 0 0 0 0 0 0 0 113.0000 0 0 0 0 0 -113.0000 0 0 0 0 0 0 0 0 0 0 -3.7505 -172.0000 0 0 172.0000 0 0 0 0 0 0 0 0 0 0 -3.4832 172.0000 0 2.4987 172.0000 0 0 0 0 0 0 0 0 0 -11.2260 0 0 0 0 0 0 0 0 0 0 0 -2.3333 0 0 0 0 0 0 0 0 0 0 0 0 0 0 0 0 0 0 0 0 0 0 0 0 0 0 0 0 0 79.0532 15.9175 8.9290 -32.5852 -33.9805 64.1564 -1.5701 -0.6433 0.7745 0 0 0 43.1987 0 -5.3224 80.1774 0 0 27.8333 0 0 0 0 0 50.6653 26.2338 -5.6327 82.0298 0 3.4728 31.3146 0 0 0 0 0 0 0 0 52.4472 2.1296 -3.4201 80.9251 0 3.2513 25.5419 0 0 0 0 0 0 0 0 48.3616 -20.9408 -1.4515 76.9386 0 -6.0434 28.1673 0 0 -14.8045 -40.7220 -20.0754 -9.2180 15.0059 -7.0289 20.9832 -20.0018 -3.0039 28.5384 -25.7794 10.1232 0 0 0 -73.3021 12.4478 -13.1064 32.6235 -33.0466 -69.3759 6.1431 -9.5487 1.6083 0 0 0 -38.7494 0 13.6632 -82.2223 0 0 -24.0574 0 0 0 0 0 -45.9593 0 7.7809 -81.3875 0 0 -27.9548 0 0 0 0 0 0 0 0 -46.4221 0 5.6509 -79.4515 0 0 -12.7260 0 0 0 0 0 0 0 0 -38.7254 0 1.6374 -82.3593 0 0 -24.1827 0 0 4.5115 -1.5604 7.8388 6.1249 0.1165 8.2426 -20.8352 37.0048 -7.4624 -37.6540 23.8073 0 0 0 0 5.2265 10.4465 8.4767 -0.6047 28.2686 -0.0000 11.6411 -9.9999 0 0 0 0 0 0 0 0 0 0 0 0 0 0 0 0 0 0 0 0 0 0 0 0 0 0 0 0 0 0 0 0 0 0 0 0 0 0 0 0 0 0 0 0 0 0 -6.4834 23.0784 -14.6098 -7.3963 18.0966 0.0000 29.5121 1.4596 -0.0000 0 0 0 0 0 0 0 0 0 0 0 0 0 0 0 0 0 0 0 0 0 0 0 0 0 0 0 0 0 0 0 0 0 0 0 0 0 0 0 0 0 0
0.5823 2.8997 -99.6675 4.3935 -5.1865 -14.1858 0 0 0 0 0 0 0 0 0 3.1293 -5.2057 7.5512 0 0 0 0 0 0 0 8.0501 -0.0039 0 0 0 0 0 0 0 0 0 0 0 0 0 0 172.0000 0 0 0 0 0 172.0000 0 0 0 0 0 0 0 0 0 0 0 0 0 0 0 0 0 0 0 0 0 0 0 0 0 0 0 0 0 0 0 0 0 0 0 0 0 0 0 0 0 0 0 0 0 0 0 0 0 0 0 0 0 0 0 0 0 0 0 0 0 0 0 0 0 0 0 0 0 0 0 0 0 0 0 0 -40.0000 172.0000 0 0 0 0 -40.0000 179.0000 0 0 0 0 -35.0000 -176.0000 0 0 0 0 0 0 0 0 0 0 0 113.0000 0 0 0 0 0 -113.0000 0 0 0 0 0 0 0 0 0 0 -3.8431 -172.0000 0 0 172.0000 0 0 0 0 0 0 0 0 0 0 -3.8047 172.0000 0 2.8142 172.0000 0 0 0 0 0 0 0 0 0 -2.9139 0 0 0 0 0 0 0 0 0 0 0 11.0333 0 0 0 0 0 0 0 0 0 0 0 0 0 0 0 0 0 0 0 0 0 0 0 0 0 0 0 0 0 79.3686 15.8639 9.0711 -32.6097 -33.8354 63.6115 -1.4430 -1.0987 0.5614 0 0 0 45.6554 0 -1.5360 74.8818 0 0 20.2741 0 0 0 0 0 57.4783 26.2342 -4.5540 82.1155 0 3.4722 27.5027 0 0 0 0 0 0 0 0 63.6811 2.1302 -2.2324 80.2718 0 3.2507 22.1327 0 0 0 0 0 0 0 0 52.2161 -20.9300 -2.3171 65.8545 0 -6.0478 23.7811 0 0 -12.2733 -41.0391 -22.4124 -1.3747 19.0027 -9.2985 22.6255 -12.2529 -4.6622 24.9356 -25.6197 8.8354 0 0 0 -73.7033 12.7938 -13.2827 32.5205 -32.9711 -69.9248 6.0071 -9.8973 1.7594 0 0 0 -37.0998 0 12.4202 -82.3864 0 0 -27.2592 0 0 0 0 0 -43.2933 0 7.0613 -81.4459 0 0 -30.4581 0 0 0 0 0 0 0 0 -43.6814 0 4.6852 -80.2174 0 0 -17.6273 0 0 0 0 0 0 0 0 -36.9593 0 0.5449 -82.0256 0 0 -26.5193 0 0 13.8379 -6.5490 6.2989 -5.6910 -0.9518 9.4509 -20.4831 32.6305 -5.6120 -34.5478 24.1944 0 0 0 0 6.6071 11.7859 5.9337 -0.5516 27.4724 -0.0000 7.5726 -10.0000 0 0 0 0 0 0 0 0 0 0 0 0 0 0 0 0 0 0 0 0 0 0 0 0 0 0 0 0 0 0 0 0 0 0 0 0 0 0 0 0 0 0 0 0 0 0 -9.4734 23.4555 -11.4510 -8.3640 17.6902 0.0000 29.8779 -6.2808 -0.0000 0 0 0 0 0 0 0 0 0 0 0 0 0 0 0 0 0 0 0 0 0 0 0 0 0 0 0 0 0 0 0 0 0 0 0 0 0 0 0 0 0 0
1.2938 2.8809 -100.6841 4.8540 -4.7647 -15.4009 0 0 0 0 0 0 0 0 0 2.7825 -5.4984 7.8029 0 0 0 0 0 0 0 8.0501 -0.0039 0 0 0 0 0 0 0 0 0 0 0 0 0 0 172.0000 0 0 0 0 0 172.0000 0 0 0 0 0 0 0 0 0 0 0 0 0 0 0 0 0 0 0 0 0 0 0 0 0 0 0 0 0 0 0 0 0 0 0 0 0 0 0 0 0 0 0 0 0 0 0 0 0 0 0 0 0 0 0 0 0 0 0 0 0 0 0 0 0 0 0 0 0 0 0 0 0 0 0 0 -40.0000 172.0000 0 0 0 0 -40.0000 179.0000 0 0 0 0 -35.0000 -176.0000 0 0 0 0 0 0 0 0 0 0 0 113.0000 0 0 0 0 0 -113.0000 0 0 0 0 0 0 0 0 0 0 -4.1545 -172.0000 0 0 172.0000 0 0 0 0 0 0 0 0 0 0 -4.3390 172.0000 0 3.2275 172.0000 0 0 0 0 0 0 0 0 0 -3.6130 0 0 0 0 0 0 0 0 0 0 0 12.9617 0 0 0 0 0 0 0 0 0 0 0 0 0 0 0 0 0 0 0 0 0 0 0 0 0 0 0 0 0 79.4982 15.7005 8.4543 -31.9217 -33.1381 62.8316 -1.4075 -1.8765 0.2546 0 0 0 38.2143 0 -2.9003 74.8400 0 0 21.4214 0 0 0 0 0 49.4804 26.2340 -4.2283 81.4650 0 3.4724 30.3114 0 0 0 0 0 0 0 0 54.3882 2.1299 -1.4060 80.0433 0 3.2509 26.2448 0 0 0 0 0 0 0 0 42.8670 -20.9165 0.3818 66.5101 0 -6.0520 24.6631 0 0 -11.9866 -40.7582 -23.0266 0.2019 17.0714 -10.5093 21.1107 -10.9715 -3.3738 21.1612 -25.5982 8.7076 0 0 0 -74.0743 13.0563 -13.1231 32.3504 -32.8896 -69.8520 6.0261 -10.5807 2.0753 0 0 0 -33.5591 0 9.5586 -82.4846 0 0 -32.3817 0 0 0 0 0 -37.6533 0 5.5363 -81.5234 0 0 -36.2759 0 0 0 0 0 0 0 0 -37.7259 0 2.3606 -81.7083 0 0 -29.5749 0 0 0 0 0 0 0 0 -33.2090 0 -2.3500 -82.1705 0 0 -33.2045 0 0 28.5039 -15.8991 4.3370 -8.0545 -6.7778 10.0719 -18.8982 22.6497 -4.7056 -26.2103 25.1253 0 0 0 0 5.6514 12.6843 5.0415 -0.9923 27.3907 -0.0000 6.8893 -10.0000 0 0 0 0 0 0 0 0 0 0 0 0 0 0 0 0 0 0 0 0 0 0 0 0 0 0 0 0 0 0 0 0 0 0 0 0 0 0 0 0 0 0 0 0 0 0 -9.6779 23.9899 -10.7121 -8.1587 18.0341 0.0000 30.2638 -6.1153 -0.0000 0 0 0 0 0 0 0 0 0 0 0 0 0 0 0 0 0 0 0 0 0 0 0 0 0 0 0 0 0 0 0 0 0 0 0 0 0 0 0 0 0 0
1.4717 2.7866 -101.3515 4.7491 -4.5993 -15.9773 0 0 0 0 0 0 0 0 0 2.6776 -5.5866 7.9124 0 0 0 0 0 0 0 8.0501 -0.0039 0 0 0 0 0 0 0 0 0 0 0 0 0 0 172.0000 0 0 0 0 0 172.0000 0 0 0 0 0 0 0 0 0 0 0 0 0 0 0 0 0 0 0 0 0 0 0 0 0 0 0 0 0 0 0 0 0 0 0 0 0 0 0 0 0 0 0 0 0 0 0 0 0 0 0 0 0 0 0 0 0 0 0 0 0 0 0 0 0 0 0 0 0 0 0 0 0 0 0 0 -40.0000 172.0000 0 0 0 0 -40.0000 179.0000 0 0 0 0 -35.0000 -176.0000 0 0 0 0 0 0 0 0 0 0 0 113.0000 0 0 0 0 0 -113.0000 0 0 0 0 0 0 0 0 0 0 -4.5449 -172.0000 0 0 172.0000 0 0 0 0 0 0 0 0 0 0 -4.8602 172.0000 0 3.4370 172.0000 0 0 0 0 0 0 0 0 0 -6.4532 0 0 0 0 0 0 0 0 0 0 0 4.5904 0 0 0 0 0 0 0 0 0 0 0 0 0 0 0 0 0 0 0 0 0 0 0 0 0 0 0 0 0 79.1985 15.0966 7.6248 -30.7881 -32.6434 61.8061 -1.6796 -2.5482 0.0769 0 0 0 30.6415 0 -7.2369 78.8803 0 0 24.1977 0 0 0 0 0 38.1949 26.2340 -5.1130 81.1055 0 3.4724 33.7189 0 0 0 0 0 0 0 0 38.7087 2.1299 -1.8837 80.8301 0 3.2510 31.4585 0 0 0 0 0 0 0 0 33.3377 -20.9069 3.1969 77.1360 0 -6.0559 29.4698 0 0 -12.4435 -40.7722 -22.5262 -3.3668 14.4672 -10.3583 18.5514 -12.7470 -1.0137 18.7413 -25.6469 8.9497 0 0 0 -73.8157 12.6127 -12.7297 31.9576 -33.2199 -69.3852 6.3887 -11.2171 2.4010 0 0 0 -31.0949 0 8.1202 -82.0916 0 0 -32.6456 0 0 0 0 0 -34.4582 0 5.5097 -81.4268 0 0 -37.4888 0 0 0 0 0 0 0 0 -33.9421 0 1.1660 -82.1783 0 0 -37.1685 0 0 0 0 0 0 0 0 -30.8172 0 -4.4400 -83.2793 0 0 -38.4911 0 0 32.3652 -18.2091 3.8012 -0.9888 -12.6106 9.7506 -17.7777 15.0215 -5.4727 -19.5556 25.5941 0 0 0 0 4.3290 13.3896 4.9259 -2.1443 27.2125 -0.0000 6.1052 -10.0000 0 0 0 0 0 0 0 0 0 0 0 0 0 0 0 0 0 0 0 0 0 0 0 0 0 0 0 0 0 0 0 0 0 0 0 0 0 0 0 0 0 0 0 0 0 0 -7.7337 24.6369 -11.8396 -7.0594 18.9019 0.0000 30.3845 -5.0055 -0.0000 0 0 0 0 0 0 0 0 0 0 0 0 0 0 0 0 0 0 0 0 0 0 0 0 0 0 0 0 0 0 0 0 0 0 0 0 0 0 0 0 0 0
1.3626 2.8107 -101.3854 4.5868 -4.6019 -15.9217 0 0 0 0 0 0 0 0 0 2.5499 -5.5566 8.0536 0 0 0 0 0 0 0 8.0501 -0.0039 0 0 0 0 0 0 0 0 0 0 0 0 0 0 172.0000 0 0 0 0 0 172.0000 0 0 0 0 0 0 0 0 0 0 0 0 0 0 0 0 0 0 0 0 0 0 0 0 0 0 0 0 0 0 0 0 0 0 0 0 0 0 0 0 0 0 0 0 0 0 0 0 0 0 0 0 0 0 0 0 0 0 0 0 0 0 0 0 0 0 0 0 0 0 0 0 0 0 0 0 -40.0000 172.0000 0 0 0 0 -40.0000 179.0000 0 0 0 0 -35.0000 -176.0000 0 0 0 0 0 0 0 0 0 0 0 113.0000 0 0 0 0 0 -113.0000 0 0 0 0 0 0 0 0 0 0 -5.0344 -172.0000 0 0 172.0000 0 0 0 0 0 0 0 0 0 0 -5.3970 172.0000 0 3.7479 172.0000 0 0 0 0 0 0 0 0 0 -3.2141 0 0 0 0 0 0 0 0 0 0 0 2.6160 0 0 0 0 0 0 0 0 0 0 0 0 0 0 0 0 0 0 0 0 0 0 0 0 0 0 0 0 0 78.2645 14.0533 7.1479 -29.8724 -33.2923 60.7936 -2.1712 -2.8654 0.1016 0 0 0 25.3417 0 -11.8934 81.2382 0 0 22.9402 0 0 0 0 0 34.5054 26.2340 -7.0996 80.9280 0 3.4724 30.2586 0 0 0 0 0 0 0 0 31.7531 2.1299 -4.7510 81.7150 0 3.2509 27.5255 0 0 0 0 0 0 0 0 31.0068 -20.9195 1.7877 85.0891 0 -6.0519 28.2637 0 0 -12.3853 -40.8126 -22.5435 -9.0020 10.7196 -7.1737 17.4321 -21.3959 0.1495 23.4730 -25.8017 8.9427 0 0 0 -72.5063 11.2521 -11.9196 31.3783 -34.0069 -68.6535 6.9227 -11.5167 2.5876 0 0 0 -31.1689 0 8.4092 -81.8914 0 0 -31.1243 0 0 0 0 0 -34.7875 0 6.7068 -81.4888 0 0 -33.6042 0 0 0 0 0 0 0 0 -34.2146 0 1.3908 -81.9056 0 0 -36.6274 0 0 0 0 0 0 0 0 -30.9491 0 -4.4090 -83.7047 0 0 -38.6188 0 0 24.2052 -13.4168 3.6364 6.3445 -11.2952 6.4521 -19.3062 20.1640 -9.0794 -24.4472 25.0359 0 0 0 0 2.5126 13.9757 5.6870 -3.8190 27.2885 -0.0000 6.4222 -10.0000 0 0 0 0 0 0 0 0 0 0 0 0 0 0 0 0 0 0 0 0 0 0 0 0 0 0 0 0 0 0 0 0 0 0 0 0 0 0 0 0 0 0 0 0 0 0 -4.0603 24.8853 -15.2996 -5.0309 20.8761 0.0000 30.8128 -4.7980 -0.0000 0 0 0 0 0 0 0 0 0 0 0 0 0 0 0 0 0 0 0 0 0 0 0 0 0 0 0 0 0 0 0 0 0 0 0 0 0 0 0 0 0 0
1.3595 2.8199 -101.2743 4.6396 -4.6270 -15.8448 0 0 0 0 0 0 0 0 0 2.1167 -5.4207 8.4449 0 0 0 0 0 0 0 8.0501 -0.0039 0 0 0 0 0 0 0 0 0 0 0 0 0 0 172.0000 0 0 0 0 0 172.0000 0 0 0 0 0 0 0 0 0 0 0 0 0 0 0 0 0 0 0 0 0 0 0 0 0 0 0 0 0 0 0 0 0 0 0 0 0 0 0 0 0 0 0 0 0 0 0 0 0 0 0 0 0 0 0 0 0 0 0 0 0 0 0 0 0 0 0 0 0 0 0 0 0 0 0 0 -40.0000 172.0000 0 0 0 0 -40.0000 179.0000 0 0 0 0 -35.0000 -176.0000 0 0 0 0 0 0 0 0 0 0 0 113.0000 0 0 0 0 0 -113.0000 0 0 0 0 0 0 0 0 0 0 -5.4597 -172.0000 0 0 172.0000 0 0 0 0 0 0 0 0 0 0 -5.8773 172.0000 0 4.2092 172.0000 0 0 0 0 0 0 0 0 0 -5.2074 0 0 0 0 0 0 0 0 0 0 0 3.2838 0 0 0 0 0 0 0 0 0 0 0 0 0 0 0 0 0 0 0 0 0 0 0 0 0 0 0 0 0 76.4352 12.2521 7.6399 -28.9915 -33.7670 59.6955 -2.5292 -2.6847 0.2615 0 0 0 20.0816 0 -14.6735 81.3939 0 0 22.3034 0 0 0 0 0 33.1965 26.2340 -8.5876 79.9212 0 3.4724 24.4098 0 0 0 0 0 0 0 0 31.7465 2.1299 -7.5096 82.0293 0 3.2509 17.7941 0 0 0 0 0 0 0 0 32.0778 -20.9438 -1.6805 88.9844 0 -6.0434 20.0072 0 0 -12.3275 -40.8013 -22.6172 -13.5673 6.1309 -2.9902 17.5920 -33.2715 0.2935 31.2637 -25.9922 8.9173 0 0 0 -70.0373 8.9224 -10.9657 31.1163 -34.8554 -68.1421 7.2664 -11.5220 2.5905 0 0 0 -31.5344 0 8.5673 -81.9973 0 0 -31.4253 0 0 0 0 0 -35.1365 0 6.9805 -81.5861 0 0 -32.3940 0 0 0 0 0 0 0 0 -34.7400 0 1.5255 -81.8940 0 0 -35.5716 0 0 0 0 0 0 0 0 -31.2903 0 -4.0919 -83.4372 0 0 -37.7704 0 0 15.4039 -8.4890 2.5778 8.1501 -5.1671 2.1848 -24.0293 32.3322 -14.5291 -36.4439 23.2411 0 0 0 0 0.0765 14.8309 9.5119 -5.7522 27.4618 -0.0000 6.8905 -10.0000 0 0 0 0 0 0 0 0 0 0 0 0 0 0 0 0 0 0 0 0 0 0 0 0 0 0 0 0 0 0 0 0 0 0 0 0 0 0 0 0 0 0 0 0 0 0 1.5667 24.1408 -21.1463 -1.7310 23.8309 0.0000 32.2124 -4.1085 -0.0000 0 0 0 0 0 0 0 0 0 0 0 0 0 0 0 0 0 0 0 0 0 0 0 0 0 0 0 0 0 0 0 0 0 0 0 0 0 0 0 0 0 0
1.3771 2.8141 -101.2941 4.6529 -4.6209 -15.8707 0 0 0 0 0 0 0 0 0 1.6941 -5.2432 8.7913 0 0 0 0 0 0 0 8.0501 -0.0039 0 0 0 0 0 0 0 0 0 0 0 0 0 0 172.0000 0 0 0 0 0 172.0000 0 0 0 0 0 0 0 0 0 0 0 0 0 0 0 0 0 0 0 0 0 0 0 0 0 0 0 0 0 0 0 0 0 0 0 0 0 0 0 0 0 0 0 0 0 0 0 0 0 0 0 0 0 0 0 0 0 0 0 0 0 0 0 0 0 0 0 0 0 0 0 0 0 0 0 0 -40.0000 172.0000 0 0 0 0 -40.0000 179.0000 0 0 0 0 -35.0000 -176.0000 0 0 0 0 0 0 0 0 0 0 0 113.0000 0 0 0 0 0 -113.0000 0 0 0 0 0 0 0 0 0 0 -5.5312 -172.0000 0 0 172.0000 0 0 0 0 0 0 0 0 0 0 -6.0731 172.0000 0 4.4131 172.0000 0 0 0 0 0 0 0 0 0 -11.9645 0 0 0 0 0 0 0 0 0 0 0 -4.7748 0 0 0 0 0 0 0 0 0 0 0 0 0 0 0 0 0 0 0 0 0 0 0 0 0 0 0 0 0 71.4431 11.0935 9.4577 -27.0464 -32.1542 58.3751 -2.5804 -2.1214 0.4410 0 0 0 16.3737 0 -15.0845 80.0293 0 0 20.9303 0 0 0 0 0 30.1308 26.2340 -9.1111 77.8870 0 3.4724 20.9149 0 0 0 0 0 0 0 0 34.6110 2.1299 -8.8084 81.4156 0 3.2509 12.9879 0 0 0 0 0 0 0 0 32.8860 -20.9764 -3.8093 89.8404 0 -6.0315 11.5292 0 0 -12.3496 -40.7976 -22.5979 -13.3429 4.7595 -0.3442 17.9033 -39.5068 0.0841 35.4539 -26.0872 8.9300 0 0 0 -66.5320 5.6169 -10.6072 31.3681 -35.2619 -68.3135 7.2927 -11.6883 2.5602 0 0 0 -31.4408 0 8.4869 -82.0046 0 0 -31.5935 0 0 0 0 0 -35.0070 0 6.7334 -81.5546 0 0 -33.2683 0 0 0 0 0 0 0 0 -34.5797 0 1.4604 -81.9389 0 0 -35.8928 0 0 0 0 0 0 0 0 -31.1931 0 -4.1680 -83.4313 0 0 -37.9413 0 0 13.6289 -7.5162 2.2519 4.5917 -3.0451 -0.1961 -28.1948 39.4071 -17.7325 -44.3203 21.5302 0 0 0 0 -1.4022 15.8744 15.0788 -8.1415 27.2959 -0.0000 7.7425 -10.0000 0 0 0 0 0 0 0 0 0 0 0 0 0 0 0 0 0 0 0 0 0 0 0 0 0 0 0 0 0 0 0 0 0 0 0 0 0 0 0 0 0 0 0 0 0 0 7.2555 22.4189 -26.9237 1.6709 26.4462 0.0000 33.5679 -4.6128 -0.0000 0 0 0 0 0 0 0 0 0 0 0 0 0 0 0 0 0 0 0 0 0 0 0 0 0 0 0 0 0 0 0 0 0 0 0 0 0 0 0 0 0 0
1.3736 2.8140 -101.3068 4.6417 -4.6184 -15.8768 0 0 0 0 0 0 0 0 0 1.5101 -5.1850 8.7961 0 0 0 0 0 0 0 8.0501 -0.0039 0 0 0 0 0 0 0 0 0 0 0 0 0 0 172.0000 0 0 0 0 0 172.0000 0 0 0 0 0 0 0 0 0 0 0 0 0 0 0 0 0 0 0 0 0 0 0 0 0 0 0 0 0 0 0 0 0 0 0 0 0 0 0 0 0 0 0 0 0 0 0 0 0 0 0 0 0 0 0 0 0 0 0 0 0 0 0 0 0 0 0 0 0 0 0 0 0 0 0 0 -40.0000 172.0000 0 0 0 0 -40.0000 179.0000 0 0 0 0 -35.0000 -176.0000 0 0 0 0 0 0 0 0 0 0 0 113.0000 0 0 0 0 0 -113.0000 0 0 0 0 0 0 0 0 0 0 -5.2342 -172.0000 0 0 172.0000 0 0 0 0 0 0 0 0 0 0 -5.9294 172.0000 0 4.1992 172.0000 0 0 0 0 0 0 0 0 0 -10.7234 0 0 0 0 0 0 0 0 0 0 0 -9.8258 0 0 0 0 0 0 0 0 0 0 0 0 0 0 0 0 0 0 0 0 0 0 0 0 0 0 0 0 0 62.8193 13.0170 11.5403 -24.5772 -28.4537 57.2424 -2.4627 -1.4094 0.5841 0 0 0 15.9099 0 -14.2520 77.6655 0 0 16.7438 0 0 0 0 0 27.7318 26.2340 -9.0284 76.1980 0 3.4724 20.1830 0 0 0 0 0 0 0 0 36.1944 2.1299 -9.0486 80.7473 0 3.2509 13.9590 0 0 0 0 0 0 0 0 32.5886 -21.0210 -4.3790 89.1138 0 -6.0126 7.9630 0 0 -12.3536 -40.8002 -22.5908 -8.3684 5.5491 0.4569 18.0235 -39.8502 -0.0979 36.1797 -26.1010 8.9448 0 0 0 -63.3664 2.5990 -11.1390 31.9134 -34.9086 -68.8873 7.1240 -12.2062 2.6162 0 0 0 -31.4051 0 8.4805 -81.9865 0 0 -31.5090 0 0 0 0 0 -34.9820 0 6.7465 -81.5466 0 0 -33.2594 0 0 0 0 0 0 0 0 -34.5342 0 1.4541 -81.9306 0 0 -35.9843 0 0 0 0 0 0 0 0 -31.1621 0 -4.2001 -83.4741 0 0 -38.0344 0 0 13.2793 -9.3871 2.1401 -2.0382 -4.5146 -0.6469 -30.1730 40.0692 -18.1455 -45.8254 20.7223 0 0 0 0 -2.0419 16.2363 18.8976 -9.7086 26.9392 -0.0000 8.5131 -10.0000 0 0 0 0 0 0 0 0 0 0 0 0 0 0 0 0 0 0 0 0 0 0 0 0 0 0 0 0 0 0 0 0 0 0 0 0 0 0 0 0 0 0 0 0 0 0 10.2462 20.7661 -29.9409 3.1487 27.2315 0.0000 33.7356 -5.7078 -0.0000 0 0 0 0 0 0 0 0 0 0 0 0 0 0 0 0 0 0 0 0 0 0 0 0 0 0 0 0 0 0 0 0 0 0 0 0 0 0 0 0 0 0
1.5140 3.0328 -101.4723 4.5717 -4.4750 -16.0170 0 0 0 0 0 0 0 0 0 1.2049 -5.3333 8.8494 0 0 0 0 0 0 0 8.0501 -0.0039 0 0 0 0 0 0 0 0 0 0 0 0 0 0 172.0000 0 0 0 0 0 172.0000 0 0 0 0 0 0 0 0 0 0 0 0 0 0 0 0 0 0 0 0 0 0 0 0 0 0 0 0 0 0 0 0 0 0 0 0 0 0 0 0 0 0 0 0 0 0 0 0 0 0 0 0 0 0 0 0 0 0 0 0 0 0 0 0 0 0 0 0 0 0 0 0 0 0 0 0 -40.0000 172.0000 0 0 0 0 -40.0000 179.0000 0 0 0 0 -35.0000 -176.0000 0 0 0 0 0 0 0 0 0 0 0 113.0000 0 0 0 0 0 -113.0000 0 0 0 0 0 0 0 0 0 0 -4.7641 -172.0000 0 0 172.0000 0 0 0 0 0 0 0 0 0 0 -5.5677 172.0000 0 3.6886 172.0000 0 0 0 0 0 0 0 0 0 1.7631 0 0 0 0 0 0 0 0 0 0 0 -2.6902 0 0 0 0 0 0 0 0 0 0 0 0 0 0 0 0 0 0 0 0 0 0 0 0 0 0 0 0 0 55.8082 15.3615 12.6523 -23.3944 -23.9870 54.8850 -2.2268 -0.2902 0.7902 0 0 0 22.8352 0 -10.4496 76.9652 0 0 12.7415 0 0 0 0 0 31.3586 26.2340 -8.4361 76.7613 0 3.4724 19.1534 0 0 0 0 0 0 0 0 38.4483 2.1299 -7.9729 80.3564 0 3.2509 12.9786 0 0 0 0 0 0 0 0 35.7533 -21.0567 -3.0615 87.8690 0 -5.9955 11.6602 0 0 -12.3492 -40.8002 -22.5954 -5.3495 5.7186 -1.8871 18.6370 -36.0207 -0.1532 34.1264 -26.0244 8.9649 0 0 0 -61.7122 3.8873 -11.9523 32.4979 -34.3932 -69.4714 6.7824 -12.8144 2.7584 0 0 0 -35.5833 0 6.2280 -82.6445 0 0 -28.4918 0 0 0 0 0 -38.2670 0 6.7009 -81.7658 0 0 -29.4144 0 0 0 0 0 0 0 0 -38.0111 0 1.5318 -81.4470 0 0 -31.9095 0 0 0 0 0 0 0 0 -35.2346 0 -4.4273 -83.5023 0 0 -36.9083 0 0 8.2914 -10.7663 2.7817 -4.9200 -4.5020 2.5128 -30.2570 36.7868 -16.0164 -42.1445 20.8809 0 0 0 0 -2.5206 15.8068 20.2911 -10.1861 26.7431 -0.0000 8.7742 -10.0000 0 0 0 0 0 0 0 0 0 0 0 0 0 0 0 0 0 0 0 0 0 0 0 0 0 0 0 0 0 0 0 0 0 0 0 0 0 0 0 0 0 0 0 0 0 0 10.0930 20.0661 -29.9330 2.7631 26.3038 0.0000 33.6041 -5.8848 -0.0000 0 0 0 0 0 0 0 0 0 0 0 0 0 0 0 0 0 0 0 0 0 0 0 0 0 0 0 0 0 0 0 0 0 0 0 0 0 0 0 0 0 0
1.9236 3.7873 -101.9447 4.5624 -3.9706 -16.5358 0 0 0 0 0 0 0 0 0 0.1759 -6.0319 9.8163 0 0 0 0 0 0 0 8.0501 -0.0039 0 0 0 0 0 0 0 0 0 0 0 0 0 0 172.0000 0 0 0 0 0 172.0000 0 0 0 0 0 0 0 0 0 0 0 0 0 0 0 0 0 0 0 0 0 0 0 0 0 0 0 0 0 0 0 0 0 0 0 0 0 0 0 0 0 0 0 0 0 0 0 0 0 0 0 0 0 0 0 0 0 0 0 0 0 0 0 0 0 0 0 0 0 0 0 0 0 0 0 0 -40.0000 172.0000 0 0 0 0 -40.0000 179.0000 0 0 0 0 -35.0000 -176.0000 0 0 0 0 0 0 0 0 0 0 0 113.0000 0 0 0 0 0 -113.0000 0 0 0 0 0 0 0 0 0 0 -4.6393 -172.0000 0 0 172.0000 0 0 0 0 0 0 0 0 0 0 -5.4385 172.0000 0 3.5097 172.0000 0 0 0 0 0 0 0 0 0 9.3408 0 0 0 0 0 0 0 0 0 0 0 3.0079 0 0 0 0 0 0 0 0 0 0 0 0 0 0 0 0 0 0 0 0 0 0 0 0 0 0 0 0 0 53.8548 14.8362 13.3436 -21.5340 -18.6155 46.5872 -1.7891 2.5400 1.4302 0 0 0 37.3844 0 -2.9877 80.5281 0 0 15.0805 0 0 0 0 0 43.3185 26.2340 -7.0073 79.7656 0 3.4724 20.2231 0 0 0 0 0 0 0 0 46.7384 2.1299 -4.7936 79.8018 0 3.2509 13.7623 0 0 0 0 0 0 0 0 47.0208 -21.1314 1.0159 86.1227 0 -5.9489 21.5365 0 0 -12.3496 -40.7998 -22.5955 -6.1060 4.9582 -6.8913 20.4924 -29.5690 -1.2316 31.1822 -26.2422 8.5827 0 0 0 -60.8227 10.9786 -14.9316 29.0943 -29.4987 -67.6214 5.6343 -11.0720 2.1465 0 0 0 -44.3421 0 1.3061 -84.7024 0 0 -24.6725 0 0 0 0 0 -47.6669 0 6.3180 -82.7482 0 0 -25.2673 0 0 0 0 0 0 0 0 -47.7409 0 1.1369 -80.6628 0 0 -24.9769 0 0 0 0 0 0 0 0 -47.2025 0 -5.1950 -84.0097 0 0 -34.3030 0 0 12.7804 -12.1969 4.4028 -7.7590 -0.8265 9.3961 -26.3021 32.5130 -10.1620 -35.8033 22.4114 0 0 0 0 -1.9840 15.6467 18.9351 -10.1855 26.0425 -0.0000 8.7577 -10.0000 0 0 0 0 0 0 0 0 0 0 0 0 0 0 0 0 0 0 0 0 0 0 0 0 0 0 0 0 0 0 0 0 0 0 0 0 0 0 0 0 0 0 0 0 0 0 7.8121 20.4372 -27.1055 1.6974 24.8365 0.0000 33.9482 -2.9121 -0.0000 0 0 0 0 0 0 0 0 0 0 0 0 0 0 0 0 0 0 0 0 0 0 0 0 0 0 0 0 0 0 0 0 0 0 0 0 0 0 0 0 0 0
2.3309 4.7857 -102.1230 5.2083 -3.8781 -17.5502 0 0 0 0 0 0 0 0 0 -2.2577 -6.9836 12.3006 0 0 0 0 0 0 0 8.0501 -0.0039 0 0 0 0 0 0 0 0 0 0 0 0 0 0 172.0000 0 0 0 0 0 172.0000 0 0 0 0 0 0 0 0 0 0 0 0 0 0 0 0 0 0 0 0 0 0 0 0 0 0 0 0 0 0 0 0 0 0 0 0 0 0 0 0 0 0 0 0 0 0 0 0 0 0 0 0 0 0 0 0 0 0 0 0 0 0 0 0 0 0 0 0 0 0 0 0 0 0 0 0 -40.0000 172.0000 0 0 0 0 -40.0000 179.0000 0 0 0 0 -35.0000 -176.0000 0 0 0 0 0 0 0 0 0 0 0 113.0000 0 0 0 0 0 -113.0000 0 0 0 0 0 0 0 0 0 0 -5.0367 -172.0000 0 0 172.0000 0 0 0 0 0 0 0 0 0 0 -5.7224 172.0000 0 3.9426 172.0000 0 0 0 0 0 0 0 0 0 0.8646 0 0 0 0 0 0 0 0 0 0 0 -3.1491 0 0 0 0 0 0 0 0 0 0 0 0 0 0 0 0 0 0 0 0 0 0 0 0 0 0 0 0 0 56.7376 12.7099 14.4792 -15.8616 -11.3640 31.4990 -1.2980 7.5356 2.7209 0 0 0 46.8051 0 1.9833 85.0282 0 0 25.1929 0 0 0 0 0 55.9851 26.2340 -5.2568 82.7149 0 3.4724 29.6702 0 0 0 0 0 0 0 0 56.6985 2.1299 -0.6175 79.4273 0 3.2509 21.5785 0 0 0 0 0 0 0 0 60.2327 -21.3422 5.3579 85.0685 0 -5.7912 30.0271 0 0 -12.3502 -40.7999 -22.5948 -4.7851 2.8509 -9.5684 23.1717 -25.9423 -4.5899 31.3460 -28.0419 7.1410 0 0 0 -60.8563 19.2511 -20.8088 20.4883 -16.1221 -65.8249 3.6272 -5.4533 0.1479 0 0 0 -48.5461 0 -1.5511 -86.8603 0 0 -27.8581 0 0 0 0 0 -57.5462 0 5.5548 -84.0438 0 0 -30.7491 0 0 0 0 0 0 0 0 -57.7503 0 -0.2447 -80.4006 0 0 -24.5010 0 0 0 0 0 0 0 0 -60.4146 0 -6.0813 -85.0019 0 0 -32.1759 0 0 32.8615 -16.3551 3.8694 -22.4225 5.8114 13.4380 -19.6081 31.7182 -4.9527 -32.9637 24.6119 0 0 0 0 0.8236 16.5660 13.2773 -9.5873 24.2722 -0.0000 8.7320 -10.0000 0 0 0 0 0 0 0 0 0 0 0 0 0 0 0 0 0 0 0 0 0 0 0 0 0 0 0 0 0 0 0 0 0 0 0 0 0 0 0 0 0 0 0 0 0 0 3.5105 22.7328 -21.2927 -0.1862 22.6362 0.0000 34.5373 2.4015 -0.0000 0 0 0 0 0 0 0 0 0 0 0 0 0 0 0 0 0 0 0 0 0 0 0 0 0 0 0 0 0 0 0 0 0 0 0 0 0 0 0 0 0 0
2.6750 4.9247 -101.9169 6.0649 -3.6909 -18.5824 0 0 0 0 0 0 0 0 0 -4.5709 -7.2564 14.4741 0 0 0 0 0 0 0 8.0501 -0.0039 0 0 0 0 0 0 0 0 0 0 0 0 0 0 172.0000 0 0 0 0 0 172.0000 0 0 0 0 0 0 0 0 0 0 0 0 0 0 0 0 0 0 0 0 0 0 0 0 0 0 0 0 0 0 0 0 0 0 0 0 0 0 0 0 0 0 0 0 0 0 0 0 0 0 0 0 0 0 0 0 0 0 0 0 0 0 0 0 0 0 0 0 0 0 0 0 0 0 0 0 -40.0000 172.0000 0 0 0 0 -40.0000 179.0000 0 0 0 0 -35.0000 -176.0000 0 0 0 0 0 0 0 0 0 0 0 113.0000 0 0 0 0 0 -113.0000 0 0 0 0 0 0 0 0 0 0 -5.5542 -172.0000 0 0 172.0000 0 0 0 0 0 0 0 0 0 0 -6.0221 172.0000 0 4.4453 172.0000 0 0 0 0 0 0 0 0 0 -11.2834 0 0 0 0 0 0 0 0 0 0 0 -8.8616 0 0 0 0 0 0 0 0 0 0 0 0 0 0 0 0 0 0 0 0 0 0 0 0 0 0 0 0 0 64.4512 14.5210 11.0190 -10.4466 -5.9020 20.4955 -0.7031 11.4587 3.7577 0 0 0 47.0153 0 2.2486 87.0239 0 0 34.7009 0 0 0 0 0 61.9135 26.2340 -4.2255 83.9520 0 3.4724 40.5883 0 0 0 0 0 0 0 0 61.7462 2.1299 2.0768 79.4614 0 3.2509 29.5231 0 0 0 0 0 0 0 0 67.2474 -21.5427 7.3511 85.0847 0 -5.6220 32.9715 0 0 -12.3500 -40.7999 -22.5949 -1.4998 0.6179 -9.1613 24.1394 -27.1257 -7.0082 33.6516 -30.1326 5.6227 0 0 0 -62.5114 27.6771 -28.0574 13.8640 -4.3815 -65.4633 2.3041 -2.5387 -0.9675 0 0 0 -46.6716 0 -1.3682 -87.4578 0 0 -34.2999 0 0 0 0 0 -61.9840 0 4.7235 -84.3854 0 0 -40.2537 0 0 0 0 0 0 0 0 -62.2174 0 -1.6787 -80.2029 0 0 -28.8996 0 0 0 0 0 0 0 0 -67.0912 0 -6.5280 -85.5345 0 0 -31.3951 0 0 50.5464 -22.0303 1.9755 -39.5289 10.5428 12.4289 -15.5697 33.0109 -4.0702 -34.0702 26.0529 0 0 0 0 5.1288 18.0762 5.5930 -6.9151 21.8154 -0.0000 8.7286 -10.0000 0 0 0 0 0 0 0 0 0 0 0 0 0 0 0 0 0 0 0 0 0 0 0 0 0 0 0 0 0 0 0 0 0 0 0 0 0 0 0 0 0 0 0 0 0 0 -2.4162 26.2754 -14.6546 -2.8961 20.5149 0.0000 34.9659 4.4958 -0.0000 0 0 0 0 0 0 0 0 0 0 0 0 0 0 0 0 0 0 0 0 0 0 0 0 0 0 0 0 0 0 0 0 0 0 0 0 0 0 0 0 0 0
3.1130 3.2414 -102.9279 5.9483 -1.6058 -18.2481 0 0 0 0 0 0 0 0 0 -4.8872 -7.5386 14.2771 0 0 0 0 0 0 0 8.0501 -0.0039 0 0 0 0 0 0 0 0 0 0 0 0 0 0 172.0000 0 0 0 0 0 172.0000 0 0 0 0 0 0 0 0 0 0 0 0 0 0 0 0 0 0 0 0 0 0 0 0 0 0 0 0 0 0 0 0 0 0 0 0 0 0 0 0 0 0 0 0 0 0 0 0 0 0 0 0 0 0 0 0 0 0 0 0 0 0 0 0 0 0 0 0 0 0 0 0 0 0 0 0 -40.0000 172.0000 0 0 0 0 -40.0000 179.0000 0 0 0 0 -35.0000 -176.0000 0 0 0 0 0 0 0 0 0 0 0 113.0000 0 0 0 0 0 -113.0000 0 0 0 0 0 0 0 0 0 0 -6.0528 -172.0000 0 0 172.0000 0 0 0 0 0 0 0 0 0 0 -6.2985 172.0000 0 5.1164 172.0000 0 0 0 0 0 0 0 0 0 -16.6982 0 0 0 0 0 0 0 0 0 0 0 -7.3673 0 0 0 0 0 0 0 0 0 0 0 0 0 0 0 0 0 0 0 0 0 0 0 0 0 0 0 0 0 72.8824 23.2831 5.7137 -8.2243 -3.8408 19.4931 0.2133 10.7983 3.3872 0 0 0 44.9178 0 1.2056 87.1867 0 0 38.1667 0 0 0 0 0 62.5452 26.2340 -4.0067 84.0102 0 3.4724 45.0886 0 0 0 0 0 0 0 0 62.4823 2.1299 2.7438 79.5725 0 3.2509 32.5714 0 0 0 0 0 0 0 0 68.2965 -21.5970 7.4138 85.2470 0 -5.5763 32.7604 0 0 -12.3499 -40.7999 -22.5950 0.2202 -0.2813 -8.7051 21.6302 -30.4717 -5.0796 35.0422 -29.5620 5.3168 0 0 0 -63.6129 36.6321 -37.5684 11.3814 -1.7696 -59.3666 2.3369 -6.9145 0.3999 0 0 0 -44.3573 0 -0.7087 -87.0141 0 0 -37.2771 0 0 0 0 0 -62.2136 0 4.2439 -83.9596 0 0 -44.6217 0 0 0 0 0 0 0 0 -62.5216 0 -2.2897 -79.7985 0 0 -31.4821 0 0 0 0 0 0 0 0 -68.0426 0 -6.5988 -85.4407 0 0 -31.2697 0 0 55.8422 -25.4010 1.1405 -46.8061 11.4312 10.4377 -15.1770 33.4841 -5.2947 -35.4258 26.4296 0 0 0 0 9.7877 18.2624 -0.9796 -4.0664 19.1293 -0.0000 8.6663 -10.0000 0 0 0 0 0 0 0 0 0 0 0 0 0 0 0 0 0 0 0 0 0 0 0 0 0 0 0 0 0 0 0 0 0 0 0 0 0 0 0 0 0 0 0 0 0 0 -7.0610 27.8965 -9.2298 -4.6549 19.4567 0.0000 35.0901 5.3674 -0.0000 0 0 0 0 0 0 0 0 0 0 0 0 0 0 0 0 0 0 0 0 0 0 0 0 0 0 0 0 0 0 0 0 0 0 0 0 0 0 0 0 0 0
3.3108 0.5906 -104.1892 5.6095 0.2153 -17.3763 0 0 0 0 0 0 0 0 0 -4.8615 -7.9049 13.4080 0 0 0 0 0 0 0 8.0501 -0.0039 0 0 0 0 0 0 0 0 0 0 0 0 0 0 172.0000 0 0 0 0 0 172.0000 0 0 0 0 0 0 0 0 0 0 0 0 0 0 0 0 0 0 0 0 0 0 0 0 0 0 0 0 0 0 0 0 0 0 0 0 0 0 0 0 0 0 0 0 0 0 0 0 0 0 0 0 0 0 0 0 0 0 0 0 0 0 0 0 0 0 0 0 0 0 0 0 0 0 0 0 -40.0000 172.0000 0 0 0 0 -40.0000 179.0000 0 0 0 0 -35.0000 -176.0000 0 0 0 0 0 0 0 0 0 0 0 113.0000 0 0 0 0 0 -113.0000 0 0 0 0 0 0 0 0 0 0 -6.6666 -172.0000 0 0 172.0000 0 0 0 0 0 0 0 0 0 0 -6.9098 172.0000 0 6.5021 172.0000 0 0 0 0 0 0 0 0 0 -12.1641 0 0 0 0 0 0 0 0 0 0 0 -3.3990 0 0 0 0 0 0 0 0 0 0 0 0 0 0 0 0 0 0 0 0 0 0 0 0 0 0 0 0 0 78.1548 30.5191 11.5337 -5.0254 -0.3645 21.8415 0.9361 6.7183 1.7970 0 0 0 43.5979 0 0.5033 86.8294 0 0 38.0304 0 0 0 0 0 61.5117 26.2340 -4.1190 83.7489 0 3.4724 45.2548 0 0 0 0 0 0 0 0 61.7253 2.1299 2.5098 79.6333 0 3.2509 32.5519 0 0 0 0 0 0 0 0 67.2073 -21.6340 6.9245 85.2863 0 -5.5597 31.9251 0 0 -12.3500 -40.7999 -22.5949 0.4971 -0.3230 -8.7412 18.3116 -33.3401 -1.5773 35.3503 -27.4908 5.4600 0 0 0 -64.0771 42.8087 -44.3035 9.0476 -0.7086 -51.6417 2.8108 -12.5971 2.1893 0 0 0 -43.3551 0 -0.3612 -86.5946 0 0 -37.5750 0 0 0 0 0 -61.2891 0 4.1464 -83.6133 0 0 -45.0457 0 0 0 0 0 0 0 0 -61.6364 0 -2.3238 -79.5951 0 0 -32.0262 0 0 0 0 0 0 0 0 -67.0286 0 -6.5628 -85.2586 0 0 -31.3796 0 0 54.8750 -26.1271 1.0779 -47.1973 10.8351 9.4899 -15.8982 33.4625 -6.2705 -36.0005 26.3168 0 0 0 0 14.2895 16.7472 -6.6873 -5.2433 16.5152 -0.0000 8.5667 -10.0000 0 0 0 0 0 0 0 0 0 0 0 0 0 0 0 0 0 0 0 0 0 0 0 0 0 0 0 0 0 0 0 0 0 0 0 0 0 0 0 0 0 0 0 0 0 0 -8.7508 27.1916 -5.0131 -4.7268 17.9156 0.0000 35.0641 8.8685 -0.0000 0 0 0 0 0 0 0 0 0 0 0 0 0 0 0 0 0 0 0 0 0 0 0 0 0 0 0 0 0 0 0 0 0 0 0 0 0 0 0 0 0 0
3.0135 -1.0879 -103.4433 5.9310 -0.1420 -17.8207 0 0 0 0 0 0 0 0 0 -5.6619 -7.3224 13.2828 0 0 0 0 0 0 0 8.0501 -0.0039 0 0 0 0 0 0 0 0 0 0 0 0 0 0 172.0000 0 0 0 0 0 172.0000 0 0 0 0 0 0 0 0 0 0 0 0 0 0 0 0 0 0 0 0 0 0 0 0 0 0 0 0 0 0 0 0 0 0 0 0 0 0 0 0 0 0 0 0 0 0 0 0 0 0 0 0 0 0 0 0 0 0 0 0 0 0 0 0 0 0 0 0 0 0 0 0 0 0 0 0 -40.0000 172.0000 0 0 0 0 -40.0000 179.0000 0 0 0 0 -35.0000 -176.0000 0 0 0 0 0 0 0 0 0 0 0 113.0000 0 0 0 0 0 -113.0000 0 0 0 0 0 0 0 0 0 0 -6.9338 -172.0000 0 0 172.0000 0 0 0 0 0 0 0 0 0 0 -7.2710 172.0000 0 7.4116 172.0000 0 0 0 0 0 0 0 0 0 2.0025 0 0 0 0 0 0 0 0 0 0 0 5.2312 0 0 0 0 0 0 0 0 0 0 0 0 0 0 0 0 0 0 0 0 0 0 0 0 0 0 0 0 0 82.7607 29.3630 23.5732 -0.9570 3.9478 25.4165 1.0512 2.9628 0.1085 0 0 0 43.3201 0 0.2739 86.5887 0 0 37.1119 0 0 0 0 0 60.7189 26.2340 -4.2412 83.5729 0 3.4724 44.2761 0 0 0 0 0 0 0 0 61.0788 2.1299 2.2043 79.6442 0 3.2509 31.8071 0 0 0 0 0 0 0 0 66.2906 -21.7107 6.6214 85.2788 0 -5.5079 31.4576 0 0 -12.3500 -40.7999 -22.5949 0.2554 -0.1327 -8.7907 16.8348 -34.4642 0.2429 35.2071 -26.2610 5.3822 0 0 0 -66.1023 47.1772 -43.9507 5.1543 3.3639 -48.6807 2.8881 -14.2812 2.6285 0 0 0 -43.2787 0 -0.3155 -86.4379 0 0 -37.0440 0 0 0 0 0 -60.6605 0 4.2012 -83.5009 0 0 -44.2586 0 0 0 0 0 0 0 0 -61.0143 0 -2.1981 -79.5663 0 0 -31.7429 0 0 0 0 0 0 0 0 -66.1789 0 -6.5311 -85.1666 0 0 -31.4779 0 0 53.0021 -25.7672 1.2399 -45.6853 10.2467 9.3734 -16.4666 33.3361 -6.5808 -36.0310 26.1563 0 0 0 0 16.3820 16.0933 -9.8356 -7.5068 15.4193 -0.0000 8.5682 -10.0000 0 0 0 0 0 0 0 0 0 0 0 0 0 0 0 0 0 0 0 0 0 0 0 0 0 0 0 0 0 0 0 0 0 0 0 0 0 0 0 0 0 0 0 0 0 0 -8.6508 26.6869 -2.6134 -4.1881 16.5521 0.0000 35.0181 11.8280 -0.0000 0 0 0 0 0 0 0 0 0 0 0 0 0 0 0 0 0 0 0 0 0 0 0 0 0 0 0 0 0 0 0 0 0 0 0 0 0 0 0 0 0 0
2.2579 -1.0699 -102.1465 6.1821 -0.6545 -18.3490 0 0 0 0 0 0 0 0 0 -6.0882 -6.6467 13.0199 0 0 0 0 0 0 0 8.0501 -0.0039 0 0 0 0 0 0 0 0 0 0 0 0 0 0 172.0000 0 0 0 0 0 172.0000 0 0 0 0 0 0 0 0 0 0 0 0 0 0 0 0 0 0 0 0 0 0 0 0 0 0 0 0 0 0 0 0 0 0 0 0 0 0 0 0 0 0 0 0 0 0 0 0 0 0 0 0 0 0 0 0 0 0 0 0 0 0 0 0 0 0 0 0 0 0 0 0 0 0 0 0 -40.0000 172.0000 0 0 0 0 -40.0000 179.0000 0 0 0 0 -35.0000 -176.0000 0 0 0 0 0 0 0 0 0 0 0 113.0000 0 0 0 0 0 -113.0000 0 0 0 0 0 0 0 0 0 0 -6.2642 -172.0000 0 0 172.0000 0 0 0 0 0 0 0 0 0 0 -6.5200 172.0000 0 6.4143 172.0000 0 0 0 0 0 0 0 0 0 14.7205 0 0 0 0 0 0 0 0 0 0 0 13.9768 0 0 0 0 0 0 0 0 0 0 0 0 0 0 0 0 0 0 0 0 0 0 0 0 0 0 0 0 0 86.0241 25.3534 28.5985 1.0298 5.5545 27.5490 0.9608 1.6363 -0.5471 0 0 0 37.5514 0 -2.9098 86.1392 0 0 35.6416 0 0 0 0 0 52.1430 28.3590 -7.0420 84.5240 0 2.0012 42.9459 0 0 0 0 0 0 0 0 56.1172 3.3071 -0.9203 81.2447 0 2.1556 31.4948 0 0 0 0 0 0 0 0 60.8750 -21.3061 2.6165 86.0124 0 -5.7053 32.6889 0 0 -16.2430 -44.7171 -22.9626 -7.6807 -0.0047 -9.9976 14.7733 -36.7220 0.5299 32.8489 -28.8960 7.4954 0 0 0 -67.8148 52.0841 -40.4478 0.8687 7.5588 -46.3688 2.4982 -13.0855 2.0245 0 0 0 -43.4648 0 -0.3781 -86.4270 0 0 -36.6429 0 0 0 0 0 -60.4930 0 4.2586 -83.5145 0 0 -43.6685 0 0 0 0 0 0 0 0 -60.8412 0 -2.1120 -79.5972 0 0 -31.4363 0 0 0 0 0 0 0 0 -65.8816 0 -6.5060 -85.1451 0 0 -31.5125 0 0 52.0730 -25.3693 1.3554 -44.6672 10.0388 9.5449 -16.6697 33.2730 -6.5286 -35.9116 26.0841 0 0 0 0 15.3241 18.0467 -9.4268 -7.6581 16.4206 -0.0000 8.7223 -10.0000 0 0 0 0 0 0 0 0 0 0 0 0 0 0 0 0 0 0 0 0 0 0 0 0 0 0 0 0 0 0 0 0 0 0 0 0 0 0 0 0 0 0 0 0 0 0 -7.8906 27.4954 -1.9726 -3.7243 16.7078 0.0000 34.9958 12.5690 -0.0000 0 0 0 0 0 0 0 0 0 0 0 0 0 0 0 0 0 0 0 0 0 0 0 0 0 0 0 0 0 0 0 0 0 0 0 0 0 0 0 0 0 0
0.9629 0.2219 -101.2978 6.0518 -0.6296 -18.1518 0 0 0 0 0 0 0 0 0 -5.8967 -6.2994 12.4603 0 0 0 0 0 0 0 8.0501 -0.0039 0 0 0 0 0 0 0 0 0 0 0 0 0 0 172.0000 0 0 0 0 0 172.0000 0 0 0 0 0 0 0 0 0 0 0 0 0 0 0 0 0 0 0 0 0 0 0 0 0 0 0 0 0 0 0 0 0 0 0 0 0 0 0 0 0 0 0 0 0 0 0 0 0 0 0 0 0 0 0 0 0 0 0 0 0 0 0 0 0 0 0 0 0 0 0 0 0 0 0 0 -40.0000 172.0000 0 0 0 0 -40.0000 179.0000 0 0 0 0 -35.0000 -176.0000 0 0 0 0 0 0 0 0 0 0 0 113.0000 0 0 0 0 0 -113.0000 0 0 0 0 0 0 0 0 0 0 -5.2478 -172.0000 0 0 172.0000 0 0 0 0 0 0 0 0 0 0 -5.3472 172.0000 0 4.6759 172.0000 0 0 0 0 0 0 0 0 0 18.7619 0 0 0 0 0 0 0 0 0 0 0 16.4533 0 0 0 0 0 0 0 0 0 0 0 0 0 0 0 0 0 0 0 0 0 0 0 0 0 0 0 0 0 84.1088 24.9748 26.3716 -0.7855 5.6938 24.7873 0.9774 3.1135 0.2578 0 0 0 22.7145 0 -10.7710 84.6425 0 0 32.5653 0 0 0 0 0 32.4757 32.1313 -12.1273 85.9901 0 -0.6106 40.6452 0 0 0 0 0 0 0 0 42.6676 5.3968 -7.5894 84.5461 0 0.2112 31.4054 0 0 0 0 0 0 0 0 47.0142 -20.4899 -7.2266 87.9377 0 -6.1262 36.0069 0 0 -23.1540 -51.6712 -23.6152 -24.0518 1.5283 -11.3652 12.3147 -40.6665 0.2702 29.2253 -33.6625 11.4027 0 0 0 -66.3545 56.6037 -36.2969 -1.2479 9.7228 -43.5332 1.9703 -10.9090 1.0132 0 0 0 -38.2709 0 2.3720 -85.6165 0 0 -35.0688 0 0 0 0 0 -54.3338 0 4.9067 -83.3862 0 0 -42.4637 0 0 0 0 0 0 0 0 -55.0985 0 -0.2754 -80.3265 0 0 -31.0945 0 0 0 0 0 0 0 0 -60.3146 0 -3.0187 -85.8993 0 0 -32.6315 0 0 45.7321 -24.6793 6.3709 -33.7758 6.9440 8.9308 -17.3440 33.9992 -7.8286 -36.9192 26.0137 0 0 0 0 12.5624 21.5811 -6.6811 -8.1774 17.5263 -0.0000 8.9953 -10.0000 0 0 0 0 0 0 0 0 0 0 0 0 0 0 0 0 0 0 0 0 0 0 0 0 0 0 0 0 0 0 0 0 0 0 0 0 0 0 0 0 0 0 0 0 0 0 -5.9531 28.3614 -3.1671 -2.8077 17.5015 0.0000 34.9485 12.7330 -0.0000 0 0 0 0 0 0 0 0 0 0 0 0 0 0 0 0 0 0 0 0 0 0 0 0 0 0 0 0 0 0 0 0 0 0 0 0 0 0 0 0 0 0
-0.7289 1.9336 -100.5052 5.8410 -0.7254 -18.0801 0 0 0 0 0 0 0 0 0 -5.8204 -5.7671 11.9112 0 0 0 0 0 0 0 8.0501 -0.0039 0 0 0 0 0 0 0 0 0 0 0 0 0 0 172.0000 0 0 0 0 0 172.0000 0 0 0 0 0 0 0 0 0 0 0 0 0 0 0 0 0 0 0 0 0 0 0 0 0 0 0 0 0 0 0 0 0 0 0 0 0 0 0 0 0 0 0 0 0 0 0 0 0 0 0 0 0 0 0 0 0 0 0 0 0 0 0 0 0 0 0 0 0 0 0 0 0 0 0 0 -40.0000 172.0000 0 0 0 0 -40.0000 179.0000 0 0 0 0 -35.0000 -176.0000 0 0 0 0 0 0 0 0 0 0 0 113.0000 0 0 0 0 0 -113.0000 0 0 0 0 0 0 0 0 0 0 -4.7442 -172.0000 0 0 172.0000 0 0 0 0 0 0 0 0 0 0 -4.7645 172.0000 0 3.7901 172.0000 0 0 0 0 0 0 0 0 0 17.8152 0 0 0 0 0 0 0 0 0 0 0 15.6718 0 0 0 0 0 0 0 0 0 0 0 0 0 0 0 0 0 0 0 0 0 0 0 0 0 0 0 0 0 77.4123 23.5220 23.2761 -5.9050 4.1174 21.8875 0.7172 7.3477 2.2118 0 0 0 10.1242 0 -17.2850 82.5108 0 0 29.0381 0 0 0 0 0 18.2597 33.0790 -13.1072 85.3458 0 -1.2667 38.1651 0 0 0 0 0 0 0 0 28.6917 5.9218 -11.6098 86.0067 0 -0.2773 30.8403 0 0 0 0 0 0 0 0 33.6515 -20.2886 -15.3794 89.6796 0 -6.2369 38.6906 0 0 -24.8902 -53.4182 -23.7792 -32.0151 5.5694 -9.3993 14.4344 -41.6089 0.0079 29.7403 -32.9232 12.4498 0 0 0 -64.2783 58.5658 -27.7376 1.9060 7.0732 -38.7785 1.4151 -5.8513 -0.8496 0 0 0 -24.3351 0 9.6844 -83.4530 0 0 -31.2828 0 0 0 0 0 -38.1414 0 6.5461 -82.9760 0 0 -39.8024 0 0 0 0 0 0 0 0 -40.0084 0 4.4696 -82.1775 0 0 -30.5165 0 0 0 0 0 0 0 0 -45.7876 0 6.0580 -87.8730 0 0 -35.5593 0 0 29.5930 -23.2873 19.4196 -5.9844 -1.2072 6.9394 -19.0747 35.9075 -11.5074 -39.7511 25.8587 0 0 0 0 7.4623 25.0842 -0.6901 -9.4326 17.3966 -0.0000 9.4253 -10.0000 0 0 0 0 0 0 0 0 0 0 0 0 0 0 0 0 0 0 0 0 0 0 0 0 0 0 0 0 0 0 0 0 0 0 0 0 0 0 0 0 0 0 0 0 0 0 -1.1726 27.7596 -7.5834 -0.2122 19.1730 0.0000 34.8801 13.4381 -0.0000 0 0 0 0 0 0 0 0 0 0 0 0 0 0 0 0 0 0 0 0 0 0 0 0 0 0 0 0 0 0 0 0 0 0 0 0 0 0 0 0 0 0
-2.3120 3.1633 -100.6014 5.5411 -0.6225 -18.0612 0 0 0 0 0 0 0 0 0 -5.8245 -5.3947 11.5440 0 0 0 0 0 0 0 8.0501 -0.0039 0 0 0 0 0 0 0 0 0 0 0 0 0 0 172.0000 0 0 0 0 0 172.0000 0 0 0 0 0 0 0 0 0 0 0 0 0 0 0 0 0 0 0 0 0 0 0 0 0 0 0 0 0 0 0 0 0 0 0 0 0 0 0 0 0 0 0 0 0 0 0 0 0 0 0 0 0 0 0 0 0 0 0 0 0 0 0 0 0 0 0 0 0 0 0 0 0 0 0 0 -40.0000 172.0000 0 0 0 0 -40.0000 179.0000 0 0 0 0 -35.0000 -176.0000 0 0 0 0 0 0 0 0 0 0 0 113.0000 0 0 0 0 0 -113.0000 0 0 0 0 0 0 0 0 0 0 -4.8822 -172.0000 0 0 172.0000 0 0 0 0 0 0 0 0 0 0 -4.8780 172.0000 0 3.9332 172.0000 0 0 0 0 0 0 0 0 0 16.3296 0 0 0 0 0 0 0 0 0 0 0 14.8932 0 0 0 0 0 0 0 0 0 0 0 0 0 0 0 0 0 0 0 0 0 0 0 0 0 0 0 0 0 68.6900 15.2943 23.2759 -8.5751 1.5765 22.0064 -0.3671 12.9170 4.7145 0 0 0 6.5326 0 -19.0277 81.1236 0 0 27.0697 0 0 0 0 0 16.2973 32.2811 -10.3660 83.4324 0 -0.7143 36.8352 0 0 0 0 0 0 0 0 22.2148 5.4798 -11.3219 85.2138 0 0.1340 30.1465 0 0 0 0 0 0 0 0 28.2770 -20.5348 -17.5471 90.2971 0 -6.1238 39.3577 0 0 -23.4284 -51.9473 -23.6411 -28.7487 9.3140 -5.8976 19.1072 -39.7158 -0.1246 33.1262 -28.3567 11.6827 0 0 0 -64.0827 51.2551 -12.8364 8.7471 -0.1917 -28.7377 1.1614 2.6263 -3.7353 0 0 0 -11.5746 0 16.3144 -81.4677 0 0 -27.8600 0 0 0 0 0 -23.3732 0 8.0327 -82.5887 0 0 -37.4134 0 0 0 0 0 0 0 0 -26.2450 0 8.7843 -83.8533 0 0 -30.0204 0 0 0 0 0 0 0 0 -32.5374 0 14.2998 -89.6666 0 0 -38.2271 0 0 14.8930 -22.0600 31.2895 19.2759 -8.7113 5.0155 -20.6815 37.6246 -14.9425 -42.3546 25.7151 0 0 0 0 0.8841 27.1335 6.8806 -10.0863 16.9825 -0.0000 9.8689 -10.0000 0 0 0 0 0 0 0 0 0 0 0 0 0 0 0 0 0 0 0 0 0 0 0 0 0 0 0 0 0 0 0 0 0 0 0 0 0 0 0 0 0 0 0 0 0 0 5.2918 25.7957 -13.4388 3.5213 21.8514 0.0000 34.8935 15.0390 -0.0000 0 0 0 0 0 0 0 0 0 0 0 0 0 0 0 0 0 0 0 0 0 0 0 0 0 0 0 0 0 0 0 0 0 0 0 0 0 0 0 0 0 0
-3.5412 3.3947 -101.4252 5.0567 -0.5197 -17.9773 0 0 0 0 0 0 0 0 0 -5.0263 -4.8616 10.9222 0 0 0 0 0 0 0 8.0501 -0.0039 0 0 0 0 0 0 0 0 0 0 0 0 0 0 172.0000 0 0 0 0 0 172.0000 0 0 0 0 0 0 0 0 0 0 0 0 0 0 0 0 0 0 0 0 0 0 0 0 0 0 0 0 0 0 0 0 0 0 0 0 0 0 0 0 0 0 0 0 0 0 0 0 0 0 0 0 0 0 0 0 0 0 0 0 0 0 0 0 0 0 0 0 0 0 0 0 0 0 0 0 -40.0000 172.0000 0 0 0 0 -40.0000 179.0000 0 0 0 0 -35.0000 -176.0000 0 0 0 0 0 0 0 0 0 0 0 113.0000 0 0 0 0 0 -113.0000 0 0 0 0 0 0 0 0 0 0 -5.1239 -172.0000 0 0 172.0000 0 0 0 0 0 0 0 0 0 0 -5.1239 172.0000 0 4.3106 172.0000 0 0 0 0 0 0 0 0 0 15.7223 0 0 0 0 0 0 0 0 0 0 0 14.7695 0 0 0 0 0 0 0 0 0 0 0 0 0 0 0 0 0 0 0 0 0 0 0 0 0 0 0 0 0 56.4690 3.0498 22.9019 -10.4716 -2.1252 25.9550 -1.8852 16.5094 6.5209 0 0 0 13.2276 0 -15.0838 81.5955 0 0 27.8668 0 0 0 0 0 22.6103 32.1692 -7.1474 83.1345 0 -0.6732 37.2000 0 0 0 0 0 0 0 0 26.1649 5.1877 -8.8921 84.1350 0 0.1173 30.3858 0 0 0 0 0 0 0 0 31.7208 -20.6010 -14.8123 89.2273 0 -6.1609 39.6375 0 0 -23.4878 -52.0070 -23.6467 -20.9581 11.0656 -5.0759 21.6387 -33.6349 -0.3616 35.1023 -25.5534 11.6267 0 0 0 -59.9756 39.1411 -0.2263 11.5819 -4.5884 -17.3920 1.3977 9.5788 -6.1676 0 0 0 -4.3790 0 14.3813 -69.5706 0 0 -22.5564 0 0 0 0 0 -13.4775 0 7.2126 -72.1578 0 0 -30.8375 0 0 0 0 0 0 0 0 -16.4770 0 10.3835 -72.0184 0 0 -25.8215 0 0 0 0 0 0 0 0 -22.7864 0 18.6526 -78.0166 0 0 -36.3705 0 0 11.0250 -18.9103 31.6951 27.0949 -11.3462 4.3304 -20.6784 38.2057 -17.3290 -42.1824 25.6941 0 0 0 0 -3.5460 27.6658 12.0056 -10.0112 16.7610 -0.0000 10.3218 -10.0000 0 0 0 0 0 0 0 0 0 0 0 0 0 0 0 0 0 0 0 0 0 0 0 0 0 0 0 0 0 0 0 0 0 0 0 0 0 0 0 0 0 0 0 0 0 0 9.6450 22.9995 -18.9582 6.6736 26.6381 0.0000 34.9628 18.2952 -0.0000 0 0 0 0 0 0 0 0 0 0 0 0 0 0 0 0 0 0 0 0 0 0 0 0 0 0 0 0 0 0 0 0 0 0 0 0 0 0 0 0 0 0
-4.4350 2.8118 -101.5012 4.7234 -1.0521 -18.3999 0 0 0 0 0 0 0 0 0 -3.3858 -3.4954 9.4436 0 0 0 0 0 0 0 8.0501 -0.0039 0 0 0 0 0 0 0 0 0 0 0 0 0 0 172.0000 0 0 0 0 0 172.0000 0 0 0 0 0 0 0 0 0 0 0 0 0 0 0 0 0 0 0 0 0 0 0 0 0 0 0 0 0 0 0 0 0 0 0 0 0 0 0 0 0 0 0 0 0 0 0 0 0 0 0 0 0 0 0 0 0 0 0 0 0 0 0 0 0 0 0 0 0 0 0 0 0 0 0 0 -40.0000 172.0000 0 0 0 0 -40.0000 179.0000 0 0 0 0 -35.0000 -176.0000 0 0 0 0 0 0 0 0 0 0 0 113.0000 0 0 0 0 0 -113.0000 0 0 0 0 0 0 0 0 0 0 -4.8761 -172.0000 0 0 172.0000 0 0 0 0 0 0 0 0 0 0 -4.9067 172.0000 0 4.0642 172.0000 0 0 0 0 0 0 0 0 0 15.7398 0 0 0 0 0 0 0 0 0 0 0 14.8684 0 0 0 0 0 0 0 0 0 0 0 0 0 0 0 0 0 0 0 0 0 0 0 0 0 0 0 0 0 39.7631 -9.4879 18.0275 -18.1180 -11.3050 33.2822 -2.7225 16.2307 6.6175 0 0 0 23.0463 0 -3.6454 74.1030 0 0 25.8632 0 0 0 0 0 28.1963 32.0296 -2.3403 75.8748 0 -0.6411 32.7754 0 0 0 0 0 0 0 0 32.0456 4.7019 -5.4709 73.1201 0 0.0573 27.0687 0 0 0 0 0 0 0 0 34.1252 -20.5656 -11.4566 75.4666 0 -6.2778 36.8765 0 0 -23.7011 -52.2217 -23.6669 -13.1282 14.4123 -6.7272 22.0321 -21.9152 -0.6945 32.1600 -24.7141 11.5528 0 0 0 -50.0112 38.4914 4.3962 8.6441 -3.4475 -10.3287 1.4368 11.7494 -7.0288 0 0 0 2.2808 0 3.8132 -41.8376 0 0 -11.7766 0 0 0 0 0 -1.6680 0 4.4917 -46.5569 0 0 -15.8652 0 0 0 0 0 0 0 0 -4.9372 0 10.4661 -40.9209 0 0 -14.8156 0 0 0 0 0 0 0 0 -9.6227 0 22.2163 -45.7088 0 0 -28.2457 0 0 11.9844 -14.0502 21.3709 24.8639 -13.3063 5.3775 -19.4437 34.2962 -17.9097 -35.7132 25.7140 0 0 0 0 -5.0744 27.8969 14.2822 -9.4737 16.4384 -0.0000 10.9433 -10.0000 0 0 0 0 0 0 0 0 0 0 0 0 0 0 0 0 0 0 0 0 0 0 0 0 0 0 0 0 0 0 0 0 0 0 0 0 0 0 0 0 0 0 0 0 0 0 10.8714 21.3201 -23.4778 8.9067 31.7321 0.0000 35.0025 23.3746 -0.0000 0 0 0 0 0 0 0 0 0 0 0 0 0 0 0 0 0 0 0 0 0 0 0 0 0 0 0 0 0 0 0 0 0 0 0 0 0 0 0 0 0 0
-4.8703 2.1747 -100.7875 4.9788 -1.3897 -19.0769 0 0 0 0 0 0 0 0 0 -1.9882 -2.1131 7.9555 0 0 0 0 0 0 0 8.0501 -0.0039 0 0 0 0 0 0 0 0 0 0 0 0 0 0 172.0000 0 0 0 0 0 172.0000 0 0 0 0 0 0 0 0 0 0 0 0 0 0 0 0 0 0 0 0 0 0 0 0 0 0 0 0 0 0 0 0 0 0 0 0 0 0 0 0 0 0 0 0 0 0 0 0 0 0 0 0 0 0 0 0 0 0 0 0 0 0 0 0 0 0 0 0 0 0 0 0 0 0 0 0 -40.0000 172.0000 0 0 0 0 -40.0000 179.0000 0 0 0 0 -35.0000 -176.0000 0 0 0 0 0 0 0 0 0 0 0 113.0000 0 0 0 0 0 -113.0000 0 0 0 0 0 0 0 0 0 0 -4.4217 -172.0000 0 0 172.0000 0 0 0 0 0 0 0 0 0 0 -4.5485 172.0000 0 3.5855 172.0000 0 0 0 0 0 0 0 0 0 15.7527 0 0 0 0 0 0 0 0 0 0 0 15.4518 0 0 0 0 0 0 0 0 0 0 0 0 0 0 0 0 0 0 0 0 0 0 0 0 0 0 0 0 0 30.3730 -14.6979 15.3604 -23.4779 -17.5365 38.8251 -2.5282 13.6831 5.5887 0 0 0 19.6245 0 9.4735 50.7379 0 0 14.9766 0 0 0 0 0 20.2041 31.9341 2.9582 54.1724 0 -0.5912 18.2222 0 0 0 0 0 0 0 0 24.6697 4.5464 -3.8206 46.1825 0 0.0733 16.0876 0 0 0 0 0 0 0 0 22.2588 -20.5988 -14.0104 44.4203 0 -6.3387 28.0147 0 0 -23.6439 -52.1642 -23.6615 -13.2572 21.1704 -7.7025 21.4805 -13.2093 -0.6093 23.1125 -24.9970 11.5540 0 0 0 -42.6719 44.9249 4.0512 5.7676 -1.5828 -8.6619 0.9823 10.3514 -6.5373 0 0 0 5.7550 0 -7.3691 -20.1095 0 0 -2.0125 0 0 0 0 0 6.1548 0 1.6554 -26.2718 0 0 -2.5962 0 0 0 0 0 0 0 0 1.6755 0 9.4342 -15.6824 0 0 -4.3723 0 0 0 0 0 0 0 0 0.9604 0 24.2737 -16.4823 0 0 -19.6505 0 0 8.7120 -12.4176 9.5921 22.5568 -18.9829 7.4671 -19.0230 24.0601 -14.4599 -23.6143 25.6169 0 0 0 0 -5.1718 28.3812 14.5767 -9.1821 16.2410 -0.0000 11.4711 -10.0000 0 0 0 0 0 0 0 0 0 0 0 0 0 0 0 0 0 0 0 0 0 0 0 0 0 0 0 0 0 0 0 0 0 0 0 0 0 0 0 0 0 0 0 0 0 0 9.6747 23.2057 -23.1604 8.2515 30.4591 0.0000 35.0105 27.0867 -0.0000 0 0 0 0 0 0 0 0 0 0 0 0 0 0 0 0 0 0 0 0 0 0 0 0 0 0 0 0 0 0 0 0 0 0 0 0 0 0 0 0 0 0
-4.9968 1.9323 -100.3073 5.5804 -1.0430 -19.3710 0 0 0 0 0 0 0 0 0 -1.6816 -1.6048 7.6041 0 0 0 0 0 0 0 8.0501 -0.0039 0 0 0 0 0 0 0 0 0 0 0 0 0 0 172.0000 0 0 0 0 0 172.0000 0 0 0 0 0 0 0 0 0 0 0 0 0 0 0 0 0 0 0 0 0 0 0 0 0 0 0 0 0 0 0 0 0 0 0 0 0 0 0 0 0 0 0 0 0 0 0 0 0 0 0 0 0 0 0 0 0 0 0 0 0 0 0 0 0 0 0 0 0 0 0 0 0 0 0 0 -40.0000 172.0000 0 0 0 0 -40.0000 179.0000 0 0 0 0 -35.0000 -176.0000 0 0 0 0 0 0 0 0 0 0 0 113.0000 0 0 0 0 0 -113.0000 0 0 0 0 0 0 0 0 0 0 -4.3090 -172.0000 0 0 172.0000 0 0 0 0 0 0 0 0 0 0 -4.5949 172.0000 0 3.5939 172.0000 0 0 0 0 0 0 0 0 0 10.7330 0 0 0 0 0 0 0 0 0 0 0 13.1497 0 0 0 0 0 0 0 0 0 0 0 0 0 0 0 0 0 0 0 0 0 0 0 0 0 0 0 0 0 32.0764 -14.6717 16.1952 -24.3020 -18.3722 41.1644 -1.8417 10.4889 4.3258 0 0 0 8.2715 0 16.6553 28.3680 0 0 3.3952 0 0 0 0 0 6.8787 31.9772 5.9927 33.4552 0 -0.6074 4.1026 0 0 0 0 0 0 0 0 11.3411 4.6567 -4.2056 22.0590 0 0.0790 5.3745 0 0 0 0 0 0 0 0 6.3373 -20.6968 -19.4446 17.6192 0 -6.3700 19.3857 0 0 -23.6237 -52.1438 -23.6596 -18.4089 26.9721 -7.3335 21.0263 -11.3410 -0.2417 14.7933 -25.5140 11.6955 0 0 0 -42.1824 46.6325 2.0333 5.7685 -1.4872 -10.2076 0.5107 7.0119 -5.1028 0 0 0 3.0853 0 -14.9763 -16.3076 0 0 1.5020 0 0 0 0 0 4.7716 0 -1.9685 -22.5327 0 0 1.6935 0 0 0 0 0 0 0 0 -0.3214 0 7.2489 -10.2588 0 0 -0.7298 0 0 0 0 0 0 0 0 3.0419 0 23.6472 -6.9445 0 0 -16.0340 0 0 2.8607 -12.5350 2.1026 21.9195 -25.4693 8.2744 -19.9327 14.7972 -10.4150 -14.1936 25.4511 0 0 0 0 -4.2677 28.9636 12.9052 -8.8699 15.9275 -0.0000 11.5940 -10.0000 0 0 0 0 0 0 0 0 0 0 0 0 0 0 0 0 0 0 0 0 0 0 0 0 0 0 0 0 0 0 0 0 0 0 0 0 0 0 0 0 0 0 0 0 0 0 5.1772 26.8754 -17.6917 2.7707 23.3578 0.0000 30.1928 21.8981 -0.0000 0 0 0 0 0 0 0 0 0 0 0 0 0 0 0 0 0 0 0 0 0 0 0 0 0 0 0 0 0 0 0 0 0 0 0 0 0 0 0 0 0 0
-5.0041 1.9343 -101.8400 6.2549 -0.5700 -19.1111 0 0 0 0 0 0 0 0 0 -2.8270 -1.4084 8.7702 0 0 0 0 0 0 0 8.0501 -0.0039 0 0 0 0 0 0 0 0 0 0 0 0 0 0 172.0000 0 0 0 0 0 172.0000 0 0 0 0 0 0 0 0 0 0 0 0 0 0 0 0 0 0 0 0 0 0 0 0 0 0 0 0 0 0 0 0 0 0 0 0 0 0 0 0 0 0 0 0 0 0 0 0 0 0 0 0 0 0 0 0 0 0 0 0 0 0 0 0 0 0 0 0 0 0 0 0 0 0 0 0 -40.0000 172.0000 0 0 0 0 -40.0000 179.0000 0 0 0 0 -35.0000 -176.0000 0 0 0 0 0 0 0 0 0 0 0 113.0000 0 0 0 0 0 -113.0000 0 0 0 0 0 0 0 0 0 0 -4.7235 -172.0000 0 0 172.0000 0 0 0 0 0 0 0 0 0 0 -5.0079 172.0000 0 3.9175 172.0000 0 0 0 0 0 0 0 0 0 -1.9529 0 0 0 0 0 0 0 0 0 0 0 3.3984 0 0 0 0 0 0 0 0 0 0 0 0 0 0 0 0 0 0 0 0 0 0 0 0 0 0 0 0 0 36.9328 -10.4137 14.4705 -29.8247 -21.6585 49.2393 -1.2615 4.1398 2.0985 0 0 0 1.9850 0 17.8687 20.0717 0 0 -1.1703 0 0 0 0 0 0.5357 31.9823 6.6009 25.8237 0 -0.6115 -1.1557 0 0 0 0 0 0 0 0 4.8479 4.6560 -4.8411 13.5735 0 0.0752 1.3702 0 0 0 0 0 0 0 0 -0.7275 -20.7265 -22.1671 8.4401 0 -6.3908 16.1643 0 0 -23.6371 -52.1573 -23.6608 -21.6206 28.9479 -6.9814 20.8930 -12.1312 -0.0188 11.7800 -25.6851 11.7439 0 0 0 -45.5977 44.9049 -0.8878 9.6515 -2.7494 -17.5940 1.0547 1.5168 -2.6215 0 0 0 -1.0197 0 -17.9736 -19.9177 0 0 1.1720 0 0 0 0 0 0.3530 0 -5.2142 -25.7571 0 0 0.9939 0 0 0 0 0 0 0 0 -4.3470 0 5.3790 -13.5875 0 0 -1.3059 0 0 0 0 0 0 0 0 0.9970 0 22.2383 -8.5028 0 0 -16.0965 0 0 -0.3202 -11.8589 -1.0020 21.5614 -28.6449 7.7554 -20.8464 11.4653 -8.9704 -11.2848 25.3532 0 0 0 0 -2.4468 28.2606 9.5946 -7.4605 14.7744 -0.0000 11.3094 -10.0000 0 0 0 0 0 0 0 0 0 0 0 0 0 0 0 0 0 0 0 0 0 0 0 0 0 0 0 0 0 0 0 0 0 0 0 0 0 0 0 0 0 0 0 0 0 0 -4.3666 28.1382 -14.3425 -2.7416 15.5532 0.0000 17.1867 6.3816 -0.0000 0 0 0 0 0 0 0 0 0 0 0 0 0 0 0 0 0 0 0 0 0 0 0 0 0 0 0 0 0 0 0 0 0 0 0 0 0 0 0 0 0 0
-4.4955 1.3736 -107.3774 7.3709 0.9321 -17.2108 0 0 0 0 0 0 0 0 0 -4.9695 -2.3595 12.2821 0 0 0 0 0 0 0 8.0501 -0.0039 0 0 0 0 0 0 0 0 0 0 0 0 0 0 172.0000 0 0 0 0 0 172.0000 0 0 0 0 0 0 0 0 0 0 0 0 0 0 0 0 0 0 0 0 0 0 0 0 0 0 0 0 0 0 0 0 0 0 0 0 0 0 0 0 0 0 0 0 0 0 0 0 0 0 0 0 0 0 0 0 0 0 0 0 0 0 0 0 0 0 0 0 0 0 0 0 0 0 0 0 -40.0000 172.0000 0 0 0 0 -40.0000 179.0000 0 0 0 0 -35.0000 -176.0000 0 0 0 0 0 0 0 0 0 0 0 113.0000 0 0 0 0 0 -113.0000 0 0 0 0 0 0 0 0 0 0 -5.0102 -172.0000 0 0 172.0000 0 0 0 0 0 0 0 0 0 0 -5.2097 172.0000 0 3.8824 172.0000 0 0 0 0 0 0 0 0 0 -13.3129 0 0 0 0 0 0 0 0 0 0 0 -8.8793 0 0 0 0 0 0 0 0 0 0 0 0 0 0 0 0 0 0 0 0 0 0 0 0 0 0 0 0 0 41.6051 9.4777 19.7443 -34.8412 -20.2848 67.6619 -1.2755 -6.2821 -1.5216 0 0 0 0.7989 0 16.8562 20.2707 0 0 -1.2175 0 0 0 0 0 -0.1948 31.9745 6.2486 26.0712 0 -0.6081 -1.0225 0 0 0 0 0 0 0 0 4.0251 4.6390 -5.1427 14.1103 0 0.0752 1.4622 0 0 0 0 0 0 0 0 -1.3057 -20.7425 -22.5097 9.1753 0 -6.3986 16.2410 0 0 -23.6372 -52.1574 -23.6608 -22.4181 28.7839 -6.9451 20.9120 -13.0184 0.0464 11.8776 -25.6187 11.7653 0 0 0 -52.7174 41.9546 -6.6765 17.0370 -6.4714 -33.1417 3.2759 -6.1789 0.7530 0 0 0 -2.8958 0 -17.3080 -23.0706 0 0 0.0413 0 0 0 0 0 -2.0549 0 -6.3560 -28.6557 0 0 -0.4713 0 0 0 0 0 0 0 0 -6.3637 0 4.7447 -16.9558 0 0 -2.5390 0 0 0 0 0 0 0 0 -0.7590 0 21.4971 -11.7612 0 0 -17.0048 0 0 -0.8863 -11.4113 -1.1269 21.5126 -28.9824 7.3120 -21.1490 11.6236 -8.9879 -11.7451 25.3328 0 0 0 0 -0.9570 22.7156 3.9569 -5.0292 14.9592 -0.0000 7.8876 -10.0000 0 0 0 0 0 0 0 0 0 0 0 0 0 0 0 0 0 0 0 0 0 0 0 0 0 0 0 0 0 0 0 0 0 0 0 0 0 0 0 0 0 0 0 0 0 0 -17.4476 22.1258 -17.0058 -4.8798 11.3370 0.0000 4.5707 -7.5086 -0.0000 0 0 0 0 0 0 0 0 0 0 0 0 0 0 0 0 0 0 0 0 0 0 0 0 0 0 0 0 0 0 0 0 0 0 0 0 0 0 0 0 0 0
-3.5348 -0.3880 -114.0513 8.6986 3.7370 -13.7765 0 0 0 0 0 0 0 0 0 -7.2325 -5.7731 17.6479 0 0 0 0 0 0 0 8.0501 -0.0039 0 0 0 0 0 0 0 0 0 0 0 0 0 0 172.0000 0 0 0 0 0 172.0000 0 0 0 0 0 0 0 0 0 0 0 0 0 0 0 0 0 0 0 0 0 0 0 0 0 0 0 0 0 0 0 0 0 0 0 0 0 0 0 0 0 0 0 0 0 0 0 0 0 0 0 0 0 0 0 0 0 0 0 0 0 0 0 0 0 0 0 0 0 0 0 0 0 0 0 0 -40.0000 172.0000 0 0 0 0 -40.0000 179.0000 0 0 0 0 -35.0000 -176.0000 0 0 0 0 0 0 0 0 0 0 0 113.0000 0 0 0 0 0 -113.0000 0 0 0 0 0 0 0 0 0 0 -4.3306 -172.0000 0 0 172.0000 0 0 0 0 0 0 0 0 0 0 -4.7852 172.0000 0 3.2699 172.0000 0 0 0 0 0 0 0 0 0 -17.2796 0 0 0 0 0 0 0 0 0 0 0 -11.6639 0 0 0 0 0 0 0 0 0 0 0 0 0 0 0 0 0 0 0 0 0 0 0 0 0 0 0 0 0 41.5287 32.8117 35.5784 -32.0508 -12.4746 84.0504 -1.7995 -14.7774 -4.6120 0 0 0 13.3291 0 13.2711 31.2425 0 0 3.2129 0 0 0 0 0 12.7134 31.9698 5.1184 36.5243 0 -0.5986 4.9579 0 0 0 0 0 0 0 0 16.0430 4.6347 -4.3920 26.2184 0 0.0872 6.3762 0 0 0 0 0 0 0 0 12.2664 -20.7860 -20.4078 22.7826 0 -6.4035 19.2864 0 0 -23.6351 -52.1553 -23.6606 -18.7315 27.3963 -11.3309 21.8180 -11.3408 -0.0017 16.0378 -25.3287 11.7866 0 0 0 -64.8767 37.5225 -14.4121 22.2865 -12.5813 -45.2816 5.6607 -12.4817 3.4603 0 0 0 -3.1184 0 -16.1629 -24.1600 0 0 -0.5808 0 0 0 0 0 -2.4860 0 -6.2839 -29.6783 0 0 -1.2118 0 0 0 0 0 0 0 0 -6.6466 0 4.8008 -18.2446 0 0 -3.1652 0 0 0 0 0 0 0 0 -1.3546 0 21.3631 -13.4100 0 0 -17.5529 0 0 -0.4727 -11.2963 -0.4580 21.5030 -28.4198 7.1703 -21.1199 12.5856 -9.3490 -12.7296 25.3438 0 0 0 0 -0.9565 12.8546 -3.1537 -2.5408 18.6406 -0.0000 -0.2326 -10.0000 0 0 0 0 0 0 0 0 0 0 0 0 0 0 0 0 0 0 0 0 0 0 0 0 0 0 0 0 0 0 0 0 0 0 0 0 0 0 0 0 0 0 0 0 0 0 -27.2369 12.2538 -21.6001 -6.3772 10.1710 0.0000 -0.6868 -12.3931 -0.0000 0 0 0 0 0 0 0 0 0 0 0 0 0 0 0 0 0 0 0 0 0 0 0 0 0 0 0 0 0 0 0 0 0 0 0 0 0 0 0 0 0 0
-3.1948 -2.1070 -116.5462 9.1127 5.4407 -12.0060 0 0 0 0 0 0 0 0 0 -9.2084 -8.3145 21.4720 0 0 0 0 0 0 0 8.0501 -0.0039 0 0 0 0 0 0 0 0 0 0 0 0 0 0 172.0000 0 0 0 0 0 172.0000 0 0 0 0 0 0 0 0 0 0 0 0 0 0 0 0 0 0 0 0 0 0 0 0 0 0 0 0 0 0 0 0 0 0 0 0 0 0 0 0 0 0 0 0 0 0 0 0 0 0 0 0 0 0 0 0 0 0 0 0 0 0 0 0 0 0 0 0 0 0 0 0 0 0 0 0 -40.0000 172.0000 0 0 0 0 -40.0000 179.0000 0 0 0 0 -35.0000 -176.0000 0 0 0 0 0 0 0 0 0 0 0 113.0000 0 0 0 0 0 -113.0000 0 0 0 0 0 0 0 0 0 0 -3.5756 -172.0000 0 0 172.0000 0 0 0 0 0 0 0 0 0 0 -4.4898 172.0000 0 2.8792 172.0000 0 0 0 0 0 0 0 0 0 -17.0071 0 0 0 0 0 0 0 0 0 0 0 -6.6418 0 0 0 0 0 0 0 0 0 0 0 0 0 0 0 0 0 0 0 0 0 0 0 0 0 0 0 0 0 40.3248 43.1958 46.3992 -26.4440 -6.3065 89.7064 -2.0207 -16.5898 -5.4972 0 0 0 44.8542 0 5.8924 55.6992 0 0 12.6947 0 0 0 0 0 44.5622 31.9608 2.9659 59.8682 0 -0.5820 17.8972 0 0 0 0 0 0 0 0 45.6205 4.6218 -2.2922 53.0581 0 0.1074 17.1860 0 0 0 0 0 0 0 0 45.2623 -20.7893 -15.7169 52.9154 0 -6.3931 25.6007 0 0 -23.6356 -52.1558 -23.6607 -9.5658 24.9541 -22.7351 24.2883 -5.8754 -0.2918 25.3970 -24.7023 11.7026 0 0 0 -74.8948 33.4574 -19.5211 22.9487 -15.2334 -47.5109 6.2240 -13.5173 3.8928 0 0 0 -14.5813 0 -12.9330 -32.9308 0 0 -4.0554 0 0 0 0 0 -14.0056 0 -5.1939 -38.0710 0 0 -5.9475 0 0 0 0 0 0 0 0 -17.2962 0 4.2113 -27.9580 0 0 -7.1471 0 0 0 0 0 0 0 0 -13.5293 0 19.8184 -24.5901 0 0 -19.8950 0 0 -0.0801 -14.9565 8.8233 9.1888 -27.1186 11.4129 -21.8964 11.1996 -8.8415 -17.7618 25.1579 0 0 0 0 -0.6340 7.6256 -7.7364 -1.3307 20.8576 -0.0000 -6.2058 -10.0000 0 0 0 0 0 0 0 0 0 0 0 0 0 0 0 0 0 0 0 0 0 0 0 0 0 0 0 0 0 0 0 0 0 0 0 0 0 0 0 0 0 0 0 0 0 0 -29.4059 7.9670 -24.8498 -7.2529 9.2671 0.0000 -1.1972 -12.0832 -0.0000 0 0 0 0 0 0 0 0 0 0 0 0 0 0 0 0 0 0 0 0 0 0 0 0 0 0 0 0 0 0 0 0 0 0 0 0 0 0 0 0 0 0
-3.7917 -2.2953 -115.4895 8.4426 4.9670 -12.7518 0 0 0 0 0 0 0 0 0 -10.4455 -8.1232 22.3886 0 0 0 0 0 0 0 8.0501 -0.0039 0 0 0 0 0 0 0 0 0 0 0 0 0 0 172.0000 0 0 0 0 0 172.0000 0 0 0 0 0 0 0 0 0 0 0 0 0 0 0 0 0 0 0 0 0 0 0 0 0 0 0 0 0 0 0 0 0 0 0 0 0 0 0 0 0 0 0 0 0 0 0 0 0 0 0 0 0 0 0 0 0 0 0 0 0 0 0 0 0 0 0 0 0 0 0 0 0 0 0 0 -40.0000 172.0000 0 0 0 0 -40.0000 179.0000 0 0 0 0 -35.0000 -176.0000 0 0 0 0 0 0 0 0 0 0 0 113.0000 0 0 0 0 0 -113.0000 0 0 0 0 0 0 0 0 0 0 -3.6608 -172.0000 0 0 172.0000 0 0 0 0 0 0 0 0 0 0 -4.7587 172.0000 0 3.0436 172.0000 0 0 0 0 0 0 0 0 0 -16.2168 0 0 0 0 0 0 0 0 0 0 0 -3.7482 0 0 0 0 0 0 0 0 0 0 0 0 0 0 0 0 0 0 0 0 0 0 0 0 0 0 0 0 0 41.7233 44.5987 46.4877 -23.3650 -5.7355 83.2086 -1.4630 -12.4202 -4.2881 0 0 0 73.1279 0 -0.5219 77.0744 0 0 20.8697 0 0 0 0 0 73.0376 31.9579 1.1267 80.2787 0 -0.5775 29.1082 0 0 0 0 0 0 0 0 72.0261 4.6171 -0.4019 76.5056 0 0.1125 26.5946 0 0 0 0 0 0 0 0 74.6730 -20.7735 -11.6653 79.2510 0 -6.3838 31.0024 0 0 -23.6358 -52.1560 -23.6607 -1.4295 22.9846 -33.1133 26.7604 -0.6706 -0.6349 33.6029 -24.1339 11.5605 0 0 0 -75.2093 31.4501 -19.5917 21.7091 -12.7946 -45.7114 4.6526 -9.9561 2.3027 0 0 0 -45.0706 0 -5.8308 -55.8026 0 0 -12.7823 0 0 0 0 0 -44.7087 0 -2.9938 -59.9409 0 0 -17.9640 0 0 0 0 0 0 0 0 -45.7511 0 2.2788 -53.1201 0 0 -17.2462 0 0 0 0 0 0 0 0 -45.3792 0 15.6139 -53.0016 0 0 -25.6571 0 0 0.0640 -24.5022 32.0918 -22.9240 -24.7002 22.5303 -24.0896 6.1296 -6.9875 -29.7104 24.6448 0 0 0 0 1.0947 9.5720 -8.9281 -1.4327 20.3640 -0.0000 -7.1866 -10.0000 0 0 0 0 0 0 0 0 0 0 0 0 0 0 0 0 0 0 0 0 0 0 0 0 0 0 0 0 0 0 0 0 0 0 0 0 0 0 0 0 0 0 0 0 0 0 -26.8656 8.0431 -26.5717 -5.3836 12.5873 0.0000 -0.0621 -10.7167 -0.0000 0 0 0 0 0 0 0 0 0 0 0 0 0 0 0 0 0 0 0 0 0 0 0 0 0 0 0 0 0 0 0 0 0 0 0 0 0 0 0 0 0 0
-4.9502 -1.4153 -114.0818 7.3481 3.6951 -13.6535 0 0 0 0 0 0 0 0 0 -10.7970 -8.2022 22.2029 0 0 0 0 0 0 0 8.0501 -0.0039 0 0 0 0 0 0 0 0 0 0 0 0 0 0 172.0000 0 0 0 0 0 172.0000 0 0 0 0 0 0 0 0 0 0 0 0 0 0 0 0 0 0 0 0 0 0 0 0 0 0 0 0 0 0 0 0 0 0 0 0 0 0 0 0 0 0 0 0 0 0 0 0 0 0 0 0 0 0 0 0 0 0 0 0 0 0 0 0 0 0 0 0 0 0 0 0 0 0 0 0 -40.0000 172.0000 0 0 0 0 -40.0000 179.0000 0 0 0 0 -35.0000 -176.0000 0 0 0 0 0 0 0 0 0 0 0 113.0000 0 0 0 0 0 -113.0000 0 0 0 0 0 0 0 0 0 0 -3.9252 -172.0000 0 0 172.0000 0 0 0 0 0 0 0 0 0 0 -4.6799 172.0000 0 2.9356 172.0000 0 0 0 0 0 0 0 0 0 -16.1270 0 0 0 0 0 0 0 0 0 0 0 -3.2187 0 0 0 0 0 0 0 0 0 0 0 0 0 0 0 0 0 0 0 0 0 0 0 0 0 0 0 0 0 40.2790 42.7866 43.0520 -21.3943 -8.1397 60.7346 -0.8032 -4.1927 -1.4280 0 0 0 83.1056 0 -2.7465 84.4929 0 0 23.6534 0 0 0 0 0 83.0362 31.9600 0.4982 87.3158 0 -0.5811 32.9457 0 0 0 0 0 0 0 0 81.2841 4.6202 0.2574 84.5839 0 0.1082 29.8268 0 0 0 0 0 0 0 0 85.1284 -20.9568 -10.0920 88.4062 0 -6.2988 32.8298 0 0 -23.6357 -52.1559 -23.6607 1.4131 21.3179 -35.7764 29.4435 -0.4843 -2.5888 36.4421 -23.9458 10.9996 0 0 0 -69.5886 32.4534 -8.2732 21.8849 -11.2830 -44.9874 2.3857 -4.7059 0.0033 0 0 0 -72.9247 0 0.4649 -76.7236 0 0 -20.7202 0 0 0 0 0 -72.8126 0 -1.1206 -79.9424 0 0 -28.9068 0 0 0 0 0 0 0 0 -71.7976 0 0.4453 -76.1144 0 0 -26.4423 0 0 0 0 0 0 0 0 -74.4296 0 11.7310 -78.8694 0 0 -30.8885 0 0 0.0589 -33.1666 53.1282 -52.1102 -22.6463 32.6250 -26.1350 1.3387 -5.2548 -40.4431 24.1738 0 0 0 0 2.3121 12.0099 -9.5446 -1.3238 21.9990 -0.0000 -7.0707 -10.0000 0 0 0 0 0 0 0 0 0 0 0 0 0 0 0 0 0 0 0 0 0 0 0 0 0 0 0 0 0 0 0 0 0 0 0 0 0 0 0 0 0 0 0 0 0 0 -22.8586 7.9103 -28.3266 -0.7323 20.4755 0.0000 2.1316 -9.9437 -0.0000 0 0 0 0 0 0 0 0 0 0 0 0 0 0 0 0 0 0 0 0 0 0 0 0 0 0 0 0 0 0 0 0 0 0 0 0 0 0 0 0 0 0
-6.5079 -0.4955 -112.6916 6.1602 2.4944 -14.1299 0 0 0 0 0 0 0 0 0 -10.7198 -9.1519 22.0324 0 0 0 0 0 0 0 8.0501 -0.0039 0 0 0 0 0 0 0 0 0 0 0 0 0 0 172.0000 0 0 0 0 0 172.0000 0 0 0 0 0 0 0 0 0 0 0 0 0 0 0 0 0 0 0 0 0 0 0 0 0 0 0 0 0 0 0 0 0 0 0 0 0 0 0 0 0 0 0 0 0 0 0 0 0 0 0 0 0 0 0 0 0 0 0 0 0 0 0 0 0 0 0 0 0 0 0 0 0 0 0 0 -40.0000 172.0000 0 0 0 0 -40.0000 179.0000 0 0 0 0 -35.0000 -176.0000 0 0 0 0 0 0 0 0 0 0 0 113.0000 0 0 0 0 0 -113.0000 0 0 0 0 0 0 0 0 0 0 -4.0307 -172.0000 0 0 172.0000 0 0 0 0 0 0 0 0 0 0 -4.0140 172.0000 0 2.4581 172.0000 0 0 0 0 0 0 0 0 0 -11.0933 0 0 0 0 0 0 0 0 0 0 0 -1.4594 0 0 0 0 0 0 0 0 0 0 0 0 0 0 0 0 0 0 0 0 0 0 0 0 0 0 0 0 0 35.0727 38.1964 39.3103 -19.4877 -7.6579 33.0299 -0.7401 5.2317 2.0997 0 0 0 70.0470 0 -0.4420 75.3932 0 0 20.1585 0 0 0 0 0 70.5875 31.9600 0.8965 78.1993 0 -0.5810 28.1358 0 0 0 0 0 0 0 0 68.7404 4.6202 -0.4678 75.8157 0 0.1084 25.5649 0 0 0 0 0 0 0 0 72.5524 -21.3011 -10.1880 78.1280 0 -6.1844 30.9397 0 0 -23.6357 -52.1559 -23.6607 1.0434 17.8643 -29.0001 31.0107 -8.5648 -5.5640 34.9807 -24.3411 10.1315 0 0 0 -63.1189 37.7024 13.9097 23.1477 -11.2907 -44.7056 1.0435 0.3433 -2.1784 0 0 0 -69.2042 0 1.8603 -74.6555 0 0 -20.1034 0 0 0 0 0 -69.1981 0 1.0855 -77.4684 0 0 -28.0059 0 0 0 0 0 0 0 0 -67.6653 0 1.3121 -75.1639 0 0 -25.3518 0 0 0 0 0 0 0 0 -71.3150 0 11.8626 -77.6641 0 0 -30.7025 0 0 4.9942 -31.2569 54.6052 -52.2666 -18.9659 32.3800 -24.9256 4.7628 -8.3445 -41.6441 24.4419 0 0 0 0 1.0333 13.6856 -8.7089 -1.3977 23.6414 -0.0000 -6.0939 -10.0000 0 0 0 0 0 0 0 0 0 0 0 0 0 0 0 0 0 0 0 0 0 0 0 0 0 0 0 0 0 0 0 0 0 0 0 0 0 0 0 0 0 0 0 0 0 0 -18.1643 7.7942 -30.5688 3.9524 27.8664 0.0000 4.4174 -9.7928 -0.0000 0 0 0 0 0 0 0 0 0 0 0 0 0 0 0 0 0 0 0 0 0 0 0 0 0 0 0 0 0 0 0 0 0 0 0 0 0 0 0 0 0 0
-8.2652 0.0379 -110.7712 4.7727 1.5247 -15.1291 0 0 0 0 0 0 0 0 0 -8.1234 -9.3484 19.4754 0 0 0 0 0 0 0 8.0501 -0.0039 0 0 0 0 0 0 0 0 0 0 0 0 0 0 172.0000 0 0 0 0 0 172.0000 0 0 0 0 0 0 0 0 0 0 0 0 0 0 0 0 0 0 0 0 0 0 0 0 0 0 0 0 0 0 0 0 0 0 0 0 0 0 0 0 0 0 0 0 0 0 0 0 0 0 0 0 0 0 0 0 0 0 0 0 0 0 0 0 0 0 0 0 0 0 0 0 0 0 0 0 -40.0000 172.0000 0 0 0 0 -40.0000 179.0000 0 0 0 0 -35.0000 -176.0000 0 0 0 0 0 0 0 0 0 0 0 113.0000 0 0 0 0 0 -113.0000 0 0 0 0 0 0 0 0 0 0 -4.1787 -172.0000 0 0 172.0000 0 0 0 0 0 0 0 0 0 0 -3.5876 172.0000 0 2.2909 172.0000 0 0 0 0 0 0 0 0 0 2.0175 0 0 0 0 0 0 0 0 0 0 0 6.0399 0 0 0 0 0 0 0 0 0 0 0 0 0 0 0 0 0 0 0 0 0 0 0 0 0 0 0 0 0 29.5591 31.4671 36.5129 -16.3111 -3.6610 16.6128 -1.5111 12.3874 4.9643 0 0 0 35.1502 0 5.5154 50.2948 0 0 10.7465 0 0 0 0 0 36.4877 31.9597 1.4538 52.3616 0 -0.5805 14.9883 0 0 0 0 0 0 0 0 34.8131 4.6198 -2.8166 50.1316 0 0.1090 14.4580 0 0 0 0 0 0 0 0 37.5943 -21.4587 -12.3928 48.7178 0 -6.1860 25.7048 0 0 -23.6357 -52.1559 -23.6607 -2.4024 15.2124 -15.3536 27.3191 -20.5001 -4.8839 28.9272 -25.3537 10.0363 0 0 0 -55.5303 43.7136 29.1408 20.5037 -8.3486 -40.2125 1.2765 5.0224 -4.1544 0 0 0 -34.4964 0 -1.1755 -49.7228 0 0 -11.0141 0 0 0 0 0 -34.2029 0 3.9262 -51.5254 0 0 -15.2454 0 0 0 0 0 0 0 0 -33.2658 0 5.0353 -49.6653 0 0 -14.3902 0 0 0 0 0 0 0 0 -36.4507 0 15.8749 -49.1696 0 0 -25.3672 0 0 13.7441 -19.3168 36.1365 -23.8583 -14.2812 21.5050 -20.7508 16.4604 -17.8713 -32.9414 25.3910 0 0 0 0 -0.9388 16.6698 -3.8043 -2.7114 22.8047 -0.0000 -4.4827 -10.0000 0 0 0 0 0 0 0 0 0 0 0 0 0 0 0 0 0 0 0 0 0 0 0 0 0 0 0 0 0 0 0 0 0 0 0 0 0 0 0 0 0 0 0 0 0 0 -10.9861 9.8273 -29.7054 6.8255 30.8686 0.0000 10.1496 -7.5744 -0.0000 0 0 0 0 0 0 0 0 0 0 0 0 0 0 0 0 0 0 0 0 0 0 0 0 0 0 0 0 0 0 0 0 0 0 0 0 0 0 0 0 0 0
-10.1030 0.2843 -108.2451 3.3507 0.4538 -17.0172 0 0 0 0 0 0 0 0 0 -1.5326 -8.2728 12.8212 0 0 0 0 0 0 0 8.0501 -0.0039 0 0 0 0 0 0 0 0 0 0 0 0 0 0 172.0000 0 0 0 0 0 172.0000 0 0 0 0 0 0 0 0 0 0 0 0 0 0 0 0 0 0 0 0 0 0 0 0 0 0 0 0 0 0 0 0 0 0 0 0 0 0 0 0 0 0 0 0 0 0 0 0 0 0 0 0 0 0 0 0 0 0 0 0 0 0 0 0 0 0 0 0 0 0 0 0 0 0 0 0 -40.0000 172.0000 0 0 0 0 -40.0000 179.0000 0 0 0 0 -35.0000 -176.0000 0 0 0 0 0 0 0 0 0 0 0 113.0000 0 0 0 0 0 -113.0000 0 0 0 0 0 0 0 0 0 0 -4.1896 -172.0000 0 0 172.0000 0 0 0 0 0 0 0 0 0 0 -3.3876 172.0000 0 2.2679 172.0000 0 0 0 0 0 0 0 0 0 13.3884 0 0 0 0 0 0 0 0 0 0 0 9.6685 0 0 0 0 0 0 0 0 0 0 0 0 0 0 0 0 0 0 0 0 0 0 0 0 0 0 0 0 0 27.0302 26.3577 37.6350 -10.6024 1.9390 11.1068 -3.1712 16.5591 6.9657 0 0 0 4.7277 0 8.7071 27.5706 0 0 2.6139 0 0 0 0 0 5.7920 31.9597 0.8501 27.3428 0 -0.5806 2.9795 0 0 0 0 0 0 0 0 4.8439 4.6199 -5.3406 25.3731 0 0.1088 4.8932 0 0 0 0 0 0 0 0 6.7163 -21.4948 -14.9599 20.4266 0 -6.1916 21.3855 0 0 -23.6357 -52.1559 -23.6607 -6.6307 16.6309 -5.7735 22.1809 -26.2944 -1.6914 21.9148 -26.2204 10.3940 0 0 0 -47.8883 48.3221 30.6138 12.6668 -1.7803 -31.8831 2.9753 9.1683 -5.7144 0 0 0 -1.8230 0 -4.4564 -22.7202 0 0 -2.1687 0 0 0 0 0 -1.0337 0 4.3446 -22.6927 0 0 -2.7756 0 0 0 0 0 0 0 0 -0.7956 0 7.8528 -20.5509 0 0 -4.1457 0 0 0 0 0 0 0 0 -4.6705 0 18.2956 -19.9789 0 0 -20.8809 0 0 20.3595 -10.2383 13.8583 1.5757 -14.4973 10.7009 -18.4848 24.4665 -26.9203 -22.6808 25.9527 0 0 0 0 0.5771 20.8806 2.6235 -4.2242 21.3175 -0.0000 -2.7739 -10.0000 0 0 0 0 0 0 0 0 0 0 0 0 0 0 0 0 0 0 0 0 0 0 0 0 0 0 0 0 0 0 0 0 0 0 0 0 0 0 0 0 0 0 0 0 0 0 -0.3811 15.0220 -24.1111 8.5798 29.6277 0.0000 22.3451 0.4669 -0.0000 0 0 0 0 0 0 0 0 0 0 0 0 0 0 0 0 0 0 0 0 0 0 0 0 0 0 0 0 0 0 0 0 0 0 0 0 0 0 0 0 0 0
-11.2304 0.4545 -106.5592 2.9842 -0.1824 -18.1709 0 0 0 0 0 0 0 0 0 4.5371 -6.7404 6.5780 0 0 0 0 0 0 0 8.0501 -0.0039 0 0 0 0 0 0 0 0 0 0 0 0 0 0 172.0000 0 0 0 0 0 172.0000 0 0 0 0 0 0 0 0 0 0 0 0 0 0 0 0 0 0 0 0 0 0 0 0 0 0 0 0 0 0 0 0 0 0 0 0 0 0 0 0 0 0 0 0 0 0 0 0 0 0 0 0 0 0 0 0 0 0 0 0 0 0 0 0 0 0 0 0 0 0 0 0 0 0 0 0 -40.0000 172.0000 0 0 0 0 -40.0000 179.0000 0 0 0 0 -35.0000 -176.0000 0 0 0 0 0 0 0 0 0 0 0 113.0000 0 0 0 0 0 -113.0000 0 0 0 0 0 0 0 0 0 0 -4.0401 -172.0000 0 0 172.0000 0 0 0 0 0 0 0 0 0 0 -2.8987 172.0000 0 1.9069 172.0000 0 0 0 0 0 0 0 0 0 16.6305 0 0 0 0 0 0 0 0 0 0 0 4.8747 0 0 0 0 0 0 0 0 0 0 0 0 0 0 0 0 0 0 0 0 0 0 0 0 0 0 0 0 0 27.7740 24.2921 41.1340 -6.7354 5.6155 9.5566 -4.4829 18.3057 7.9799 0 0 0 -6.3744 0 6.0992 19.3291 0 0 0.2921 0 0 0 0 0 -5.4186 31.9598 -0.4594 16.8452 0 -0.5806 -1.5830 0 0 0 0 0 0 0 0 -5.4568 4.6199 -6.3219 16.6632 0 0.1088 1.2699 0 0 0 0 0 0 0 0 -3.3274 -21.5801 -14.4615 8.4964 0 -6.1549 20.8907 0 0 -23.6357 -52.1559 -23.6607 -5.8914 18.5964 -5.1226 20.4980 -26.2201 0.1251 20.1949 -26.4563 10.5001 0 0 0 -44.1385 51.9937 26.8178 4.0913 4.4595 -24.8552 4.4659 11.4630 -6.4784 0 0 0 10.5774 0 -3.9800 -9.1665 0 0 0.8363 0 0 0 0 0 10.9639 0 2.7301 -7.8257 0 0 1.8768 0 0 0 0 0 0 0 0 10.8396 0 7.8716 -6.6161 0 0 -0.1117 0 0 0 0 0 0 0 0 4.5372 0 15.9092 -8.0236 0 0 -20.6436 0 0 29.3174 -9.8983 2.0018 2.3628 -17.2547 7.6621 -19.2495 25.3914 -31.5095 -19.5524 25.8655 0 0 0 0 3.2779 23.6748 6.1182 -4.7902 20.3126 -0.0000 -1.1648 -10.0000 0 0 0 0 0 0 0 0 0 0 0 0 0 0 0 0 0 0 0 0 0 0 0 0 0 0 0 0 0 0 0 0 0 0 0 0 0 0 0 0 0 0 0 0 0 0 6.6649 19.1051 -19.2971 9.0898 28.3864 0.0000 31.2705 8.5666 -0.0000 0 0 0 0 0 0 0 0 0 0 0 0 0 0 0 0 0 0 0 0 0 0 0 0 0 0 0 0 0 0 0 0 0 0 0 0 0 0 0 0 0 0
-11.3019 0.6106 -106.1555 3.5401 0.3939 -17.7748 0 0 0 0 0 0 0 0 0 6.6740 -5.8790 4.3267 0 0 0 0 0 0 0 8.0501 -0.0039 0 0 0 0 0 0 0 0 0 0 0 0 0 0 172.0000 0 0 0 0 0 172.0000 0 0 0 0 0 0 0 0 0 0 0 0 0 0 0 0 0 0 0 0 0 0 0 0 0 0 0 0 0 0 0 0 0 0 0 0 0 0 0 0 0 0 0 0 0 0 0 0 0 0 0 0 0 0 0 0 0 0 0 0 0 0 0 0 0 0 0 0 0 0 0 0 0 0 0 0 -40.0000 172.0000 0 0 0 0 -40.0000 179.0000 0 0 0 0 -35.0000 -176.0000 0 0 0 0 0 0 0 0 0 0 0 113.0000 0 0 0 0 0 -113.0000 0 0 0 0 0 0 0 0 0 0 -4.2286 -172.0000 0 0 172.0000 0 0 0 0 0 0 0 0 0 0 -2.8216 172.0000 0 1.8763 172.0000 0 0 0 0 0 0 0 0 0 15.8627 0 0 0 0 0 0 0 0 0 0 0 1.2334 0 0 0 0 0 0 0 0 0 0 0 0 0 0 0 0 0 0 0 0 0 0 0 0 0 0 0 0 0 30.1993 25.0209 43.4776 -5.6766 6.2962 9.8403 -4.3380 17.5939 7.6566 0 0 0 -6.6227 0 2.3121 19.7663 0 0 1.0773 0 0 0 0 0 -4.9938 31.9597 -1.2608 16.4251 0 -0.5806 -1.5373 0 0 0 0 0 0 0 0 -4.5520 4.6199 -6.1235 18.4593 0 0.1088 0.9802 0 0 0 0 0 0 0 0 -1.7047 -21.6655 -12.2383 7.8327 0 -6.1396 22.1742 0 0 -23.6357 -52.1559 -23.6607 -2.0598 18.6204 -7.8550 20.9234 -25.3303 0.4842 22.4034 -26.3428 10.6034 0 0 0 -44.2952 53.7481 23.7145 -0.7637 7.2953 -21.7864 4.3337 11.3283 -6.4162 0 0 0 9.7270 0 -1.8054 -11.0078 0 0 -0.1035 0 0 0 0 0 8.7795 0 1.5099 -8.8113 0 0 1.7107 0 0 0 0 0 0 0 0 8.4669 0 6.6709 -9.8312 0 0 -0.0993 0 0 0 0 0 0 0 0 0.8724 0 11.6900 -8.2401 0 0 -22.1419 0 0 37.9611 -13.3581 -0.9777 -8.1854 -18.4970 8.8460 -20.6522 24.7927 -33.2576 -21.5339 25.6434 0 0 0 0 3.5912 23.0796 5.8016 -4.3556 19.9795 -0.0000 -0.4592 -10.0000 0 0 0 0 0 0 0 0 0 0 0 0 0 0 0 0 0 0 0 0 0 0 0 0 0 0 0 0 0 0 0 0 0 0 0 0 0 0 0 0 0 0 0 0 0 0 5.0359 20.4517 -16.8892 7.5868 27.3463 0.0000 30.8750 8.8336 -0.0000 0 0 0 0 0 0 0 0 0 0 0 0 0 0 0 0 0 0 0 0 0 0 0 0 0 0 0 0 0 0 0 0 0 0 0 0 0 0 0 0 0 0
-11.0925 0.9427 -105.4946 3.8498 1.2498 -17.7704 0 0 0 0 0 0 0 0 0 6.5591 -5.7687 4.4430 0 0 0 0 0 0 0 8.0501 -0.0039 0 0 0 0 0 0 0 0 0 0 0 0 0 0 172.0000 0 0 0 0 0 172.0000 0 0 0 0 0 0 0 0 0 0 0 0 0 0 0 0 0 0 0 0 0 0 0 0 0 0 0 0 0 0 0 0 0 0 0 0 0 0 0 0 0 0 0 0 0 0 0 0 0 0 0 0 0 0 0 0 0 0 0 0 0 0 0 0 0 0 0 0 0 0 0 0 0 0 0 0 -40.0000 172.0000 0 0 0 0 -40.0000 179.0000 0 0 0 0 -35.0000 -176.0000 0 0 0 0 0 0 0 0 0 0 0 113.0000 0 0 0 0 0 -113.0000 0 0 0 0 0 0 0 0 0 0 -4.7738 -172.0000 0 0 172.0000 0 0 0 0 0 0 0 0 0 0 -3.4708 172.0000 0 2.5237 172.0000 0 0 0 0 0 0 0 0 0 10.2517 0 0 0 0 0 0 0 0 0 0 0 -4.8981 0 0 0 0 0 0 0 0 0 0 0 0 0 0 0 0 0 0 0 0 0 0 0 0 0 0 0 0 0 36.5379 32.7670 36.8540 -11.0023 1.9039 19.4285 -2.9625 13.5672 5.8466 0 0 0 -4.1658 0 0.5400 22.0003 0 0 2.1226 0 0 0 0 0 -2.0353 31.9597 -1.4430 18.6882 0 -0.5806 -0.4120 0 0 0 0 0 0 0 0 -1.5144 4.6199 -5.7645 21.6671 0 0.1088 1.6716 0 0 0 0 0 0 0 0 1.7112 -21.7334 -10.9843 10.2967 0 -6.1134 23.0892 0 0 -23.6357 -52.1559 -23.6607 0.1388 18.0976 -9.6410 21.5761 -24.7805 0.2702 24.2139 -26.2006 10.7755 0 0 0 -45.5786 52.5068 23.6110 -4.9233 8.0016 -24.4120 3.0580 7.6077 -5.1499 0 0 0 5.0419 0 -0.7375 -19.0051 0 0 -1.7901 0 0 0 0 0 3.0500 0 1.0516 -16.1344 0 0 0.4489 0 0 0 0 0 0 0 0 2.6484 0 5.7315 -18.7314 0 0 -1.4037 0 0 0 0 0 0 0 0 -4.7864 0 8.9212 -11.8642 0 0 -23.1280 0 0 40.5483 -16.2056 -0.5952 -15.1805 -18.8527 10.0470 -21.5772 24.5153 -33.4773 -23.5366 25.5061 0 0 0 0 3.3326 22.3431 3.6309 -3.8037 19.8717 -0.0000 -0.4487 -10.0000 0 0 0 0 0 0 0 0 0 0 0 0 0 0 0 0 0 0 0 0 0 0 0 0 0 0 0 0 0 0 0 0 0 0 0 0 0 0 0 0 0 0 0 0 0 0 -1.8174 22.3995 -14.2906 3.2369 23.3934 0.0000 28.5834 3.4083 -0.0000 0 0 0 0 0 0 0 0 0 0 0 0 0 0 0 0 0 0 0 0 0 0 0 0 0 0 0 0 0 0 0 0 0 0 0 0 0 0 0 0 0 0
-10.8950 1.3354 -104.6254 4.2740 1.1287 -18.7202 0 0 0 0 0 0 0 0 0 5.9133 -5.6225 5.0830 0 0 0 0 0 0 0 8.0501 -0.0039 0 0 0 0 0 0 0 0 0 0 0 0 0 0 172.0000 0 0 0 0 0 172.0000 0 0 0 0 0 0 0 0 0 0 0 0 0 0 0 0 0 0 0 0 0 0 0 0 0 0 0 0 0 0 0 0 0 0 0 0 0 0 0 0 0 0 0 0 0 0 0 0 0 0 0 0 0 0 0 0 0 0 0 0 0 0 0 0 0 0 0 0 0 0 0 0 0 0 0 0 -40.0000 172.0000 0 0 0 0 -40.0000 179.0000 0 0 0 0 -35.0000 -176.0000 0 0 0 0 0 0 0 0 0 0 0 113.0000 0 0 0 0 0 -113.0000 0 0 0 0 0 0 0 0 0 0 -4.8679 -172.0000 0 0 172.0000 0 0 0 0 0 0 0 0 0 0 -3.8435 172.0000 0 2.9063 172.0000 0 0 0 0 0 0 0 0 0 -2.2918 0 0 0 0 0 0 0 0 0 0 0 -12.8424 0 0 0 0 0 0 0 0 0 0 0 0 0 0 0 0 0 0 0 0 0 0 0 0 0 0 0 0 0 46.8134 46.7169 22.7595 -21.1891 -8.8337 42.0886 -0.9962 6.4027 2.7837 0 0 0 -2.5586 0 0.2890 23.2825 0 0 2.5812 0 0 0 0 0 -0.3025 31.9597 -1.3633 20.1928 0 -0.5806 0.2749 0 0 0 0 0 0 0 0 0.1519 4.6199 -5.5896 23.2249 0 0.1088 2.1700 0 0 0 0 0 0 0 0 3.4236 -21.7842 -10.7714 11.9896 0 -6.0845 23.3480 0 0 -23.6357 -52.1559 -23.6607 0.5813 17.7191 -10.0433 21.8196 -24.6256 0.0512 24.8591 -26.2973 11.0263 0 0 0 -51.1423 50.7418 23.2791 -4.7608 3.7781 -33.4705 1.6617 0.4734 -2.8766 0 0 0 2.3585 0 -0.5862 -23.5243 0 0 -2.6102 0 0 0 0 0 0.0218 0 1.0607 -20.4393 0 0 -0.2936 0 0 0 0 0 0 0 0 -0.3898 0 5.4375 -23.4784 0 0 -2.2157 0 0 0 0 0 0 0 0 -6.2325 0 8.9542 -13.4411 0 0 -23.3796 0 0 40.0749 -17.1399 0.3583 -16.9670 -18.7429 10.5233 -21.8011 24.5048 -33.1808 -24.3023 25.4743 0 0 0 0 3.7856 23.9898 0.9186 -3.8919 19.5674 -0.0000 -0.7408 -10.0000 0 0 0 0 0 0 0 0 0 0 0 0 0 0 0 0 0 0 0 0 0 0 0 0 0 0 0 0 0 0 0 0 0 0 0 0 0 0 0 0 0 0 0 0 0 0 -10.3266 23.6383 -14.4527 -3.0991 17.5961 0.0000 24.5404 -3.8990 -0.0000 0 0 0 0 0 0 0 0 0 0 0 0 0 0 0 0 0 0 0 0 0 0 0 0 0 0 0 0 0 0 0 0 0 0 0 0 0 0 0 0 0 0
-10.6834 1.4108 -104.3268 5.3369 -0.4691 -19.5565 0 0 0 0 0 0 0 0 0 5.1460 -5.1774 5.7760 0 0 0 0 0 0 0 8.0501 -0.0039 0 0 0 0 0 0 0 0 0 0 0 0 0 0 172.0000 0 0 0 0 0 172.0000 0 0 0 0 0 0 0 0 0 0 0 0 0 0 0 0 0 0 0 0 0 0 0 0 0 0 0 0 0 0 0 0 0 0 0 0 0 0 0 0 0 0 0 0 0 0 0 0 0 0 0 0 0 0 0 0 0 0 0 0 0 0 0 0 0 0 0 0 0 0 0 0 0 0 0 0 -40.0000 172.0000 0 0 0 0 -40.0000 179.0000 0 0 0 0 -35.0000 -176.0000 0 0 0 0 0 0 0 0 0 0 0 113.0000 0 0 0 0 0 -113.0000 0 0 0 0 0 0 0 0 0 0 -4.4368 -172.0000 0 0 172.0000 0 0 0 0 0 0 0 0 0 0 -3.8698 172.0000 0 2.8685 172.0000 0 0 0 0 0 0 0 0 0 -13.3843 0 0 0 0 0 0 0 0 0 0 0 -16.2785 0 0 0 0 0 0 0 0 0 0 0 0 0 0 0 0 0 0 0 0 0 0 0 0 0 0 0 0 0 54.0559 55.7179 19.1515 -23.4581 -15.8646 60.1047 0.6493 -0.1291 -0.0867 0 0 0 -2.1312 0 0.5475 23.5390 0 0 2.6139 0 0 0 0 0 0.0609 31.9597 -1.2701 20.5819 0 -0.5806 0.4303 0 0 0 0 0 0 0 0 0.4552 4.6199 -5.5674 23.4198 0 0.1088 2.3130 0 0 0 0 0 0 0 0 3.6484 -21.8254 -10.9713 12.4407 0 -6.0678 23.2885 0 0 -23.6357 -52.1559 -23.6607 0.3271 17.5961 -9.8497 21.7469 -24.6366 -0.0332 24.8502 -26.4985 11.3151 0 0 0 -63.0403 53.1388 18.3448 9.1208 -8.3134 -43.3242 0.8070 -5.2418 -1.1133 0 0 0 1.8505 0 -0.7133 -24.4028 0 0 -2.7133 0 0 0 0 0 -0.4790 0 1.1765 -21.3487 0 0 -0.4509 0 0 0 0 0 0 0 0 -0.8753 0 5.4810 -24.2828 0 0 -2.4057 0 0 0 0 0 0 0 0 -4.6092 0 10.3535 -12.9309 0 0 -23.2987 0 0 39.1593 -17.0348 0.8577 -16.3487 -18.5215 10.5977 -21.6756 24.5531 -32.8880 -24.2954 25.4879 0 0 0 0 3.8793 25.8876 -1.6057 -4.2976 19.1272 -0.0000 -1.0614 -10.0000 0 0 0 0 0 0 0 0 0 0 0 0 0 0 0 0 0 0 0 0 0 0 0 0 0 0 0 0 0 0 0 0 0 0 0 0 0 0 0 0 0 0 0 0 0 0 -18.5321 21.9571 -17.1014 -8.3346 13.5344 0.0000 14.1296 -9.4396 -0.0000 0 0 0 0 0 0 0 0 0 0 0 0 0 0 0 0 0 0 0 0 0 0 0 0 0 0 0 0 0 0 0 0 0 0 0 0 0 0 0 0 0 0
-10.5800 1.0892 -104.2903 6.0615 -1.9846 -20.0251 0 0 0 0 0 0 0 0 0 4.5771 -4.8580 6.2985 0 0 0 0 0 0 0 8.0501 -0.0039 0 0 0 0 0 0 0 0 0 0 0 0 0 0 172.0000 0 0 0 0 0 172.0000 0 0 0 0 0 0 0 0 0 0 0 0 0 0 0 0 0 0 0 0 0 0 0 0 0 0 0 0 0 0 0 0 0 0 0 0 0 0 0 0 0 0 0 0 0 0 0 0 0 0 0 0 0 0 0 0 0 0 0 0 0 0 0 0 0 0 0 0 0 0 0 0 0 0 0 0 -40.0000 172.0000 0 0 0 0 -40.0000 179.0000 0 0 0 0 -35.0000 -176.0000 0 0 0 0 0 0 0 0 0 0 0 113.0000 0 0 0 0 0 -113.0000 0 0 0 0 0 0 0 0 0 0 -4.0528 -172.0000 0 0 172.0000 0 0 0 0 0 0 0 0 0 0 -4.0332 172.0000 0 2.9049 172.0000 0 0 0 0 0 0 0 0 0 -17.2405 0 0 0 0 0 0 0 0 0 0 0 -16.4994 0 0 0 0 0 0 0 0 0 0 0 0 0 0 0 0 0 0 0 0 0 0 0 0 0 0 0 0 0 56.9762 57.3677 25.0705 -21.8348 -15.8689 64.1368 1.5523 -2.9731 -1.4521 0 0 0 -2.3177 0 0.7548 23.3819 0 0 2.5251 0 0 0 0 0 -0.1303 31.9597 -1.2315 20.4614 0 -0.5806 0.3616 0 0 0 0 0 0 0 0 0.2426 4.6199 -5.5957 23.1662 0 0.1088 2.2818 0 0 0 0 0 0 0 0 3.3691 -21.8644 -11.1391 12.3089 0 -6.0499 23.1890 0 0 -23.6357 -52.1559 -23.6607 -0.1895 17.5684 -9.5904 21.5118 -24.7224 -0.0329 24.6627 -26.5549 11.5647 0 0 0 -73.5136 54.8711 9.8516 24.2114 -18.8962 -47.9634 0.4929 -6.9398 -0.4279 0 0 0 2.1856 0 -0.8173 -23.8583 0 0 -2.5799 0 0 0 0 0 -0.0615 0 1.2462 -20.8778 0 0 -0.3699 0 0 0 0 0 0 0 0 -0.4460 0 5.5786 -23.6405 0 0 -2.3283 0 0 0 0 0 0 0 0 -3.2655 0 11.1957 -12.2337 0 0 -23.1883 0 0 38.7053 -16.7450 0.9382 -15.5297 -18.3813 10.5587 -21.5345 24.5656 -32.7540 -24.1068 25.5042 0 0 0 0 3.4326 26.4816 -2.9478 -4.5649 18.8482 -0.0000 -1.2383 -10.0000 0 0 0 0 0 0 0 0 0 0 0 0 0 0 0 0 0 0 0 0 0 0 0 0 0 0 0 0 0 0 0 0 0 0 0 0 0 0 0 0 0 0 0 0 0 0 -23.2478 20.1675 -18.7478 -10.5507 12.1140 0.0000 5.9290 -11.1192 -0.0000 0 0 0 0 0 0 0 0 0 0 0 0 0 0 0 0 0 0 0 0 0 0 0 0 0 0 0 0 0 0 0 0 0 0 0 0 0 0 0 0 0 0
-10.7268 0.6055 -104.0356 5.8037 -2.3127 -20.3519 0 0 0 0 0 0 0 0 0 3.7162 -4.1965 7.1868 0 0 0 0 0 0 0 8.0501 -0.0039 0 0 0 0 0 0 0 0 0 0 0 0 0 0 172.0000 0 0 0 0 0 172.0000 0 0 0 0 0 0 0 0 0 0 0 0 0 0 0 0 0 0 0 0 0 0 0 0 0 0 0 0 0 0 0 0 0 0 0 0 0 0 0 0 0 0 0 0 0 0 0 0 0 0 0 0 0 0 0 0 0 0 0 0 0 0 0 0 0 0 0 0 0 0 0 0 0 0 0 0 -40.0000 172.0000 0 0 0 0 -40.0000 179.0000 0 0 0 0 -35.0000 -176.0000 0 0 0 0 0 0 0 0 0 0 0 113.0000 0 0 0 0 0 -113.0000 0 0 0 0 0 0 0 0 0 0 -3.7860 -172.0000 0 0 172.0000 0 0 0 0 0 0 0 0 0 0 -4.0791 172.0000 0 2.9139 172.0000 0 0 0 0 0 0 0 0 0 -16.9678 0 0 0 0 0 0 0 0 0 0 0 -15.8102 0 0 0 0 0 0 0 0 0 0 0 0 0 0 0 0 0 0 0 0 0 0 0 0 0 0 0 0 0 58.2356 56.8287 28.1529 -23.5896 -15.4115 58.1995 1.6918 -1.1409 -0.8550 0 0 0 -2.5556 0 0.7434 23.2226 0 0 2.4618 0 0 0 0 0 -0.3362 31.9597 -1.2299 20.2932 0 -0.5806 0.2817 0 0 0 0 0 0 0 0 0.0379 4.6199 -5.6185 22.9620 0 0.1088 2.2281 0 0 0 0 0 0 0 0 3.1908 -21.9545 -11.1318 12.1460 0 -5.9997 23.1397 0 0 -23.6357 -52.1559 -23.6607 -0.7015 17.2433 -9.1389 21.4824 -25.0279 -0.0124 24.7662 -26.5287 11.7858 0 0 0 -77.5903 51.8717 2.2639 28.6381 -21.5927 -48.2383 0.3664 -4.9002 -0.8082 0 0 0 2.5466 0 -0.8203 -23.3081 0 0 -2.4725 0 0 0 0 0 0.3178 0 1.2615 -20.3671 0 0 -0.2818 0 0 0 0 0 0 0 0 -0.0631 0 5.6288 -23.0487 0 0 -2.2346 0 0 0 0 0 0 0 0 -2.7979 0 11.3947 -11.9223 0 0 -23.1395 0 0 38.6438 -16.5905 0.8681 -15.1360 -18.3364 10.5277 -21.4473 24.5419 -32.7257 -23.9918 25.5108 0 0 0 0 3.2498 26.8278 -3.5949 -4.7788 18.7378 -0.0000 -1.2969 -10.0000 0 0 0 0 0 0 0 0 0 0 0 0 0 0 0 0 0 0 0 0 0 0 0 0 0 0 0 0 0 0 0 0 0 0 0 0 0 0 0 0 0 0 0 0 0 0 -23.2433 20.8811 -19.8661 -10.3213 12.2122 0.0000 8.4888 -8.1728 -0.0000 0 0 0 0 0 0 0 0 0 0 0 0 0 0 0 0 0 0 0 0 0 0 0 0 0 0 0 0 0 0 0 0 0 0 0 0 0 0 0 0 0 0
-11.1356 0.4882 -103.5364 5.1691 -2.5430 -20.3282 0 0 0 0 0 0 0 0 0 2.3441 -3.1861 8.5764 0 0 0 0 0 0 0 8.0501 -0.0039 0 0 0 0 0 0 0 0 0 0 0 0 0 0 172.0000 0 0 0 0 0 172.0000 0 0 0 0 0 0 0 0 0 0 0 0 0 0 0 0 0 0 0 0 0 0 0 0 0 0 0 0 0 0 0 0 0 0 0 0 0 0 0 0 0 0 0 0 0 0 0 0 0 0 0 0 0 0 0 0 0 0 0 0 0 0 0 0 0 0 0 0 0 0 0 0 0 0 0 0 -40.0000 172.0000 0 0 0 0 -40.0000 179.0000 0 0 0 0 -35.0000 -176.0000 0 0 0 0 0 0 0 0 0 0 0 113.0000 0 0 0 0 0 -113.0000 0 0 0 0 0 0 0 0 0 0 -3.6285 -172.0000 0 0 172.0000 0 0 0 0 0 0 0 0 0 0 -3.9776 172.0000 0 2.8602 172.0000 0 0 0 0 0 0 0 0 0 -15.8743 0 0 0 0 0 0 0 0 0 0 0 -15.3321 0 0 0 0 0 0 0 0 0 0 0 0 0 0 0 0 0 0 0 0 0 0 0 0 0 0 0 0 0 57.5556 55.9260 23.1010 -24.8825 -15.6550 42.3919 1.0116 4.2604 1.1787 0 0 0 -2.5713 0 0.6901 23.1665 0 0 2.4417 0 0 0 0 0 -0.4180 31.9597 -1.2382 20.2179 0 -0.5806 0.2486 0 0 0 0 0 0 0 0 -0.0379 4.6199 -5.6259 22.8964 0 0.1088 2.2023 0 0 0 0 0 0 0 0 3.1952 -22.0822 -11.0391 12.1041 0 -5.9306 23.1322 0 0 -23.6357 -52.1559 -23.6607 -0.6421 17.0104 -8.8834 21.8360 -25.3115 0.0002 24.9899 -26.2569 11.8355 0 0 0 -78.0041 49.9848 -0.0342 28.2087 -20.8832 -47.3764 0.2014 0.3086 -2.2694 0 0 0 2.7189 0 -0.7682 -23.0987 0 0 -2.4381 0 0 0 0 0 0.4527 0 1.2543 -20.1636 0 0 -0.2467 0 0 0 0 0 0 0 0 0.0713 0 5.6364 -22.8361 0 0 -2.1952 0 0 0 0 0 0 0 0 -2.8148 0 11.3337 -11.8971 0 0 -23.1361 0 0 38.7148 -16.5644 0.8052 -15.0709 -18.3345 10.5257 -21.3979 24.5386 -32.7252 -23.9660 25.5107 0 0 0 0 3.3805 27.5884 -4.3652 -5.0250 18.5854 -0.0000 -1.3184 -10.0000 0 0 0 0 0 0 0 0 0 0 0 0 0 0 0 0 0 0 0 0 0 0 0 0 0 0 0 0 0 0 0 0 0 0 0 0 0 0 0 0 0 0 0 0 0 0 -19.8079 23.0830 -20.8411 -8.5778 13.5607 0.0000 15.1325 -2.4993 -0.0000 0 0 0 0 0 0 0 0 0 0 0 0 0 0 0 0 0 0 0 0 0 0 0 0 0 0 0 0 0 0 0 0 0 0 0 0 0 0 0 0 0 0
-11.5361 0.8715 -102.7125 4.5430 -2.4555 -20.0640 0 0 0 0 0 0 0 0 0 0.6932 -2.6483 10.2175 0 0 0 0 0 0 0 8.0501 -0.0039 0 0 0 0 0 0 0 0 0 0 0 0 0 0 172.0000 0 0 0 0 0 172.0000 0 0 0 0 0 0 0 0 0 0 0 0 0 0 0 0 0 0 0 0 0 0 0 0 0 0 0 0 0 0 0 0 0 0 0 0 0 0 0 0 0 0 0 0 0 0 0 0 0 0 0 0 0 0 0 0 0 0 0 0 0 0 0 0 0 0 0 0 0 0 0 0 0 0 0 0 -40.0000 172.0000 0 0 0 0 -40.0000 179.0000 0 0 0 0 -35.0000 -176.0000 0 0 0 0 0 0 0 0 0 0 0 113.0000 0 0 0 0 0 -113.0000 0 0 0 0 0 0 0 0 0 0 -3.5602 -172.0000 0 0 172.0000 0 0 0 0 0 0 0 0 0 0 -3.8923 172.0000 0 2.8164 172.0000 0 0 0 0 0 0 0 0 0 -15.2620 0 0 0 0 0 0 0 0 0 0 0 -15.2038 0 0 0 0 0 0 0 0 0 0 0 0 0 0 0 0 0 0 0 0 0 0 0 0 0 0 0 0 0 55.2180 56.2604 7.2222 -22.9290 -14.1886 27.1242 -0.0303 8.7550 2.9760 0 0 0 -2.5153 0 0.7518 23.1704 0 0 2.4457 0 0 0 0 0 -0.4192 31.9597 -1.2438 20.2115 0 -0.5806 0.2473 0 0 0 0 0 0 0 0 -0.0358 4.6199 -5.6250 22.9048 0 0.1088 2.1992 0 0 0 0 0 0 0 0 3.1726 -22.1259 -11.0545 12.0774 0 -5.9124 23.1413 0 0 -23.6357 -52.1559 -23.6607 -0.2296 17.4477 -9.3367 21.9811 -25.1155 0.0031 24.7818 -25.7951 11.7139 0 0 0 -76.2469 50.2876 -0.6012 25.8095 -18.7478 -45.3723 0.2244 4.3254 -3.4092 0 0 0 2.7386 0 -0.7355 -23.1022 0 0 -2.4426 0 0 0 0 0 0.4451 0 1.2461 -20.1601 0 0 -0.2461 0 0 0 0 0 0 0 0 0.0625 0 5.6290 -22.8466 0 0 -2.1932 0 0 0 0 0 0 0 0 -2.9483 0 11.2477 -11.9592 0 0 -23.1456 0 0 38.7737 -16.5853 0.7831 -15.1620 -18.3365 10.5395 -21.3765 24.5941 -32.7199 -23.9776 25.5091 0 0 0 0 3.8488 28.8039 -3.5181 -5.6985 17.8999 -0.0000 -0.6445 -10.0000 0 0 0 0 0 0 0 0 0 0 0 0 0 0 0 0 0 0 0 0 0 0 0 0 0 0 0 0 0 0 0 0 0 0 0 0 0 0 0 0 0 0 0 0 0 0 -14.3093 25.1946 -19.7218 -5.0026 16.8522 0.0000 20.0967 2.8048 -0.0000 0 0 0 0 0 0 0 0 0 0 0 0 0 0 0 0 0 0 0 0 0 0 0 0 0 0 0 0 0 0 0 0 0 0 0 0 0 0 0 0 0 0
-11.7874 1.3144 -101.5245 3.9458 -1.3845 -20.3170 0 0 0 0 0 0 0 0 0 -1.3730 -2.2642 12.2806 0 0 0 0 0 0 0 8.0501 -0.0039 0 0 0 0 0 0 0 0 0 0 0 0 0 0 172.0000 0 0 0 0 0 172.0000 0 0 0 0 0 0 0 0 0 0 0 0 0 0 0 0 0 0 0 0 0 0 0 0 0 0 0 0 0 0 0 0 0 0 0 0 0 0 0 0 0 0 0 0 0 0 0 0 0 0 0 0 0 0 0 0 0 0 0 0 0 0 0 0 0 0 0 0 0 0 0 0 0 0 0 0 -40.0000 172.0000 0 0 0 0 -40.0000 179.0000 0 0 0 0 -35.0000 -176.0000 0 0 0 0 0 0 0 0 0 0 0 113.0000 0 0 0 0 0 -113.0000 0 0 0 0 0 0 0 0 0 0 -3.4793 -172.0000 0 0 172.0000 0 0 0 0 0 0 0 0 0 0 -3.7867 172.0000 0 2.7229 172.0000 0 0 0 0 0 0 0 0 0 -15.1449 0 0 0 0 0 0 0 0 0 0 0 -15.2371 0 0 0 0 0 0 0 0 0 0 0 0 0 0 0 0 0 0 0 0 0 0 0 0 0 0 0 0 0 51.1191 57.7772 -8.7997 -18.0312 -10.2234 23.0495 -0.8587 10.1530 3.6465 0 0 0 -2.5247 0 0.8389 23.1836 0 0 2.4546 0 0 0 0 0 -0.4003 31.9597 -1.2452 20.2257 0 -0.5806 0.2544 0 0 0 0 0 0 0 0 -0.0162 4.6199 -5.6227 22.9257 0 0.1088 2.2035 0 0 0 0 0 0 0 0 3.0923 -22.1172 -11.1587 12.0349 0 -5.9236 23.1502 0 0 -23.6357 -52.1559 -23.6607 0.0120 17.8102 -9.7145 21.9212 -24.7028 0.0019 24.6131 -25.5060 11.3648 0 0 0 -69.9187 47.2884 -6.8882 21.8455 -15.0292 -43.6774 0.5193 5.0781 -3.5720 0 0 0 2.6504 0 -0.7067 -23.1684 0 0 -2.4535 0 0 0 0 0 0.4080 0 1.2428 -20.2069 0 0 -0.2541 0 0 0 0 0 0 0 0 0.0248 0 5.6226 -22.9041 0 0 -2.2015 0 0 0 0 0 0 0 0 -3.0511 0 11.2205 -12.0136 0 0 -23.1519 0 0 38.7931 -16.6046 0.7845 -15.2878 -18.3244 10.5623 -21.4091 24.6533 -32.7131 -23.9910 25.5082 0 0 0 0 4.8637 30.8205 0.1861 -7.2071 16.5235 -0.0000 1.4052 -10.0000 0 0 0 0 0 0 0 0 0 0 0 0 0 0 0 0 0 0 0 0 0 0 0 0 0 0 0 0 0 0 0 0 0 0 0 0 0 0 0 0 0 0 0 0 0 0 -6.8915 28.8132 -15.8839 -1.6857 19.7751 0.0000 26.9256 10.5112 -0.0000 0 0 0 0 0 0 0 0 0 0 0 0 0 0 0 0 0 0 0 0 0 0 0 0 0 0 0 0 0 0 0 0 0 0 0 0 0 0 0 0 0 0
-11.8994 1.6464 -100.9419 3.7185 -0.4209 -20.9235 0 0 0 0 0 0 0 0 0 -3.0679 -2.3267 13.9754 0 0 0 0 0 0 0 8.0501 -0.0039 0 0 0 0 0 0 0 0 0 0 0 0 0 0 172.0000 0 0 0 0 0 172.0000 0 0 0 0 0 0 0 0 0 0 0 0 0 0 0 0 0 0 0 0 0 0 0 0 0 0 0 0 0 0 0 0 0 0 0 0 0 0 0 0 0 0 0 0 0 0 0 0 0 0 0 0 0 0 0 0 0 0 0 0 0 0 0 0 0 0 0 0 0 0 0 0 0 0 0 0 -40.0000 172.0000 0 0 0 0 -40.0000 179.0000 0 0 0 0 -35.0000 -176.0000 0 0 0 0 0 0 0 0 0 0 0 113.0000 0 0 0 0 0 -113.0000 0 0 0 0 0 0 0 0 0 0 -3.5405 -172.0000 0 0 172.0000 0 0 0 0 0 0 0 0 0 0 -3.8621 172.0000 0 2.6419 172.0000 0 0 0 0 0 0 0 0 0 -15.2168 0 0 0 0 0 0 0 0 0 0 0 -15.3493 0 0 0 0 0 0 0 0 0 0 0 0 0 0 0 0 0 0 0 0 0 0 0 0 0 0 0 0 0 46.9187 59.5255 -14.6997 -14.4358 -6.7818 25.4493 -1.4171 10.6102 3.8142 0 0 0 -2.5501 0 0.8727 23.1901 0 0 2.4592 0 0 0 0 0 -0.3883 31.9597 -1.2448 20.2361 0 -0.5806 0.2592 0 0 0 0 0 0 0 0 -0.0046 4.6199 -5.6214 22.9367 0 0.1088 2.2069 0 0 0 0 0 0 0 0 3.0504 -22.1361 -11.2249 12.0172 0 -5.9207 23.1535 0 0 -23.6357 -52.1559 -23.6607 0.0626 17.2937 -9.2042 22.1795 -24.4841 0.0004 25.0575 -25.5051 10.5930 0 0 0 -60.2590 39.9276 -17.2104 19.0219 -12.1385 -45.4394 0.8381 5.7326 -3.8499 0 0 0 2.4650 0 -0.6454 -23.2407 0 0 -2.4590 0 0 0 0 0 0.3868 0 1.2427 -20.2368 0 0 -0.2593 0 0 0 0 0 0 0 0 0.0035 0 5.6205 -22.9373 0 0 -2.2071 0 0 0 0 0 0 0 0 -3.1130 0 11.2653 -12.0487 0 0 -23.1535 0 0 38.7910 -16.6115 0.7907 -15.4132 -18.3064 10.5832 -21.5358 24.6619 -32.7249 -23.9963 25.5080 0 0 0 0 5.8245 32.7738 4.1007 -8.5474 15.3227 -0.0000 3.7673 -10.0000 0 0 0 0 0 0 0 0 0 0 0 0 0 0 0 0 0 0 0 0 0 0 0 0 0 0 0 0 0 0 0 0 0 0 0 0 0 0 0 0 0 0 0 0 0 0 1.6593 34.8467 -10.3164 -2.3394 20.5042 0.0000 32.7972 17.3796 -0.0000 0 0 0 0 0 0 0 0 0 0 0 0 0 0 0 0 0 0 0 0 0 0 0 0 0 0 0 0 0 0 0 0 0 0 0 0 0 0 0 0 0 0
-11.7653 1.9477 -101.5074 4.0173 -0.1952 -21.3582 0 0 0 0 0 0 0 0 0 -3.6495 -3.1939 14.7900 0 0 0 0 0 0 0 8.0501 -0.0039 0 0 0 0 0 0 0 0 0 0 0 0 0 0 172.0000 0 0 0 0 0 172.0000 0 0 0 0 0 0 0 0 0 0 0 0 0 0 0 0 0 0 0 0 0 0 0 0 0 0 0 0 0 0 0 0 0 0 0 0 0 0 0 0 0 0 0 0 0 0 0 0 0 0 0 0 0 0 0 0 0 0 0 0 0 0 0 0 0 0 0 0 0 0 0 0 0 0 0 0 -40.0000 172.0000 0 0 0 0 -40.0000 179.0000 0 0 0 0 -35.0000 -176.0000 0 0 0 0 0 0 0 0 0 0 0 113.0000 0 0 0 0 0 -113.0000 0 0 0 0 0 0 0 0 0 0 -3.9318 -172.0000 0 0 172.0000 0 0 0 0 0 0 0 0 0 0 -4.2710 172.0000 0 2.6612 172.0000 0 0 0 0 0 0 0 0 0 -15.2871 0 0 0 0 0 0 0 0 0 0 0 -15.4735 0 0 0 0 0 0 0 0 0 0 0 0 0 0 0 0 0 0 0 0 0 0 0 0 0 0 0 0 0 45.0111 61.2248 -15.1964 -13.0812 -5.2746 27.6361 -1.4581 10.3876 3.5756 0 0 0 -2.5636 0 0.8731 23.1915 0 0 2.4599 0 0 0 0 0 -0.3854 31.9597 -1.2441 20.2391 0 -0.5806 0.2604 0 0 0 0 0 0 0 0 -0.0021 4.6199 -5.6212 22.9385 0 0.1088 2.2079 0 0 0 0 0 0 0 0 3.0425 -22.1556 -11.2446 12.0147 0 -5.9189 23.1535 0 0 -23.6357 -52.1559 -23.6607 0.0360 16.3856 -8.2967 22.5264 -24.4435 -0.0002 25.6097 -25.6414 9.7152 0 0 0 -53.8503 33.1851 -24.6027 19.4042 -11.2674 -49.4957 1.3704 4.2407 -3.3985 0 0 0 2.3045 0 -0.5863 -23.2880 0 0 -2.4595 0 0 0 0 0 0.3826 0 1.2434 -20.2440 0 0 -0.2605 0 0 0 0 0 0 0 0 -0.0007 0 5.6206 -22.9441 0 0 -2.2085 0 0 0 0 0 0 0 0 -3.1375 0 11.3103 -12.0666 0 0 -23.1529 0 0 38.7850 -16.6112 0.7942 -15.4922 -18.2981 10.5470 -21.6466 24.6353 -32.7573 -23.9961 25.5081 0 0 0 0 5.9709 33.6070 6.0876 -9.0495 14.7366 -0.0000 5.1436 -10.0000 0 0 0 0 0 0 0 0 0 0 0 0 0 0 0 0 0 0 0 0 0 0 0 0 0 0 0 0 0 0 0 0 0 0 0 0 0 0 0 0 0 0 0 0 0 0 7.1029 40.4714 -4.1203 -5.8055 22.1817 0.0000 33.5740 18.4086 -0.0000 0 0 0 0 0 0 0 0 0 0 0 0 0 0 0 0 0 0 0 0 0 0 0 0 0 0 0 0 0 0 0 0 0 0 0 0 0 0 0 0 0 0
-11.5795 2.3395 -102.2775 4.4127 -0.0505 -21.8346 0 0 0 0 0 0 0 0 0 -3.3061 -3.7516 15.0589 0 0 0 0 0 0 0 8.0501 -0.0039 0 0 0 0 0 0 0 0 0 0 0 0 0 0 172.0000 0 0 0 0 0 172.0000 0 0 0 0 0 0 0 0 0 0 0 0 0 0 0 0 0 0 0 0 0 0 0 0 0 0 0 0 0 0 0 0 0 0 0 0 0 0 0 0 0 0 0 0 0 0 0 0 0 0 0 0 0 0 0 0 0 0 0 0 0 0 0 0 0 0 0 0 0 0 0 0 0 0 0 0 -40.0000 172.0000 0 0 0 0 -40.0000 179.0000 0 0 0 0 -35.0000 -176.0000 0 0 0 0 0 0 0 0 0 0 0 113.0000 0 0 0 0 0 -113.0000 0 0 0 0 0 0 0 0 0 0 -4.4258 -172.0000 0 0 172.0000 0 0 0 0 0 0 0 0 0 0 -4.6684 172.0000 0 2.6892 172.0000 0 0 0 0 0 0 0 0 0 -15.3133 0 0 0 0 0 0 0 0 0 0 0 -15.4601 0 0 0 0 0 0 0 0 0 0 0 0 0 0 0 0 0 0 0 0 0 0 0 0 0 0 0 0 0 47.8981 56.0674 -11.3773 -11.4423 -3.6661 29.3890 -0.8204 8.5361 2.7070 0 0 0 -2.5318 0 0.8166 23.2107 0 0 2.4577 0 0 0 0 0 -0.3864 31.9597 -1.2439 20.2384 0 -0.5806 0.2600 0 0 0 0 0 0 0 0 -0.0033 4.6199 -5.6214 22.9370 0 0.1088 2.2078 0 0 0 0 0 0 0 0 3.0907 -22.2126 -11.1905 12.0435 0 -5.8898 23.1516 0 0 -23.6357 -52.1559 -23.6607 0.0072 16.0072 -7.9171 22.6093 -24.6549 -0.0002 25.7446 -26.1788 9.3003 0 0 0 -52.7658 29.3511 -28.2616 21.8524 -11.5187 -52.9177 2.0582 -1.6134 -1.2971 0 0 0 2.2674 0 -0.5823 -23.2939 0 0 -2.4584 0 0 0 0 0 0.3851 0 1.2439 -20.2413 0 0 -0.2601 0 0 0 0 0 0 0 0 0.0019 0 5.6213 -22.9403 0 0 -2.2081 0 0 0 0 0 0 0 0 -3.1265 0 11.2923 -12.0658 0 0 -23.1521 0 0 38.7818 -16.6093 0.7949 -15.4778 -18.3306 10.4179 -21.6443 24.5885 -32.8085 -23.9949 25.5081 0 0 0 0 5.7475 33.5261 7.0285 -9.3154 14.2723 -0.0000 5.7400 -10.0000 0 0 0 0 0 0 0 0 0 0 0 0 0 0 0 0 0 0 0 0 0 0 0 0 0 0 0 0 0 0 0 0 0 0 0 0 0 0 0 0 0 0 0 0 0 0 6.5711 43.9663 1.3160 -8.8406 25.1830 0.0000 31.9573 16.6787 -0.0000 0 0 0 0 0 0 0 0 0 0 0 0 0 0 0 0 0 0 0 0 0 0 0 0 0 0 0 0 0 0 0 0 0 0 0 0 0 0 0 0 0 0
-11.6453 2.8968 -102.6984 4.6186 0.3416 -22.3100 0 0 0 0 0 0 0 0 0 -3.0912 -3.9204 15.2292 0 0 0 0 0 0 0 8.0501 -0.0039 0 0 0 0 0 0 0 0 0 0 0 0 0 0 172.0000 0 0 0 0 0 172.0000 0 0 0 0 0 0 0 0 0 0 0 0 0 0 0 0 0 0 0 0 0 0 0 0 0 0 0 0 0 0 0 0 0 0 0 0 0 0 0 0 0 0 0 0 0 0 0 0 0 0 0 0 0 0 0 0 0 0 0 0 0 0 0 0 0 0 0 0 0 0 0 0 0 0 0 0 -40.0000 172.0000 0 0 0 0 -40.0000 179.0000 0 0 0 0 -35.0000 -176.0000 0 0 0 0 0 0 0 0 0 0 0 113.0000 0 0 0 0 0 -113.0000 0 0 0 0 0 0 0 0 0 0 -4.6924 -172.0000 0 0 172.0000 0 0 0 0 0 0 0 0 0 0 -4.7784 172.0000 0 2.6024 172.0000 0 0 0 0 0 0 0 0 0 -15.3127 0 0 0 0 0 0 0 0 0 0 0 -15.3589 0 0 0 0 0 0 0 0 0 0 0 0 0 0 0 0 0 0 0 0 0 0 0 0 0 0 0 0 0 56.3856 40.2296 -0.3494 -10.0656 -2.1779 31.1858 -0.3432 6.2672 1.9400 0 0 0 -2.4245 0 0.7834 23.2680 0 0 2.4545 0 0 0 0 0 -0.3878 31.9597 -1.2438 20.2373 0 -0.5806 0.2595 0 0 0 0 0 0 0 0 -0.0047 4.6199 -5.6216 22.9356 0 0.1088 2.2074 0 0 0 0 0 0 0 0 3.2030 -22.3412 -11.0830 12.0991 0 -5.8300 23.1495 0 0 -23.6357 -52.1559 -23.6607 -0.0041 16.4322 -8.3409 22.5452 -25.0945 -0.0001 25.5194 -27.1058 9.4396 0 0 0 -54.6917 26.9573 -30.8658 23.3485 -12.4658 -53.6594 2.5684 -6.3734 0.5881 0 0 0 2.3064 0 -0.6174 -23.2766 0 0 -2.4578 0 0 0 0 0 0.3876 0 1.2441 -20.2379 0 0 -0.2595 0 0 0 0 0 0 0 0 0.0045 0 5.6216 -22.9363 0 0 -2.2075 0 0 0 0 0 0 0 0 -3.1085 0 11.2652 -12.0554 0 0 -23.1518 0 0 38.7812 -16.6082 0.7944 -15.4138 -18.4050 10.3132 -21.5866 24.5413 -32.8514 -23.9946 25.5080 0 0 0 0 6.5672 32.6773 8.4538 -9.1093 13.6155 -0.0000 6.2154 -10.0000 0 0 0 0 0 0 0 0 0 0 0 0 0 0 0 0 0 0 0 0 0 0 0 0 0 0 0 0 0 0 0 0 0 0 0 0 0 0 0 0 0 0 0 0 0 0 1.0883 44.9686 6.7442 -10.2893 27.2117 0.0000 24.6795 16.0983 -0.0000 0 0 0 0 0 0 0 0 0 0 0 0 0 0 0 0 0 0 0 0 0 0 0 0 0 0 0 0 0 0 0 0 0 0 0 0 0 0 0 0 0 0
-11.9764 3.2316 -102.6529 4.5215 1.0057 -22.7364 0 0 0 0 0 0 0 0 0 -4.0786 -4.8712 16.0923 0 0 0 0 0 0 0 8.0501 -0.0039 0 0 0 0 0 0 0 0 0 0 0 0 0 0 172.0000 0 0 0 0 0 172.0000 0 0 0 0 0 0 0 0 0 0 0 0 0 0 0 0 0 0 0 0 0 0 0 0 0 0 0 0 0 0 0 0 0 0 0 0 0 0 0 0 0 0 0 0 0 0 0 0 0 0 0 0 0 0 0 0 0 0 0 0 0 0 0 0 0 0 0 0 0 0 0 0 0 0 0 0 -40.0000 172.0000 0 0 0 0 -40.0000 179.0000 0 0 0 0 -35.0000 -176.0000 0 0 0 0 0 0 0 0 0 0 0 113.0000 0 0 0 0 0 -113.0000 0 0 0 0 0 0 0 0 0 0 -4.7389 -172.0000 0 0 172.0000 0 0 0 0 0 0 0 0 0 0 -4.7339 172.0000 0 2.4888 172.0000 0 0 0 0 0 0 0 0 0 -15.3060 0 0 0 0 0 0 0 0 0 0 0 -15.2993 0 0 0 0 0 0 0 0 0 0 0 0 0 0 0 0 0 0 0 0 0 0 0 0 0 0 0 0 0 65.5156 26.6103 12.0312 -7.6993 -0.1092 33.0613 -0.4923 3.3206 1.1924 0 0 0 -2.3729 0 0.8507 23.3043 0 0 2.4546 0 0 0 0 0 -0.3884 31.9597 -1.2439 20.2368 0 -0.5806 0.2592 0 0 0 0 0 0 0 0 -0.0052 4.6199 -5.6216 22.9351 0 0.1088 2.2073 0 0 0 0 0 0 0 0 3.2315 -22.4365 -11.0597 12.1000 0 -5.8038 23.1496 0 0 -23.6357 -52.1559 -23.6607 -0.0043 17.2524 -9.1602 22.3010 -25.2609 -0.0000 25.0741 -27.3536 9.7761 0 0 0 -57.9066 25.3191 -33.6575 22.4971 -14.5866 -51.6267 3.2370 -8.2205 1.5503 0 0 0 2.3386 0 -0.6416 -23.2640 0 0 -2.4579 0 0 0 0 0 0.3886 0 1.2440 -20.2365 0 0 -0.2592 0 0 0 0 0 0 0 0 0.0055 0 5.6217 -22.9348 0 0 -2.2072 0 0 0 0 0 0 0 0 -3.1060 0 11.2824 -12.0425 0 0 -23.1516 0 0 38.7817 -16.6080 0.7940 -15.3476 -18.4896 10.3014 -21.5366 24.5087 -32.8769 -23.9947 25.5080 0 0 0 0 9.0426 32.0597 10.9140 -7.8348 12.2491 -0.0000 7.1120 -10.0000 0 0 0 0 0 0 0 0 0 0 0 0 0 0 0 0 0 0 0 0 0 0 0 0 0 0 0 0 0 0 0 0 0 0 0 0 0 0 0 0 0 0 0 0 0 0 -5.4438 43.7847 13.2495 -10.4582 28.2272 0.0000 14.2683 17.5266 -0.0000 0 0 0 0 0 0 0 0 0 0 0 0 0 0 0 0 0 0 0 0 0 0 0 0 0 0 0 0 0 0 0 0 0 0 0 0 0 0 0 0 0 0
-12.5672 2.8793 -102.5547 4.0156 2.1123 -23.6250 0 0 0 0 0 0 0 0 0 -5.8921 -6.7003 17.8629 0 0 0 0 0 0 0 8.0501 -0.0039 0 0 0 0 0 0 0 0 0 0 0 0 0 0 172.0000 0 0 0 0 0 172.0000 0 0 0 0 0 0 0 0 0 0 0 0 0 0 0 0 0 0 0 0 0 0 0 0 0 0 0 0 0 0 0 0 0 0 0 0 0 0 0 0 0 0 0 0 0 0 0 0 0 0 0 0 0 0 0 0 0 0 0 0 0 0 0 0 0 0 0 0 0 0 0 0 0 0 0 0 -40.0000 172.0000 0 0 0 0 -40.0000 179.0000 0 0 0 0 -35.0000 -176.0000 0 0 0 0 0 0 0 0 0 0 0 113.0000 0 0 0 0 0 -113.0000 0 0 0 0 0 0 0 0 0 0 -4.7036 -172.0000 0 0 172.0000 0 0 0 0 0 0 0 0 0 0 -4.6799 172.0000 0 2.4392 172.0000 0 0 0 0 0 0 0 0 0 -15.3020 0 0 0 0 0 0 0 0 0 0 0 -15.2867 0 0 0 0 0 0 0 0 0 0 0 0 0 0 0 0 0 0 0 0 0 0 0 0 0 0 0 0 0 72.3687 23.3380 22.3452 -2.1303 4.0366 33.9474 -0.8048 0.6895 0.3764 0 0 0 -2.5153 0 0.8336 23.2637 0 0 2.4570 0 0 0 0 0 -0.3884 31.9597 -1.2439 20.2367 0 -0.5806 0.2592 0 0 0 0 0 0 0 0 -0.0053 4.6199 -5.6216 22.9351 0 0.1088 2.2072 0 0 0 0 0 0 0 0 3.1104 -22.4348 -11.1156 12.0366 0 -5.8003 23.1512 0 0 -23.6357 -52.1559 -23.6607 -0.1674 17.7904 -9.6977 21.8179 -25.0413 0.0000 24.7211 -26.9327 10.1023 0 0 0 -60.4938 22.9718 -37.6465 18.8510 -15.4259 -47.7845 3.8290 -7.8711 1.5000 0 0 0 2.3389 0 -0.6413 -23.2638 0 0 -2.4580 0 0 0 0 0 0.3886 0 1.2440 -20.2364 0 0 -0.2592 0 0 0 0 0 0 0 0 0.0054 0 5.6216 -22.9347 0 0 -2.2072 0 0 0 0 0 0 0 0 -3.1102 0 11.3075 -12.0321 0 0 -23.1515 0 0 38.7821 -16.6081 0.7939 -15.3005 -18.5490 10.3192 -21.5084 24.4885 -32.8964 -23.9949 25.5080 0 0 0 0 11.9707 32.9332 13.0850 -6.2595 10.2284 -0.0000 8.2255 -10.0000 0 0 0 0 0 0 0 0 0 0 0 0 0 0 0 0 0 0 0 0 0 0 0 0 0 0 0 0 0 0 0 0 0 0 0 0 0 0 0 0 0 0 0 0 0 0 -9.2217 42.2321 18.6257 -9.8800 28.1384 0.0000 13.3393 19.5566 -0.0000 0 0 0 0 0 0 0 0 0 0 0 0 0 0 0 0 0 0 0 0 0 0 0 0 0 0 0 0 0 0 0 0 0 0 0 0 0 0 0 0 0 0
-12.8413 1.6471 -103.5806 3.3309 3.2942 -24.8431 0 0 0 0 0 0 0 0 0 -6.8990 -8.0944 19.0179 0 0 0 0 0 0 0 8.0501 -0.0039 0 0 0 0 0 0 0 0 0 0 0 0 0 0 172.0000 0 0 0 0 0 172.0000 0 0 0 0 0 0 0 0 0 0 0 0 0 0 0 0 0 0 0 0 0 0 0 0 0 0 0 0 0 0 0 0 0 0 0 0 0 0 0 0 0 0 0 0 0 0 0 0 0 0 0 0 0 0 0 0 0 0 0 0 0 0 0 0 0 0 0 0 0 0 0 0 0 0 0 0 -40.0000 172.0000 0 0 0 0 -40.0000 179.0000 0 0 0 0 -35.0000 -176.0000 0 0 0 0 0 0 0 0 0 0 0 113.0000 0 0 0 0 0 -113.0000 0 0 0 0 0 0 0 0 0 0 -4.5026 -172.0000 0 0 172.0000 0 0 0 0 0 0 0 0 0 0 -4.5513 172.0000 0 2.5180 172.0000 0 0 0 0 0 0 0 0 0 -15.3079 0 0 0 0 0 0 0 0 0 0 0 -15.2934 0 0 0 0 0 0 0 0 0 0 0 0 0 0 0 0 0 0 0 0 0 0 0 0 0 0 0 0 0 76.9752 24.1915 30.6245 3.3068 7.7209 31.8388 -1.1959 0.7338 0.2396 0 0 0 -2.6989 0 0.7240 23.1961 0 0 2.4585 0 0 0 0 0 -0.3883 31.9597 -1.2439 20.2368 0 -0.5806 0.2593 0 0 0 0 0 0 0 0 -0.0051 4.6199 -5.6216 22.9353 0 0.1088 2.2073 0 0 0 0 0 0 0 0 2.9693 -22.4009 -11.1449 11.9768 0 -5.7798 23.1522 0 0 -23.6357 -52.1559 -23.6607 -0.4341 17.8838 -9.7911 21.4009 -24.8077 0.0000 24.5954 -26.5724 10.3864 0 0 0 -60.7384 18.9776 -41.9784 14.5037 -11.6278 -43.8964 3.7093 -4.8522 -0.0374 0 0 0 2.3310 0 -0.6337 -23.2713 0 0 -2.4580 0 0 0 0 0 0.3884 0 1.2439 -20.2367 0 0 -0.2593 0 0 0 0 0 0 0 0 0.0052 0 5.6216 -22.9351 0 0 -2.2072 0 0 0 0 0 0 0 0 -3.1182 0 11.3182 -12.0370 0 0 -23.1515 0 0 38.7822 -16.6082 0.7939 -15.3123 -18.5437 10.3269 -21.5217 24.5026 -32.9128 -23.9948 25.5080 0 0 0 0 13.4603 34.0477 13.5625 -5.3971 9.0979 -0.0000 8.6867 -10.0000 0 0 0 0 0 0 0 0 0 0 0 0 0 0 0 0 0 0 0 0 0 0 0 0 0 0 0 0 0 0 0 0 0 0 0 0 0 0 0 0 0 0 0 0 0 0 -10.4151 40.9597 21.2964 -9.0660 27.0091 0.0000 17.6143 21.3161 -0.0000 0 0 0 0 0 0 0 0 0 0 0 0 0 0 0 0 0 0 0 0 0 0 0 0 0 0 0 0 0 0 0 0 0 0 0 0 0 0 0 0 0 0
-12.8739 -0.2244 -104.9311 2.6718 3.7850 -25.7495 0 0 0 0 0 0 0 0 0 -6.5660 -8.3996 18.7056 0 0 0 0 0 0 0 8.0501 -0.0039 0 0 0 0 0 0 0 0 0 0 0 0 0 0 172.0000 0 0 0 0 0 172.0000 0 0 0 0 0 0 0 0 0 0 0 0 0 0 0 0 0 0 0 0 0 0 0 0 0 0 0 0 0 0 0 0 0 0 0 0 0 0 0 0 0 0 0 0 0 0 0 0 0 0 0 0 0 0 0 0 0 0 0 0 0 0 0 0 0 0 0 0 0 0 0 0 0 0 0 0 -40.0000 172.0000 0 0 0 0 -40.0000 179.0000 0 0 0 0 -35.0000 -176.0000 0 0 0 0 0 0 0 0 0 0 0 113.0000 0 0 0 0 0 -113.0000 0 0 0 0 0 0 0 0 0 0 -3.9782 -172.0000 0 0 172.0000 0 0 0 0 0 0 0 0 0 0 -4.1739 172.0000 0 2.6622 172.0000 0 0 0 0 0 0 0 0 0 -15.3194 0 0 0 0 0 0 0 0 0 0 0 -15.3009 0 0 0 0 0 0 0 0 0 0 0 0 0 0 0 0 0 0 0 0 0 0 0 0 0 0 0 0 0 79.2906 25.1030 34.9485 5.6617 9.0092 29.7333 -1.6473 2.2837 0.5970 0 0 0 -2.7301 0 0.6523 23.1601 0 0 2.4589 0 0 0 0 0 -0.3882 31.9597 -1.2439 20.2369 0 -0.5806 0.2593 0 0 0 0 0 0 0 0 -0.0051 4.6199 -5.6216 22.9353 0 0.1088 2.2073 0 0 0 0 0 0 0 0 2.8953 -22.3740 -11.1744 11.9459 0 -5.7726 23.1525 0 0 -23.6357 -52.1559 -23.6607 -0.6050 17.7880 -9.6954 21.2056 -24.7449 0.0000 24.6054 -26.6027 10.6845 0 0 0 -59.6235 15.6542 -44.5767 12.2385 -6.6647 -41.9064 3.0498 -1.4955 -2.0574 0 0 0 2.2813 0 -0.5810 -23.2955 0 0 -2.4582 0 0 0 0 0 0.3882 0 1.2439 -20.2369 0 0 -0.2593 0 0 0 0 0 0 0 0 0.0051 0 5.6216 -22.9353 0 0 -2.2073 0 0 0 0 0 0 0 0 -3.1579 0 11.3600 -12.0560 0 0 -23.1518 0 0 38.7822 -16.6083 0.7939 -15.3763 -18.5070 10.3046 -21.5719 24.5447 -32.9342 -23.9945 25.5080 0 0 0 0 13.7286 34.5744 12.8350 -5.1418 9.1861 -0.0000 8.6850 -10.0000 0 0 0 0 0 0 0 0 0 0 0 0 0 0 0 0 0 0 0 0 0 0 0 0 0 0 0 0 0 0 0 0 0 0 0 0 0 0 0 0 0 0 0 0 0 0 -10.4368 39.6179 22.0849 -8.4881 26.0359 0.0000 18.2750 22.0282 -0.0000 0 0 0 0 0 0 0 0 0 0 0 0 0 0 0 0 0 0 0 0 0 0 0 0 0 0 0 0 0 0 0 0 0 0 0 0 0 0 0 0 0 0
-13.6459 -1.9210 -104.7759 2.3798 3.4572 -26.2980 0 0 0 0 0 0 0 0 0 -5.7146 -7.8390 17.8014 0 0 0 0 0 0 0 8.0501 -0.0039 0 0 0 0 0 0 0 0 0 0 0 0 0 0 172.0000 0 0 0 0 0 172.0000 0 0 0 0 0 0 0 0 0 0 0 0 0 0 0 0 0 0 0 0 0 0 0 0 0 0 0 0 0 0 0 0 0 0 0 0 0 0 0 0 0 0 0 0 0 0 0 0 0 0 0 0 0 0 0 0 0 0 0 0 0 0 0 0 0 0 0 0 0 0 0 0 0 0 0 0 -40.0000 172.0000 0 0 0 0 -40.0000 179.0000 0 0 0 0 -35.0000 -176.0000 0 0 0 0 0 0 0 0 0 0 0 113.0000 0 0 0 0 0 -113.0000 0 0 0 0 0 0 0 0 0 0 -3.4646 -172.0000 0 0 172.0000 0 0 0 0 0 0 0 0 0 0 -3.7088 172.0000 0 2.6849 172.0000 0 0 0 0 0 0 0 0 0 -10.2200 0 0 0 0 0 0 0 0 0 0 0 -13.5111 0 0 0 0 0 0 0 0 0 0 0 0 0 0 0 0 0 0 0 0 0 0 0 0 0 0 0 0 0 80.8371 26.6808 36.6614 6.9091 8.9225 30.4420 -1.6432 3.3011 0.8244 0 0 0 -2.6669 0 0.6226 23.1619 0 0 2.4588 0 0 0 0 0 -0.3882 31.9597 -1.2439 20.2369 0 -0.5806 0.2593 0 0 0 0 0 0 0 0 -0.0050 4.6199 -5.6216 22.9354 0 0.1088 2.2073 0 0 0 0 0 0 0 0 2.8919 -22.3406 -11.2349 11.9433 0 -5.7917 23.1526 0 0 -23.6357 -52.1559 -23.6607 -0.6916 17.7079 -9.6155 21.1515 -24.7954 -0.0000 24.6895 -26.9599 11.0338 0 0 0 -57.5985 14.6288 -44.9647 9.4311 -2.3427 -39.1621 2.1609 -0.5981 -3.1022 0 0 0 2.1913 0 -0.4879 -23.3206 0 0 -2.4585 0 0 0 0 0 0.3882 0 1.2439 -20.2369 0 0 -0.2593 0 0 0 0 0 0 0 0 0.0050 0 5.6216 -22.9354 0 0 -2.2073 0 0 0 0 0 0 0 0 -3.1999 0 11.4080 -12.0659 0 0 -23.1521 0 0 38.7822 -16.6083 0.7939 -15.4658 -18.4591 10.3295 -21.5982 24.5833 -32.9120 -23.9941 25.5082 0 0 0 0 13.7288 35.8679 11.3627 -5.1210 9.4444 -0.0000 8.7538 -10.0000 0 0 0 0 0 0 0 0 0 0 0 0 0 0 0 0 0 0 0 0 0 0 0 0 0 0 0 0 0 0 0 0 0 0 0 0 0 0 0 0 0 0 0 0 0 0 -10.4633 38.9355 22.3712 -7.3259 24.9624 0.0000 19.1133 23.0077 -0.0000 0 0 0 0 0 0 0 0 0 0 0 0 0 0 0 0 0 0 0 0 0 0 0 0 0 0 0 0 0 0 0 0 0 0 0 0 0 0 0 0 0 0
-14.4931 -2.9539 -103.7811 2.9388 2.9654 -26.1568 0 0 0 0 0 0 0 0 0 -4.0981 -6.3444 16.1799 0 0 0 0 0 0 0 8.0501 -0.0039 0 0 0 0 0 0 0 0 0 0 0 0 0 0 172.0000 0 0 0 0 0 172.0000 0 0 0 0 0 0 0 0 0 0 0 0 0 0 0 0 0 0 0 0 0 0 0 0 0 0 0 0 0 0 0 0 0 0 0 0 0 0 0 0 0 0 0 0 0 0 0 0 0 0 0 0 0 0 0 0 0 0 0 0 0 0 0 0 0 0 0 0 0 0 0 0 0 0 0 0 -40.0000 172.0000 0 0 0 0 -40.0000 179.0000 0 0 0 0 -35.0000 -176.0000 0 0 0 0 0 0 0 0 0 0 0 113.0000 0 0 0 0 0 -113.0000 0 0 0 0 0 0 0 0 0 0 -3.5103 -172.0000 0 0 172.0000 0 0 0 0 0 0 0 0 0 0 -3.7097 172.0000 0 2.8423 172.0000 0 0 0 0 0 0 0 0 0 -1.9500 0 0 0 0 0 0 0 0 0 0 0 -10.6064 0 0 0 0 0 0 0 0 0 0 0 0 0 0 0 0 0 0 0 0 0 0 0 0 0 0 0 0 0 81.4994 28.5541 36.9589 8.5480 8.5590 31.2017 -0.8908 4.1861 1.0019 0 0 0 -2.6847 0 0.6194 23.1738 0 0 2.4586 0 0 0 0 0 -0.3882 31.9597 -1.2439 20.2369 0 -0.5806 0.2593 0 0 0 0 0 0 0 0 -0.0050 4.6199 -5.6216 22.9354 0 0.1088 2.2073 0 0 0 0 0 0 0 0 2.9144 -22.2960 -11.2316 11.9550 0 -5.7887 23.1525 0 0 -23.6357 -52.1559 -23.6607 -0.4938 17.6654 -9.5750 21.1944 -24.8122 -0.0000 24.7246 -27.1014 11.3547 0 0 0 -54.2705 17.0756 -42.1806 4.7777 2.2560 -35.2223 1.3943 -2.6963 -2.6795 0 0 0 2.2329 0 -0.4918 -23.2973 0 0 -2.4586 0 0 0 0 0 0.3882 0 1.2439 -20.2369 0 0 -0.2593 0 0 0 0 0 0 0 0 0.0050 0 5.6216 -22.9354 0 0 -2.2073 0 0 0 0 0 0 0 0 -3.1589 0 11.3702 -12.0506 0 0 -23.1520 0 0 38.7822 -16.6083 0.7939 -15.5088 -18.3737 10.4566 -21.5675 24.6052 -32.8339 -23.9939 25.5086 0 0 0 0 12.2978 37.7588 8.9231 -6.0259 9.4719 -0.0000 8.7223 -10.0000 0 0 0 0 0 0 0 0 0 0 0 0 0 0 0 0 0 0 0 0 0 0 0 0 0 0 0 0 0 0 0 0 0 0 0 0 0 0 0 0 0 0 0 0 0 0 -11.5352 39.0167 23.2026 -5.7640 24.1226 0.0000 21.6834 25.2337 -0.0000 0 0 0 0 0 0 0 0 0 0 0 0 0 0 0 0 0 0 0 0 0 0 0 0 0 0 0 0 0 0 0 0 0 0 0 0 0 0 0 0 0 0
-14.6344 -3.1660 -103.0415 4.1525 2.6913 -25.0057 0 0 0 0 0 0 0 0 0 -2.0562 -4.5554 14.1454 0 0 0 0 0 0 0 8.0501 -0.0039 0 0 0 0 0 0 0 0 0 0 0 0 0 0 172.0000 0 0 0 0 0 172.0000 0 0 0 0 0 0 0 0 0 0 0 0 0 0 0 0 0 0 0 0 0 0 0 0 0 0 0 0 0 0 0 0 0 0 0 0 0 0 0 0 0 0 0 0 0 0 0 0 0 0 0 0 0 0 0 0 0 0 0 0 0 0 0 0 0 0 0 0 0 0 0 0 0 0 0 0 -40.0000 172.0000 0 0 0 0 -40.0000 179.0000 0 0 0 0 -35.0000 -176.0000 0 0 0 0 0 0 0 0 0 0 0 113.0000 0 0 0 0 0 -113.0000 0 0 0 0 0 0 0 0 0 0 -4.1473 -172.0000 0 0 172.0000 0 0 0 0 0 0 0 0 0 0 -4.3139 172.0000 0 3.3923 172.0000 0 0 0 0 0 0 0 0 0 -2.8553 0 0 0 0 0 0 0 0 0 0 0 -11.0360 0 0 0 0 0 0 0 0 0 0 0 0 0 0 0 0 0 0 0 0 0 0 0 0 0 0 0 0 0 81.1465 30.0086 34.9551 7.5778 8.3444 28.8912 0.1490 6.7854 1.6855 0 0 0 -2.7781 0 0.6074 23.1711 0 0 2.4585 0 0 0 0 0 -0.3882 31.9597 -1.2439 20.2369 0 -0.5806 0.2593 0 0 0 0 0 0 0 0 -0.0051 4.6199 -5.6216 22.9353 0 0.1088 2.2073 0 0 0 0 0 0 0 0 2.9104 -22.2910 -11.1557 11.9572 0 -5.7565 23.1522 0 0 -23.6357 -52.1559 -23.6607 -0.1400 17.5405 -9.4509 21.2585 -24.7861 -0.0000 24.7322 -27.0504 11.6802 0 0 0 -54.7346 27.3164 -29.8614 3.0806 3.6604 -35.4810 0.9402 -4.6333 -2.0631 0 0 0 2.4429 0 -0.6426 -23.2344 0 0 -2.4588 0 0 0 0 0 0.3882 0 1.2439 -20.2369 0 0 -0.2593 0 0 0 0 0 0 0 0 0.0050 0 5.6216 -22.9353 0 0 -2.2073 0 0 0 0 0 0 0 0 -3.0561 0 11.2681 -12.0234 0 0 -23.1520 0 0 38.7821 -16.6083 0.7939 -15.4275 -18.3570 10.5186 -21.5177 24.5794 -32.8012 -23.9940 25.5087 0 0 0 0 9.3392 38.1982 5.9328 -7.9945 9.5193 -0.0000 8.5179 -10.0000 0 0 0 0 0 0 0 0 0 0 0 0 0 0 0 0 0 0 0 0 0 0 0 0 0 0 0 0 0 0 0 0 0 0 0 0 0 0 0 0 0 0 0 0 0 0 -13.2566 39.7413 24.0132 -5.9101 25.3516 0.0000 22.5914 26.8160 -0.0000 0 0 0 0 0 0 0 0 0 0 0 0 0 0 0 0 0 0 0 0 0 0 0 0 0 0 0 0 0 0 0 0 0 0 0 0 0 0 0 0 0 0
-14.3163 -2.6839 -102.0682 5.7101 2.1136 -23.3436 0 0 0 0 0 0 0 0 0 -0.7229 -3.3603 12.8099 0 0 0 0 0 0 0 8.0501 -0.0039 0 0 0 0 0 0 0 0 0 0 0 0 0 0 172.0000 0 0 0 0 0 172.0000 0 0 0 0 0 0 0 0 0 0 0 0 0 0 0 0 0 0 0 0 0 0 0 0 0 0 0 0 0 0 0 0 0 0 0 0 0 0 0 0 0 0 0 0 0 0 0 0 0 0 0 0 0 0 0 0 0 0 0 0 0 0 0 0 0 0 0 0 0 0 0 0 0 0 0 0 -40.0000 172.0000 0 0 0 0 -40.0000 179.0000 0 0 0 0 -35.0000 -176.0000 0 0 0 0 0 0 0 0 0 0 0 113.0000 0 0 0 0 0 -113.0000 0 0 0 0 0 0 0 0 0 0 -4.8518 -172.0000 0 0 172.0000 0 0 0 0 0 0 0 0 0 0 -4.8659 172.0000 0 3.8740 172.0000 0 0 0 0 0 0 0 0 0 -10.5046 0 0 0 0 0 0 0 0 0 0 0 -12.9943 0 0 0 0 0 0 0 0 0 0 0 0 0 0 0 0 0 0 0 0 0 0 0 0 0 0 0 0 0 80.7842 31.0880 32.4136 4.3479 8.2710 25.3042 0.6741 9.5646 2.5511 0 0 0 -2.9273 0 -0.6139 25.2164 0 0 3.6662 0 0 0 0 0 -0.7811 31.9597 -2.2097 23.0488 0 -0.5806 1.1069 0 0 0 0 0 0 0 0 1.1053 4.6199 -5.9737 22.5603 0 0.1088 2.4413 0 0 0 0 0 0 0 0 3.9598 -22.3402 -11.5265 11.4487 0 -5.7347 24.3363 0 0 -23.6357 -52.1559 -23.6607 -0.0049 14.7796 -9.2516 21.1657 -26.1358 -0.0000 26.2452 -26.8981 11.9057 0 0 0 -62.4913 42.6273 -8.3227 6.1239 2.6426 -38.3602 0.7336 -4.2922 -2.2254 0 0 0 2.7434 0 0.4321 -25.2419 0 0 -3.6667 0 0 0 0 0 0.7864 0 2.2044 -23.0534 0 0 -1.1092 0 0 0 0 0 0 0 0 -1.0989 0 5.9653 -22.5634 0 0 -2.4441 0 0 0 0 0 0 0 0 -4.0374 0 11.6041 -11.4971 0 0 -24.3388 0 0 40.1610 -16.8482 0.8244 -15.1803 -15.3016 10.2167 -21.3501 25.9527 -30.4406 -25.6162 25.5653 0 0 0 0 5.9007 36.5911 2.5958 -9.6472 9.7317 -0.0000 8.2989 -10.0000 0 0 0 0 0 0 0 0 0 0 0 0 0 0 0 0 0 0 0 0 0 0 0 0 0 0 0 0 0 0 0 0 0 0 0 0 0 0 0 0 0 0 0 0 0 0 -15.7576 41.8426 23.2558 -7.9029 28.7312 0.0000 21.5039 27.2067 -0.0000 0 0 0 0 0 0 0 0 0 0 0 0 0 0 0 0 0 0 0 0 0 0 0 0 0 0 0 0 0 0 0 0 0 0 0 0 0 0 0 0 0 0
-13.6921 -2.2767 -100.8994 7.3335 1.0338 -21.7501 0 0 0 0 0 0 0 0 0 0.0993 -2.6663 11.9863 0 0 0 0 0 0 0 8.0501 -0.0039 0 0 0 0 0 0 0 0 0 0 0 0 0 0 172.0000 0 0 0 0 0 172.0000 0 0 0 0 0 0 0 0 0 0 0 0 0 0 0 0 0 0 0 0 0 0 0 0 0 0 0 0 0 0 0 0 0 0 0 0 0 0 0 0 0 0 0 0 0 0 0 0 0 0 0 0 0 0 0 0 0 0 0 0 0 0 0 0 0 0 0 0 0 0 0 0 0 0 0 0 -40.0000 172.0000 0 0 0 0 -40.0000 179.0000 0 0 0 0 -35.0000 -176.0000 0 0 0 0 0 0 0 0 0 0 0 113.0000 0 0 0 0 0 -113.0000 0 0 0 0 0 0 0 0 0 0 -5.0827 -172.0000 0 0 172.0000 0 0 0 0 0 0 0 0 0 0 -4.9047 172.0000 0 3.8599 172.0000 0 0 0 0 0 0 0 0 0 -15.6408 0 0 0 0 0 0 0 0 0 0 0 -13.2926 0 0 0 0 0 0 0 0 0 0 0 0 0 0 0 0 0 0 0 0 0 0 0 0 0 0 0 0 0 79.6917 31.7315 30.8882 3.7146 8.2693 23.7419 0.7632 9.6805 2.7412 0 0 0 -3.2509 0 -3.8479 30.5982 0 0 6.8308 0 0 0 0 0 -1.8105 31.9597 -4.7403 30.4164 0 -0.5806 3.3279 0 0 0 0 0 0 0 0 4.0147 4.6199 -6.8962 21.5776 0 0.1088 3.0545 0 0 0 0 0 0 0 0 6.7060 -22.3087 -12.5887 10.1235 0 -5.7248 27.4397 0 0 -23.6357 -52.1559 -23.6607 -0.0586 7.7080 -8.8328 20.8299 -29.7534 0.0000 30.2989 -26.5395 11.8841 0 0 0 -69.2646 50.8863 5.5049 9.6277 2.8344 -38.8791 0.8059 -3.5297 -2.4058 0 0 0 3.1196 0 3.6114 -30.6093 0 0 -6.8311 0 0 0 0 0 1.8244 0 4.7264 -30.4286 0 0 -3.3339 0 0 0 0 0 0 0 0 -3.9979 0 6.8743 -21.5858 0 0 -3.0619 0 0 0 0 0 0 0 0 -5.8930 0 12.3145 -10.5895 0 0 -26.4455 0 0 43.8564 -17.5596 0.8215 -14.7608 -7.1624 9.5118 -20.9586 29.6577 -24.2045 -29.8640 25.7160 0 0 0 0 2.5248 34.5600 -0.8137 -10.2633 9.6271 -0.0000 8.1404 -10.0000 0 0 0 0 0 0 0 0 0 0 0 0 0 0 0 0 0 0 0 0 0 0 0 0 0 0 0 0 0 0 0 0 0 0 0 0 0 0 0 0 0 0 0 0 0 0 -18.7073 44.1772 20.6184 -9.6826 33.1087 0.0000 20.7346 26.8901 -0.0000 0 0 0 0 0 0 0 0 0 0 0 0 0 0 0 0 0 0 0 0 0 0 0 0 0 0 0 0 0 0 0 0 0 0 0 0 0 0 0 0 0 0
-13.0891 -2.2269 -100.2408 8.7503 -0.2432 -20.6793 0 0 0 0 0 0 0 0 0 0.2044 -2.6120 11.8398 0 0 0 0 0 0 0 8.0501 -0.0039 0 0 0 0 0 0 0 0 0 0 0 0 0 0 172.0000 0 0 0 0 0 172.0000 0 0 0 0 0 0 0 0 0 0 0 0 0 0 0 0 0 0 0 0 0 0 0 0 0 0 0 0 0 0 0 0 0 0 0 0 0 0 0 0 0 0 0 0 0 0 0 0 0 0 0 0 0 0 0 0 0 0 0 0 0 0 0 0 0 0 0 0 0 0 0 0 0 0 0 0 -40.0000 172.0000 0 0 0 0 -40.0000 179.0000 0 0 0 0 -35.0000 -176.0000 0 0 0 0 0 0 0 0 0 0 0 113.0000 0 0 0 0 0 -113.0000 0 0 0 0 0 0 0 0 0 0 -4.8863 -172.0000 0 0 172.0000 0 0 0 0 0 0 0 0 0 0 -4.7030 172.0000 0 3.6041 172.0000 0 0 0 0 0 0 0 0 0 -17.0149 0 0 0 0 0 0 0 0 0 0 0 -13.8147 0 0 0 0 0 0 0 0 0 0 0 0 0 0 0 0 0 0 0 0 0 0 0 0 0 0 0 0 0 77.9970 32.3530 29.7125 5.1732 8.3136 23.5543 0.9704 8.5097 2.4898 0 0 0 -3.5708 0 -6.8279 35.5034 0 0 9.7108 0 0 0 0 0 -2.7474 31.9597 -7.0434 37.1217 0 -0.5806 5.3491 0 0 0 0 0 0 0 0 6.6626 4.6199 -7.7359 20.6832 0 0.1088 3.6125 0 0 0 0 0 0 0 0 9.1831 -22.2135 -13.5443 8.9171 0 -5.7135 30.2641 0 0 -23.6357 -52.1559 -23.6607 -0.1263 1.2274 -8.3691 20.5045 -33.0716 0.0000 34.0616 -26.1360 11.7800 0 0 0 -69.3502 49.1836 3.7648 11.9436 2.0863 -39.8676 1.0197 -3.5622 -2.2147 0 0 0 3.3703 0 6.5948 -35.5089 0 0 -9.7109 0 0 0 0 0 2.7601 0 7.0307 -37.1328 0 0 -5.3546 0 0 0 0 0 0 0 0 -6.6473 0 7.7159 -20.6907 0 0 -3.6193 0 0 0 0 0 0 0 0 -6.9658 0 12.7370 -10.0728 0 0 -27.6485 0 0 47.3611 -18.3483 0.6775 -14.4626 0.3353 8.9561 -20.6316 33.0842 -18.4771 -33.7259 25.8570 0 0 0 0 -0.2970 33.2475 -3.6016 -10.2481 9.0640 -0.0000 8.0874 -10.0000 0 0 0 0 0 0 0 0 0 0 0 0 0 0 0 0 0 0 0 0 0 0 0 0 0 0 0 0 0 0 0 0 0 0 0 0 0 0 0 0 0 0 0 0 0 0 -21.3885 45.2487 18.9976 -9.6944 40.8303 0.0000 20.3984 26.6760 -0.0000 0 0 0 0 0 0 0 0 0 0 0 0 0 0 0 0 0 0 0 0 0 0 0 0 0 0 0 0 0 0 0 0 0 0 0 0 0 0 0 0 0 0
-12.7817 -2.1977 -100.0532 10.0330 -1.5620 -20.2441 0 0 0 0 0 0 0 0 0 -0.7486 -3.3499 12.6830 0 0 0 0 0 0 0 8.0501 -0.0039 0 0 0 0 0 0 0 0 0 0 0 0 0 0 172.0000 0 0 0 0 0 172.0000 0 0 0 0 0 0 0 0 0 0 0 0 0 0 0 0 0 0 0 0 0 0 0 0 0 0 0 0 0 0 0 0 0 0 0 0 0 0 0 0 0 0 0 0 0 0 0 0 0 0 0 0 0 0 0 0 0 0 0 0 0 0 0 0 0 0 0 0 0 0 0 0 0 0 0 0 -40.0000 172.0000 0 0 0 0 -40.0000 179.0000 0 0 0 0 -35.0000 -176.0000 0 0 0 0 0 0 0 0 0 0 0 113.0000 0 0 0 0 0 -113.0000 0 0 0 0 0 0 0 0 0 0 -4.7102 -172.0000 0 0 172.0000 0 0 0 0 0 0 0 0 0 0 -4.5990 172.0000 0 3.4735 172.0000 0 0 0 0 0 0 0 0 0 -16.3250 0 0 0 0 0 0 0 0 0 0 0 -14.8844 0 0 0 0 0 0 0 0 0 0 0 0 0 0 0 0 0 0 0 0 0 0 0 0 0 0 0 0 0 76.4635 32.0843 28.6742 6.3998 8.3592 23.7682 1.2894 8.0964 2.3894 0 0 0 -3.6420 0 -7.8492 37.2544 0 0 10.7362 0 0 0 0 0 -3.0810 31.9597 -7.8634 39.5091 0 -0.5806 6.0688 0 0 0 0 0 0 0 0 7.6053 4.6199 -8.0348 20.3647 0 0.1088 3.8112 0 0 0 0 0 0 0 0 10.0916 -22.2013 -13.9140 8.4922 0 -5.7054 31.2697 0 0 -23.6357 -52.1559 -23.6607 -0.1259 -1.0918 -8.2623 20.3974 -34.2448 0.0000 35.3619 -25.8840 11.7848 0 0 0 -68.2848 44.8589 -2.5000 16.1781 -1.8222 -44.4690 1.1432 -3.8181 -2.0242 0 0 0 3.4167 0 7.7310 -37.2585 0 0 -10.7363 0 0 0 0 0 3.0855 0 7.8589 -39.5131 0 0 -6.0708 0 0 0 0 0 0 0 0 -7.5999 0 8.0277 -20.3674 0 0 -3.8136 0 0 0 0 0 0 0 0 -8.0635 0 13.1710 -9.5380 0 0 -28.8862 0 0 48.7289 -18.7491 0.5063 -14.4604 3.1159 8.8681 -20.5315 34.3779 -16.3649 -35.0975 25.9105 0 0 0 0 -2.6747 32.4561 -5.7822 -10.0906 8.3846 -0.0000 8.1455 -10.0000 0 0 0 0 0 0 0 0 0 0 0 0 0 0 0 0 0 0 0 0 0 0 0 0 0 0 0 0 0 0 0 0 0 0 0 0 0 0 0 0 0 0 0 0 0 0 -23.1818 45.3521 19.4901 -7.5894 53.3638 0.0000 19.5585 27.1703 -0.0000 0 0 0 0 0 0 0 0 0 0 0 0 0 0 0 0 0 0 0 0 0 0 0 0 0 0 0 0 0 0 0 0 0 0 0 0 0 0 0 0 0 0
-12.9445 -2.1058 -99.7283 10.6803 -2.4976 -20.3329 0 0 0 0 0 0 0 0 0 -2.0796 -3.9740 13.9318 0 0 0 0 0 0 0 8.0501 -0.0039 0 0 0 0 0 0 0 0 0 0 0 0 0 0 172.0000 0 0 0 0 0 172.0000 0 0 0 0 0 0 0 0 0 0 0 0 0 0 0 0 0 0 0 0 0 0 0 0 0 0 0 0 0 0 0 0 0 0 0 0 0 0 0 0 0 0 0 0 0 0 0 0 0 0 0 0 0 0 0 0 0 0 0 0 0 0 0 0 0 0 0 0 0 0 0 0 0 0 0 0 -40.0000 172.0000 0 0 0 0 -40.0000 179.0000 0 0 0 0 -35.0000 -176.0000 0 0 0 0 0 0 0 0 0 0 0 113.0000 0 0 0 0 0 -113.0000 0 0 0 0 0 0 0 0 0 0 -4.6531 -172.0000 0 0 172.0000 0 0 0 0 0 0 0 0 0 0 -4.5443 172.0000 0 3.4195 172.0000 0 0 0 0 0 0 0 0 0 -15.5640 0 0 0 0 0 0 0 0 0 0 0 -15.4221 0 0 0 0 0 0 0 0 0 0 0 0 0 0 0 0 0 0 0 0 0 0 0 0 0 0 0 0 0 74.6149 31.3088 27.2237 7.7126 8.3769 23.0043 1.4841 7.9558 2.3459 0 0 0 -3.5614 0 -7.7184 37.1611 0 0 10.6799 0 0 0 0 0 -3.0626 31.9597 -7.8183 39.3778 0 -0.5806 6.0292 0 0 0 0 0 0 0 0 7.5535 4.6199 -8.0184 20.3822 0 0.1088 3.8003 0 0 0 0 0 0 0 0 10.0953 -22.2426 -13.9493 8.5278 0 -5.7042 31.2144 0 0 -23.6357 -52.1559 -23.6607 -0.0707 -0.9722 -8.3896 20.4394 -34.1714 -0.0000 35.2167 -25.8247 11.7818 0 0 0 -67.3295 41.7338 -4.9531 20.1626 -5.4994 -47.9275 1.1239 -3.3632 -2.0801 0 0 0 3.4342 0 7.7224 -37.1638 0 0 -10.6801 0 0 0 0 0 3.0624 0 7.8186 -39.3776 0 0 -6.0291 0 0 0 0 0 0 0 0 -7.5538 0 8.0187 -20.3821 0 0 -3.8002 0 0 0 0 0 0 0 0 -9.4014 0 13.6871 -8.9005 0 0 -30.3651 0 0 48.7347 -18.8081 0.4347 -14.4404 2.9996 8.9088 -20.4514 34.3434 -16.4449 -35.0205 25.9091 0 0 0 0 -4.1906 32.0480 -7.0998 -9.9965 7.9210 -0.0000 8.2207 -10.0000 0 0 0 0 0 0 0 0 0 0 0 0 0 0 0 0 0 0 0 0 0 0 0 0 0 0 0 0 0 0 0 0 0 0 0 0 0 0 0 0 0 0 0 0 0 0 -19.7476 45.1586 16.2590 -2.7215 64.3720 0.0000 20.6354 27.8037 -0.0000 0 0 0 0 0 0 0 0 0 0 0 0 0 0 0 0 0 0 0 0 0 0 0 0 0 0 0 0 0 0 0 0 0 0 0 0 0 0 0 0 0 0
-13.4939 -2.0695 -99.1013 10.4120 -2.9017 -20.6909 0 0 0 0 0 0 0 0 0 -3.2850 -3.8859 15.1487 0 0 0 0 0 0 0 8.0501 -0.0039 0 0 0 0 0 0 0 0 0 0 0 0 0 0 172.0000 0 0 0 0 0 172.0000 0 0 0 0 0 0 0 0 0 0 0 0 0 0 0 0 0 0 0 0 0 0 0 0 0 0 0 0 0 0 0 0 0 0 0 0 0 0 0 0 0 0 0 0 0 0 0 0 0 0 0 0 0 0 0 0 0 0 0 0 0 0 0 0 0 0 0 0 0 0 0 0 0 0 0 0 -40.0000 172.0000 0 0 0 0 -40.0000 179.0000 0 0 0 0 -35.0000 -176.0000 0 0 0 0 0 0 0 0 0 0 0 113.0000 0 0 0 0 0 -113.0000 0 0 0 0 0 0 0 0 0 0 -4.5777 -172.0000 0 0 172.0000 0 0 0 0 0 0 0 0 0 0 -4.3330 172.0000 0 3.2249 172.0000 0 0 0 0 0 0 0 0 0 -15.2680 0 0 0 0 0 0 0 0 0 0 0 -15.6442 0 0 0 0 0 0 0 0 0 0 0 0 0 0 0 0 0 0 0 0 0 0 0 0 0 0 0 0 0 73.1943 31.7082 19.5125 5.7041 6.3382 21.4781 1.4906 7.9207 2.3276 0 0 0 -3.4502 0 -7.3476 36.7010 0 0 10.3985 0 0 0 0 0 -2.9710 31.9597 -7.5932 38.7224 0 -0.5806 5.8317 0 0 0 0 0 0 0 0 7.2947 4.6199 -7.9363 20.4697 0 0.1088 3.7458 0 0 0 0 0 0 0 0 9.9148 -22.2862 -13.9092 8.6647 0 -5.7217 30.9385 0 0 -23.6357 -52.1559 -23.6607 -0.0136 -0.3339 -8.5016 20.5838 -33.8373 -0.0816 34.8132 -25.8485 11.6903 0 0 0 -64.8434 40.5018 -1.6602 21.1129 -6.5714 -42.7854 0.8058 -1.4072 -2.5735 0 0 0 3.4583 0 7.3929 -36.6815 0 0 -10.3988 0 0 0 0 0 2.9698 0 7.5944 -38.7213 0 0 -5.8311 0 0 0 0 0 0 0 0 -7.2961 0 7.9382 -20.4689 0 0 -3.7451 0 0 0 0 0 0 0 0 -10.0008 0 13.9099 -8.6347 0 0 -30.9847 0 0 48.4095 -18.7483 0.4314 -14.2650 2.1230 8.8192 -20.3704 33.9296 -17.0837 -34.6438 25.8946 0 0 0 0 -4.5591 31.9851 -7.3928 -9.9761 7.7968 -0.0000 8.2534 -10.0000 0 0 0 0 0 0 0 0 0 0 0 0 0 0 0 0 0 0 0 0 0 0 0 0 0 0 0 0 0 0 0 0 0 0 0 0 0 0 0 0 0 0 0 0 0 0 -8.6504 45.0137 6.5149 4.3092 68.4657 0.0000 23.8394 25.1200 -0.0000 0 0 0 0 0 0 0 0 0 0 0 0 0 0 0 0 0 0 0 0 0 0 0 0 0 0 0 0 0 0 0 0 0 0 0 0 0 0 0 0 0 0
-14.0941 -1.8648 -98.9595 9.8409 -2.8260 -20.7206 0 0 0 0 0 0 0 0 0 -4.0171 -3.5323 15.9258 0 0 0 0 0 0 0 8.0501 -0.0039 0 0 0 0 0 0 0 0 0 0 0 0 0 0 172.0000 0 0 0 0 0 172.0000 0 0 0 0 0 0 0 0 0 0 0 0 0 0 0 0 0 0 0 0 0 0 0 0 0 0 0 0 0 0 0 0 0 0 0 0 0 0 0 0 0 0 0 0 0 0 0 0 0 0 0 0 0 0 0 0 0 0 0 0 0 0 0 0 0 0 0 0 0 0 0 0 0 0 0 0 -40.0000 172.0000 0 0 0 0 -40.0000 179.0000 0 0 0 0 -35.0000 -176.0000 0 0 0 0 0 0 0 0 0 0 0 113.0000 0 0 0 0 0 -113.0000 0 0 0 0 0 0 0 0 0 0 -4.6214 -172.0000 0 0 172.0000 0 0 0 0 0 0 0 0 0 0 -4.1950 172.0000 0 3.1035 172.0000 0 0 0 0 0 0 0 0 0 -15.2991 0 0 0 0 0 0 0 0 0 0 0 -15.8020 0 0 0 0 0 0 0 0 0 0 0 0 0 0 0 0 0 0 0 0 0 0 0 0 0 0 0 0 0 72.1854 31.2916 7.1978 -2.2434 2.8790 20.8988 1.4459 8.5465 2.5280 0 0 0 -3.3338 0 -7.0823 36.4675 0 0 10.2372 0 0 0 0 0 -2.9187 31.9597 -7.4644 38.3475 0 -0.5806 5.7186 0 0 0 0 0 0 0 0 7.1466 4.6199 -7.8893 20.5197 0 0.1088 3.7146 0 0 0 0 0 0 0 0 9.8590 -22.3452 -13.8853 8.7517 0 -5.7488 30.7806 0 0 -23.6357 -52.1559 -23.6607 0.0086 0.0432 -8.5373 20.7936 -33.7356 -0.2819 34.6178 -25.8690 11.5740 0 0 0 -63.4116 41.2616 6.3509 21.1300 -6.6097 -29.5868 0.0885 1.3015 -3.3522 0 0 0 3.4527 0 7.1554 -36.4080 0 0 -10.2376 0 0 0 0 0 2.9180 0 7.4651 -38.3469 0 0 -5.7183 0 0 0 0 0 0 0 0 -7.1475 0 7.8905 -20.5192 0 0 -3.7142 0 0 0 0 0 0 0 0 -10.0399 0 13.9364 -8.6233 0 0 -31.0135 0 0 48.2064 -18.6970 0.4467 -14.1283 1.5211 8.6676 -20.3662 33.6232 -17.5187 -34.4289 25.8858 0 0 0 0 -3.9916 31.7549 -7.4186 -9.7354 7.8410 -0.0000 8.3092 -10.0000 0 0 0 0 0 0 0 0 0 0 0 0 0 0 0 0 0 0 0 0 0 0 0 0 0 0 0 0 0 0 0 0 0 0 0 0 0 0 0 0 0 0 0 0 0 0 3.8349 44.9704 -2.7530 8.6465 61.3569 0.0000 24.8268 14.4831 -0.0000 0 0 0 0 0 0 0 0 0 0 0 0 0 0 0 0 0 0 0 0 0 0 0 0 0 0 0 0 0 0 0 0 0 0 0 0 0 0 0 0 0 0
-14.7174 -1.5415 -99.4396 9.0718 -2.2276 -20.3838 0 0 0 0 0 0 0 0 0 -4.4684 -3.3515 16.1026 0 0 0 0 0 0 0 8.0501 -0.0039 0 0 0 0 0 0 0 0 0 0 0 0 0 0 172.0000 0 0 0 0 0 172.0000 0 0 0 0 0 0 0 0 0 0 0 0 0 0 0 0 0 0 0 0 0 0 0 0 0 0 0 0 0 0 0 0 0 0 0 0 0 0 0 0 0 0 0 0 0 0 0 0 0 0 0 0 0 0 0 0 0 0 0 0 0 0 0 0 0 0 0 0 0 0 0 0 0 0 0 0 -40.0000 172.0000 0 0 0 0 -40.0000 179.0000 0 0 0 0 -35.0000 -176.0000 0 0 0 0 0 0 0 0 0 0 0 113.0000 0 0 0 0 0 -113.0000 0 0 0 0 0 0 0 0 0 0 -4.8141 -172.0000 0 0 172.0000 0 0 0 0 0 0 0 0 0 0 -4.4507 172.0000 0 3.3554 172.0000 0 0 0 0 0 0 0 0 0 -15.5083 0 0 0 0 0 0 0 0 0 0 0 -15.6977 0 0 0 0 0 0 0 0 0 0 0 0 0 0 0 0 0 0 0 0 0 0 0 0 0 0 0 0 0 68.3036 27.0674 3.0995 -8.4666 2.2590 19.5722 1.4495 9.5224 2.8730 0 0 0 -3.3891 0 -5.1984 36.5773 0 0 8.8735 0 0 0 0 0 -2.5149 31.9597 -7.1843 38.0116 0 -0.5806 5.2001 0 0 0 0 0 0 0 0 6.4569 4.6199 -7.7495 22.3121 0 0.1088 3.5579 0 0 0 0 0 0 0 0 9.0982 -22.3897 -13.4682 12.3056 0 -5.7487 28.8024 0 0 -23.6357 -52.1559 -23.6607 -2.5935 0.9162 -8.1386 20.9540 -34.9159 -0.3733 34.6796 -25.8779 11.4911 0 0 0 -62.9097 42.4452 14.2621 19.1338 -5.3264 -17.0524 -0.6235 3.3080 -4.0055 0 0 0 4.2464 0 5.9991 -35.8714 0 0 -8.6793 0 0 0 0 0 3.2914 0 7.8307 -37.2975 0 0 -4.9667 0 0 0 0 0 0 0 0 -5.7045 0 8.2070 -21.6742 0 0 -3.3585 0 0 0 0 0 0 0 0 -8.9963 0 13.6337 -11.8999 0 0 -28.8898 0 0 42.5752 -15.7819 2.1283 -8.8725 0.7844 8.7107 -20.5472 34.5476 -19.6362 -35.2315 25.9275 0 0 0 0 -2.6876 31.0484 -7.6860 -9.0897 7.9180 -0.0000 8.4432 -10.0000 0 0 0 0 0 0 0 0 0 0 0 0 0 0 0 0 0 0 0 0 0 0 0 0 0 0 0 0 0 0 0 0 0 0 0 0 0 0 0 0 0 0 0 0 0 0 10.6601 36.5110 -6.3422 6.6730 49.7232 0.0000 24.2001 -0.2654 -0.0000 0 0 0 0 0 0 0 0 0 0 0 0 0 0 0 0 0 0 0 0 0 0 0 0 0 0 0 0 0 0 0 0 0 0 0 0 0 0 0 0 0 0
-15.2975 -1.6796 -99.5464 8.0145 -1.5403 -20.3203 0 0 0 0 0 0 0 0 0 -5.1462 -3.3592 16.0004 0 0 0 0 0 0 0 8.0501 -0.0039 0 0 0 0 0 0 0 0 0 0 0 0 0 0 172.0000 0 0 0 0 0 172.0000 0 0 0 0 0 0 0 0 0 0 0 0 0 0 0 0 0 0 0 0 0 0 0 0 0 0 0 0 0 0 0 0 0 0 0 0 0 0 0 0 0 0 0 0 0 0 0 0 0 0 0 0 0 0 0 0 0 0 0 0 0 0 0 0 0 0 0 0 0 0 0 0 0 0 0 0 -40.0000 172.0000 0 0 0 0 -40.0000 179.0000 0 0 0 0 -35.0000 -176.0000 0 0 0 0 0 0 0 0 0 0 0 113.0000 0 0 0 0 0 -113.0000 0 0 0 0 0 0 0 0 0 0 -4.6036 -172.0000 0 0 172.0000 0 0 0 0 0 0 0 0 0 0 -4.4677 172.0000 0 3.3771 172.0000 0 0 0 0 0 0 0 0 0 -10.8987 0 0 0 0 0 0 0 0 0 0 0 -15.4493 0 0 0 0 0 0 0 0 0 0 0 0 0 0 0 0 0 0 0 0 0 0 0 0 0 0 0 0 0 61.7401 20.5112 6.0108 -10.1175 2.3123 17.3047 1.3441 10.7281 3.3388 0 0 0 -3.6448 0 -0.5994 37.0217 0 0 5.4039 0 0 0 0 0 -1.4906 31.9597 -6.5328 37.3715 0 -0.5806 3.9136 0 0 0 0 0 0 0 0 4.7445 4.6199 -7.4132 26.9765 0 0.1088 3.1673 0 0 0 0 0 0 0 0 7.0919 -22.4453 -12.4963 21.5705 0 -5.7562 23.7195 0 0 -23.6357 -52.1559 -23.6607 -9.2707 2.8744 -7.0172 20.9750 -37.7356 -0.2320 34.8603 -26.0553 11.5955 0 0 0 -61.8901 43.1730 18.6472 13.9810 -2.1087 -10.4318 -0.8697 4.4198 -4.4031 0 0 0 5.6526 0 2.4516 -35.2682 0 0 -4.8946 0 0 0 0 0 3.5256 0 8.2259 -35.5008 0 0 -3.3022 0 0 0 0 0 0 0 0 -2.7726 0 8.6111 -25.3055 0 0 -2.6452 0 0 0 0 0 0 0 0 -6.6606 0 12.7752 -23.7338 0 0 -21.9741 0 0 26.8213 -9.5540 4.7681 4.3450 -1.1713 8.5095 -20.9255 37.2597 -24.8186 -37.5155 25.9994 0 0 0 0 -1.2917 30.3013 -8.0233 -8.3306 8.0571 -0.0000 8.6046 -10.0000 0 0 0 0 0 0 0 0 0 0 0 0 0 0 0 0 0 0 0 0 0 0 0 0 0 0 0 0 0 0 0 0 0 0 0 0 0 0 0 0 0 0 0 0 0 0 11.8915 14.3402 -6.2362 1.1067 49.2796 0.0000 24.4041 -9.8190 -0.0000 0 0 0 0 0 0 0 0 0 0 0 0 0 0 0 0 0 0 0 0 0 0 0 0 0 0 0 0 0 0 0 0 0 0 0 0 0 0 0 0 0 0
-15.5763 -2.1454 -99.1435 7.2426 -1.1711 -20.7804 0 0 0 0 0 0 0 0 0 -5.5404 -3.3149 15.7874 0 0 0 0 0 0 0 8.0501 -0.0039 0 0 0 0 0 0 0 0 0 0 0 0 0 0 172.0000 0 0 0 0 0 172.0000 0 0 0 0 0 0 0 0 0 0 0 0 0 0 0 0 0 0 0 0 0 0 0 0 0 0 0 0 0 0 0 0 0 0 0 0 0 0 0 0 0 0 0 0 0 0 0 0 0 0 0 0 0 0 0 0 0 0 0 0 0 0 0 0 0 0 0 0 0 0 0 0 0 0 0 0 -40.0000 172.0000 0 0 0 0 -40.0000 179.0000 0 0 0 0 -35.0000 -176.0000 0 0 0 0 0 0 0 0 0 0 0 113.0000 0 0 0 0 0 -113.0000 0 0 0 0 0 0 0 0 0 0 -3.8533 -172.0000 0 0 172.0000 0 0 0 0 0 0 0 0 0 0 -3.8355 172.0000 0 2.7713 172.0000 0 0 0 0 0 0 0 0 0 -0.9669 0 0 0 0 0 0 0 0 0 0 0 -15.3146 0 0 0 0 0 0 0 0 0 0 0 0 0 0 0 0 0 0 0 0 0 0 0 0 0 0 0 0 0 54.8937 15.6798 10.0482 -12.5676 1.0048 17.3555 0.9947 12.0503 3.7071 0 0 0 -3.8180 0 3.5503 37.4771 0 0 2.2480 0 0 0 0 0 -0.5590 31.9597 -5.9416 36.7943 0 -0.5806 2.7445 0 0 0 0 0 0 0 0 3.1882 4.6199 -7.1078 31.2209 0 0.1088 2.8123 0 0 0 0 0 0 0 0 5.2984 -22.5546 -11.6686 30.0272 0 -5.7749 19.0954 0 0 -23.6357 -52.1559 -23.6607 -15.0853 4.5276 -5.8670 20.9565 -40.2066 -0.0541 34.9904 -26.3883 11.8125 0 0 0 -62.8301 46.4742 16.4616 15.4666 -4.7496 -13.3139 -0.6555 4.9661 -4.5531 0 0 0 5.7074 0 -1.9696 -35.8148 0 0 -1.7859 0 0 0 0 0 2.4111 0 7.4825 -35.0918 0 0 -2.1881 0 0 0 0 0 0 0 0 -1.3936 0 8.1980 -29.7001 0 0 -2.3372 0 0 0 0 0 0 0 0 -4.8305 0 11.8069 -37.1842 0 0 -14.6423 0 0 10.5341 -6.2210 4.1878 15.5702 -3.7634 7.5076 -21.1869 39.8066 -29.4686 -39.6727 25.9905 0 0 0 0 0.1295 30.6833 -9.0025 -7.9172 8.2102 -0.0000 8.7972 -10.0000 0 0 0 0 0 0 0 0 0 0 0 0 0 0 0 0 0 0 0 0 0 0 0 0 0 0 0 0 0 0 0 0 0 0 0 0 0 0 0 0 0 0 0 0 0 0 8.8658 -1.5540 -3.8679 -3.8935 53.2682 0.0000 24.7835 -12.2280 -0.0000 0 0 0 0 0 0 0 0 0 0 0 0 0 0 0 0 0 0 0 0 0 0 0 0 0 0 0 0 0 0 0 0 0 0 0 0 0 0 0 0 0 0
-15.5521 -2.4831 -98.7388 7.0534 -1.0764 -21.5352 0 0 0 0 0 0 0 0 0 -5.2126 -3.0659 15.4905 0 0 0 0 0 0 0 8.0501 -0.0039 0 0 0 0 0 0 0 0 0 0 0 0 0 0 172.0000 0 0 0 0 0 172.0000 0 0 0 0 0 0 0 0 0 0 0 0 0 0 0 0 0 0 0 0 0 0 0 0 0 0 0 0 0 0 0 0 0 0 0 0 0 0 0 0 0 0 0 0 0 0 0 0 0 0 0 0 0 0 0 0 0 0 0 0 0 0 0 0 0 0 0 0 0 0 0 0 0 0 0 0 -40.0000 172.0000 0 0 0 0 -40.0000 179.0000 0 0 0 0 -35.0000 -176.0000 0 0 0 0 0 0 0 0 0 0 0 113.0000 0 0 0 0 0 -113.0000 0 0 0 0 0 0 0 0 0 0 -3.4070 -172.0000 0 0 172.0000 0 0 0 0 0 0 0 0 0 0 -3.4265 172.0000 0 2.3876 172.0000 0 0 0 0 0 0 0 0 0 2.7825 0 0 0 0 0 0 0 0 0 0 0 -15.2898 0 0 0 0 0 0 0 0 0 0 0 0 0 0 0 0 0 0 0 0 0 0 0 0 0 0 0 0 0 47.2702 14.0050 18.9957 -15.8188 -1.0661 22.0117 0.6388 12.2001 3.3848 0 0 0 -3.8490 0 5.1643 37.6681 0 0 1.1256 0 0 0 0 0 -0.2276 31.9597 -5.7316 36.5902 0 -0.5806 2.3286 0 0 0 0 0 0 0 0 2.6346 4.6199 -6.9993 32.7319 0 0.1088 2.6860 0 0 0 0 0 0 0 0 4.6915 -22.6664 -11.3768 33.0637 0 -5.7904 17.4501 0 0 -23.6357 -52.1559 -23.6607 -16.9597 5.2020 -5.3785 21.1051 -41.0153 -0.0307 35.0276 -26.4536 11.9000 0 0 0 -67.2755 54.2018 7.3764 29.7274 -18.0363 -26.0065 -0.2824 4.1926 -4.1629 0 0 0 4.7649 0 -4.6291 -36.9215 0 0 -0.9625 0 0 0 0 0 0.8870 0 6.2803 -35.9840 0 0 -2.1305 0 0 0 0 0 0 0 0 -1.9956 0 7.3874 -32.1904 0 0 -2.5169 0 0 0 0 0 0 0 0 -4.3239 0 11.2394 -39.9568 0 0 -13.4561 0 0 3.0765 -7.0143 1.4510 19.0142 -5.4816 6.3540 -21.1363 40.7212 -31.1316 -40.5068 25.9214 0 0 0 0 0.7298 32.0611 -10.9392 -8.3280 8.0360 -0.0000 8.9616 -10.0000 0 0 0 0 0 0 0 0 0 0 0 0 0 0 0 0 0 0 0 0 0 0 0 0 0 0 0 0 0 0 0 0 0 0 0 0 0 0 0 0 0 0 0 0 0 0 -0.7680 -0.7428 0.6100 -5.2825 50.8857 0.0000 21.7548 -11.4253 -0.0000 0 0 0 0 0 0 0 0 0 0 0 0 0 0 0 0 0 0 0 0 0 0 0 0 0 0 0 0 0 0 0 0 0 0 0 0 0 0 0 0 0 0
-15.3214 -1.9867 -99.6797 7.1266 -1.3402 -21.7720 0 0 0 0 0 0 0 0 0 -4.7098 -2.8123 15.2629 0 0 0 0 0 0 0 8.0501 -0.0039 0 0 0 0 0 0 0 0 0 0 0 0 0 0 172.0000 0 0 0 0 0 172.0000 0 0 0 0 0 0 0 0 0 0 0 0 0 0 0 0 0 0 0 0 0 0 0 0 0 0 0 0 0 0 0 0 0 0 0 0 0 0 0 0 0 0 0 0 0 0 0 0 0 0 0 0 0 0 0 0 0 0 0 0 0 0 0 0 0 0 0 0 0 0 0 0 0 0 0 0 -40.0000 172.0000 0 0 0 0 -40.0000 179.0000 0 0 0 0 -35.0000 -176.0000 0 0 0 0 0 0 0 0 0 0 0 113.0000 0 0 0 0 0 -113.0000 0 0 0 0 0 0 0 0 0 0 -3.6576 -172.0000 0 0 172.0000 0 0 0 0 0 0 0 0 0 0 -3.8001 172.0000 0 2.7755 172.0000 0 0 0 0 0 0 0 0 0 -2.9538 0 0 0 0 0 0 0 0 0 0 0 -15.6200 0 0 0 0 0 0 0 0 0 0 0 0 0 0 0 0 0 0 0 0 0 0 0 0 0 0 0 0 0 37.5951 14.6210 33.4838 -19.5447 -6.4603 29.5653 0.2615 10.3396 2.4466 0 0 0 -3.8525 0 5.2726 37.6764 0 0 1.1893 0 0 0 0 0 -0.2459 31.9597 -5.7435 36.6024 0 -0.5806 2.3518 0 0 0 0 0 0 0 0 2.6655 4.6199 -7.0053 32.6487 0 0.1088 2.6931 0 0 0 0 0 0 0 0 4.7575 -22.7685 -11.3724 32.9283 0 -5.8099 17.5421 0 0 -23.6357 -52.1559 -23.6607 -16.8062 5.4396 -5.4281 21.3268 -40.8330 -0.1385 35.0194 -26.1811 11.8733 0 0 0 -72.6800 53.7863 -10.2573 36.6615 -24.3860 -36.4814 0.2824 1.8687 -3.1373 0 0 0 3.9644 0 -4.9998 -37.6258 0 0 -1.1868 0 0 0 0 0 0.2096 0 5.7133 -36.6357 0 0 -2.3627 0 0 0 0 0 0 0 0 -2.7006 0 6.9840 -32.6785 0 0 -2.7024 0 0 0 0 0 0 0 0 -4.5371 0 11.2374 -35.4501 0 0 -16.1324 0 0 2.3669 -8.3076 -0.1069 18.3255 -5.8099 5.5133 -21.1614 40.7849 -31.3083 -40.4911 25.8933 0 0 0 0 -0.2726 31.9056 -12.0818 -8.9448 7.3654 -0.0000 9.0527 -10.0000 0 0 0 0 0 0 0 0 0 0 0 0 0 0 0 0 0 0 0 0 0 0 0 0 0 0 0 0 0 0 0 0 0 0 0 0 0 0 0 0 0 0 0 0 0 0 -14.5645 1.7151 4.6529 -3.2187 46.0351 0.0000 13.2141 -10.3484 -0.0000 0 0 0 0 0 0 0 0 0 0 0 0 0 0 0 0 0 0 0 0 0 0 0 0 0 0 0 0 0 0 0 0 0 0 0 0 0 0 0 0 0 0
-14.8634 -0.3942 -102.7546 7.6869 -5.1516 -20.1893 0 0 0 0 0 0 0 0 0 -4.1497 -3.0599 14.9147 0 0 0 0 0 0 0 8.0501 -0.0039 0 0 0 0 0 0 0 0 0 0 0 0 0 0 172.0000 0 0 0 0 0 172.0000 0 0 0 0 0 0 0 0 0 0 0 0 0 0 0 0 0 0 0 0 0 0 0 0 0 0 0 0 0 0 0 0 0 0 0 0 0 0 0 0 0 0 0 0 0 0 0 0 0 0 0 0 0 0 0 0 0 0 0 0 0 0 0 0 0 0 0 0 0 0 0 0 0 0 0 0 -40.0000 172.0000 0 0 0 0 -40.0000 179.0000 0 0 0 0 -35.0000 -176.0000 0 0 0 0 0 0 0 0 0 0 0 113.0000 0 0 0 0 0 -113.0000 0 0 0 0 0 0 0 0 0 0 -4.0990 -172.0000 0 0 172.0000 0 0 0 0 0 0 0 0 0 0 -4.3906 172.0000 0 3.3709 172.0000 0 0 0 0 0 0 0 0 0 -10.8730 0 0 0 0 0 0 0 0 0 0 0 -16.1713 0 0 0 0 0 0 0 0 0 0 0 0 0 0 0 0 0 0 0 0 0 0 0 0 0 0 0 0 0 24.1493 7.2428 47.3124 -24.1101 -13.1559 35.9851 -0.4557 7.5715 1.7708 0 0 0 -3.9016 0 4.8975 37.6009 0 0 1.4987 0 0 0 0 0 -0.3370 31.9597 -5.8014 36.6590 0 -0.5806 2.4661 0 0 0 0 0 0 0 0 2.8177 4.6199 -7.0352 32.2338 0 0.1088 2.7278 0 0 0 0 0 0 0 0 4.9076 -22.8332 -11.3919 32.0989 0 -5.7871 17.9947 0 0 -23.6357 -52.1559 -23.6607 -16.8535 4.9102 -5.2359 21.1816 -40.6869 -0.1848 35.0049 -25.9212 11.8535 0 0 0 -75.9102 34.2652 -37.8247 22.7519 -12.0483 -38.1662 1.1204 -0.6217 -1.9170 0 0 0 2.2557 0 -3.1523 -38.6997 0 0 -1.3214 0 0 0 0 0 0.1560 0 5.6508 -36.8254 0 0 -2.5205 0 0 0 0 0 0 0 0 -2.9931 0 6.9287 -32.3824 0 0 -2.7742 0 0 0 0 0 0 0 0 -5.7983 0 12.3932 -32.3305 0 0 -18.0049 0 0 3.7197 -8.9190 -0.4151 15.9335 -5.8331 4.3723 -22.0761 41.4647 -31.7612 -40.1106 26.0640 0 0 0 0 -2.3294 28.6093 -10.0548 -8.4233 5.8557 -0.0000 9.4168 -9.7970 0 0 0 0 0 0 0 0 0 0 0 0 0 0 0 0 0 0 0 0 0 0 0 0 0 0 0 0 0 0 0 0 0 0 0 0 0 0 0 0 0 0 0 0 0 0 -23.8833 -3.5694 6.2920 -2.5766 41.9171 0.0000 4.9343 -9.8734 -0.0000 0 0 0 0 0 0 0 0 0 0 0 0 0 0 0 0 0 0 0 0 0 0 0 0 0 0 0 0 0 0 0 0 0 0 0 0 0 0 0 0 0 0
-13.9981 1.1964 -105.1868 8.7696 -11.4137 -17.5836 0 0 0 0 0 0 0 0 0 -3.2690 -3.9647 14.1965 0 0 0 0 0 0 0 8.0501 -0.0039 0 0 0 0 0 0 0 0 0 0 0 0 0 0 172.0000 0 0 0 0 0 172.0000 0 0 0 0 0 0 0 0 0 0 0 0 0 0 0 0 0 0 0 0 0 0 0 0 0 0 0 0 0 0 0 0 0 0 0 0 0 0 0 0 0 0 0 0 0 0 0 0 0 0 0 0 0 0 0 0 0 0 0 0 0 0 0 0 0 0 0 0 0 0 0 0 0 0 0 0 -40.0000 172.0000 0 0 0 0 -40.0000 179.0000 0 0 0 0 -35.0000 -176.0000 0 0 0 0 0 0 0 0 0 0 0 113.0000 0 0 0 0 0 -113.0000 0 0 0 0 0 0 0 0 0 0 -4.3337 -172.0000 0 0 172.0000 0 0 0 0 0 0 0 0 0 0 -4.5781 172.0000 0 3.5725 172.0000 0 0 0 0 0 0 0 0 0 -15.7018 0 0 0 0 0 0 0 0 0 0 0 -16.2055 0 0 0 0 0 0 0 0 0 0 0 0 0 0 0 0 0 0 0 0 0 0 0 0 0 0 0 0 0 10.7706 -16.3616 56.2500 -27.8155 -17.0443 39.5820 -1.3643 5.2582 1.8311 0 0 0 0.1233 0 0.7600 35.2419 0 0 1.5990 0 0 0 0 0 7.2693 31.8251 -7.6581 36.9039 0 -2.0411 2.7285 0 0 0 0 0 0 0 0 12.6171 2.7475 -9.5218 29.1161 0 -1.4586 2.6776 0 0 0 0 0 0 0 0 7.5766 -22.2191 -14.1044 34.1563 0 -6.3385 19.3704 0 0 -19.8450 -48.3737 -27.4539 -17.8648 8.6560 -8.8262 20.4603 -33.7310 -2.7423 31.3198 -25.7464 11.8550 0 0 0 -60.7772 2.5087 -63.8390 8.7700 1.0471 -38.1705 1.8385 -2.7880 -0.7315 0 0 0 -1.2073 0 -2.8734 -36.8460 0 0 -1.2290 0 0 0 0 0 -0.2488 0 3.6984 -33.9851 0 0 -2.8015 0 0 0 0 0 0 0 0 -2.6661 0 6.9034 -29.8877 0 0 -3.1126 0 0 0 0 0 0 0 0 -7.4385 0 13.9498 -27.8642 0 0 -19.9076 0 0 4.4018 -9.6686 -0.0346 12.2597 -9.7426 4.3458 -23.6268 36.7774 -30.7938 -35.2109 26.1798 0 0 0 0 -5.2228 23.6372 -5.0252 -6.9859 3.5707 -0.0000 10.1489 -9.2651 0 0 0 0 0 0 0 0 0 0 0 0 0 0 0 0 0 0 0 0 0 0 0 0 0 0 0 0 0 0 0 0 0 0 0 0 0 0 0 0 0 0 0 0 0 0 -27.8248 -11.8451 5.9488 -3.6477 40.6874 0.0000 1.9697 -9.7947 -0.0000 0 0 0 0 0 0 0 0 0 0 0 0 0 0 0 0 0 0 0 0 0 0 0 0 0 0 0 0 0 0 0 0 0 0 0 0 0 0 0 0 0 0
-12.7680 2.7883 -104.7208 9.6033 -14.3450 -16.3318 0 0 0 0 0 0 0 0 0 -1.5895 -3.7767 12.5999 0 0 0 0 0 0 0 8.0501 -0.0039 0 0 0 0 0 0 0 0 0 0 0 0 0 0 172.0000 0 0 0 0 0 172.0000 0 0 0 0 0 0 0 0 0 0 0 0 0 0 0 0 0 0 0 0 0 0 0 0 0 0 0 0 0 0 0 0 0 0 0 0 0 0 0 0 0 0 0 0 0 0 0 0 0 0 0 0 0 0 0 0 0 0 0 0 0 0 0 0 0 0 0 0 0 0 0 0 0 0 0 0 -40.0000 172.0000 0 0 0 0 -40.0000 179.0000 0 0 0 0 -35.0000 -176.0000 0 0 0 0 0 0 0 0 0 0 0 113.0000 0 0 0 0 0 -113.0000 0 0 0 0 0 0 0 0 0 0 -4.5402 -172.0000 0 0 172.0000 0 0 0 0 0 0 0 0 0 0 -4.6731 172.0000 0 3.7234 172.0000 0 0 0 0 0 0 0 0 0 -12.9111 0 0 0 0 0 0 0 0 0 0 0 -15.7870 0 0 0 0 0 0 0 0 0 0 0 0 0 0 0 0 0 0 0 0 0 0 0 0 0 0 0 0 0 6.1029 -41.4238 64.9329 -30.2742 -19.7469 40.1635 -2.3676 4.6176 2.5305 0 0 0 7.3673 0 -6.4047 27.7137 0 0 1.5590 0 0 0 0 0 19.0907 31.5861 -11.0652 32.0065 0 -4.6338 3.3991 0 0 0 0 0 0 0 0 27.1506 -0.5764 -13.7722 20.3696 0 -4.2411 3.2201 0 0 0 0 0 0 0 0 10.5097 -21.1139 -18.3559 33.8682 0 -7.3696 21.9611 0 0 -13.1155 -41.6594 -34.1880 -15.8608 16.9105 -17.8174 20.6035 -20.6010 -8.7290 24.9412 -25.5562 11.8571 0 0 0 -23.6448 -21.6556 -80.3431 6.5950 4.0752 -38.1084 2.7023 -3.7288 -0.0536 0 0 0 -8.9332 0 -4.4213 -31.8359 0 0 -4.0623 0 0 0 0 0 -7.9234 0 -2.0020 -28.9619 0 0 -6.4921 0 0 0 0 0 0 0 0 -8.3332 0 4.1692 -26.8328 0 0 -7.5154 0 0 0 0 0 0 0 0 -12.1739 0 10.8411 -20.9625 0 0 -25.7245 0 0 4.3601 -9.3047 2.4509 0.9733 -12.1425 12.2515 -26.1984 25.7646 -19.5697 -27.2965 25.0860 0 0 0 0 -7.6703 20.3058 -1.4069 -6.2302 2.2773 -0.0000 10.8577 -8.9840 0 0 0 0 0 0 0 0 0 0 0 0 0 0 0 0 0 0 0 0 0 0 0 0 0 0 0 0 0 0 0 0 0 0 0 0 0 0 0 0 0 0 0 0 0 0 -31.1406 -14.4058 4.8172 -3.0999 41.5631 0.0000 2.5326 -9.6587 -0.0000 0 0 0 0 0 0 0 0 0 0 0 0 0 0 0 0 0 0 0 0 0 0 0 0 0 0 0 0 0 0 0 0 0 0 0 0 0 0 0 0 0 0
-12.1107 5.1120 -104.4650 10.1608 -21.9330 -15.3267 0 0 0 0 0 0 0 0 0 1.1221 -1.3733 9.8696 0 0 0 0 0 0 0 8.0501 -0.0039 0 0 0 0 0 0 0 0 0 0 0 0 0 0 172.0000 0 0 0 0 0 172.0000 0 0 0 0 0 0 0 0 0 0 0 0 0 0 0 0 0 0 0 0 0 0 0 0 0 0 0 0 0 0 0 0 0 0 0 0 0 0 0 0 0 0 0 0 0 0 0 0 0 0 0 0 0 0 0 0 0 0 0 0 0 0 0 0 0 0 0 0 0 0 0 0 0 0 0 0 -40.0000 172.0000 0 0 0 0 -40.0000 179.0000 0 0 0 0 -35.0000 -176.0000 0 0 0 0 0 0 0 0 0 0 0 113.0000 0 0 0 0 0 -113.0000 0 0 0 0 0 0 0 0 0 0 -4.9461 -172.0000 0 0 172.0000 0 0 0 0 0 0 0 0 0 0 -5.0728 172.0000 0 4.1740 172.0000 0 0 0 0 0 0 0 0 0 -2.2561 0 0 0 0 0 0 0 0 0 0 0 -11.5930 0 0 0 0 0 0 0 0 0 0 0 0 0 0 0 0 0 0 0 0 0 0 0 0 0 0 0 0 0 16.9982 -53.9375 61.3567 -34.1462 -24.7528 38.8276 -3.9441 7.2155 4.0722 0 0 0 8.0321 0 -7.7875 18.2316 0 0 1.6832 0 0 0 0 0 15.7830 31.5260 -11.7995 18.2008 0 -5.2852 4.2319 0 0 0 0 0 0 0 0 21.6558 -1.4114 -13.8328 10.5101 0 -4.9401 4.9425 0 0 0 0 0 0 0 0 6.3840 -20.8363 -17.3097 21.9601 0 -7.6369 23.5787 0 0 -11.4249 -39.9727 -35.8796 -8.4528 18.3350 -23.2554 22.7568 -17.9482 -12.8137 24.7184 -25.4317 11.8459 0 0 0 1.1207 -23.3669 -82.2470 1.2926 3.1113 -28.4922 4.3684 -0.7019 -0.7224 0 0 0 -17.6304 0 -0.7096 -27.7277 0 0 -8.3831 0 0 0 0 0 -18.3774 0 -5.0273 -23.6673 0 0 -12.1284 0 0 0 0 0 0 0 0 -17.3246 0 0.1696 -24.3145 0 0 -14.3499 0 0 0 0 0 0 0 0 -17.8322 0 5.1265 -16.5385 0 0 -31.6895 0 0 9.4448 -7.9732 6.1589 -16.7754 -5.8004 25.6943 -28.3286 21.7061 1.6894 -26.4010 23.4912 0 0 0 0 -8.3064 16.3252 2.4518 -5.6841 3.0398 -0.0000 12.2787 -8.3214 0 0 0 0 0 0 0 0 0 0 0 0 0 0 0 0 0 0 0 0 0 0 0 0 0 0 0 0 0 0 0 0 0 0 0 0 0 0 0 0 0 0 0 0 0 0 -31.3156 -14.8560 4.5818 -0.9828 40.8241 0.0000 5.8740 -6.7593 -0.0000 0 0 0 0 0 0 0 0 0 0 0 0 0 0 0 0 0 0 0 0 0 0 0 0 0 0 0 0 0 0 0 0 0 0 0 0 0 0 0 0 0 0
-12.5653 7.4724 -107.9898 10.3822 -34.4417 -13.0436 0 0 0 0 0 0 0 0 0 2.9517 0.6312 7.8835 0 0 0 0 0 0 0 8.0501 -0.0039 0 0 0 0 0 0 0 0 0 0 0 0 0 0 172.0000 0 0 0 0 0 172.0000 0 0 0 0 0 0 0 0 0 0 0 0 0 0 0 0 0 0 0 0 0 0 0 0 0 0 0 0 0 0 0 0 0 0 0 0 0 0 0 0 0 0 0 0 0 0 0 0 0 0 0 0 0 0 0 0 0 0 0 0 0 0 0 0 0 0 0 0 0 0 0 0 0 0 0 0 -40.0000 172.0000 0 0 0 0 -40.0000 179.0000 0 0 0 0 -35.0000 -176.0000 0 0 0 0 0 0 0 0 0 0 0 113.0000 0 0 0 0 0 -113.0000 0 0 0 0 0 0 0 0 0 0 -5.3153 -172.0000 0 0 172.0000 0 0 0 0 0 0 0 0 0 0 -5.4134 172.0000 0 4.4667 172.0000 0 0 0 0 0 0 0 0 0 7.5629 0 0 0 0 0 0 0 0 0 0 0 -1.3736 0 0 0 0 0 0 0 0 0 0 0 0 0 0 0 0 0 0 0 0 0 0 0 0 0 0 0 0 0 32.1225 -57.1282 48.6205 -35.0993 -29.6416 36.0953 -5.9361 11.4710 6.0672 0 0 0 3.1863 0 -4.0202 12.5857 0 0 1.8946 0 0 0 0 0 2.6550 31.5766 -10.0579 5.3547 0 -4.7368 4.7287 0 0 0 0 0 0 0 0 3.8213 -0.7083 -10.6249 5.3459 0 -4.3515 6.6022 0 0 0 0 0 0 0 0 -0.8858 -21.0409 -12.7263 7.7321 0 -7.4202 23.5714 0 0 -12.8483 -41.3929 -34.4553 -1.4352 13.2563 -22.5239 25.1003 -25.0290 -13.1269 29.4296 -25.4138 11.7752 0 0 0 -0.9126 -15.8722 -67.9809 -12.0280 -0.7983 -8.9149 6.4188 4.0721 -2.0366 0 0 0 -16.6634 0 4.5954 -21.4644 0 0 -7.4519 0 0 0 0 0 -14.4271 0 -0.1372 -14.3105 0 0 -11.8595 0 0 0 0 0 0 0 0 -13.1582 0 1.5699 -17.0010 0 0 -14.6239 0 0 0 0 0 0 0 0 -13.4779 0 5.3776 -11.5748 0 0 -30.3382 0 0 22.2667 -10.1547 6.6401 -25.2771 -1.8639 30.2081 -27.2506 25.1040 16.0061 -30.4193 23.5994 0 0 0 0 -7.6734 9.8588 8.6793 -4.3918 3.7151 -0.0000 14.1797 -6.8583 0 0 0 0 0 0 0 0 0 0 0 0 0 0 0 0 0 0 0 0 0 0 0 0 0 0 0 0 0 0 0 0 0 0 0 0 0 0 0 0 0 0 0 0 0 0 -26.6818 -17.6689 4.5499 1.2498 37.7619 0.0000 10.7046 -1.7179 -0.0000 0 0 0 0 0 0 0 0 0 0 0 0 0 0 0 0 0 0 0 0 0 0 0 0 0 0 0 0 0 0 0 0 0 0 0 0 0 0 0 0 0 0
-13.8006 8.6767 -111.9913 10.0660 -40.6626 -12.0326 0 0 0 0 0 0 0 0 0 4.8054 -0.8420 9.2094 0 0 0 0 0 0 0 8.0501 -0.0039 0 0 0 0 0 0 0 0 0 0 0 0 0 0 172.0000 0 0 0 0 0 172.0000 0 0 0 0 0 0 0 0 0 0 0 0 0 0 0 0 0 0 0 0 0 0 0 0 0 0 0 0 0 0 0 0 0 0 0 0 0 0 0 0 0 0 0 0 0 0 0 0 0 0 0 0 0 0 0 0 0 0 0 0 0 0 0 0 0 0 0 0 0 0 0 0 0 0 0 0 -40.0000 172.0000 0 0 0 0 -40.0000 179.0000 0 0 0 0 -35.0000 -176.0000 0 0 0 0 0 0 0 0 0 0 0 113.0000 0 0 0 0 0 -113.0000 0 0 0 0 0 0 0 0 0 0 -5.4467 -172.0000 0 0 172.0000 0 0 0 0 0 0 0 0 0 0 -5.4771 172.0000 0 4.4378 172.0000 0 0 0 0 0 0 0 0 0 11.0912 0 0 0 0 0 0 0 0 0 0 0 7.7934 0 0 0 0 0 0 0 0 0 0 0 0 0 0 0 0 0 0 0 0 0 0 0 0 0 0 0 0 0 26.2331 -62.2179 59.2436 -24.5495 -26.3005 27.7616 -6.4802 12.0305 6.4743 0 0 0 0.6317 0 -1.4381 16.3629 0 0 2.7732 0 0 0 0 0 -3.5944 32.8376 -7.9645 8.3043 0 -5.5751 4.7590 0 0 0 0 0 0 0 0 -3.1320 0.6744 -8.6017 11.4092 0 -5.2512 6.5187 0 0 0 0 0 0 0 0 -1.5808 -20.1346 -11.6800 7.8659 0 -7.8420 21.9275 0 0 -8.4158 -37.0790 -38.8901 0.3314 13.6369 -20.3239 26.2502 -23.8228 -12.2009 31.3214 -25.3225 11.0986 0 0 0 -11.2927 -15.3424 -60.8340 -13.4456 -9.8631 -2.8103 7.0209 1.8794 -1.2351 0 0 0 -7.9512 0 4.4359 -14.6043 0 0 -3.5254 0 0 0 0 0 -1.9855 0 6.5234 -4.9468 0 0 -7.3608 0 0 0 0 0 0 0 0 -0.9133 0 6.2895 -8.4232 0 0 -9.9310 0 0 0 0 0 0 0 0 -2.8420 0 8.8669 -5.6943 0 0 -25.3283 0 0 33.5679 -14.3100 4.5461 -22.9802 -5.6155 25.1075 -25.7447 27.8952 17.0071 -32.5227 24.7870 0 0 0 0 -7.0222 7.7971 13.2754 -4.7335 2.4329 -0.0000 16.8450 -4.2179 0 0 0 0 0 0 0 0 0 0 0 0 0 0 0 0 0 0 0 0 0 0 0 0 0 0 0 0 0 0 0 0 0 0 0 0 0 0 0 0 0 0 0 0 0 0 -21.7837 -17.1471 4.6214 1.5758 34.5479 0.0000 15.8891 4.0652 -0.0000 0 0 0 0 0 0 0 0 0 0 0 0 0 0 0 0 0 0 0 0 0 0 0 0 0 0 0 0 0 0 0 0 0 0 0 0 0 0 0 0 0 0
-15.4236 8.4736 -112.0943 9.7969 -46.2376 -13.4725 0 0 0 0 0 0 0 0 0 9.4245 -5.0881 13.4723 0 0 0 0 0 0 0 8.0501 -0.0039 0 0 0 0 0 0 0 0 0 0 0 0 0 0 172.0000 0 0 0 0 0 172.0000 0 0 0 0 0 0 0 0 0 0 0 0 0 0 0 0 0 0 0 0 0 0 0 0 0 0 0 0 0 0 0 0 0 0 0 0 0 0 0 0 0 0 0 0 0 0 0 0 0 0 0 0 0 0 0 0 0 0 0 0 0 0 0 0 0 0 0 0 0 0 0 0 0 0 0 0 -40.0000 172.0000 0 0 0 0 -40.0000 179.0000 0 0 0 0 -35.0000 -176.0000 0 0 0 0 0 0 0 0 0 0 0 113.0000 0 0 0 0 0 -113.0000 0 0 0 0 0 0 0 0 0 0 -5.4394 -172.0000 0 0 172.0000 0 0 0 0 0 0 0 0 0 0 -5.4347 172.0000 0 4.3495 172.0000 0 0 0 0 0 0 0 0 0 10.9189 0 0 0 0 0 0 0 0 0 0 0 11.0220 0 0 0 0 0 0 0 0 0 0 0 0 0 0 0 0 0 0 0 0 0 0 0 0 0 0 0 0 0 2.7787 -75.0721 80.0350 -9.5486 -14.5981 14.9529 -4.5984 6.9217 4.3853 0 0 0 0.3805 0 0.2951 29.5082 0 0 4.5059 0 0 0 0 0 -3.3825 35.0725 -4.1478 27.3953 0 -7.1039 4.1826 0 0 0 0 0 0 0 0 1.0055 3.0771 -6.6681 29.2907 0 -6.8919 4.4270 0 0 0 0 0 0 0 0 4.6388 -18.5776 -14.5110 23.1556 0 -8.6261 18.3555 0 0 -0.4419 -29.3160 -46.8683 -2.0225 21.4256 -16.4643 25.7121 -10.1607 -9.6036 28.5155 -25.0912 10.0591 0 0 0 -18.3933 -21.1342 -76.0111 7.1706 -23.1953 -22.3577 4.8271 -8.5955 2.3947 0 0 0 -0.7021 0 0.9501 -16.2948 0 0 -2.0817 0 0 0 0 0 4.9467 0 7.3784 -7.9642 0 0 -4.2372 0 0 0 0 0 0 0 0 4.3039 0 7.4490 -10.8450 0 0 -6.0124 0 0 0 0 0 0 0 0 1.5497 0 11.1669 -8.6927 0 0 -21.3388 0 0 32.0082 -18.6268 11.3045 -15.7066 -11.5688 17.9740 -24.8548 24.6347 11.0632 -31.2321 25.3941 0 0 0 0 -6.7860 11.0861 18.4235 -7.3686 0.6665 -0.0000 22.1413 0.9731 0 0 0 0 0 0 0 0 0 0 0 0 0 0 0 0 0 0 0 0 0 0 0 0 0 0 0 0 0 0 0 0 0 0 0 0 0 0 0 0 0 0 0 0 0 0 -18.4880 -12.5237 7.8018 -0.5203 31.9353 0.0000 24.6499 13.9066 -0.0000 0 0 0 0 0 0 0 0 0 0 0 0 0 0 0 0 0 0 0 0 0 0 0 0 0 0 0 0 0 0 0 0 0 0 0 0 0 0 0 0 0 0
-16.7714 7.6651 -111.4118 10.0132 -52.5984 -15.4081 0 0 0 0 0 0 0 0 0 13.9517 -8.7050 17.4204 0 0 0 0 0 0 0 8.0501 -0.0039 0 0 0 0 0 0 0 0 0 0 0 0 0 0 172.0000 0 0 0 0 0 172.0000 0 0 0 0 0 0 0 0 0 0 0 0 0 0 0 0 0 0 0 0 0 0 0 0 0 0 0 0 0 0 0 0 0 0 0 0 0 0 0 0 0 0 0 0 0 0 0 0 0 0 0 0 0 0 0 0 0 0 0 0 0 0 0 0 0 0 0 0 0 0 0 0 0 0 0 0 -40.0000 172.0000 0 0 0 0 -40.0000 179.0000 0 0 0 0 -35.0000 -176.0000 0 0 0 0 0 0 0 0 0 0 0 113.0000 0 0 0 0 0 -113.0000 0 0 0 0 0 0 0 0 0 0 -5.4033 -172.0000 0 0 172.0000 0 0 0 0 0 0 0 0 0 0 -5.3931 172.0000 0 4.3017 172.0000 0 0 0 0 0 0 0 0 0 9.9638 0 0 0 0 0 0 0 0 0 0 0 10.8205 0 0 0 0 0 0 0 0 0 0 0 0 0 0 0 0 0 0 0 0 0 0 0 0 0 0 0 0 0 -14.8928 -88.2016 88.5258 -0.6929 -5.9778 5.6543 -2.2826 1.2432 2.0721 0 0 0 -0.7657 0 2.9891 40.6120 0 0 5.5151 0 0 0 0 0 -3.1774 35.6378 1.0802 44.0796 0 -7.4464 3.0992 0 0 0 0 0 0 0 0 5.2075 3.7340 -3.1122 43.9945 0 -7.2595 1.9643 0 0 0 0 0 0 0 0 9.8938 -18.1864 -16.4857 37.8804 0 -8.8261 15.1785 0 0 1.4535 -27.4734 -48.7646 -5.0183 27.0060 -10.3636 23.2162 1.7132 -4.8412 24.0721 -24.9285 9.8452 0 0 0 -19.1949 -24.5059 -89.9562 19.0876 -29.1755 -32.7600 1.7346 -17.8262 5.5686 0 0 0 2.9212 0 -3.0352 -27.8382 0 0 -3.0532 0 0 0 0 0 6.5864 0 2.1066 -25.2377 0 0 -2.5852 0 0 0 0 0 0 0 0 1.8447 0 4.1715 -26.3762 0 0 -2.8261 0 0 0 0 0 0 0 0 -2.1185 0 13.4386 -23.3192 0 0 -17.4616 0 0 17.3513 -24.8333 32.3452 -4.3344 -18.6333 10.2614 -22.7907 12.4985 2.3038 -26.6389 25.3063 0 0 0 0 -6.1125 14.1505 24.0184 -9.6341 -0.1208 -0.0000 27.6445 6.3394 0 0 0 0 0 0 0 0 0 0 0 0 0 0 0 0 0 0 0 0 0 0 0 0 0 0 0 0 0 0 0 0 0 0 0 0 0 0 0 0 0 0 0 0 0 0 -16.0712 -7.4217 12.8721 -3.2914 29.5245 0.0000 33.0198 23.0176 -0.0000 0 0 0 0 0 0 0 0 0 0 0 0 0 0 0 0 0 0 0 0 0 0 0 0 0 0 0 0 0 0 0 0 0 0 0 0 0 0 0 0 0 0
-17.3197 6.8051 -113.0063 10.3507 -54.5784 -16.3509 0 0 0 0 0 0 0 0 0 15.1266 -10.2276 19.3962 0 0 0 0 0 0 0 8.0501 -0.0039 0 0 0 0 0 0 0 0 0 0 0 0 0 0 172.0000 0 0 0 0 0 172.0000 0 0 0 0 0 0 0 0 0 0 0 0 0 0 0 0 0 0 0 0 0 0 0 0 0 0 0 0 0 0 0 0 0 0 0 0 0 0 0 0 0 0 0 0 0 0 0 0 0 0 0 0 0 0 0 0 0 0 0 0 0 0 0 0 0 0 0 0 0 0 0 0 0 0 0 0 -40.0000 172.0000 0 0 0 0 -40.0000 179.0000 0 0 0 0 -35.0000 -176.0000 0 0 0 0 0 0 0 0 0 0 0 113.0000 0 0 0 0 0 -113.0000 0 0 0 0 0 0 0 0 0 0 -5.3827 -172.0000 0 0 172.0000 0 0 0 0 0 0 0 0 0 0 -5.3775 172.0000 0 4.2933 172.0000 0 0 0 0 0 0 0 0 0 9.4128 0 0 0 0 0 0 0 0 0 0 0 9.9194 0 0 0 0 0 0 0 0 0 0 0 0 0 0 0 0 0 0 0 0 0 0 0 0 0 0 0 0 0 -18.5081 -95.6234 89.6869 2.0735 -5.2475 2.0047 -1.5318 0.2223 1.6268 0 0 0 -2.5598 0 5.3972 43.7586 0 0 5.4086 0 0 0 0 0 -4.3642 35.1642 4.6687 48.8153 0 -7.1324 2.2454 0 0 0 0 0 0 0 0 5.4077 3.2138 0.0402 47.9025 0 -6.9225 0.6966 0 0 0 0 0 0 0 0 10.8250 -18.4670 -16.1964 42.9229 0 -8.6861 14.0134 0 0 -0.2088 -29.0912 -47.1014 -6.4064 26.9799 -5.5094 20.8243 4.5175 -0.8635 21.4735 -24.9018 10.0864 0 0 0 -16.3791 -21.4311 -88.3641 8.5419 -27.8115 -28.2999 0.7088 -20.9942 6.5759 0 0 0 3.9039 0 -5.6764 -39.0224 0 0 -4.4642 0 0 0 0 0 6.1025 0 -3.4689 -41.8009 0 0 -1.9134 0 0 0 0 0 0 0 0 -2.3103 0 0.4290 -41.4102 0 0 -0.8499 0 0 0 0 0 0 0 0 -7.4216 0 15.0822 -37.3400 0 0 -14.7124 0 0 3.1496 -29.9090 51.9429 4.5920 -23.9436 4.8465 -20.8847 0.7185 -4.2543 -22.4568 25.0166 0 0 0 0 -4.7767 15.2825 26.7203 -10.4057 -0.2182 -0.0000 30.6467 9.3564 0 0 0 0 0 0 0 0 0 0 0 0 0 0 0 0 0 0 0 0 0 0 0 0 0 0 0 0 0 0 0 0 0 0 0 0 0 0 0 0 0 0 0 0 0 0 -14.1162 -3.0047 16.8045 -5.5957 27.5550 0.0000 35.7939 25.6706 -0.0000 0 0 0 0 0 0 0 0 0 0 0 0 0 0 0 0 0 0 0 0 0 0 0 0 0 0 0 0 0 0 0 0 0 0 0 0 0 0 0 0 0 0
-16.9422 6.0075 -114.5131 10.3990 -54.8244 -16.5811 0 0 0 0 0 0 0 0 0 14.3272 -10.4525 20.0704 0 0 0 0 0 0 0 8.0501 -0.0039 0 0 0 0 0 0 0 0 0 0 0 0 0 0 172.0000 0 0 0 0 0 172.0000 0 0 0 0 0 0 0 0 0 0 0 0 0 0 0 0 0 0 0 0 0 0 0 0 0 0 0 0 0 0 0 0 0 0 0 0 0 0 0 0 0 0 0 0 0 0 0 0 0 0 0 0 0 0 0 0 0 0 0 0 0 0 0 0 0 0 0 0 0 0 0 0 0 0 0 0 -40.0000 172.0000 0 0 0 0 -40.0000 179.0000 0 0 0 0 -35.0000 -176.0000 0 0 0 0 0 0 0 0 0 0 0 113.0000 0 0 0 0 0 -113.0000 0 0 0 0 0 0 0 0 0 0 -5.3785 -172.0000 0 0 172.0000 0 0 0 0 0 0 0 0 0 0 -5.3778 172.0000 0 4.2995 172.0000 0 0 0 0 0 0 0 0 0 9.3008 0 0 0 0 0 0 0 0 0 0 0 9.4090 0 0 0 0 0 0 0 0 0 0 0 0 0 0 0 0 0 0 0 0 0 0 0 0 0 0 0 0 0 -14.2436 -97.0139 86.3935 2.2364 -6.3621 0.9646 -1.6503 2.6462 2.3799 0 0 0 -3.4114 0 6.2677 43.0445 0 0 5.0999 0 0 0 0 0 -5.1496 35.1830 5.6375 47.7413 0 -7.1498 1.9763 0 0 0 0 0 0 0 0 4.5216 3.2289 1.1406 46.7914 0 -6.9412 0.5024 0 0 0 0 0 0 0 0 10.1186 -18.4362 -15.5219 42.4997 0 -8.7017 14.0548 0 0 -0.1291 -29.0133 -47.1812 -6.4180 25.5313 -3.8745 20.0226 3.4411 0.5121 20.9532 -24.9083 10.0882 0 0 0 -11.5245 -26.3102 -86.8845 3.0147 -31.1113 -38.5121 1.4052 -19.8913 6.2152 0 0 0 3.7207 0 -6.3903 -43.1695 0 0 -5.1060 0 0 0 0 0 5.4081 0 -5.6595 -47.9207 0 0 -1.8940 0 0 0 0 0 0 0 0 -4.2960 0 -1.1042 -47.0004 0 0 -0.3903 0 0 0 0 0 0 0 0 -9.8317 0 15.5454 -42.5218 0 0 -13.9394 0 0 -2.1346 -31.5648 59.0390 7.3690 -25.5134 3.2967 -20.2370 -3.6331 -6.2918 -20.9670 24.8586 0 0 0 0 -4.2239 15.4496 27.6067 -10.3396 -0.1063 -0.0000 31.7236 10.4462 0 0 0 0 0 0 0 0 0 0 0 0 0 0 0 0 0 0 0 0 0 0 0 0 0 0 0 0 0 0 0 0 0 0 0 0 0 0 0 0 0 0 0 0 0 0 -12.8606 -0.3098 18.8007 -6.9034 26.3618 0.0000 35.3469 24.8099 -0.0000 0 0 0 0 0 0 0 0 0 0 0 0 0 0 0 0 0 0 0 0 0 0 0 0 0 0 0 0 0 0 0 0 0 0 0 0 0 0 0 0 0 0
-16.0959 5.5387 -115.0916 10.1397 -54.5710 -17.0311 0 0 0 0 0 0 0 0 0 13.9844 -10.2259 20.5254 0 0 0 0 0 0 0 8.0501 -0.0039 0 0 0 0 0 0 0 0 0 0 0 0 0 0 172.0000 0 0 0 0 0 172.0000 0 0 0 0 0 0 0 0 0 0 0 0 0 0 0 0 0 0 0 0 0 0 0 0 0 0 0 0 0 0 0 0 0 0 0 0 0 0 0 0 0 0 0 0 0 0 0 0 0 0 0 0 0 0 0 0 0 0 0 0 0 0 0 0 0 0 0 0 0 0 0 0 0 0 0 0 -40.0000 172.0000 0 0 0 0 -40.0000 179.0000 0 0 0 0 -35.0000 -176.0000 0 0 0 0 0 0 0 0 0 0 0 113.0000 0 0 0 0 0 -113.0000 0 0 0 0 0 0 0 0 0 0 -5.3810 -172.0000 0 0 172.0000 0 0 0 0 0 0 0 0 0 0 -5.3817 172.0000 0 4.3055 172.0000 0 0 0 0 0 0 0 0 0 9.3637 0 0 0 0 0 0 0 0 0 0 0 9.3090 0 0 0 0 0 0 0 0 0 0 0 0 0 0 0 0 0 0 0 0 0 0 0 0 0 0 0 0 0 -12.1041 -92.9127 83.0068 3.4120 -7.2528 -0.4070 -1.4310 4.0912 2.7471 0 0 0 -3.5208 0 6.2304 41.8485 0 0 4.9341 0 0 0 0 0 -5.3514 35.2522 5.3756 45.9368 0 -7.1946 2.0146 0 0 0 0 0 0 0 0 3.9239 3.3061 1.0651 45.1628 0 -6.9892 0.6867 0 0 0 0 0 0 0 0 9.4339 -18.3799 -15.1643 41.0174 0 -8.7284 14.3605 0 0 0.1107 -28.7799 -47.4211 -6.0459 24.6093 -3.9977 20.1202 2.1617 0.4005 21.2551 -24.9140 10.0708 0 0 0 -1.4473 -46.5614 -90.7421 7.3943 -32.5195 -45.5045 1.9630 -15.8712 4.7596 0 0 0 3.4349 0 -6.2466 -43.0398 0 0 -5.1650 0 0 0 0 0 5.0938 0 -5.6777 -47.7343 0 0 -2.0434 0 0 0 0 0 0 0 0 -4.5287 0 -1.1554 -46.8532 0 0 -0.5803 0 0 0 0 0 0 0 0 -10.0596 0 15.4159 -42.3693 0 0 -14.1210 0 0 -1.9978 -31.3715 58.7286 6.8991 -25.1642 3.5635 -20.3407 -3.4575 -6.0458 -21.0481 24.8310 0 0 0 0 -4.5516 15.5652 28.1140 -10.1131 -0.0135 -0.0000 32.3344 11.0275 0 0 0 0 0 0 0 0 0 0 0 0 0 0 0 0 0 0 0 0 0 0 0 0 0 0 0 0 0 0 0 0 0 0 0 0 0 0 0 0 0 0 0 0 0 0 -12.1558 1.1298 19.8151 -7.6550 25.6535 0.0000 34.5581 24.3741 -0.0000 0 0 0 0 0 0 0 0 0 0 0 0 0 0 0 0 0 0 0 0 0 0 0 0 0 0 0 0 0 0 0 0 0 0 0 0 0 0 0 0 0 0
-15.1170 5.5229 -115.0222 8.9767 -52.9147 -16.5066 0 0 0 0 0 0 0 0 0 13.6460 -10.0313 21.2839 0 0 0 0 0 0 0 8.0501 -0.0039 0 0 0 0 0 0 0 0 0 0 0 0 0 0 172.0000 0 0 0 0 0 172.0000 0 0 0 0 0 0 0 0 0 0 0 0 0 0 0 0 0 0 0 0 0 0 0 0 0 0 0 0 0 0 0 0 0 0 0 0 0 0 0 0 0 0 0 0 0 0 0 0 0 0 0 0 0 0 0 0 0 0 0 0 0 0 0 0 0 0 0 0 0 0 0 0 0 0 0 0 -40.0000 172.0000 0 0 0 0 -40.0000 179.0000 0 0 0 0 -35.0000 -176.0000 0 0 0 0 0 0 0 0 0 0 0 113.0000 0 0 0 0 0 -113.0000 0 0 0 0 0 0 0 0 0 0 -5.3834 -172.0000 0 0 172.0000 0 0 0 0 0 0 0 0 0 0 -5.3841 172.0000 0 4.3076 172.0000 0 0 0 0 0 0 0 0 0 9.4297 0 0 0 0 0 0 0 0 0 0 0 9.3697 0 0 0 0 0 0 0 0 0 0 0 0 0 0 0 0 0 0 0 0 0 0 0 0 0 0 0 0 0 -13.4306 -85.5354 80.5880 2.9533 -11.6267 0.4796 -1.3230 1.5775 1.8013 0 0 0 -3.4041 0 6.0011 41.2711 0 0 4.9055 0 0 0 0 0 -5.2877 35.2338 4.9803 45.0757 0 -7.1818 2.1031 0 0 0 0 0 0 0 0 3.7663 3.2864 0.7538 44.4198 0 -6.9755 0.8477 0 0 0 0 0 0 0 0 9.1600 -18.3779 -15.0997 40.2002 0 -8.7296 14.5402 0 0 0.0445 -28.8445 -47.3548 -5.7748 24.3440 -4.4232 20.3727 1.6214 0.0026 21.5728 -24.9139 10.0944 0 0 0 3.3619 -66.5174 -97.6791 8.4537 -31.6748 -42.4093 2.4354 -13.7797 3.9376 0 0 0 3.3115 0 -5.9759 -41.9602 0 0 -5.0473 0 0 0 0 0 5.0658 0 -5.1624 -46.1475 0 0 -2.1407 0 0 0 0 0 0 0 0 -4.1956 0 -0.8185 -45.4180 0 0 -0.8087 0 0 0 0 0 0 0 0 -9.6143 0 15.2329 -41.0285 0 0 -14.4194 0 0 -0.6425 -30.8536 56.8302 5.9506 -24.5808 4.1159 -20.5483 -2.3227 -5.4196 -21.4566 24.8517 0 0 0 0 -4.7389 15.2383 29.7231 -9.9885 0.0172 -0.0000 33.5181 12.5256 0 0 0 0 0 0 0 0 0 0 0 0 0 0 0 0 0 0 0 0 0 0 0 0 0 0 0 0 0 0 0 0 0 0 0 0 0 0 0 0 0 0 0 0 0 0 -11.2566 3.5770 22.2582 -8.7956 23.4817 0.0000 34.4740 25.5486 -0.0000 0 0 0 0 0 0 0 0 0 0 0 0 0 0 0 0 0 0 0 0 0 0 0 0 0 0 0 0 0 0 0 0 0 0 0 0 0 0 0 0 0 0
-14.0209 5.8656 -113.3781 6.9534 -49.5184 -14.1845 0 0 0 0 0 0 0 0 0 12.1806 -9.9651 21.9045 0 0 0 0 0 0 0 8.0501 -0.0039 0 0 0 0 0 0 0 0 0 0 0 0 0 0 172.0000 0 0 0 0 0 172.0000 0 0 0 0 0 0 0 0 0 0 0 0 0 0 0 0 0 0 0 0 0 0 0 0 0 0 0 0 0 0 0 0 0 0 0 0 0 0 0 0 0 0 0 0 0 0 0 0 0 0 0 0 0 0 0 0 0 0 0 0 0 0 0 0 0 0 0 0 0 0 0 0 0 0 0 0 -40.0000 172.0000 0 0 0 0 -40.0000 179.0000 0 0 0 0 -35.0000 -176.0000 0 0 0 0 0 0 0 0 0 0 0 113.0000 0 0 0 0 0 -113.0000 0 0 0 0 0 0 0 0 0 0 -4.6959 -172.0000 0 0 172.0000 0 0 0 0 0 0 0 0 0 0 -5.1109 172.0000 0 3.9692 172.0000 0 0 0 0 0 0 0 0 0 5.6182 0 0 0 0 0 0 0 0 0 0 0 5.5821 0 0 0 0 0 0 0 0 0 0 0 0 0 0 0 0 0 0 0 0 0 0 0 0 0 0 0 0 0 -12.5126 -75.5909 77.7919 -5.1614 -21.4140 9.1885 -1.6054 -5.0549 -0.4997 0 0 0 -3.3460 0 5.9162 41.1896 0 0 4.9276 0 0 0 0 0 -5.1997 35.2272 4.7981 44.9756 0 -7.1777 2.1488 0 0 0 0 0 0 0 0 3.8122 3.2789 0.5788 44.3506 0 -6.9712 0.9032 0 0 0 0 0 0 0 0 9.1098 -18.4221 -15.0867 40.0585 0 -8.7177 14.5782 0 0 0.0222 -28.8661 -47.3325 -5.4666 24.1846 -4.4388 20.5592 1.5227 -0.1648 21.7109 -24.9130 10.1088 0 0 0 -3.3048 -79.1550 -105.3240 3.9013 -32.6552 -42.8940 3.0721 -17.7173 5.4404 0 0 0 3.2975 0 -5.8488 -41.3253 0 0 -4.9600 0 0 0 0 0 5.1240 0 -4.8384 -45.2081 0 0 -2.1652 0 0 0 0 0 0 0 0 -3.9331 0 -0.5973 -44.5633 0 0 -0.9046 0 0 0 0 0 0 0 0 -9.2936 0 15.1533 -40.2360 0 0 -14.5608 0 0 0.1651 -30.5788 55.7274 5.4549 -24.2824 4.4398 -20.6608 -1.6540 -5.0856 -21.6905 24.8712 0 0 0 0 -4.9662 14.2094 33.3892 -9.9650 0.3886 -0.0000 34.6666 15.4184 0 0 0 0 0 0 0 0 0 0 0 0 0 0 0 0 0 0 0 0 0 0 0 0 0 0 0 0 0 0 0 0 0 0 0 0 0 0 0 0 0 0 0 0 0 0 -9.5971 7.2735 26.5623 -9.8168 20.3545 0.0000 34.6182 26.7958 -0.0000 0 0 0 0 0 0 0 0 0 0 0 0 0 0 0 0 0 0 0 0 0 0 0 0 0 0 0 0 0 0 0 0 0 0 0 0 0 0 0 0 0 0
-13.4153 6.3052 -110.9453 4.9932 -44.7593 -11.8323 0 0 0 0 0 0 0 0 0 10.7276 -9.9708 22.1129 0 0 0 0 0 0 0 8.0501 -0.0039 0 0 0 0 0 0 0 0 0 0 0 0 0 0 172.0000 0 0 0 0 0 172.0000 0 0 0 0 0 0 0 0 0 0 0 0 0 0 0 0 0 0 0 0 0 0 0 0 0 0 0 0 0 0 0 0 0 0 0 0 0 0 0 0 0 0 0 0 0 0 0 0 0 0 0 0 0 0 0 0 0 0 0 0 0 0 0 0 0 0 0 0 0 0 0 0 0 0 0 0 -40.0000 172.0000 0 0 0 0 -40.0000 179.0000 0 0 0 0 -35.0000 -176.0000 0 0 0 0 0 0 0 0 0 0 0 113.0000 0 0 0 0 0 -113.0000 0 0 0 0 0 0 0 0 0 0 -3.2228 -172.0000 0 0 172.0000 0 0 0 0 0 0 0 0 0 0 -4.3208 172.0000 0 3.0691 172.0000 0 0 0 0 0 0 0 0 0 -4.4369 0 0 0 0 0 0 0 0 0 0 0 0.1168 0 0 0 0 0 0 0 0 0 0 0 0 0 0 0 0 0 0 0 0 0 0 0 0 0 0 0 0 0 -6.4763 -63.3998 75.9410 -17.6797 -33.8308 22.0854 -1.9837 -12.6319 -3.1445 0 0 0 -2.9047 0 6.6258 38.7430 0 0 4.4867 0 0 0 0 0 -5.3110 35.2315 3.3935 43.3928 0 -7.1806 2.1467 0 0 0 0 0 0 0 0 2.1042 3.2836 -0.6564 42.9470 0 -6.9743 1.0756 0 0 0 0 0 0 0 0 6.9662 -18.5295 -13.9887 38.4717 0 -8.6934 15.3117 0 0 0.0374 -28.8513 -47.3478 -4.3213 23.2094 -5.0498 20.8088 -0.9314 -0.1200 21.0780 -24.9900 10.1147 0 0 0 -10.9228 -90.7404 -104.5051 -3.9685 -26.9223 -44.1353 3.8464 -24.0951 7.8961 0 0 0 2.3843 0 -6.0768 -38.8887 0 0 -4.5116 0 0 0 0 0 4.8639 0 -3.3747 -43.4868 0 0 -2.1961 0 0 0 0 0 0 0 0 -2.5083 0 0.1883 -43.0444 0 0 -1.1137 0 0 0 0 0 0 0 0 -7.4178 0 13.7938 -38.4811 0 0 -15.3478 0 0 1.1476 -26.8645 47.6522 3.8965 -23.0769 5.8035 -21.0191 0.9144 -4.3188 -21.1560 24.8702 0 0 0 0 -5.0753 13.0251 38.3664 -9.3442 1.7356 -0.0000 35.1495 19.4850 0 0 0 0 0 0 0 0 0 0 0 0 0 0 0 0 0 0 0 0 0 0 0 0 0 0 0 0 0 0 0 0 0 0 0 0 0 0 0 0 0 0 0 0 0 0 -5.8485 11.3504 30.9573 -9.5423 19.4446 0.0000 34.5463 27.4324 -0.0000 0 0 0 0 0 0 0 0 0 0 0 0 0 0 0 0 0 0 0 0 0 0 0 0 0 0 0 0 0 0 0 0 0 0 0 0 0 0 0 0 0 0
-13.4352 6.4182 -109.1924 3.7273 -40.5840 -10.6424 0 0 0 0 0 0 0 0 0 10.5383 -9.6977 22.0930 0 0 0 0 0 0 0 8.0501 -0.0039 0 0 0 0 0 0 0 0 0 0 0 0 0 0 172.0000 0 0 0 0 0 172.0000 0 0 0 0 0 0 0 0 0 0 0 0 0 0 0 0 0 0 0 0 0 0 0 0 0 0 0 0 0 0 0 0 0 0 0 0 0 0 0 0 0 0 0 0 0 0 0 0 0 0 0 0 0 0 0 0 0 0 0 0 0 0 0 0 0 0 0 0 0 0 0 0 0 0 0 0 -40.0000 172.0000 0 0 0 0 -40.0000 179.0000 0 0 0 0 -35.0000 -176.0000 0 0 0 0 0 0 0 0 0 0 0 113.0000 0 0 0 0 0 -113.0000 0 0 0 0 0 0 0 0 0 0 -2.5492 -172.0000 0 0 172.0000 0 0 0 0 0 0 0 0 0 0 -3.5919 172.0000 0 2.3491 172.0000 0 0 0 0 0 0 0 0 0 -13.5961 0 0 0 0 0 0 0 0 0 0 0 -1.6034 0 0 0 0 0 0 0 0 0 0 0 0 0 0 0 0 0 0 0 0 0 0 0 0 0 0 0 0 0 2.1565 -52.7228 74.1985 -26.4862 -42.3731 30.8748 -2.3190 -17.5444 -5.0029 0 0 0 -1.3814 0 4.8742 29.8048 0 0 3.9083 0 0 0 0 0 -5.5708 35.2316 -0.4005 37.6409 0 -7.1806 2.4405 0 0 0 0 0 0 0 0 -1.4412 3.2837 -3.9718 34.7168 0 -6.9743 3.7761 0 0 0 0 0 0 0 0 5.4042 -18.6145 -11.6225 33.0074 0 -8.6772 15.9243 0 0 0.0375 -28.8512 -47.3478 -2.1019 18.2143 -7.4866 20.2459 -9.9227 -3.0480 20.3496 -25.3311 10.0949 0 0 0 -17.1176 -100.3755 -97.4540 -11.8912 -16.7492 -51.4292 4.9032 -28.6559 9.6260 0 0 0 0.7662 0 -6.4948 -34.8401 0 0 -3.7635 0 0 0 0 0 4.3382 0 -0.9311 -40.8517 0 0 -2.2567 0 0 0 0 0 0 0 0 -0.1296 0 1.4727 -40.7335 0 0 -1.4618 0 0 0 0 0 0 0 0 -7.0616 0 10.3049 -33.2845 0 0 -16.0098 0 0 6.8541 -18.5798 26.4114 -2.2088 -16.7999 8.1902 -21.6646 8.7146 -0.4679 -20.6943 24.7776 0 0 0 0 -5.4430 11.6636 42.6153 -7.8629 3.3611 -0.0000 35.1729 22.5432 0 0 0 0 0 0 0 0 0 0 0 0 0 0 0 0 0 0 0 0 0 0 0 0 0 0 0 0 0 0 0 0 0 0 0 0 0 0 0 0 0 0 0 0 0 0 -0.7626 15.2991 32.4575 -6.9638 20.0978 0.0000 34.4656 27.8493 -0.0000 0 0 0 0 0 0 0 0 0 0 0 0 0 0 0 0 0 0 0 0 0 0 0 0 0 0 0 0 0 0 0 0 0 0 0 0 0 0 0 0 0 0
-13.4665 5.8998 -108.5736 3.7041 -38.8923 -10.6903 0 0 0 0 0 0 0 0 0 11.2616 -9.0761 22.0305 0 0 0 0 0 0 0 8.0501 -0.0039 0 0 0 0 0 0 0 0 0 0 0 0 0 0 172.0000 0 0 0 0 0 172.0000 0 0 0 0 0 0 0 0 0 0 0 0 0 0 0 0 0 0 0 0 0 0 0 0 0 0 0 0 0 0 0 0 0 0 0 0 0 0 0 0 0 0 0 0 0 0 0 0 0 0 0 0 0 0 0 0 0 0 0 0 0 0 0 0 0 0 0 0 0 0 0 0 0 0 0 0 -40.0000 172.0000 0 0 0 0 -40.0000 179.0000 0 0 0 0 -35.0000 -176.0000 0 0 0 0 0 0 0 0 0 0 0 113.0000 0 0 0 0 0 -113.0000 0 0 0 0 0 0 0 0 0 0 -2.9211 -172.0000 0 0 172.0000 0 0 0 0 0 0 0 0 0 0 -3.3847 172.0000 0 2.2436 172.0000 0 0 0 0 0 0 0 0 0 -16.8597 0 0 0 0 0 0 0 0 0 0 0 -5.9300 0 0 0 0 0 0 0 0 0 0 0 0 0 0 0 0 0 0 0 0 0 0 0 0 0 0 0 0 0 8.3029 -46.5122 70.6597 -29.0398 -44.7732 33.3067 -2.2764 -18.5993 -5.7133 0 0 0 0.9022 0 -1.5462 16.9112 0 0 4.4948 0 0 0 0 0 -5.5327 35.2309 -4.3827 27.2438 0 -7.1802 3.9177 0 0 0 0 0 0 0 0 -3.7073 3.2830 -7.1919 21.1980 0 -6.9738 9.8087 0 0 0 0 0 0 0 0 6.9935 -18.6733 -11.3717 24.9372 0 -8.6602 15.1847 0 0 0.0351 -28.8536 -47.3455 -0.2647 10.4807 -12.5667 19.2173 -19.4713 -9.2380 19.9084 -25.7148 10.0335 0 0 0 -21.5394 -104.6917 -92.9396 -15.4562 -12.1360 -59.9510 5.3978 -30.0771 9.9705 0 0 0 0.3632 0 -6.5916 -33.8265 0 0 -3.5773 0 0 0 0 0 4.2010 0 -0.3208 -40.1968 0 0 -2.2739 0 0 0 0 0 0 0 0 0.4618 0 1.7923 -40.1597 0 0 -1.5510 0 0 0 0 0 0 0 0 -10.4172 0 8.2949 -25.7489 0 0 -15.4181 0 0 17.6901 -13.1711 5.7269 -11.1558 -8.5097 12.1403 -22.5911 16.0233 5.2211 -20.7046 24.4228 0 0 0 0 -7.0946 9.8003 43.5631 -7.2628 3.9726 -0.0000 35.0713 21.0907 0 0 0 0 0 0 0 0 0 0 0 0 0 0 0 0 0 0 0 0 0 0 0 0 0 0 0 0 0 0 0 0 0 0 0 0 0 0 0 0 0 0 0 0 0 0 3.2344 18.2687 29.8848 -2.1492 19.7714 0.0000 34.4342 28.0000 -0.0000 0 0 0 0 0 0 0 0 0 0 0 0 0 0 0 0 0 0 0 0 0 0 0 0 0 0 0 0 0 0 0 0 0 0 0 0 0 0 0 0 0 0
-13.2979 4.1702 -109.1110 4.6784 -38.2932 -11.5991 0 0 0 0 0 0 0 0 0 12.1162 -8.4215 21.9455 0 0 0 0 0 0 0 8.0501 -0.0039 0 0 0 0 0 0 0 0 0 0 0 0 0 0 172.0000 0 0 0 0 0 172.0000 0 0 0 0 0 0 0 0 0 0 0 0 0 0 0 0 0 0 0 0 0 0 0 0 0 0 0 0 0 0 0 0 0 0 0 0 0 0 0 0 0 0 0 0 0 0 0 0 0 0 0 0 0 0 0 0 0 0 0 0 0 0 0 0 0 0 0 0 0 0 0 0 0 0 0 0 -40.0000 172.0000 0 0 0 0 -40.0000 179.0000 0 0 0 0 -35.0000 -176.0000 0 0 0 0 0 0 0 0 0 0 0 113.0000 0 0 0 0 0 -113.0000 0 0 0 0 0 0 0 0 0 0 -3.2904 -172.0000 0 0 172.0000 0 0 0 0 0 0 0 0 0 0 -3.3528 172.0000 0 2.2943 172.0000 0 0 0 0 0 0 0 0 0 -16.6803 0 0 0 0 0 0 0 0 0 0 0 -12.7839 0 0 0 0 0 0 0 0 0 0 0 0 0 0 0 0 0 0 0 0 0 0 0 0 0 0 0 0 0 9.6398 -40.4480 63.3527 -28.1612 -44.5057 39.6966 -1.9737 -17.6063 -5.7558 0 0 0 1.2885 0 -4.6042 8.3027 0 0 5.5935 0 0 0 0 0 -6.8147 33.7456 -3.8168 17.9533 0 -6.2542 5.2334 0 0 0 0 0 0 0 0 -5.4794 1.8808 -6.4984 12.6205 0 -6.2549 13.2509 0 0 0 0 0 0 0 0 5.0355 -19.4952 -12.8737 17.2083 0 -8.3521 13.2035 0 0 3.2717 -32.1816 -47.3460 0.3411 6.8641 -17.7339 22.5227 -20.6607 -13.9181 21.0419 -25.7548 8.6602 0 0 0 -22.9050 -105.0523 -91.2308 -13.1910 -14.4687 -62.3103 4.9916 -28.7035 9.0556 0 0 0 0.0267 0 -4.7628 -30.2982 0 0 -4.1645 0 0 0 0 0 4.4226 0 0.2357 -35.6645 0 0 -3.2105 0 0 0 0 0 0 0 0 0.8351 0 2.4242 -36.8808 0 0 -3.5174 0 0 0 0 0 0 0 0 -8.6964 0 10.9079 -19.0501 0 0 -15.6011 0 0 26.8070 -13.9083 -2.2062 -15.7911 -7.1912 19.5503 -23.6434 15.8957 7.8519 -18.8256 24.1441 0 0 0 0 -9.1061 7.4377 41.5612 -8.3493 4.9085 -0.0000 35.0026 15.3353 0 0 0 0 0 0 0 0 0 0 0 0 0 0 0 0 0 0 0 0 0 0 0 0 0 0 0 0 0 0 0 0 0 0 0 0 0 0 0 0 0 0 0 0 0 0 6.2227 19.9054 25.5128 2.9914 17.7848 0.0000 34.3235 27.8798 -0.0000 0 0 0 0 0 0 0 0 0 0 0 0 0 0 0 0 0 0 0 0 0 0 0 0 0 0 0 0 0 0 0 0 0 0 0 0 0 0 0 0 0 0
-12.9406 -0.0868 -109.8016 6.0678 -36.6881 -12.7934 0 0 0 0 0 0 0 0 0 13.2815 -7.2400 21.8568 0 0 0 0 0 0 0 8.0501 -0.0039 0 0 0 0 0 0 0 0 0 0 0 0 0 0 172.0000 0 0 0 0 0 172.0000 0 0 0 0 0 0 0 0 0 0 0 0 0 0 0 0 0 0 0 0 0 0 0 0 0 0 0 0 0 0 0 0 0 0 0 0 0 0 0 0 0 0 0 0 0 0 0 0 0 0 0 0 0 0 0 0 0 0 0 0 0 0 0 0 0 0 0 0 0 0 0 0 0 0 0 0 -40.0000 172.0000 0 0 0 0 -40.0000 179.0000 0 0 0 0 -35.0000 -176.0000 0 0 0 0 0 0 0 0 0 0 0 113.0000 0 0 0 0 0 -113.0000 0 0 0 0 0 0 0 0 0 0 -3.4353 -172.0000 0 0 172.0000 0 0 0 0 0 0 0 0 0 0 -3.2195 172.0000 0 2.2505 172.0000 0 0 0 0 0 0 0 0 0 -15.7872 0 0 0 0 0 0 0 0 0 0 0 -15.9946 0 0 0 0 0 0 0 0 0 0 0 0 0 0 0 0 0 0 0 0 0 0 0 0 0 0 0 0 0 8.4091 -33.3051 55.0334 -28.4959 -43.7404 53.0888 -2.1651 -17.6665 -5.9431 0 0 0 -1.4087 0 -2.5244 7.7431 0 0 6.1616 0 0 0 0 0 -9.5234 30.4528 0.4437 16.1279 0 -4.0795 4.2781 0 0 0 0 0 0 0 0 -6.5303 -1.1149 -3.0360 9.4953 0 -4.7084 12.9014 0 0 0 0 0 0 0 0 0.9494 -21.1336 -12.6776 11.1941 0 -7.6929 12.5313 0 0 14.5414 -43.6177 -52.7959 0.2752 9.2423 -22.3472 32.3038 -15.6584 -17.2047 26.7602 -25.4548 4.7226 0 0 0 -25.1744 -104.2382 -88.8134 -6.9340 -17.3343 -66.6755 4.8951 -27.2696 8.3239 0 0 0 -2.5373 0 1.2039 -18.7121 0 0 -5.2151 0 0 0 0 0 4.0739 0 3.5203 -24.6548 0 0 -5.1353 0 0 0 0 0 0 0 0 2.2540 0 4.3112 -28.3782 0 0 -6.9696 0 0 0 0 0 0 0 0 -2.3704 0 12.1618 -15.7115 0 0 -17.4796 0 0 31.6916 -16.5878 -1.5620 -18.7581 -8.3602 22.8560 -24.2309 17.1669 4.0231 -20.2937 24.5603 0 0 0 0 -10.1441 4.2475 41.5831 -9.6342 12.0246 -0.0000 34.9845 8.3910 0 0 0 0 0 0 0 0 0 0 0 0 0 0 0 0 0 0 0 0 0 0 0 0 0 0 0 0 0 0 0 0 0 0 0 0 0 0 0 0 0 0 0 0 0 0 8.7575 21.9911 20.8884 6.1896 14.6426 0.0000 32.0868 25.6170 -0.0000 0 0 0 0 0 0 0 0 0 0 0 0 0 0 0 0 0 0 0 0 0 0 0 0 0 0 0 0 0 0 0 0 0 0 0 0 0 0 0 0 0 0
-12.4908 -7.1204 -109.6121 7.4815 -34.6712 -13.9088 0 0 0 0 0 0 0 0 0 14.5034 -5.6121 21.5084 0 0 0 0 0 0 0 8.0501 -0.0039 0 0 0 0 0 0 0 0 0 0 0 0 0 0 172.0000 0 0 0 0 0 172.0000 0 0 0 0 0 0 0 0 0 0 0 0 0 0 0 0 0 0 0 0 0 0 0 0 0 0 0 0 0 0 0 0 0 0 0 0 0 0 0 0 0 0 0 0 0 0 0 0 0 0 0 0 0 0 0 0 0 0 0 0 0 0 0 0 0 0 0 0 0 0 0 0 0 0 0 0 -40.0000 172.0000 0 0 0 0 -40.0000 179.0000 0 0 0 0 -35.0000 -176.0000 0 0 0 0 0 0 0 0 0 0 0 113.0000 0 0 0 0 0 -113.0000 0 0 0 0 0 0 0 0 0 0 -3.4379 -172.0000 0 0 172.0000 0 0 0 0 0 0 0 0 0 0 -2.9096 172.0000 0 2.0223 172.0000 0 0 0 0 0 0 0 0 0 -10.4936 0 0 0 0 0 0 0 0 0 0 0 -11.3036 0 0 0 0 0 0 0 0 0 0 0 0 0 0 0 0 0 0 0 0 0 0 0 0 0 0 0 0 0 7.8080 -30.9752 53.3601 -30.7479 -41.8673 62.0785 -2.7997 -19.0205 -6.3303 0 0 0 -2.1665 0 -1.5897 12.0819 0 0 6.0174 0 0 0 0 0 -8.7195 28.6260 1.8732 19.5671 0 -2.7242 3.5930 0 0 0 0 0 0 0 0 -2.7972 -2.6391 -1.2007 10.7936 0 -3.9084 13.1103 0 0 0 0 0 0 0 0 2.5355 -21.9878 -11.7158 9.1816 0 -7.2993 15.9376 0 0 25.7917 -54.9147 -62.4703 0.0887 11.9545 -27.9102 39.4315 -10.9402 -17.5403 31.1424 -25.8703 0.7659 0 0 0 -28.3195 -103.6467 -85.7573 4.9687 -16.1142 -75.4942 5.3151 -27.3989 8.3956 0 0 0 -5.9870 0 6.8236 -10.0436 0 0 -5.6112 0 0 0 0 0 2.3240 0 5.8076 -19.7232 0 0 -6.4623 0 0 0 0 0 0 0 0 0.5751 0 4.2986 -23.8464 0 0 -8.1184 0 0 0 0 0 0 0 0 -1.9534 0 8.0516 -16.1142 0 0 -19.2146 0 0 28.4218 -17.2772 2.2662 -25.4473 -5.3340 19.1374 -23.9979 22.8979 -8.6293 -26.5326 25.2797 0 0 0 0 -10.3043 0.5717 45.3941 -10.1700 26.1701 -0.0000 34.9898 1.7288 0 0 0 0 0 0 0 0 0 0 0 0 0 0 0 0 0 0 0 0 0 0 0 0 0 0 0 0 0 0 0 0 0 0 0 0 0 0 0 0 0 0 0 0 0 0 10.1375 25.5184 16.6834 7.4676 13.0470 0.0000 27.4889 21.0319 -0.0000 0 0 0 0 0 0 0 0 0 0 0 0 0 0 0 0 0 0 0 0 0 0 0 0 0 0 0 0 0 0 0 0 0 0 0 0 0 0 0 0 0 0
-12.2714 -14.0950 -109.3712 8.3263 -33.6548 -14.5905 0 0 0 0 0 0 0 0 0 15.1051 -4.7380 20.6950 0 0 0 0 0 0 0 8.0501 -0.0039 0 0 0 0 0 0 0 0 0 0 0 0 0 0 172.0000 0 0 0 0 0 172.0000 0 0 0 0 0 0 0 0 0 0 0 0 0 0 0 0 0 0 0 0 0 0 0 0 0 0 0 0 0 0 0 0 0 0 0 0 0 0 0 0 0 0 0 0 0 0 0 0 0 0 0 0 0 0 0 0 0 0 0 0 0 0 0 0 0 0 0 0 0 0 0 0 0 0 0 0 -40.0000 172.0000 0 0 0 0 -40.0000 179.0000 0 0 0 0 -35.0000 -176.0000 0 0 0 0 0 0 0 0 0 0 0 113.0000 0 0 0 0 0 -113.0000 0 0 0 0 0 0 0 0 0 0 -3.9543 -172.0000 0 0 172.0000 0 0 0 0 0 0 0 0 0 0 -3.0713 172.0000 0 2.2650 172.0000 0 0 0 0 0 0 0 0 0 2.2437 0 0 0 0 0 0 0 0 0 0 0 -2.5893 0 0 0 0 0 0 0 0 0 0 0 0 0 0 0 0 0 0 0 0 0 0 0 0 0 0 0 0 0 7.1775 -31.8855 55.8572 -32.0251 -40.7511 65.9500 -3.0125 -19.3819 -6.3207 0 0 0 -0.6280 0 1.0565 20.0893 0 0 4.9795 0 0 0 0 0 -4.9741 26.7669 2.2417 25.0598 0 -1.6067 4.5118 0 0 0 0 0 0 0 0 4.3644 -4.4396 0.3952 19.3528 0 -3.1935 11.8348 0 0 0 0 0 0 0 0 9.7616 -23.1956 -9.0637 15.3285 0 -6.6415 18.6166 0 0 25.5361 -60.6754 -60.3579 -0.0112 10.5792 -25.0295 39.5802 -15.3360 -15.6572 30.4001 -28.8315 -1.7942 0 0 0 -29.4931 -103.4755 -84.9939 17.1748 -13.4658 -81.6915 5.0766 -27.2758 8.1380 0 0 0 -9.3224 0 3.9559 -11.2535 0 0 -5.9066 0 0 0 0 0 -1.4898 0 3.6951 -22.4946 0 0 -6.7042 0 0 0 0 0 0 0 0 -6.5033 0 1.4429 -24.3499 0 0 -7.7618 0 0 0 0 0 0 0 0 -12.6058 0 4.0987 -17.2816 0 0 -18.1781 0 0 15.0020 -13.8980 6.0071 -27.3848 -3.6563 17.1086 -22.7306 22.3761 -24.0157 -25.0395 25.6290 0 0 0 0 -10.1541 -1.8603 49.1055 -10.1934 37.6569 -0.0000 34.9974 -2.6032 0 0 0 0 0 0 0 0 0 0 0 0 0 0 0 0 0 0 0 0 0 0 0 0 0 0 0 0 0 0 0 0 0 0 0 0 0 0 0 0 0 0 0 0 0 0 10.3840 28.5039 14.0728 8.2802 14.1656 0.0000 24.9699 18.5287 -0.0000 0 0 0 0 0 0 0 0 0 0 0 0 0 0 0 0 0 0 0 0 0 0 0 0 0 0 0 0 0 0 0 0 0 0 0 0 0 0 0 0 0 0
-12.1772 -17.6029 -109.5135 8.6044 -33.3425 -14.9410 0 0 0 0 0 0 0 0 0 15.1846 -4.7647 20.0293 0 0 0 0 0 0 0 8.0501 -0.0039 0 0 0 0 0 0 0 0 0 0 0 0 0 0 172.0000 0 0 0 0 0 172.0000 0 0 0 0 0 0 0 0 0 0 0 0 0 0 0 0 0 0 0 0 0 0 0 0 0 0 0 0 0 0 0 0 0 0 0 0 0 0 0 0 0 0 0 0 0 0 0 0 0 0 0 0 0 0 0 0 0 0 0 0 0 0 0 0 0 0 0 0 0 0 0 0 0 0 0 0 -40.0000 172.0000 0 0 0 0 -40.0000 179.0000 0 0 0 0 -35.0000 -176.0000 0 0 0 0 0 0 0 0 0 0 0 113.0000 0 0 0 0 0 -113.0000 0 0 0 0 0 0 0 0 0 0 -5.0239 -172.0000 0 0 172.0000 0 0 0 0 0 0 0 0 0 0 -4.0120 172.0000 0 3.2909 172.0000 0 0 0 0 0 0 0 0 0 11.7834 0 0 0 0 0 0 0 0 0 0 0 -3.3508 0 0 0 0 0 0 0 0 0 0 0 0 0 0 0 0 0 0 0 0 0 0 0 0 0 0 0 0 0 6.6731 -32.2121 56.5274 -33.1200 -43.1695 67.3938 -2.6153 -18.0419 -5.8065 0 0 0 0.8967 0 8.0245 30.1533 0 0 3.8935 0 0 0 0 0 -1.3568 21.1152 6.3063 29.0641 0 1.5288 3.9978 0 0 0 0 0 0 0 0 11.0984 -10.0223 4.0010 28.4663 0 -0.5841 7.5836 0 0 0 0 0 0 0 0 21.5040 -26.4555 -2.4165 25.9577 0 -4.5825 16.6288 0 0 17.7591 -71.8573 -45.1126 -0.0282 9.7662 -12.0509 41.2094 -28.5286 -18.0333 29.6051 -34.3601 -6.3994 0 0 0 -28.8604 -103.5116 -86.3324 21.6602 -12.7382 -83.5758 4.0046 -25.3687 6.9405 0 0 0 -13.6557 0 -5.1186 -17.4383 0 0 -7.3175 0 0 0 0 0 -8.1610 0 0.6591 -23.2868 0 0 -5.5249 0 0 0 0 0 0 0 0 -16.9795 0 -1.3435 -22.7993 0 0 -6.6845 0 0 0 0 0 0 0 0 -29.0152 0 1.1751 -17.6614 0 0 -15.2236 0 0 2.4715 -7.1462 5.4752 -18.3467 -5.4221 19.8574 -21.4956 17.2579 -32.1931 -15.2369 25.6685 0 0 0 0 -10.0224 -2.4849 50.4912 -10.0791 41.3804 -0.0000 35.0008 -3.6883 0 0 0 0 0 0 0 0 0 0 0 0 0 0 0 0 0 0 0 0 0 0 0 0 0 0 0 0 0 0 0 0 0 0 0 0 0 0 0 0 0 0 0 0 0 0 10.2051 29.7586 13.0463 8.9059 15.6363 0.0000 24.6551 18.2198 -0.0000 0 0 0 0 0 0 0 0 0 0 0 0 0 0 0 0 0 0 0 0 0 0 0 0 0 0 0 0 0 0 0 0 0 0 0 0 0 0 0 0 0 0
-11.7928 -17.6961 -109.3307 8.6880 -32.9782 -15.0398 0 0 0 0 0 0 0 0 0 15.0892 -4.8586 19.9043 0 0 0 0 0 0 0 8.0501 -0.0039 0 0 0 0 0 0 0 0 0 0 0 0 0 0 172.0000 0 0 0 0 0 172.0000 0 0 0 0 0 0 0 0 0 0 0 0 0 0 0 0 0 0 0 0 0 0 0 0 0 0 0 0 0 0 0 0 0 0 0 0 0 0 0 0 0 0 0 0 0 0 0 0 0 0 0 0 0 0 0 0 0 0 0 0 0 0 0 0 0 0 0 0 0 0 0 0 0 0 0 0 -40.0000 172.0000 0 0 0 0 -40.0000 179.0000 0 0 0 0 -35.0000 -176.0000 0 0 0 0 0 0 0 0 0 0 0 113.0000 0 0 0 0 0 -113.0000 0 0 0 0 0 0 0 0 0 0 -5.3323 -172.0000 0 0 172.0000 0 0 0 0 0 0 0 0 0 0 -4.6142 172.0000 0 3.8101 172.0000 0 0 0 0 0 0 0 0 0 10.6058 0 0 0 0 0 0 0 0 0 0 0 -8.1345 0 0 0 0 0 0 0 0 0 0 0 0 0 0 0 0 0 0 0 0 0 0 0 0 0 0 0 0 0 7.2944 -32.5728 56.3631 -34.3806 -45.2893 67.4464 -2.1064 -16.5031 -5.3075 0 0 0 8.3854 0 10.2648 33.0566 0 0 3.2539 0 0 0 0 0 9.1026 16.3414 8.4331 26.2617 0 4.1588 1.8531 0 0 0 0 0 0 0 0 21.7585 -14.6322 6.1554 29.4310 0 1.9136 3.8086 0 0 0 0 0 0 0 0 37.9851 -28.8747 4.4330 29.0765 0 -2.6733 12.4295 0 0 14.3039 -85.7502 -35.4471 -0.0148 12.8472 -2.1507 44.3220 -36.3701 -21.6731 28.7595 -39.2411 -13.1945 0 0 0 -27.9376 -103.5751 -87.3298 23.3784 -13.3666 -84.4185 2.9973 -23.1581 5.7242 0 0 0 -19.6305 0 -11.7867 -23.2889 0 0 -8.1698 0 0 0 0 0 -17.7660 0 -0.6081 -20.5388 0 0 -3.1708 0 0 0 0 0 0 0 0 -27.2336 0 -2.6257 -18.6085 0 0 -4.2985 0 0 0 0 0 0 0 0 -42.7252 0 -1.8828 -16.7347 0 0 -12.7876 0 0 -2.0738 -1.7743 2.5924 -5.0126 -6.3211 25.0580 -21.0829 13.7539 -32.6626 -7.2388 25.6044 0 0 0 0 -9.9769 -2.4166 50.4736 -10.0025 41.7826 -0.0000 34.9217 -3.7139 0 0 0 0 0 0 0 0 0 0 0 0 0 0 0 0 0 0 0 0 0 0 0 0 0 0 0 0 0 0 0 0 0 0 0 0 0 0 0 0 0 0 0 0 0 0 9.9068 29.9942 12.6835 9.0001 16.1308 0.0000 23.8249 17.3872 -0.0000 0 0 0 0 0 0 0 0 0 0 0 0 0 0 0 0 0 0 0 0 0 0 0 0 0 0 0 0 0 0 0 0 0 0 0 0 0 0 0 0 0 0
-10.9909 -16.0798 -108.3417 8.5372 -32.6970 -14.5928 0 0 0 0 0 0 0 0 0 15.0110 -3.6749 20.3243 0 0 0 0 0 0 0 8.0501 -0.0039 0 0 0 0 0 0 0 0 0 0 0 0 0 0 172.0000 0 0 0 0 0 172.0000 0 0 0 0 0 0 0 0 0 0 0 0 0 0 0 0 0 0 0 0 0 0 0 0 0 0 0 0 0 0 0 0 0 0 0 0 0 0 0 0 0 0 0 0 0 0 0 0 0 0 0 0 0 0 0 0 0 0 0 0 0 0 0 0 0 0 0 0 0 0 0 0 0 0 0 0 -40.0000 172.0000 0 0 0 0 -40.0000 179.0000 0 0 0 0 -35.0000 -176.0000 0 0 0 0 0 0 0 0 0 0 0 113.0000 0 0 0 0 0 -113.0000 0 0 0 0 0 0 0 0 0 0 -4.8657 -172.0000 0 0 172.0000 0 0 0 0 0 0 0 0 0 0 -4.6008 172.0000 0 3.5489 172.0000 0 0 0 0 0 0 0 0 0 5.5197 0 0 0 0 0 0 0 0 0 0 0 -5.2816 0 0 0 0 0 0 0 0 0 0 0 0 0 0 0 0 0 0 0 0 0 0 0 0 0 0 0 0 0 7.6326 -33.0925 56.5707 -35.0139 -45.4660 68.2964 -1.8493 -16.6429 -5.4623 0 0 0 19.8657 0 4.2461 26.3227 0 0 3.0070 0 0 0 0 0 24.2483 16.1866 3.9238 18.7325 0 4.2213 0.2369 0 0 0 0 0 0 0 0 35.6646 -14.7519 4.3752 22.7607 0 2.1129 2.3368 0 0 0 0 0 0 0 0 53.5798 -28.8639 6.5869 21.5699 0 -2.5143 9.1942 0 0 18.0543 -90.9895 -37.6332 -3.2315 16.8479 -3.0986 40.9407 -30.0372 -18.7780 24.2333 -38.4533 -17.1121 0 0 0 -27.4126 -103.6058 -87.3896 25.8477 -13.9198 -85.1061 2.6550 -22.6534 5.5891 0 0 0 -25.9725 0 -11.9813 -23.9656 0 0 -7.3941 0 0 0 0 0 -26.0119 0 -1.2322 -17.3133 0 0 -1.0029 0 0 0 0 0 0 0 0 -33.9469 0 -2.9460 -14.7398 0 0 -2.0728 0 0 0 0 0 0 0 0 -53.9026 0 -3.5063 -13.0255 0 0 -10.3328 0 0 -1.8803 -0.2538 1.3948 6.6882 -7.9650 27.5319 -21.0444 10.5174 -28.5916 -4.2841 25.4262 0 0 0 0 -9.9803 -2.5050 50.1603 -9.9826 42.7237 -0.0000 34.5563 -4.2256 0 0 0 0 0 0 0 0 0 0 0 0 0 0 0 0 0 0 0 0 0 0 0 0 0 0 0 0 0 0 0 0 0 0 0 0 0 0 0 0 0 0 0 0 0 0 9.1665 29.7943 12.2604 8.4569 16.0607 0.0000 22.8770 16.4379 -0.0000 0 0 0 0 0 0 0 0 0 0 0 0 0 0 0 0 0 0 0 0 0 0 0 0 0 0 0 0 0 0 0 0 0 0 0 0 0 0 0 0 0 0
-10.0174 -13.2656 -106.1027 8.1137 -32.4947 -13.8223 0 0 0 0 0 0 0 0 0 14.6494 -1.4281 21.1921 0 0 0 0 0 0 0 8.0501 -0.0039 0 0 0 0 0 0 0 0 0 0 0 0 0 0 172.0000 0 0 0 0 0 172.0000 0 0 0 0 0 0 0 0 0 0 0 0 0 0 0 0 0 0 0 0 0 0 0 0 0 0 0 0 0 0 0 0 0 0 0 0 0 0 0 0 0 0 0 0 0 0 0 0 0 0 0 0 0 0 0 0 0 0 0 0 0 0 0 0 0 0 0 0 0 0 0 0 0 0 0 0 -40.0000 172.0000 0 0 0 0 -40.0000 179.0000 0 0 0 0 -35.0000 -176.0000 0 0 0 0 0 0 0 0 0 0 0 113.0000 0 0 0 0 0 -113.0000 0 0 0 0 0 0 0 0 0 0 -4.5022 -172.0000 0 0 172.0000 0 0 0 0 0 0 0 0 0 0 -4.5105 172.0000 0 3.2697 172.0000 0 0 0 0 0 0 0 0 0 2.6485 0 0 0 0 0 0 0 0 0 0 0 0.4548 0 0 0 0 0 0 0 0 0 0 0 0 0 0 0 0 0 0 0 0 0 0 0 0 0 0 0 0 0 7.5334 -34.2685 57.1997 -36.5417 -46.8467 69.9618 -2.0660 -19.1051 -6.4840 0 0 0 23.8668 0 0.6903 21.3364 0 0 3.4787 0 0 0 0 0 30.5434 16.9616 -1.1602 15.2082 0 3.7995 -0.2925 0 0 0 0 0 0 0 0 42.7891 -14.0102 2.3876 16.9890 0 1.6808 2.1703 0 0 0 0 0 0 0 0 64.2351 -28.6009 5.3866 12.2783 0 -2.8014 7.5683 0 0 20.1720 -90.1368 -40.0328 -11.9633 17.7678 -11.9287 30.6433 -15.0501 -9.4598 15.8986 -32.1367 -16.9359 0 0 0 -27.3089 -103.6096 -87.1868 26.9662 -14.1119 -85.3301 3.2628 -24.5274 6.9117 0 0 0 -26.7107 0 -8.1727 -22.8040 0 0 -5.8195 0 0 0 0 0 -28.2592 0 -0.7127 -16.6240 0 0 0.1220 0 0 0 0 0 0 0 0 -37.7410 0 -3.1126 -14.2467 0 0 -1.3681 0 0 0 0 0 0 0 0 -63.5523 0 -4.0790 -9.1155 0 0 -7.9555 0 0 -0.6676 -0.6018 1.6856 16.3324 -11.7269 25.5229 -20.7852 6.3702 -21.9819 -5.3304 25.1915 0 0 0 0 -9.9933 -2.6958 49.9856 -9.9886 43.8056 -0.0000 34.1408 -4.8284 0 0 0 0 0 0 0 0 0 0 0 0 0 0 0 0 0 0 0 0 0 0 0 0 0 0 0 0 0 0 0 0 0 0 0 0 0 0 0 0 0 0 0 0 0 0 7.8372 29.4313 11.7239 7.4710 15.6576 0.0000 22.0238 15.5853 -0.0000 0 0 0 0 0 0 0 0 0 0 0 0 0 0 0 0 0 0 0 0 0 0 0 0 0 0 0 0 0 0 0 0 0 0 0 0 0 0 0 0 0 0
-9.3054 -9.9204 -102.8677 7.6004 -32.3384 -13.0437 0 0 0 0 0 0 0 0 0 13.9143 -0.2728 21.9018 0 0 0 0 0 0 0 8.0501 -0.0039 0 0 0 0 0 0 0 0 0 0 0 0 0 0 172.0000 0 0 0 0 0 172.0000 0 0 0 0 0 0 0 0 0 0 0 0 0 0 0 0 0 0 0 0 0 0 0 0 0 0 0 0 0 0 0 0 0 0 0 0 0 0 0 0 0 0 0 0 0 0 0 0 0 0 0 0 0 0 0 0 0 0 0 0 0 0 0 0 0 0 0 0 0 0 0 0 0 0 0 0 -40.0000 172.0000 0 0 0 0 -40.0000 179.0000 0 0 0 0 -35.0000 -176.0000 0 0 0 0 0 0 0 0 0 0 0 113.0000 0 0 0 0 0 -113.0000 0 0 0 0 0 0 0 0 0 0 -4.3889 -172.0000 0 0 172.0000 0 0 0 0 0 0 0 0 0 0 -4.4577 172.0000 0 3.1593 172.0000 0 0 0 0 0 0 0 0 0 2.0904 0 0 0 0 0 0 0 0 0 0 0 3.3266 0 0 0 0 0 0 0 0 0 0 0 0 0 0 0 0 0 0 0 0 0 0 0 0 0 0 0 0 0 6.9273 -36.0230 58.5463 -39.0625 -49.4129 72.4164 -2.8458 -22.3881 -7.7590 0 0 0 19.2016 0 2.7841 24.4486 0 0 4.2682 0 0 0 0 0 30.0235 16.8114 -3.2533 17.7032 0 3.8846 -0.2384 0 0 0 0 0 0 0 0 45.1933 -14.1583 2.5978 16.3404 0 1.7470 1.9335 0 0 0 0 0 0 0 0 71.2149 -28.8843 4.1404 7.4501 0 -2.6644 6.2694 0 0 19.1145 -89.5161 -39.1546 -19.0857 15.4179 -19.4400 21.4268 -3.9639 -1.3526 9.2906 -26.5494 -16.2267 0 0 0 -27.3708 -103.6046 -87.0467 27.0662 -14.0980 -85.3036 4.8219 -28.2189 9.1865 0 0 0 -20.4651 0 -5.1105 -26.0117 0 0 -4.6741 0 0 0 0 0 -28.2676 0 1.2058 -18.9255 0 0 0.3076 0 0 0 0 0 0 0 0 -42.1636 0 -3.7859 -16.4686 0 0 -1.4512 0 0 0 0 0 0 0 0 -70.2029 0 -4.3987 -7.3538 0 0 -6.1976 0 0 0.0380 -1.2653 2.5781 21.2535 -14.0311 22.6675 -20.1849 3.5890 -17.6368 -7.8268 25.0517 0 0 0 0 -9.9996 -2.6935 49.8999 -9.9807 44.0936 -0.0000 34.1071 -5.0587 0 0 0 0 0 0 0 0 0 0 0 0 0 0 0 0 0 0 0 0 0 0 0 0 0 0 0 0 0 0 0 0 0 0 0 0 0 0 0 0 0 0 0 0 0 0 6.3987 29.0918 11.5258 6.5159 15.3281 0.0000 21.2118 14.7735 -0.0000 0 0 0 0 0 0 0 0 0 0 0 0 0 0 0 0 0 0 0 0 0 0 0 0 0 0 0 0 0 0 0 0 0 0 0 0 0 0 0 0 0 0
-8.7455 -7.0100 -99.8434 7.1793 -32.2307 -12.3486 0 0 0 0 0 0 0 0 0 13.4512 -0.1340 22.1333 0 0 0 0 0 0 0 8.0501 -0.0039 0 0 0 0 0 0 0 0 0 0 0 0 0 0 172.0000 0 0 0 0 0 172.0000 0 0 0 0 0 0 0 0 0 0 0 0 0 0 0 0 0 0 0 0 0 0 0 0 0 0 0 0 0 0 0 0 0 0 0 0 0 0 0 0 0 0 0 0 0 0 0 0 0 0 0 0 0 0 0 0 0 0 0 0 0 0 0 0 0 0 0 0 0 0 0 0 0 0 0 0 -40.0000 172.0000 0 0 0 0 -40.0000 179.0000 0 0 0 0 -35.0000 -176.0000 0 0 0 0 0 0 0 0 0 0 0 113.0000 0 0 0 0 0 -113.0000 0 0 0 0 0 0 0 0 0 0 -4.4060 -172.0000 0 0 172.0000 0 0 0 0 0 0 0 0 0 0 -4.4467 172.0000 0 3.1579 172.0000 0 0 0 0 0 0 0 0 0 2.4346 0 0 0 0 0 0 0 0 0 0 0 3.7287 0 0 0 0 0 0 0 0 0 0 0 0 0 0 0 0 0 0 0 0 0 0 0 0 0 0 0 0 0 5.3533 -37.2828 59.9336 -41.1332 -51.4892 74.4893 -3.6597 -24.4492 -8.5347 0 0 0 13.7423 0 4.1203 29.2461 0 0 4.7353 0 0 0 0 0 30.5289 16.7250 -4.1447 20.6069 0 3.9309 0.0413 0 0 0 0 0 0 0 0 48.6314 -14.2400 3.2334 18.0101 0 1.7992 1.2854 0 0 0 0 0 0 0 0 73.8228 -29.0980 3.3849 6.8358 0 -2.5356 5.0794 0 0 19.0238 -89.7878 -38.9799 -19.7022 13.5248 -21.4453 18.2294 -1.4258 1.4353 7.5171 -24.6392 -16.2571 0 0 0 -27.4341 -103.6005 -87.0085 26.8593 -14.0432 -85.2334 6.3808 -31.6007 11.1205 0 0 0 -14.3594 0 -3.2519 -29.9709 0 0 -4.4381 0 0 0 0 0 -29.9334 0 3.0281 -20.9794 0 0 0.0449 0 0 0 0 0 0 0 0 -45.9052 0 -4.4441 -17.8839 0 0 -1.2643 0 0 0 0 0 0 0 0 -72.6776 0 -4.6934 -6.6758 0 0 -5.2213 0 0 0.1841 -2.3570 3.3744 20.3313 -14.3495 20.7114 -19.9089 3.6418 -17.9915 -9.4667 25.0278 0 0 0 0 -9.7516 -2.1172 49.3356 -9.7990 44.0331 -0.0000 34.2133 -5.1593 0 0 0 0 0 0 0 0 0 0 0 0 0 0 0 0 0 0 0 0 0 0 0 0 0 0 0 0 0 0 0 0 0 0 0 0 0 0 0 0 0 0 0 0 0 0 4.8378 28.5593 12.3094 5.7321 15.5765 0.0000 20.6434 14.2049 -0.0000 0 0 0 0 0 0 0 0 0 0 0 0 0 0 0 0 0 0 0 0 0 0 0 0 0 0 0 0 0 0 0 0 0 0 0 0 0 0 0 0 0 0
-8.2385 -5.4367 -98.2786 6.9658 -32.1072 -11.9865 0 0 0 0 0 0 0 0 0 13.3963 0.0199 22.1063 0 0 0 0 0 0 0 8.0501 -0.0039 0 0 0 0 0 0 0 0 0 0 0 0 0 0 172.0000 0 0 0 0 0 172.0000 0 0 0 0 0 0 0 0 0 0 0 0 0 0 0 0 0 0 0 0 0 0 0 0 0 0 0 0 0 0 0 0 0 0 0 0 0 0 0 0 0 0 0 0 0 0 0 0 0 0 0 0 0 0 0 0 0 0 0 0 0 0 0 0 0 0 0 0 0 0 0 0 0 0 0 0 -40.0000 172.0000 0 0 0 0 -40.0000 179.0000 0 0 0 0 -35.0000 -176.0000 0 0 0 0 0 0 0 0 0 0 0 113.0000 0 0 0 0 0 -113.0000 0 0 0 0 0 0 0 0 0 0 -4.4439 -172.0000 0 0 172.0000 0 0 0 0 0 0 0 0 0 0 -4.4526 172.0000 0 3.1836 172.0000 0 0 0 0 0 0 0 0 0 2.7822 0 0 0 0 0 0 0 0 0 0 0 3.2876 0 0 0 0 0 0 0 0 0 0 0 0 0 0 0 0 0 0 0 0 0 0 0 0 0 0 0 0 0 4.5038 -38.0870 60.2024 -42.6923 -53.0259 76.0770 -3.8977 -24.9701 -8.7552 0 0 0 12.4834 0 3.5377 29.4928 0 0 4.9098 0 0 0 0 0 31.5741 16.7677 -4.1000 20.0768 0 3.9073 0.3943 0 0 0 0 0 0 0 0 50.7497 -14.1987 3.5753 18.9365 0 1.7772 0.7326 0 0 0 0 0 0 0 0 72.3900 -29.1478 2.6520 7.9247 0 -2.5143 4.3954 0 0 19.2082 -89.8230 -39.1553 -17.7676 13.3978 -20.6462 18.7353 -3.4916 1.2154 8.1231 -24.7335 -16.2590 0 0 0 -27.4585 -103.5992 -87.0185 26.7070 -14.0125 -85.1962 6.9309 -32.8371 11.8135 0 0 0 -12.9757 0 -2.3158 -29.6620 0 0 -4.6380 0 0 0 0 0 -31.0186 0 3.1953 -19.8853 0 0 -0.3115 0 0 0 0 0 0 0 0 -46.2297 0 -4.4846 -17.8215 0 0 -1.1608 0 0 0 0 0 0 0 0 -72.2770 0 -4.7638 -6.5948 0 0 -5.1940 0 0 0.1050 -4.0963 3.1472 17.5404 -14.6021 19.4459 -20.3534 5.3863 -20.8128 -9.9059 25.0446 0 0 0 0 -8.1172 -0.5147 47.2605 -9.5148 43.8239 -0.0000 34.2121 -5.2569 0 0 0 0 0 0 0 0 0 0 0 0 0 0 0 0 0 0 0 0 0 0 0 0 0 0 0 0 0 0 0 0 0 0 0 0 0 0 0 0 0 0 0 0 0 0 2.5068 27.1730 14.5843 4.6321 15.9586 0.0000 20.3402 13.9017 -0.0000 0 0 0 0 0 0 0 0 0 0 0 0 0 0 0 0 0 0 0 0 0 0 0 0 0 0 0 0 0 0 0 0 0 0 0 0 0 0 0 0 0 0
-8.1443 -5.4016 -98.2592 6.9591 -32.0784 -11.9875 0 0 0 0 0 0 0 0 0 13.4505 -0.0707 22.0339 0 0 0 0 0 0 0 8.0501 -0.0039 0 0 0 0 0 0 0 0 0 0 0 0 0 0 172.0000 0 0 0 0 0 172.0000 0 0 0 0 0 0 0 0 0 0 0 0 0 0 0 0 0 0 0 0 0 0 0 0 0 0 0 0 0 0 0 0 0 0 0 0 0 0 0 0 0 0 0 0 0 0 0 0 0 0 0 0 0 0 0 0 0 0 0 0 0 0 0 0 0 0 0 0 0 0 0 0 0 0 0 0 -40.0000 172.0000 0 0 0 0 -40.0000 179.0000 0 0 0 0 -35.0000 -176.0000 0 0 0 0 0 0 0 0 0 0 0 113.0000 0 0 0 0 0 -113.0000 0 0 0 0 0 0 0 0 0 0 -4.4632 -172.0000 0 0 172.0000 0 0 0 0 0 0 0 0 0 0 -4.4588 172.0000 0 3.1999 172.0000 0 0 0 0 0 0 0 0 0 2.9151 0 0 0 0 0 0 0 0 0 0 0 2.9174 0 0 0 0 0 0 0 0 0 0 0 0 0 0 0 0 0 0 0 0 0 0 0 0 0 0 0 0 0 5.8821 -38.2005 58.8721 -44.7092 -55.0883 78.1441 -3.6626 -24.8848 -8.7773 0 0 0 15.5414 0 2.6372 24.6965 0 0 4.5352 0 0 0 0 0 31.4393 16.7715 -2.9668 16.2190 0 3.9054 0.6418 0 0 0 0 0 0 0 0 49.4029 -14.1953 3.9786 17.7517 0 1.7740 0.7408 0 0 0 0 0 0 0 0 68.9421 -29.1778 2.0375 8.1874 0 -2.5096 4.7127 0 0 19.1808 -89.7730 -39.1430 -16.5978 14.4806 -19.3712 19.8608 -5.2614 0.4087 9.7032 -25.1879 -16.1825 0 0 0 -27.6575 -103.5994 -86.8164 27.8650 -15.2077 -86.3907 6.6164 -32.3442 11.5660 0 0 0 -14.5752 0 -2.5158 -27.0119 0 0 -4.7682 0 0 0 0 0 -30.5264 0 2.1191 -17.2019 0 0 -0.4335 0 0 0 0 0 0 0 0 -45.5767 0 -4.3735 -17.6160 0 0 -1.2131 0 0 0 0 0 0 0 0 -68.7672 0 -4.4470 -6.9663 0 0 -5.6268 0 0 0.0372 -5.3193 2.2717 15.4256 -15.2407 18.8580 -21.2568 6.7302 -22.5546 -10.5787 24.9267 0 0 0 0 -4.1283 1.8359 43.1795 -8.6376 42.8842 -0.0000 34.1580 -5.4994 0 0 0 0 0 0 0 0 0 0 0 0 0 0 0 0 0 0 0 0 0 0 0 0 0 0 0 0 0 0 0 0 0 0 0 0 0 0 0 0 0 0 0 0 0 0 -0.6039 24.3566 18.2423 3.1382 16.1174 0.0000 20.6503 14.2027 -0.0000 0 0 0 0 0 0 0 0 0 0 0 0 0 0 0 0 0 0 0 0 0 0 0 0 0 0 0 0 0 0 0 0 0 0 0 0 0 0 0 0 0 0
-8.3015 -4.7500 -98.8868 6.6292 -31.6956 -12.3965 0 0 0 0 0 0 0 0 0 13.5248 -0.4000 21.9955 0 0 0 0 0 0 0 8.0501 -0.0039 0 0 0 0 0 0 0 0 0 0 0 0 0 0 172.0000 0 0 0 0 0 172.0000 0 0 0 0 0 0 0 0 0 0 0 0 0 0 0 0 0 0 0 0 0 0 0 0 0 0 0 0 0 0 0 0 0 0 0 0 0 0 0 0 0 0 0 0 0 0 0 0 0 0 0 0 0 0 0 0 0 0 0 0 0 0 0 0 0 0 0 0 0 0 0 0 0 0 0 0 -40.0000 172.0000 0 0 0 0 -40.0000 179.0000 0 0 0 0 -35.0000 -176.0000 0 0 0 0 0 0 0 0 0 0 0 113.0000 0 0 0 0 0 -113.0000 0 0 0 0 0 0 0 0 0 0 -4.4661 -172.0000 0 0 172.0000 0 0 0 0 0 0 0 0 0 0 -4.4613 172.0000 0 3.2038 172.0000 0 0 0 0 0 0 0 0 0 2.9139 0 0 0 0 0 0 0 0 0 0 0 2.7938 0 0 0 0 0 0 0 0 0 0 0 0 0 0 0 0 0 0 0 0 0 0 0 0 0 0 0 0 0 8.5147 -36.4241 56.3750 -46.4268 -57.0188 79.8273 -3.4462 -24.8328 -8.7959 0 0 0 21.3599 0 0.6072 25.1179 0 0 3.1576 0 0 0 0 0 30.9446 14.4099 0.4835 15.2856 0 4.8544 0.8316 0 0 0 0 0 0 0 0 47.5931 -16.1959 6.1105 19.7064 0 3.0047 1.1797 0 0 0 0 0 0 0 0 64.5953 -30.5784 2.8307 11.0376 0 -1.4629 6.4110 0 0 19.1584 -89.7787 -39.1186 -14.1649 14.5106 -16.4554 21.8433 -7.3615 -0.0387 13.0669 -26.2784 -15.4558 0 0 0 -28.1699 -103.5998 -86.2674 31.0672 -18.4057 -89.5891 6.2551 -31.6198 11.1748 0 0 0 -15.2333 0 -2.6731 -26.3146 0 0 -4.7325 0 0 0 0 0 -30.1854 0 1.7724 -16.5692 0 0 -0.3902 0 0 0 0 0 0 0 0 -45.4567 0 -4.4538 -17.0291 0 0 -1.4585 0 0 0 0 0 0 0 0 -61.4851 0 -3.8676 -7.4663 0 0 -6.4506 0 0 0.0361 -5.3674 2.0621 13.8713 -15.6853 19.1539 -21.6467 5.6475 -20.7455 -12.0975 24.7494 0 0 0 0 1.1962 4.9166 37.9399 -6.6394 41.2546 -0.0000 34.2129 -5.8102 0 0 0 0 0 0 0 0 0 0 0 0 0 0 0 0 0 0 0 0 0 0 0 0 0 0 0 0 0 0 0 0 0 0 0 0 0 0 0 0 0 0 0 0 0 0 -4.1569 21.0072 23.1766 1.3400 16.4434 0.0000 21.5641 15.0952 -0.0000 0 0 0 0 0 0 0 0 0 0 0 0 0 0 0 0 0 0 0 0 0 0 0 0 0 0 0 0 0 0 0 0 0 0 0 0 0 0 0 0 0 0
-8.3828 -2.2554 -99.6351 5.8064 -30.4008 -13.5525 0 0 0 0 0 0 0 0 0 13.6692 -0.8043 21.9807 0 0 0 0 0 0 0 8.0501 -0.0039 0 0 0 0 0 0 0 0 0 0 0 0 0 0 172.0000 0 0 0 0 0 172.0000 0 0 0 0 0 0 0 0 0 0 0 0 0 0 0 0 0 0 0 0 0 0 0 0 0 0 0 0 0 0 0 0 0 0 0 0 0 0 0 0 0 0 0 0 0 0 0 0 0 0 0 0 0 0 0 0 0 0 0 0 0 0 0 0 0 0 0 0 0 0 0 0 0 0 0 0 -40.0000 172.0000 0 0 0 0 -40.0000 179.0000 0 0 0 0 -35.0000 -176.0000 0 0 0 0 0 0 0 0 0 0 0 113.0000 0 0 0 0 0 -113.0000 0 0 0 0 0 0 0 0 0 0 -4.4633 -172.0000 0 0 172.0000 0 0 0 0 0 0 0 0 0 0 -4.4614 172.0000 0 3.2023 172.0000 0 0 0 0 0 0 0 0 0 2.8812 0 0 0 0 0 0 0 0 0 0 0 2.8062 0 0 0 0 0 0 0 0 0 0 0 0 0 0 0 0 0 0 0 0 0 0 0 0 0 0 0 0 0 11.1275 -33.6031 53.7610 -46.8552 -58.1817 79.5225 -3.3462 -24.6130 -8.7065 0 0 0 26.5461 0 -2.7915 36.6538 0 0 2.1265 0 0 0 0 0 31.8832 7.7116 6.4952 19.7147 0 7.3292 1.0609 0 0 0 0 0 0 0 0 47.3932 -21.9798 10.6703 26.7846 0 6.2662 1.7560 0 0 0 0 0 0 0 0 58.8408 -34.6145 4.3570 19.2434 0 1.4388 9.1453 0 0 18.0127 -90.9184 -38.0031 -7.7272 11.3019 -11.0407 25.6064 -12.8565 -0.1223 17.4023 -28.7097 -13.2949 0 0 0 -29.1073 -103.6000 -85.2571 34.0211 -22.4546 -93.6379 6.0168 -30.9771 10.7954 0 0 0 -14.8374 0 -2.6067 -26.8822 0 0 -4.7203 0 0 0 0 0 -30.3383 0 2.0172 -17.1275 0 0 -0.3810 0 0 0 0 0 0 0 0 -45.1522 0 -4.5763 -15.9073 0 0 -1.8774 0 0 0 0 0 0 0 0 -56.9125 0 -3.6937 -8.3633 0 0 -7.6108 0 0 0.0413 -5.4236 2.1608 11.0580 -15.9354 19.7361 -21.3826 4.3780 -17.7375 -13.3702 24.8023 0 0 0 0 5.9064 8.7229 33.1943 -4.8220 39.7513 -0.0000 34.5481 -6.2306 0 0 0 0 0 0 0 0 0 0 0 0 0 0 0 0 0 0 0 0 0 0 0 0 0 0 0 0 0 0 0 0 0 0 0 0 0 0 0 0 0 0 0 0 0 0 -7.9882 18.7382 28.4769 -0.1720 16.9059 0.0000 22.9463 16.4620 -0.0000 0 0 0 0 0 0 0 0 0 0 0 0 0 0 0 0 0 0 0 0 0 0 0 0 0 0 0 0 0 0 0 0 0 0 0 0 0 0 0 0 0 0
-8.4091 0.1538 -100.1901 5.3400 -28.6134 -15.2375 0 0 0 0 0 0 0 0 0 14.0441 -1.1393 21.7869 0 0 0 0 0 0 0 8.0501 -0.0039 0 0 0 0 0 0 0 0 0 0 0 0 0 0 172.0000 0 0 0 0 0 172.0000 0 0 0 0 0 0 0 0 0 0 0 0 0 0 0 0 0 0 0 0 0 0 0 0 0 0 0 0 0 0 0 0 0 0 0 0 0 0 0 0 0 0 0 0 0 0 0 0 0 0 0 0 0 0 0 0 0 0 0 0 0 0 0 0 0 0 0 0 0 0 0 0 0 0 0 0 -40.0000 172.0000 0 0 0 0 -40.0000 179.0000 0 0 0 0 -35.0000 -176.0000 0 0 0 0 0 0 0 0 0 0 0 113.0000 0 0 0 0 0 -113.0000 0 0 0 0 0 0 0 0 0 0 -4.4608 -172.0000 0 0 172.0000 0 0 0 0 0 0 0 0 0 0 -4.4608 172.0000 0 3.2005 172.0000 0 0 0 0 0 0 0 0 0 2.8612 0 0 0 0 0 0 0 0 0 0 0 2.8436 0 0 0 0 0 0 0 0 0 0 0 0 0 0 0 0 0 0 0 0 0 0 0 0 0 0 0 0 0 12.8428 -31.8599 52.2974 -46.7937 -59.2701 79.2020 -3.2838 -24.4160 -8.5842 0 0 0 26.7024 0 -3.8702 41.2103 0 0 2.6364 0 0 0 0 0 32.3704 2.1888 9.3998 20.6196 0 9.1665 1.2667 0 0 0 0 0 0 0 0 45.5905 -26.8553 12.9256 28.5764 0 8.7381 2.1671 0 0 0 0 0 0 0 0 54.2804 -38.0807 4.2545 23.4528 0 3.7855 10.7823 0 0 15.9637 -92.9276 -36.0119 -1.8247 9.2781 -8.7402 27.4592 -15.4429 -0.0665 18.6886 -30.0756 -11.3013 0 0 0 -30.8083 -103.6001 -83.4653 35.0707 -26.2950 -97.4782 5.7268 -30.3087 10.4066 0 0 0 -14.8243 0 -2.5973 -26.8628 0 0 -4.7286 0 0 0 0 0 -30.3568 0 2.0159 -17.1001 0 0 -0.3898 0 0 0 0 0 0 0 0 -45.0228 0 -4.5980 -15.6076 0 0 -1.9863 0 0 0 0 0 0 0 0 -58.0720 0 -3.9569 -9.2400 0 0 -8.3185 0 0 0.0316 -6.1541 1.8385 6.9986 -16.4867 20.2929 -21.3645 4.9564 -15.7925 -13.8117 25.0186 0 0 0 0 8.8429 11.7994 30.0810 -4.0096 38.5514 -0.0000 34.9090 -7.0442 0 0 0 0 0 0 0 0 0 0 0 0 0 0 0 0 0 0 0 0 0 0 0 0 0 0 0 0 0 0 0 0 0 0 0 0 0 0 0 0 0 0 0 0 0 0 -10.7953 17.8925 31.8835 -0.6730 17.3921 0.0000 24.6639 18.1829 -0.0000 0 0 0 0 0 0 0 0 0 0 0 0 0 0 0 0 0 0 0 0 0 0 0 0 0 0 0 0 0 0 0 0 0 0 0 0 0 0 0 0 0 0
-8.4524 1.0413 -100.4539 5.4034 -27.4625 -16.3639 0 0 0 0 0 0 0 0 0 14.3089 -1.3498 21.4931 0 0 0 0 0 0 0 8.0501 -0.0039 0 0 0 0 0 0 0 0 0 0 0 0 0 0 172.0000 0 0 0 0 0 172.0000 0 0 0 0 0 0 0 0 0 0 0 0 0 0 0 0 0 0 0 0 0 0 0 0 0 0 0 0 0 0 0 0 0 0 0 0 0 0 0 0 0 0 0 0 0 0 0 0 0 0 0 0 0 0 0 0 0 0 0 0 0 0 0 0 0 0 0 0 0 0 0 0 0 0 0 0 -40.0000 172.0000 0 0 0 0 -40.0000 179.0000 0 0 0 0 -35.0000 -176.0000 0 0 0 0 0 0 0 0 0 0 0 113.0000 0 0 0 0 0 -113.0000 0 0 0 0 0 0 0 0 0 0 -4.4600 -172.0000 0 0 172.0000 0 0 0 0 0 0 0 0 0 0 -4.4604 172.0000 0 3.1997 172.0000 0 0 0 0 0 0 0 0 0 2.8567 0 0 0 0 0 0 0 0 0 0 0 2.8638 0 0 0 0 0 0 0 0 0 0 0 0 0 0 0 0 0 0 0 0 0 0 0 0 0 0 0 0 0 12.8681 -31.6370 52.6467 -46.9912 -60.4947 81.0345 -3.3432 -24.9048 -8.7133 0 0 0 20.7598 0 -1.9183 31.6744 0 0 3.6650 0 0 0 0 0 26.8520 1.9484 5.4784 17.3295 0 9.1677 2.2911 0 0 0 0 0 0 0 0 40.9098 -27.1088 9.9140 23.8665 0 8.7615 2.4206 0 0 0 0 0 0 0 0 53.9984 -38.2923 3.1625 19.6988 0 3.8721 9.9486 0 0 15.4468 -93.4325 -35.5095 -0.4913 12.3381 -12.7391 24.9286 -9.9100 -0.0119 15.4468 -28.4299 -11.0980 0 0 0 -33.4200 -103.6000 -80.8330 35.7191 -29.1083 -100.2382 5.5971 -29.9930 10.2733 0 0 0 -14.8887 0 -2.6097 -26.7791 0 0 -4.7286 0 0 0 0 0 -30.3289 0 1.9783 -17.0197 0 0 -0.3892 0 0 0 0 0 0 0 0 -45.0991 0 -4.5741 -15.8489 0 0 -1.8969 0 0 0 0 0 0 0 0 -60.3345 0 -3.9707 -9.0572 0 0 -8.2254 0 0 0.0325 -6.7125 1.4829 3.7874 -17.3377 20.2707 -21.1719 4.1240 -15.2478 -12.7795 25.1598 0 0 0 0 9.3543 13.3595 28.3755 -3.7149 37.9027 -0.0000 35.0522 -8.1264 0 0 0 0 0 0 0 0 0 0 0 0 0 0 0 0 0 0 0 0 0 0 0 0 0 0 0 0 0 0 0 0 0 0 0 0 0 0 0 0 0 0 0 0 0 0 -11.4766 18.0188 32.6375 -0.9650 17.6053 0.0000 25.7298 19.2599 -0.0000 0 0 0 0 0 0 0 0 0 0 0 0 0 0 0 0 0 0 0 0 0 0 0 0 0 0 0 0 0 0 0 0 0 0 0 0 0 0 0 0 0 0
-8.4759 0.9563 -100.4984 5.4614 -27.4058 -16.4207 0 0 0 0 0 0 0 0 0 14.0901 -1.6960 21.5370 0 0 0 0 0 0 0 8.0501 -0.0039 0 0 0 0 0 0 0 0 0 0 0 0 0 0 172.0000 0 0 0 0 0 172.0000 0 0 0 0 0 0 0 0 0 0 0 0 0 0 0 0 0 0 0 0 0 0 0 0 0 0 0 0 0 0 0 0 0 0 0 0 0 0 0 0 0 0 0 0 0 0 0 0 0 0 0 0 0 0 0 0 0 0 0 0 0 0 0 0 0 0 0 0 0 0 0 0 0 0 0 0 -40.0000 172.0000 0 0 0 0 -40.0000 179.0000 0 0 0 0 -35.0000 -176.0000 0 0 0 0 0 0 0 0 0 0 0 113.0000 0 0 0 0 0 -113.0000 0 0 0 0 0 0 0 0 0 0 -4.4600 -172.0000 0 0 172.0000 0 0 0 0 0 0 0 0 0 0 -4.4603 172.0000 0 3.1996 172.0000 0 0 0 0 0 0 0 0 0 2.8587 0 0 0 0 0 0 0 0 0 0 0 2.8673 0 0 0 0 0 0 0 0 0 0 0 0 0 0 0 0 0 0 0 0 0 0 0 0 0 0 0 0 0 11.5630 -31.6113 54.0243 -47.2550 -61.6211 82.7978 -3.3870 -25.6015 -8.9631 0 0 0 11.8832 0 -1.1591 22.6441 0 0 4.0787 0 0 0 0 0 15.1865 2.8588 -0.1296 16.8571 0 8.8825 3.8882 0 0 0 0 0 0 0 0 32.1845 -26.2959 5.7489 22.6257 0 8.3730 2.7534 0 0 0 0 0 0 0 0 51.3599 -37.7073 2.7699 17.9303 0 3.4888 9.1800 0 0 15.8807 -93.0075 -35.9311 -0.9879 14.2776 -16.8630 21.9338 -7.3624 0.0070 15.0136 -26.1130 -11.4051 0 0 0 -36.7836 -103.6000 -77.4906 37.1856 -30.8991 -101.9071 5.6244 -29.9384 10.3460 0 0 0 -14.8762 0 -2.6084 -26.8009 0 0 -4.7274 0 0 0 0 0 -30.3323 0 1.9869 -17.0420 0 0 -0.3880 0 0 0 0 0 0 0 0 -45.1020 0 -4.5761 -15.8411 0 0 -1.9001 0 0 0 0 0 0 0 0 -60.6211 0 -3.8696 -8.7042 0 0 -8.0571 0 0 0.0363 -6.7111 1.4485 0.6990 -15.7161 18.7998 -21.0495 6.2641 -18.6694 -14.5450 25.2581 0 0 0 0 7.4776 13.7957 26.8232 -4.0892 38.1427 -0.0000 35.0542 -9.2360 0 0 0 0 0 0 0 0 0 0 0 0 0 0 0 0 0 0 0 0 0 0 0 0 0 0 0 0 0 0 0 0 0 0 0 0 0 0 0 0 0 0 0 0 0 0 -10.9679 18.7797 31.5672 -1.0566 17.3472 0.0000 25.5188 19.2794 -0.0000 0 0 0 0 0 0 0 0 0 0 0 0 0 0 0 0 0 0 0 0 0 0 0 0 0 0 0 0 0 0 0 0 0 0 0 0 0 0 0 0 0 0
-8.4639 0.8378 -100.4475 5.4385 -27.5970 -16.2333 0 0 0 0 0 0 0 0 0 13.8319 -2.1759 21.7708 0 0 0 0 0 0 0 8.0501 -0.0039 0 0 0 0 0 0 0 0 0 0 0 0 0 0 172.0000 0 0 0 0 0 172.0000 0 0 0 0 0 0 0 0 0 0 0 0 0 0 0 0 0 0 0 0 0 0 0 0 0 0 0 0 0 0 0 0 0 0 0 0 0 0 0 0 0 0 0 0 0 0 0 0 0 0 0 0 0 0 0 0 0 0 0 0 0 0 0 0 0 0 0 0 0 0 0 0 0 0 0 0 -40.0000 172.0000 0 0 0 0 -40.0000 179.0000 0 0 0 0 -35.0000 -176.0000 0 0 0 0 0 0 0 0 0 0 0 113.0000 0 0 0 0 0 -113.0000 0 0 0 0 0 0 0 0 0 0 -4.4603 -172.0000 0 0 172.0000 0 0 0 0 0 0 0 0 0 0 -4.4604 172.0000 0 3.1998 172.0000 0 0 0 0 0 0 0 0 0 2.8610 0 0 0 0 0 0 0 0 0 0 0 2.8647 0 0 0 0 0 0 0 0 0 0 0 0 0 0 0 0 0 0 0 0 0 0 0 0 0 0 0 0 0 9.6928 -30.9560 55.8185 -47.0942 -62.1400 82.8463 -3.3452 -25.8807 -9.0697 0 0 0 4.2414 0 -3.8491 16.9240 0 0 4.1709 0 0 0 0 0 4.3631 2.6914 -3.7622 15.5869 0 8.9464 4.8053 0 0 0 0 0 0 0 0 18.6965 -26.4393 3.3218 22.7818 0 8.4567 4.2576 0 0 0 0 0 0 0 0 40.2342 -37.8060 3.6748 20.7990 0 3.5615 11.1012 0 0 15.8633 -93.0247 -35.9143 -0.8367 12.4774 -15.5261 21.6988 -16.1602 -0.0410 22.1260 -25.1953 -11.3624 0 0 0 -40.0794 -103.6000 -74.1959 38.5227 -32.0975 -103.0176 5.6727 -30.1182 10.5383 0 0 0 -14.8690 0 -2.6067 -26.8090 0 0 -4.7276 0 0 0 0 0 -30.3359 0 1.9908 -17.0494 0 0 -0.3884 0 0 0 0 0 0 0 0 -45.0895 0 -4.5794 -15.8055 0 0 -1.9133 0 0 0 0 0 0 0 0 -60.2059 0 -3.8902 -8.8119 0 0 -8.1094 0 0 4.0573 -8.1401 1.8055 -5.2624 -12.3156 14.9759 -21.8941 16.7556 -26.7285 -22.3827 25.4881 0 0 0 0 4.3291 12.6314 26.8052 -5.3004 38.8937 -0.0000 35.0211 -9.9766 0 0 0 0 0 0 0 0 0 0 0 0 0 0 0 0 0 0 0 0 0 0 0 0 0 0 0 0 0 0 0 0 0 0 0 0 0 0 0 0 0 0 0 0 0 0 -9.4338 20.5096 28.5050 0.3089 16.1574 0.0000 24.7158 18.8807 -0.0000 0 0 0 0 0 0 0 0 0 0 0 0 0 0 0 0 0 0 0 0 0 0 0 0 0 0 0 0 0 0 0 0 0 0 0 0 0 0 0 0 0 0
-8.4630 0.8776 -100.4520 5.4347 -27.5628 -16.2666 0 0 0 0 0 0 0 0 0 14.0192 -2.9752 21.3158 0 0 0 0 0 0 0 8.0501 -0.0039 0 0 0 0 0 0 0 0 0 0 0 0 0 0 172.0000 0 0 0 0 0 172.0000 0 0 0 0 0 0 0 0 0 0 0 0 0 0 0 0 0 0 0 0 0 0 0 0 0 0 0 0 0 0 0 0 0 0 0 0 0 0 0 0 0 0 0 0 0 0 0 0 0 0 0 0 0 0 0 0 0 0 0 0 0 0 0 0 0 0 0 0 0 0 0 0 0 0 0 0 -40.0000 172.0000 0 0 0 0 -40.0000 179.0000 0 0 0 0 -35.0000 -176.0000 0 0 0 0 0 0 0 0 0 0 0 113.0000 0 0 0 0 0 -113.0000 0 0 0 0 0 0 0 0 0 0 -4.4604 -172.0000 0 0 172.0000 0 0 0 0 0 0 0 0 0 0 -4.4604 172.0000 0 3.1999 172.0000 0 0 0 0 0 0 0 0 0 2.8620 0 0 0 0 0 0 0 0 0 0 0 2.8622 0 0 0 0 0 0 0 0 0 0 0 0 0 0 0 0 0 0 0 0 0 0 0 0 0 0 0 0 0 8.3507 -30.0344 57.8985 -44.8535 -61.1948 80.5550 -3.5366 -26.1786 -9.1060 0 0 0 -0.3143 0 -6.9744 19.5474 0 0 5.9322 0 0 0 0 0 -2.5531 2.5879 -5.8000 14.2779 0 8.9763 5.3774 0 0 0 0 0 0 0 0 5.1481 -26.5331 2.2502 20.7031 0 8.4981 6.3157 0 0 0 0 0 0 0 0 23.3591 -37.8745 4.6047 24.1871 0 3.6046 14.9652 0 0 15.7999 -93.0867 -35.8527 -1.4903 13.1091 -9.5809 22.2508 -26.6661 -0.1342 29.9008 -25.2563 -11.3594 0 0 0 -42.5876 -103.5582 -71.6866 39.3106 -32.3027 -103.8057 5.9917 -30.9967 11.0314 0 0 0 -14.8726 0 -2.6073 -26.8038 0 0 -4.7278 0 0 0 0 0 -30.3346 0 1.9886 -17.0443 0 0 -0.3885 0 0 0 0 0 0 0 0 -45.0919 0 -4.5783 -15.8147 0 0 -1.9098 0 0 0 0 0 0 0 0 -60.2548 0 -3.9012 -8.8424 0 0 -8.1237 0 0 12.0191 -12.2695 2.0389 -8.5736 -13.3068 8.6703 -22.0012 26.8044 -35.9092 -30.0398 25.8394 0 0 0 0 1.2990 10.2177 31.1052 -6.7237 38.8345 -0.0000 35.0000 -9.9733 0 0 0 0 0 0 0 0 0 0 0 0 0 0 0 0 0 0 0 0 0 0 0 0 0 0 0 0 0 0 0 0 0 0 0 0 0 0 0 0 0 0 0 0 0 0 -5.1241 22.4819 24.7200 3.0166 13.8017 0.0000 21.2242 13.9852 -0.0000 0 0 0 0 0 0 0 0 0 0 0 0 0 0 0 0 0 0 0 0 0 0 0 0 0 0 0 0 0 0 0 0 0 0 0 0 0 0 0 0 0 0
-8.2805 1.3028 -100.4589 5.7858 -26.8308 -16.9374 0 0 0 0 0 0 0 0 0 14.5315 -4.4800 19.7054 0 0 0 0 0 0 0 8.0501 -0.0039 0 0 0 0 0 0 0 0 0 0 0 0 0 0 172.0000 0 0 0 0 0 172.0000 0 0 0 0 0 0 0 0 0 0 0 0 0 0 0 0 0 0 0 0 0 0 0 0 0 0 0 0 0 0 0 0 0 0 0 0 0 0 0 0 0 0 0 0 0 0 0 0 0 0 0 0 0 0 0 0 0 0 0 0 0 0 0 0 0 0 0 0 0 0 0 0 0 0 0 0 -40.0000 172.0000 0 0 0 0 -40.0000 179.0000 0 0 0 0 -35.0000 -176.0000 0 0 0 0 0 0 0 0 0 0 0 113.0000 0 0 0 0 0 -113.0000 0 0 0 0 0 0 0 0 0 0 -4.7128 -172.0000 0 0 172.0000 0 0 0 0 0 0 0 0 0 0 -4.7105 172.0000 0 3.4066 172.0000 0 0 0 0 0 0 0 0 0 0.0396 0 0 0 0 0 0 0 0 0 0 0 0.0449 0 0 0 0 0 0 0 0 0 0 0 0 0 0 0 0 0 0 0 0 0 0 0 0 0 0 0 0 0 9.4830 -29.4332 59.7906 -38.3271 -60.7021 74.0353 -4.1122 -26.2953 -8.9801 0 0 0 -1.5225 0 -5.7512 38.8714 0 0 9.2445 0 0 0 0 0 -6.2115 2.6371 -6.0404 20.4303 0 8.9597 5.2382 0 0 0 0 0 0 0 0 -3.1606 -26.4898 2.4354 21.6151 0 8.4758 5.9687 0 0 0 0 0 0 0 0 8.2196 -37.8540 3.7949 27.2744 0 3.5868 18.3434 0 0 15.8169 -93.0701 -35.8691 -4.3712 16.2023 -3.7189 21.8803 -32.0960 -0.1498 34.0214 -25.5096 -11.3699 0 0 0 -43.4967 -103.4905 -70.8154 40.7001 -31.4167 -105.1764 6.7704 -32.7324 11.7907 0 0 0 -12.6070 0 -2.1414 -32.6517 0 0 -5.8085 0 0 0 0 0 -24.6579 0 2.4205 -19.3118 0 0 -0.9466 0 0 0 0 0 0 0 0 -37.4950 0 -4.4161 -17.5027 0 0 -2.0684 0 0 0 0 0 0 0 0 -51.3015 0 -3.5550 -11.9850 0 0 -9.8706 0 0 13.4599 -14.8532 1.3492 -2.3147 -17.3467 2.8773 -20.9299 31.3041 -42.0630 -34.2135 26.0570 0 0 0 0 -0.7730 8.7671 37.0620 -7.8804 37.5849 -0.0000 34.9950 -9.5932 0 0 0 0 0 0 0 0 0 0 0 0 0 0 0 0 0 0 0 0 0 0 0 0 0 0 0 0 0 0 0 0 0 0 0 0 0 0 0 0 0 0 0 0 0 0 0.3905 23.7297 21.7273 5.4276 11.4928 0.0000 15.0785 5.0951 -0.0000 0 0 0 0 0 0 0 0 0 0 0 0 0 0 0 0 0 0 0 0 0 0 0 0 0 0 0 0 0 0 0 0 0 0 0 0 0 0 0 0 0 0
-7.7501 2.3717 -100.5679 6.7479 -25.1976 -18.4130 0 0 0 0 0 0 0 0 0 14.9452 -6.1709 17.9131 0 0 0 0 0 0 0 8.0501 -0.0039 0 0 0 0 0 0 0 0 0 0 0 0 0 0 172.0000 0 0 0 0 0 172.0000 0 0 0 0 0 0 0 0 0 0 0 0 0 0 0 0 0 0 0 0 0 0 0 0 0 0 0 0 0 0 0 0 0 0 0 0 0 0 0 0 0 0 0 0 0 0 0 0 0 0 0 0 0 0 0 0 0 0 0 0 0 0 0 0 0 0 0 0 0 0 0 0 0 0 0 0 -40.0000 172.0000 0 0 0 0 -40.0000 179.0000 0 0 0 0 -35.0000 -176.0000 0 0 0 0 0 0 0 0 0 0 0 113.0000 0 0 0 0 0 -113.0000 0 0 0 0 0 0 0 0 0 0 -5.2601 -172.0000 0 0 172.0000 0 0 0 0 0 0 0 0 0 0 -5.2539 172.0000 0 3.7439 172.0000 0 0 0 0 0 0 0 0 0 -3.8623 0 0 0 0 0 0 0 0 0 0 0 -7.3365 0 0 0 0 0 0 0 0 0 0 0 0 0 0 0 0 0 0 0 0 0 0 0 0 0 0 0 0 0 12.9645 -29.4303 61.1305 -29.4000 -63.5440 65.1087 -4.3296 -23.9734 -7.9984 0 0 0 -0.7267 0 -2.1421 59.4247 0 0 11.5627 0 0 0 0 0 -7.1306 2.6421 -5.3135 28.8791 0 8.9588 4.4299 0 0 0 0 0 0 0 0 -5.6248 -26.4850 3.1612 24.9750 0 8.4744 4.0073 0 0 0 0 0 0 0 0 0.7930 -37.8812 2.3352 29.2397 0 3.5939 19.8500 0 0 15.8229 -93.0642 -35.8750 -7.2259 17.9697 -1.0187 21.3119 -34.0159 -0.0764 35.5958 -25.6561 -11.3466 0 0 0 -43.8180 -103.0115 -70.6300 42.4590 -29.9311 -106.0642 7.1897 -33.6169 11.8029 0 0 0 -6.6723 0 -0.9167 -47.9765 0 0 -8.6404 0 0 0 0 0 -9.7848 0 3.5530 -25.2537 0 0 -2.4093 0 0 0 0 0 0 0 0 -17.5851 0 -3.9921 -21.9137 0 0 -2.4882 0 0 0 0 0 0 0 0 -27.6768 0 -2.6604 -20.2852 0 0 -14.4796 0 0 7.0630 -12.7876 0.3466 5.9566 -19.1212 0.5153 -20.4941 33.1387 -43.7106 -36.1910 25.9610 0 0 0 0 -2.0407 8.7961 40.3626 -8.7314 36.6557 -0.0000 34.9969 -9.5499 0 0 0 0 0 0 0 0 0 0 0 0 0 0 0 0 0 0 0 0 0 0 0 0 0 0 0 0 0 0 0 0 0 0 0 0 0 0 0 0 0 0 0 0 0 0 2.6362 24.4465 18.9268 6.6640 10.2227 0.0000 12.0575 1.4436 -0.0000 0 0 0 0 0 0 0 0 0 0 0 0 0 0 0 0 0 0 0 0 0 0 0 0 0 0 0 0 0 0 0 0 0 0 0 0 0 0 0 0 0 0
-7.1626 3.3793 -100.8632 7.6732 -24.0049 -19.3411 0 0 0 0 0 0 0 0 0 15.0787 -7.1541 17.0037 0 0 0 0 0 0 0 8.0501 -0.0039 0 0 0 0 0 0 0 0 0 0 0 0 0 0 172.0000 0 0 0 0 0 172.0000 0 0 0 0 0 0 0 0 0 0 0 0 0 0 0 0 0 0 0 0 0 0 0 0 0 0 0 0 0 0 0 0 0 0 0 0 0 0 0 0 0 0 0 0 0 0 0 0 0 0 0 0 0 0 0 0 0 0 0 0 0 0 0 0 0 0 0 0 0 0 0 0 0 0 0 0 -40.0000 172.0000 0 0 0 0 -40.0000 179.0000 0 0 0 0 -35.0000 -176.0000 0 0 0 0 0 0 0 0 0 0 0 113.0000 0 0 0 0 0 -113.0000 0 0 0 0 0 0 0 0 0 0 -5.6310 -172.0000 0 0 172.0000 0 0 0 0 0 0 0 0 0 0 -5.6228 172.0000 0 3.8559 172.0000 0 0 0 0 0 0 0 0 0 -5.2942 0 0 0 0 0 0 0 0 0 0 0 -14.0556 0 0 0 0 0 0 0 0 0 0 0 0 0 0 0 0 0 0 0 0 0 0 0 0 0 0 0 0 0 16.9406 -30.0561 60.6422 -23.0315 -67.2935 58.7339 -3.6223 -18.4945 -6.0438 0 0 0 0.0310 0 -0.2243 67.5262 0 0 12.2042 0 0 0 0 0 -6.8212 2.6333 -4.8048 32.6400 0 8.9616 3.9620 0 0 0 0 0 0 0 0 -5.1556 -26.4928 3.5669 26.8396 0 8.4782 2.8743 0 0 0 0 0 0 0 0 -0.2103 -37.9804 1.6615 29.7087 0 3.6124 19.9723 0 0 15.8189 -93.0681 -35.8711 -8.2907 18.2539 -0.7131 21.0250 -33.9360 -0.0114 35.5935 -25.6946 -11.3402 0 0 0 -46.4385 -102.2835 -68.1527 42.2123 -28.8737 -104.3187 6.4463 -31.5781 10.1879 0 0 0 -1.2878 0 0.2146 -61.9232 0 0 -11.2178 0 0 0 0 0 3.7514 0 4.5832 -30.6605 0 0 -3.7406 0 0 0 0 0 0 0 0 0.5347 0 -3.6060 -25.9297 0 0 -2.8698 0 0 0 0 0 0 0 0 -6.1908 0 -1.8366 -27.8486 0 0 -18.6786 0 0 1.3493 -9.4849 -0.1094 9.1076 -18.7718 0.7435 -20.8214 33.5376 -42.9101 -36.5139 25.7501 0 0 0 0 -2.5235 9.1024 40.6842 -9.3135 36.3697 -0.0000 34.9993 -9.8145 0 0 0 0 0 0 0 0 0 0 0 0 0 0 0 0 0 0 0 0 0 0 0 0 0 0 0 0 0 0 0 0 0 0 0 0 0 0 0 0 0 0 0 0 0 0 1.6019 24.1670 17.9491 6.8575 10.0065 0.0000 11.8814 1.8128 -0.0000 0 0 0 0 0 0 0 0 0 0 0 0 0 0 0 0 0 0 0 0 0 0 0 0 0 0 0 0 0 0 0 0 0 0 0 0 0 0 0 0 0 0
-6.7290 3.8978 -101.2460 8.1915 -23.5042 -19.1901 0 0 0 0 0 0 0 0 0 15.0620 -7.3573 16.8706 0 0 0 0 0 0 0 8.0501 -0.0039 0 0 0 0 0 0 0 0 0 0 0 0 0 0 172.0000 0 0 0 0 0 172.0000 0 0 0 0 0 0 0 0 0 0 0 0 0 0 0 0 0 0 0 0 0 0 0 0 0 0 0 0 0 0 0 0 0 0 0 0 0 0 0 0 0 0 0 0 0 0 0 0 0 0 0 0 0 0 0 0 0 0 0 0 0 0 0 0 0 0 0 0 0 0 0 0 0 0 0 0 -40.0000 172.0000 0 0 0 0 -40.0000 179.0000 0 0 0 0 -35.0000 -176.0000 0 0 0 0 0 0 0 0 0 0 0 113.0000 0 0 0 0 0 -113.0000 0 0 0 0 0 0 0 0 0 0 -5.7284 -172.0000 0 0 172.0000 0 0 0 0 0 0 0 0 0 0 -5.7622 172.0000 0 4.1117 172.0000 0 0 0 0 0 0 0 0 0 -9.0932 0 0 0 0 0 0 0 0 0 0 0 -16.4492 0 0 0 0 0 0 0 0 0 0 0 0 0 0 0 0 0 0 0 0 0 0 0 0 0 0 0 0 0 21.4291 -32.9831 56.7057 -21.0012 -68.9432 56.6308 -2.5111 -11.4090 -3.7038 0 0 0 0.2769 0 0.0974 67.6095 0 0 12.0447 0 0 0 0 0 -6.4083 2.6345 -4.6641 32.9414 0 8.9611 3.8661 0 0 0 0 0 0 0 0 -4.2722 -26.4918 3.6439 27.1883 0 8.4776 2.6431 0 0 0 0 0 0 0 0 0.9302 -38.0979 1.6023 29.5236 0 3.6222 19.6861 0 0 15.8189 -93.0682 -35.8711 -8.1704 17.8963 -1.0512 20.9870 -33.4718 0.0113 35.2216 -25.6914 -11.3512 0 0 0 -51.3623 -102.4361 -63.2497 40.5232 -27.8728 -101.2100 4.7488 -25.3708 7.0740 0 0 0 0.6147 0 0.6325 -66.8889 0 0 -12.1355 0 0 0 0 0 8.5710 0 4.9499 -32.5853 0 0 -4.2146 0 0 0 0 0 0 0 0 6.9861 0 -3.4684 -27.3599 0 0 -3.0055 0 0 0 0 0 0 0 0 1.4456 0 -1.5304 -30.5441 0 0 -20.1748 0 0 -0.6565 -7.9331 -0.1512 9.0584 -18.1096 1.4717 -21.1390 33.3562 -42.0053 -36.2386 25.6425 0 0 0 0 -1.8441 9.4371 38.6776 -9.4791 35.8450 -0.0000 34.9507 -9.9932 0 0 0 0 0 0 0 0 0 0 0 0 0 0 0 0 0 0 0 0 0 0 0 0 0 0 0 0 0 0 0 0 0 0 0 0 0 0 0 0 0 0 0 0 0 0 -0.8043 22.3258 20.5521 5.9894 10.6954 0.0000 10.3300 -0.7473 -0.0000 0 0 0 0 0 0 0 0 0 0 0 0 0 0 0 0 0 0 0 0 0 0 0 0 0 0 0 0 0 0 0 0 0 0 0 0 0 0 0 0 0 0
-6.4022 3.8713 -101.1811 8.4626 -22.9708 -18.8643 0 0 0 0 0 0 0 0 0 14.5317 -6.8175 17.4517 0 0 0 0 0 0 0 8.0501 -0.0039 0 0 0 0 0 0 0 0 0 0 0 0 0 0 172.0000 0 0 0 0 0 172.0000 0 0 0 0 0 0 0 0 0 0 0 0 0 0 0 0 0 0 0 0 0 0 0 0 0 0 0 0 0 0 0 0 0 0 0 0 0 0 0 0 0 0 0 0 0 0 0 0 0 0 0 0 0 0 0 0 0 0 0 0 0 0 0 0 0 0 0 0 0 0 0 0 0 0 0 0 -40.0000 172.0000 0 0 0 0 -40.0000 179.0000 0 0 0 0 -35.0000 -176.0000 0 0 0 0 0 0 0 0 0 0 0 113.0000 0 0 0 0 0 -113.0000 0 0 0 0 0 0 0 0 0 0 -5.6950 -172.0000 0 0 172.0000 0 0 0 0 0 0 0 0 0 0 -5.8684 172.0000 0 4.5618 172.0000 0 0 0 0 0 0 0 0 0 -14.2250 0 0 0 0 0 0 0 0 0 0 0 -16.3193 0 0 0 0 0 0 0 0 0 0 0 0 0 0 0 0 0 0 0 0 0 0 0 0 0 0 0 0 0 24.1274 -38.1804 45.0340 -23.1651 -69.0649 58.6672 -1.4381 -5.5237 -1.9088 0 0 0 7.9422 0 2.2490 59.4031 0 0 10.9914 0 0 0 0 0 3.4328 2.0634 -3.8319 31.3810 0 9.1218 4.1908 0 0 0 0 0 0 0 0 5.0917 -26.9972 3.3703 28.2680 0 8.7132 3.4379 0 0 0 0 0 0 0 0 9.1109 -38.4070 1.0472 32.2466 0 3.7943 20.2929 0 0 15.3551 -93.5366 -35.8717 -7.9662 17.5484 -1.4153 21.5244 -33.0731 0.0098 34.3966 -25.8508 -11.3139 0 0 0 -54.3198 -82.7258 -51.3256 36.4289 -25.6420 -92.5329 3.1587 -17.4100 3.8668 0 0 0 0.4975 0 0.6224 -66.6229 0 0 -12.0850 0 0 0 0 0 8.3060 0 4.9296 -32.4792 0 0 -4.1885 0 0 0 0 0 0 0 0 6.6312 0 -3.4760 -27.2815 0 0 -2.9980 0 0 0 0 0 0 0 0 1.0180 0 -1.5404 -30.4006 0 0 -20.0931 0 0 -0.5269 -7.7646 -0.0675 8.3041 -17.8011 1.8503 -21.2276 33.1405 -41.6439 -35.9904 25.6264 0 0 0 0 0.1548 10.9948 34.2936 -8.2997 34.3834 -0.0000 34.8705 -10.0404 0 0 0 0 0 0 0 0 0 0 0 0 0 0 0 0 0 0 0 0 0 0 0 0 0 0 0 0 0 0 0 0 0 0 0 0 0 0 0 0 0 0 0 0 0 0 -4.5883 19.9153 25.5034 4.0138 12.2665 0.0000 9.0562 -5.1576 -0.0000 0 0 0 0 0 0 0 0 0 0 0 0 0 0 0 0 0 0 0 0 0 0 0 0 0 0 0 0 0 0 0 0 0 0 0 0 0 0 0 0 0 0
-5.5169 2.5360 -100.7508 7.5408 -18.2412 -17.6833 0 0 0 0 0 0 0 0 0 13.2311 -5.5747 18.7340 0 0 0 0 0 0 0 8.0501 -0.0039 0 0 0 0 0 0 0 0 0 0 0 0 0 0 172.0000 0 0 0 0 0 172.0000 0 0 0 0 0 0 0 0 0 0 0 0 0 0 0 0 0 0 0 0 0 0 0 0 0 0 0 0 0 0 0 0 0 0 0 0 0 0 0 0 0 0 0 0 0 0 0 0 0 0 0 0 0 0 0 0 0 0 0 0 0 0 0 0 0 0 0 0 0 0 0 0 0 0 0 0 -40.0000 172.0000 0 0 0 0 -40.0000 179.0000 0 0 0 0 -35.0000 -176.0000 0 0 0 0 0 0 0 0 0 0 0 113.0000 0 0 0 0 0 -113.0000 0 0 0 0 0 0 0 0 0 0 -5.5754 -172.0000 0 0 172.0000 0 0 0 0 0 0 0 0 0 0 -5.9078 172.0000 0 4.7615 172.0000 0 0 0 0 0 0 0 0 0 -16.1271 0 0 0 0 0 0 0 0 0 0 0 -15.6618 0 0 0 0 0 0 0 0 0 0 0 0 0 0 0 0 0 0 0 0 0 0 0 0 0 0 0 0 0 27.1636 -29.6357 26.7878 -27.3720 -63.6721 65.5483 -0.5586 -3.5236 -1.3944 0 0 0 25.1830 0 4.5804 41.4534 0 0 8.5676 0 0 0 0 0 26.8864 1.2559 -2.6361 27.6152 0 9.2953 4.2701 0 0 0 0 0 0 0 0 28.0238 -28.0768 2.5582 29.1330 0 9.2260 4.8711 0 0 0 0 0 0 0 0 28.3755 -39.0856 -1.7245 35.7405 0 4.1792 20.1117 0 0 12.9013 -94.3693 -34.2433 -10.5362 16.7614 -2.8857 21.9899 -29.6644 0.0033 29.4307 -26.3545 -10.9628 0 0 0 -52.8282 -28.8663 -31.2408 29.7362 -24.5540 -79.9506 3.0516 -13.3871 2.5524 0 0 0 -8.1079 0 -1.4679 -59.0143 0 0 -11.0344 0 0 0 0 0 -3.2488 0 4.5335 -31.1071 0 0 -4.3188 0 0 0 0 0 0 0 0 -4.5751 0 -2.7838 -27.9377 0 0 -3.5748 0 0 0 0 0 0 0 0 -8.5592 0 -0.7049 -32.4341 0 0 -20.4606 0 0 0.7628 -10.4391 6.4793 8.6942 -18.3331 2.6167 -21.2866 32.6060 -41.2879 -34.9856 25.6153 0 0 0 0 2.8811 14.3446 29.1650 -5.7595 32.0484 -0.0000 34.8819 -10.0267 0 0 0 0 0 0 0 0 0 0 0 0 0 0 0 0 0 0 0 0 0 0 0 0 0 0 0 0 0 0 0 0 0 0 0 0 0 0 0 0 0 0 0 0 0 0 -8.0075 18.6755 29.6122 2.1807 13.3980 0.0000 9.0512 -7.2273 -0.0000 0 0 0 0 0 0 0 0 0 0 0 0 0 0 0 0 0 0 0 0 0 0 0 0 0 0 0 0 0 0 0 0 0 0 0 0 0 0 0 0 0 0
-4.1415 0.3419 -100.5944 5.8138 -10.2966 -15.6946 0 0 0 0 0 0 0 0 0 11.4824 -3.9024 20.1430 0 0 0 0 0 0 0 8.0501 -0.0039 0 0 0 0 0 0 0 0 0 0 0 0 0 0 172.0000 0 0 0 0 0 172.0000 0 0 0 0 0 0 0 0 0 0 0 0 0 0 0 0 0 0 0 0 0 0 0 0 0 0 0 0 0 0 0 0 0 0 0 0 0 0 0 0 0 0 0 0 0 0 0 0 0 0 0 0 0 0 0 0 0 0 0 0 0 0 0 0 0 0 0 0 0 0 0 0 0 0 0 0 -40.0000 172.0000 0 0 0 0 -40.0000 179.0000 0 0 0 0 -35.0000 -176.0000 0 0 0 0 0 0 0 0 0 0 0 113.0000 0 0 0 0 0 -113.0000 0 0 0 0 0 0 0 0 0 0 -5.4856 -172.0000 0 0 172.0000 0 0 0 0 0 0 0 0 0 0 -5.8819 172.0000 0 4.9121 172.0000 0 0 0 0 0 0 0 0 0 -16.0733 0 0 0 0 0 0 0 0 0 0 0 -15.2846 0 0 0 0 0 0 0 0 0 0 0 0 0 0 0 0 0 0 0 0 0 0 0 0 0 0 0 0 0 38.4894 1.0287 15.3928 -30.1290 -49.6057 75.9487 -0.0913 -3.3309 -1.1804 0 0 0 34.7455 0 -0.3309 34.5176 0 0 8.1789 0 0 0 0 0 42.1825 2.1964 -4.3837 31.3942 0 8.8419 5.4816 0 0 0 0 0 0 0 0 46.0298 -28.3134 -0.0407 33.3671 0 9.4336 7.6599 0 0 0 0 0 0 0 0 45.1154 -39.6049 -8.0023 40.2822 0 4.4463 20.5358 0 0 5.5317 -98.8486 -27.0851 -15.2047 14.0503 -4.4816 20.1079 -19.7688 -0.0003 20.9665 -26.6377 -10.0043 0 0 0 -52.7480 19.9677 -15.7116 24.1808 -27.3015 -74.1137 4.0710 -12.8698 2.6396 0 0 0 -26.5126 0 -3.6640 -41.6734 0 0 -8.6499 0 0 0 0 0 -28.5817 0 3.9422 -27.6683 0 0 -4.3031 0 0 0 0 0 0 0 0 -29.4636 0 -1.0427 -28.4734 0 0 -4.7991 0 0 0 0 0 0 0 0 -29.2752 0 2.7135 -35.3791 0 0 -20.0542 0 0 2.2073 -13.4123 17.0772 11.5795 -19.1490 5.4514 -21.2861 28.5035 -37.1434 -29.6297 25.5649 0 0 0 0 4.4680 17.5795 25.4407 -3.4536 30.0961 -0.0000 34.9579 -10.0068 0 0 0 0 0 0 0 0 0 0 0 0 0 0 0 0 0 0 0 0 0 0 0 0 0 0 0 0 0 0 0 0 0 0 0 0 0 0 0 0 0 0 0 0 0 0 -8.8955 18.4403 30.4166 1.9310 12.8852 0.0000 7.1522 -6.6928 -0.0000 0 0 0 0 0 0 0 0 0 0 0 0 0 0 0 0 0 0 0 0 0 0 0 0 0 0 0 0 0 0 0 0 0 0 0 0 0 0 0 0 0 0
-3.6575 -0.7831 -100.2442 5.2433 -8.1427 -15.1738 0 0 0 0 0 0 0 0 0 9.7057 -2.7414 21.2423 0 0 0 0 0 0 0 8.0501 -0.0039 0 0 0 0 0 0 0 0 0 0 0 0 0 0 172.0000 0 0 0 0 0 172.0000 0 0 0 0 0 0 0 0 0 0 0 0 0 0 0 0 0 0 0 0 0 0 0 0 0 0 0 0 0 0 0 0 0 0 0 0 0 0 0 0 0 0 0 0 0 0 0 0 0 0 0 0 0 0 0 0 0 0 0 0 0 0 0 0 0 0 0 0 0 0 0 0 0 0 0 0 -40.0000 172.0000 0 0 0 0 -40.0000 179.0000 0 0 0 0 -35.0000 -176.0000 0 0 0 0 0 0 0 0 0 0 0 113.0000 0 0 0 0 0 -113.0000 0 0 0 0 0 0 0 0 0 0 -5.3290 -172.0000 0 0 172.0000 0 0 0 0 0 0 0 0 0 0 -5.7280 172.0000 0 4.9771 172.0000 0 0 0 0 0 0 0 0 0 -15.5885 0 0 0 0 0 0 0 0 0 0 0 -15.2116 0 0 0 0 0 0 0 0 0 0 0 0 0 0 0 0 0 0 0 0 0 0 0 0 0 0 0 0 0 51.9396 28.6499 15.3734 -31.7908 -36.3957 84.8439 -0.1225 -2.6193 -0.5150 0 0 0 32.3580 0 -9.9625 52.3142 0 0 12.4287 0 0 0 0 0 39.5271 5.3926 -9.4584 51.9517 0 7.5828 11.0155 0 0 0 0 0 0 0 0 50.5193 -27.1921 -4.7199 50.0664 0 9.0043 14.5319 0 0 0 0 0 0 0 0 51.7621 -39.6694 -14.7129 56.2096 0 4.5612 26.8434 0 0 -6.6373 -110.4082 -14.6916 -16.7319 9.1777 -3.4086 15.7400 -10.2325 -0.0010 13.9095 -26.7955 -7.9483 0 0 0 -57.0605 34.6916 -10.2649 19.0630 -31.3855 -71.4378 4.9676 -12.4449 2.6713 0 0 0 -36.9764 0 0.1373 -35.1271 0 0 -8.3469 0 0 0 0 0 -45.0942 0 4.3531 -32.0431 0 0 -5.5828 0 0 0 0 0 0 0 0 -48.2238 0 1.3963 -33.0210 0 0 -7.5897 0 0 0 0 0 0 0 0 -46.5088 0 9.2402 -40.0511 0 0 -20.4370 0 0 1.9638 -15.2210 24.1899 8.1342 -19.1924 9.6087 -20.8075 17.1729 -27.3362 -21.6824 25.4082 0 0 0 0 4.2848 18.9641 23.2097 -2.0025 28.9765 -0.0000 35.0023 -9.9978 0 0 0 0 0 0 0 0 0 0 0 0 0 0 0 0 0 0 0 0 0 0 0 0 0 0 0 0 0 0 0 0 0 0 0 0 0 0 0 0 0 0 0 0 0 0 -8.2502 18.6102 29.3710 2.2525 12.3060 0.0000 4.4125 -6.5096 -0.0000 0 0 0 0 0 0 0 0 0 0 0 0 0 0 0 0 0 0 0 0 0 0 0 0 0 0 0 0 0 0 0 0 0 0 0 0 0 0 0 0 0 0
-3.6663 -0.4801 -99.6498 5.5316 -9.9223 -15.6890 0 0 0 0 0 0 0 0 0 8.3621 -3.4593 21.4180 0 0 0 0 0 0 0 8.0501 -0.0039 0 0 0 0 0 0 0 0 0 0 0 0 0 0 172.0000 0 0 0 0 0 172.0000 0 0 0 0 0 0 0 0 0 0 0 0 0 0 0 0 0 0 0 0 0 0 0 0 0 0 0 0 0 0 0 0 0 0 0 0 0 0 0 0 0 0 0 0 0 0 0 0 0 0 0 0 0 0 0 0 0 0 0 0 0 0 0 0 0 0 0 0 0 0 0 0 0 0 0 0 -40.0000 172.0000 0 0 0 0 -40.0000 179.0000 0 0 0 0 -35.0000 -176.0000 0 0 0 0 0 0 0 0 0 0 0 113.0000 0 0 0 0 0 -113.0000 0 0 0 0 0 0 0 0 0 0 -5.1135 -172.0000 0 0 172.0000 0 0 0 0 0 0 0 0 0 0 -5.5083 172.0000 0 4.8240 172.0000 0 0 0 0 0 0 0 0 0 -15.3065 0 0 0 0 0 0 0 0 0 0 0 -15.2581 0 0 0 0 0 0 0 0 0 0 0 0 0 0 0 0 0 0 0 0 0 0 0 0 0 0 0 0 0 55.8227 35.4139 19.0759 -33.1862 -32.0621 88.3135 -0.5297 -1.9634 0.0708 0 0 0 29.8605 0 -12.7932 73.9829 0 0 18.0592 0 0 0 0 0 34.7622 8.0954 -12.6822 71.5108 0 6.5595 17.6251 0 0 0 0 0 0 0 0 52.1588 -26.2160 -6.9022 67.6961 0 8.4943 22.3842 0 0 0 0 0 0 0 0 55.2607 -39.7465 -15.6182 71.8000 0 4.7075 33.9139 0 0 -15.8254 -120.3820 -5.4143 -13.5665 4.6991 -3.1673 13.4266 -11.2361 -0.0005 11.3884 -27.3302 -5.7971 0 0 0 -59.6713 31.2873 -10.9072 16.8684 -34.3256 -68.2089 5.4770 -11.8858 2.4818 0 0 0 -32.2809 0 8.5272 -44.9502 0 0 -10.9550 0 0 0 0 0 -38.7067 0 6.3530 -47.3855 0 0 -9.4984 0 0 0 0 0 0 0 0 -43.3796 0 4.9543 -45.0541 0 0 -12.2938 0 0 0 0 0 0 0 0 -44.1919 0 16.5933 -50.1398 0 0 -25.6061 0 0 0.6873 -17.2185 31.4175 -2.6718 -17.4445 14.0159 -17.5719 4.9548 -16.7144 -16.8671 25.1857 0 0 0 0 3.2367 18.7455 22.6651 -1.2791 28.2526 -0.0000 35.0115 -9.9970 0 0 0 0 0 0 0 0 0 0 0 0 0 0 0 0 0 0 0 0 0 0 0 0 0 0 0 0 0 0 0 0 0 0 0 0 0 0 0 0 0 0 0 0 0 0 -7.7860 19.8431 27.5980 2.1327 12.8435 0.0000 2.8634 -7.4055 -0.0000 0 0 0 0 0 0 0 0 0 0 0 0 0 0 0 0 0 0 0 0 0 0 0 0 0 0 0 0 0 0 0 0 0 0 0 0 0 0 0 0 0 0
-3.1956 0.2746 -99.3546 5.8489 -10.3492 -16.0641 0 0 0 0 0 0 0 0 0 7.2145 -5.1108 20.8708 0 0 0 0 0 0 0 8.0501 -0.0039 0 0 0 0 0 0 0 0 0 0 0 0 0 0 172.0000 0 0 0 0 0 172.0000 0 0 0 0 0 0 0 0 0 0 0 0 0 0 0 0 0 0 0 0 0 0 0 0 0 0 0 0 0 0 0 0 0 0 0 0 0 0 0 0 0 0 0 0 0 0 0 0 0 0 0 0 0 0 0 0 0 0 0 0 0 0 0 0 0 0 0 0 0 0 0 0 0 0 0 0 -40.0000 172.0000 0 0 0 0 -40.0000 179.0000 0 0 0 0 -35.0000 -176.0000 0 0 0 0 0 0 0 0 0 0 0 113.0000 0 0 0 0 0 -113.0000 0 0 0 0 0 0 0 0 0 0 -5.0083 -172.0000 0 0 172.0000 0 0 0 0 0 0 0 0 0 0 -5.4040 172.0000 0 4.6906 172.0000 0 0 0 0 0 0 0 0 0 -15.2462 0 0 0 0 0 0 0 0 0 0 0 -15.3001 0 0 0 0 0 0 0 0 0 0 0 0 0 0 0 0 0 0 0 0 0 0 0 0 0 0 0 0 0 48.5490 29.1932 21.9206 -34.0178 -32.7172 88.5926 -0.8886 -2.3550 -0.0348 0 0 0 31.9167 0 -7.0371 78.6511 0 0 21.6679 0 0 0 0 0 36.4641 7.2718 -10.0725 71.3095 0 7.0623 20.3237 0 0 0 0 0 0 0 0 53.4581 -26.7624 -4.1027 69.5607 0 8.6952 25.3666 0 0 0 0 0 0 0 0 57.9600 -40.4356 -11.7027 68.8783 0 5.1116 35.3904 0 0 -18.1685 -121.1135 -4.6507 -8.7419 3.4465 -9.6610 16.5755 -17.2790 -0.7798 14.8016 -27.2404 -5.3912 0 0 0 -56.8759 26.6725 -13.0969 19.7972 -37.2391 -68.7369 5.5962 -12.2645 2.5661 0 0 0 -21.2949 0 14.1989 -45.3906 0 0 -11.0935 0 0 0 0 0 -21.8232 0 8.7277 -54.3724 0 0 -11.7097 0 0 0 0 0 0 0 0 -25.5473 0 8.5161 -55.6920 0 0 -16.4926 0 0 0 0 0 0 0 0 -27.6561 0 20.2647 -57.5491 0 0 -31.0809 0 0 -0.0458 -12.4465 31.4886 -1.1929 -10.5291 17.7257 -13.7199 6.8241 -11.5725 -18.1526 24.7365 0 0 0 0 1.2779 18.2431 24.3745 -1.7008 28.1665 -0.0000 35.0066 -9.8044 0 0 0 0 0 0 0 0 0 0 0 0 0 0 0 0 0 0 0 0 0 0 0 0 0 0 0 0 0 0 0 0 0 0 0 0 0 0 0 0 0 0 0 0 0 0 -7.4636 22.4528 24.0186 2.8135 12.7660 0.0000 1.2384 -8.1842 -0.0000 0 0 0 0 0 0 0 0 0 0 0 0 0 0 0 0 0 0 0 0 0 0 0 0 0 0 0 0 0 0 0 0 0 0 0 0 0 0 0 0 0 0
-2.5174 0.6725 -99.2360 6.3019 -10.1800 -16.7283 0 0 0 0 0 0 0 0 0 5.5295 -6.6563 20.8833 0 0 0 0 0 0 0 8.0501 -0.0039 0 0 0 0 0 0 0 0 0 0 0 0 0 0 172.0000 0 0 0 0 0 172.0000 0 0 0 0 0 0 0 0 0 0 0 0 0 0 0 0 0 0 0 0 0 0 0 0 0 0 0 0 0 0 0 0 0 0 0 0 0 0 0 0 0 0 0 0 0 0 0 0 0 0 0 0 0 0 0 0 0 0 0 0 0 0 0 0 0 0 0 0 0 0 0 0 0 0 0 0 -40.0000 172.0000 0 0 0 0 -40.0000 179.0000 0 0 0 0 -35.0000 -176.0000 0 0 0 0 0 0 0 0 0 0 0 113.0000 0 0 0 0 0 -113.0000 0 0 0 0 0 0 0 0 0 0 -5.0302 -172.0000 0 0 172.0000 0 0 0 0 0 0 0 0 0 0 -5.4264 172.0000 0 4.6518 172.0000 0 0 0 0 0 0 0 0 0 -15.2748 0 0 0 0 0 0 0 0 0 0 0 -15.3132 0 0 0 0 0 0 0 0 0 0 0 0 0 0 0 0 0 0 0 0 0 0 0 0 0 0 0 0 0 33.9469 20.2561 22.7700 -35.2740 -32.3664 89.6486 -0.9611 -4.9598 -1.2440 0 0 0 39.8298 0 -3.3358 67.3602 0 0 22.0478 0 0 0 0 0 46.4543 3.1033 -2.9959 58.0655 0 8.5886 20.0206 0 0 0 0 0 0 0 0 57.8495 -29.1098 1.0660 59.1489 0 9.4259 23.9827 0 0 0 0 0 0 0 0 61.0375 -42.3485 -7.7109 55.0874 0 6.0896 32.6643 0 0 -19.8114 -117.3230 -7.0761 -5.5418 5.7834 -20.8044 23.0167 -18.1033 -3.6750 17.4531 -27.2822 -6.5513 0 0 0 -49.4184 24.5731 -12.3911 23.8062 -38.2467 -74.2976 5.4199 -14.6727 3.5620 0 0 0 -10.7519 0 13.6472 -42.3802 0 0 -9.2933 0 0 0 0 0 -15.3783 0 9.7681 -53.0572 0 0 -14.2237 0 0 0 0 0 0 0 0 -18.8143 0 9.9331 -62.4678 0 0 -21.0147 0 0 0 0 0 0 0 0 -19.7272 0 17.3974 -63.1235 0 0 -33.4336 0 0 0.7281 -5.3490 20.6412 9.9563 -1.4664 16.6461 -15.1236 21.0327 -12.9431 -25.4455 24.2662 0 0 0 0 -1.3294 18.5689 28.0279 -3.5533 28.6463 -0.0000 35.0013 -9.3245 0 0 0 0 0 0 0 0 0 0 0 0 0 0 0 0 0 0 0 0 0 0 0 0 0 0 0 0 0 0 0 0 0 0 0 0 0 0 0 0 0 0 0 0 0 0 -6.9069 25.9454 18.6937 5.2598 10.5989 0.0000 -0.8909 -8.9747 -0.0000 0 0 0 0 0 0 0 0 0 0 0 0 0 0 0 0 0 0 0 0 0 0 0 0 0 0 0 0 0 0 0 0 0 0 0 0 0 0 0 0 0 0
-1.5666 -0.7910 -97.5349 7.1716 -8.3820 -18.9793 0 0 0 0 0 0 0 0 0 2.5206 -8.4716 21.4972 0 0 0 0 0 0 0 8.0501 -0.0039 0 0 0 0 0 0 0 0 0 0 0 0 0 0 172.0000 0 0 0 0 0 172.0000 0 0 0 0 0 0 0 0 0 0 0 0 0 0 0 0 0 0 0 0 0 0 0 0 0 0 0 0 0 0 0 0 0 0 0 0 0 0 0 0 0 0 0 0 0 0 0 0 0 0 0 0 0 0 0 0 0 0 0 0 0 0 0 0 0 0 0 0 0 0 0 0 0 0 0 0 -40.0000 172.0000 0 0 0 0 -40.0000 179.0000 0 0 0 0 -35.0000 -176.0000 0 0 0 0 0 0 0 0 0 0 0 113.0000 0 0 0 0 0 -113.0000 0 0 0 0 0 0 0 0 0 0 -5.2896 -172.0000 0 0 172.0000 0 0 0 0 0 0 0 0 0 0 -5.6351 172.0000 0 4.8197 172.0000 0 0 0 0 0 0 0 0 0 -15.3028 0 0 0 0 0 0 0 0 0 0 0 -15.3135 0 0 0 0 0 0 0 0 0 0 0 0 0 0 0 0 0 0 0 0 0 0 0 0 0 0 0 0 0 19.3692 11.6616 22.5060 -38.1691 -29.0629 92.6618 -1.2446 -9.7876 -3.2404 0 0 0 51.1164 0 -5.0009 55.1088 0 0 20.2732 0 0 0 0 0 63.8021 -1.8128 3.2384 49.7150 0 9.7647 19.6921 0 0 0 0 0 0 0 0 69.9649 -32.0004 5.2618 49.2781 0 9.9577 22.3215 0 0 0 0 0 0 0 0 67.0454 -44.8190 -5.0991 46.1361 0 7.2443 30.5421 0 0 -23.2192 -114.8126 -8.2576 -4.1540 9.8343 -29.4355 28.6917 -14.2121 -7.5490 15.7662 -29.2432 -8.9652 0 0 0 -38.5464 24.0419 -10.6117 26.1092 -34.5161 -81.6280 5.4247 -18.1961 5.0896 0 0 0 -8.4554 0 6.2408 -49.6996 0 0 -9.2290 0 0 0 0 0 -26.0940 0 7.1000 -59.7473 0 0 -21.5076 0 0 0 0 0 0 0 0 -29.0928 0 6.5257 -67.2342 0 0 -25.4115 0 0 0 0 0 0 0 0 -30.1377 0 8.4817 -71.7619 0 0 -34.3134 0 0 2.3061 -4.0949 8.2673 8.9045 0.0741 13.6698 -20.3590 28.0453 -12.8633 -27.5478 24.2056 0 0 0 0 -3.2970 20.5561 33.3875 -6.2008 29.0650 -0.0000 34.9992 -8.9096 0 0 0 0 0 0 0 0 0 0 0 0 0 0 0 0 0 0 0 0 0 0 0 0 0 0 0 0 0 0 0 0 0 0 0 0 0 0 0 0 0 0 0 0 0 0 -6.3536 29.7096 12.2894 8.2594 8.0200 0.0000 -3.5996 -9.8006 -0.0000 0 0 0 0 0 0 0 0 0 0 0 0 0 0 0 0 0 0 0 0 0 0 0 0 0 0 0 0 0 0 0 0 0 0 0 0 0 0 0 0 0 0
-0.5757 -3.8176 -93.8693 8.3518 -5.7177 -22.4632 0 0 0 0 0 0 0 0 0 -1.1437 -9.8559 21.9566 0 0 0 0 0 0 0 8.0501 -0.0039 0 0 0 0 0 0 0 0 0 0 0 0 0 0 172.0000 0 0 0 0 0 172.0000 0 0 0 0 0 0 0 0 0 0 0 0 0 0 0 0 0 0 0 0 0 0 0 0 0 0 0 0 0 0 0 0 0 0 0 0 0 0 0 0 0 0 0 0 0 0 0 0 0 0 0 0 0 0 0 0 0 0 0 0 0 0 0 0 0 0 0 0 0 0 0 0 0 0 0 0 -40.0000 172.0000 0 0 0 0 -40.0000 179.0000 0 0 0 0 -35.0000 -176.0000 0 0 0 0 0 0 0 0 0 0 0 113.0000 0 0 0 0 0 -113.0000 0 0 0 0 0 0 0 0 0 0 -5.4704 -172.0000 0 0 172.0000 0 0 0 0 0 0 0 0 0 0 -5.8247 172.0000 0 5.0036 172.0000 0 0 0 0 0 0 0 0 0 -15.3091 0 0 0 0 0 0 0 0 0 0 0 -15.3093 0 0 0 0 0 0 0 0 0 0 0 0 0 0 0 0 0 0 0 0 0 0 0 0 0 0 0 0 0 9.1866 3.0556 23.9429 -42.4049 -23.4113 97.7368 -2.0695 -15.0885 -5.1286 0 0 0 61.1968 0 -4.6413 47.1482 0 0 17.3558 0 0 0 0 0 77.7173 -6.8718 5.7280 49.3656 0 10.1934 19.9257 0 0 0 0 0 0 0 0 81.4652 -33.2860 6.4595 45.5325 0 10.1117 21.5246 0 0 0 0 0 0 0 0 71.9760 -47.3326 -4.0210 44.8567 0 7.5405 30.5688 0 0 -25.3950 -113.1913 -10.8233 -3.4496 14.5061 -32.5585 33.5401 -11.1490 -11.9607 14.4268 -30.7333 -12.8785 0 0 0 -26.2275 22.4511 -11.4165 27.7187 -28.1831 -87.2907 5.7969 -21.2418 6.3107 0 0 0 -27.1881 0 -1.8325 -54.0510 0 0 -11.9859 0 0 0 0 0 -44.2806 0 2.7015 -69.4879 0 0 -26.5796 0 0 0 0 0 0 0 0 -49.0554 0 0.0858 -67.3061 0 0 -26.4959 0 0 0 0 0 0 0 0 -49.7603 0 1.0148 -75.0216 0 0 -35.4961 0 0 2.1770 -5.6816 2.5905 0.3642 -5.7491 15.7445 -24.4981 20.9253 -7.5045 -18.6937 24.2444 0 0 0 0 -4.5993 24.5359 39.8958 -8.4579 29.4432 -0.0000 34.9992 -8.5472 0 0 0 0 0 0 0 0 0 0 0 0 0 0 0 0 0 0 0 0 0 0 0 0 0 0 0 0 0 0 0 0 0 0 0 0 0 0 0 0 0 0 0 0 0 0 -6.2219 33.5819 5.7980 10.0601 7.4813 0.0000 -6.4886 -10.1228 -0.0000 0 0 0 0 0 0 0 0 0 0 0 0 0 0 0 0 0 0 0 0 0 0 0 0 0 0 0 0 0 0 0 0 0 0 0 0 0 0 0 0 0 0
-0.3297 -5.1683 -91.3081 8.7772 -4.9410 -24.1980 0 0 0 0 0 0 0 0 0 -3.4501 -10.2781 22.0940 0 0 0 0 0 0 0 8.0501 -0.0039 0 0 0 0 0 0 0 0 0 0 0 0 0 0 172.0000 0 0 0 0 0 172.0000 0 0 0 0 0 0 0 0 0 0 0 0 0 0 0 0 0 0 0 0 0 0 0 0 0 0 0 0 0 0 0 0 0 0 0 0 0 0 0 0 0 0 0 0 0 0 0 0 0 0 0 0 0 0 0 0 0 0 0 0 0 0 0 0 0 0 0 0 0 0 0 0 0 0 0 0 -40.0000 172.0000 0 0 0 0 -40.0000 179.0000 0 0 0 0 -35.0000 -176.0000 0 0 0 0 0 0 0 0 0 0 0 113.0000 0 0 0 0 0 -113.0000 0 0 0 0 0 0 0 0 0 0 -5.0240 -172.0000 0 0 172.0000 0 0 0 0 0 0 0 0 0 0 -5.5554 172.0000 0 4.6923 172.0000 0 0 0 0 0 0 0 0 0 -15.3085 0 0 0 0 0 0 0 0 0 0 0 -15.3045 0 0 0 0 0 0 0 0 0 0 0 0 0 0 0 0 0 0 0 0 0 0 0 0 0 0 0 0 0 2.0350 -3.0967 27.3750 -46.0365 -17.4672 103.6032 -2.9472 -18.6188 -6.2021 0 0 0 66.3378 0 0.7795 36.0447 0 0 13.2762 0 0 0 0 0 81.1013 -13.0262 6.9634 44.1315 0 10.1765 19.2933 0 0 0 0 0 0 0 0 83.2530 -33.1028 6.4712 41.2495 0 10.0795 19.9405 0 0 0 0 0 0 0 0 71.3218 -49.5816 -2.0322 42.2678 0 7.1480 27.9276 0 0 -25.7705 -110.3073 -14.9109 -2.1467 20.5904 -33.2801 38.4522 -11.1745 -16.5779 14.5185 -30.3559 -17.3249 0 0 0 -13.3242 19.5242 -14.6213 30.5039 -22.9913 -91.5313 6.2834 -23.5395 7.1288 0 0 0 -57.2999 0 -0.5238 -49.2969 0 0 -15.6084 0 0 0 0 0 -60.4312 0 2.3710 -65.9617 0 0 -24.9360 0 0 0 0 0 0 0 0 -68.8447 0 -2.3251 -58.7803 0 0 -24.2303 0 0 0 0 0 0 0 0 -64.9128 0 1.5361 -64.1993 0 0 -34.6445 0 0 0.7958 -7.7934 4.4817 0.6549 -11.4483 20.0833 -24.7776 9.7013 -4.1262 -9.0519 24.5549 0 0 0 0 -5.9197 29.3035 45.4462 -9.4306 29.5098 -0.0000 34.9997 -7.9851 0 0 0 0 0 0 0 0 0 0 0 0 0 0 0 0 0 0 0 0 0 0 0 0 0 0 0 0 0 0 0 0 0 0 0 0 0 0 0 0 0 0 0 0 0 0 -6.6795 37.0270 0.9891 10.4557 8.5089 0.0000 -8.5147 -10.1241 -0.0000 0 0 0 0 0 0 0 0 0 0 0 0 0 0 0 0 0 0 0 0 0 0 0 0 0 0 0 0 0 0 0 0 0 0 0 0 0 0 0 0 0 0
-0.5603 -4.2691 -90.3951 8.2825 -5.2321 -24.1903 0 0 0 0 0 0 0 0 0 -3.9995 -10.2071 22.0687 0 0 0 0 0 0 0 8.0501 -0.0039 0 0 0 0 0 0 0 0 0 0 0 0 0 0 172.0000 0 0 0 0 0 172.0000 0 0 0 0 0 0 0 0 0 0 0 0 0 0 0 0 0 0 0 0 0 0 0 0 0 0 0 0 0 0 0 0 0 0 0 0 0 0 0 0 0 0 0 0 0 0 0 0 0 0 0 0 0 0 0 0 0 0 0 0 0 0 0 0 0 0 0 0 0 0 0 0 0 0 0 0 -40.0000 172.0000 0 0 0 0 -40.0000 179.0000 0 0 0 0 -35.0000 -176.0000 0 0 0 0 0 0 0 0 0 0 0 113.0000 0 0 0 0 0 -113.0000 0 0 0 0 0 0 0 0 0 0 -4.2289 -172.0000 0 0 172.0000 0 0 0 0 0 0 0 0 0 0 -4.9458 172.0000 0 3.9678 172.0000 0 0 0 0 0 0 0 0 0 -15.3115 0 0 0 0 0 0 0 0 0 0 0 -15.3021 0 0 0 0 0 0 0 0 0 0 0 0 0 0 0 0 0 0 0 0 0 0 0 0 0 0 0 0 0 -1.7006 -4.8649 29.8412 -47.5794 -14.9907 106.8475 -3.3338 -19.8067 -6.5153 0 0 0 58.7248 0 4.3711 25.0969 0 0 10.6110 0 0 0 0 0 70.7648 -18.3530 6.6407 35.9805 0 10.0630 18.1866 0 0 0 0 0 0 0 0 72.9214 -33.9363 5.4745 36.4470 0 10.0224 18.5622 0 0 0 0 0 0 0 0 62.8040 -50.6448 -0.1743 37.1937 0 7.2330 23.1391 0 0 -26.3408 -108.5215 -17.7238 -1.7112 25.3682 -33.2428 39.0457 -9.8015 -16.8289 14.4359 -30.7037 -20.6583 0 0 0 -1.5039 18.3577 -18.5163 33.1635 -20.5649 -94.2975 6.5916 -25.0181 7.6741 0 0 0 -68.2340 0 4.8077 -36.3776 0 0 -14.5689 0 0 0 0 0 -67.0251 0 4.6801 -48.0334 0 0 -20.5052 0 0 0 0 0 0 0 0 -76.0836 0 -0.8235 -43.3971 0 0 -20.2445 0 0 0 0 0 0 0 0 -67.9715 0 3.9613 -45.2273 0 0 -28.4686 0 0 -0.0298 -7.9298 5.8192 6.1926 -14.4348 22.4657 -23.0986 3.8722 -6.3664 -4.7844 25.0942 0 0 0 0 -6.8835 32.8545 48.1042 -9.0000 28.9554 -0.0000 35.0000 -7.4942 0 0 0 0 0 0 0 0 0 0 0 0 0 0 0 0 0 0 0 0 0 0 0 0 0 0 0 0 0 0 0 0 0 0 0 0 0 0 0 0 0 0 0 0 0 0 -6.8592 39.1379 -1.0586 10.2181 9.5997 0.0000 -9.2956 -10.0474 -0.0000 0 0 0 0 0 0 0 0 0 0 0 0 0 0 0 0 0 0 0 0 0 0 0 0 0 0 0 0 0 0 0 0 0 0 0 0 0 0 0 0 0 0
-0.7637 -2.9392 -89.5917 7.7063 -5.5246 -24.1302 0 0 0 0 0 0 0 0 0 -3.7858 -10.0616 22.0200 0 0 0 0 0 0 0 8.0501 -0.0039 0 0 0 0 0 0 0 0 0 0 0 0 0 0 172.0000 0 0 0 0 0 172.0000 0 0 0 0 0 0 0 0 0 0 0 0 0 0 0 0 0 0 0 0 0 0 0 0 0 0 0 0 0 0 0 0 0 0 0 0 0 0 0 0 0 0 0 0 0 0 0 0 0 0 0 0 0 0 0 0 0 0 0 0 0 0 0 0 0 0 0 0 0 0 0 0 0 0 0 0 -40.0000 172.0000 0 0 0 0 -40.0000 179.0000 0 0 0 0 -35.0000 -176.0000 0 0 0 0 0 0 0 0 0 0 0 113.0000 0 0 0 0 0 -113.0000 0 0 0 0 0 0 0 0 0 0 -4.3061 -172.0000 0 0 172.0000 0 0 0 0 0 0 0 0 0 0 -5.1257 172.0000 0 4.3891 172.0000 0 0 0 0 0 0 0 0 0 -15.3140 0 0 0 0 0 0 0 0 0 0 0 -15.3017 0 0 0 0 0 0 0 0 0 0 0 0 0 0 0 0 0 0 0 0 0 0 0 0 0 0 0 0 0 -1.9218 -4.3568 30.2693 -47.5248 -16.1518 106.4512 -3.1593 -19.8782 -6.6025 0 0 0 40.2784 0 1.3491 21.3598 0 0 10.8942 0 0 0 0 0 48.3219 -20.8049 2.4862 34.7389 0 9.9966 17.5571 0 0 0 0 0 0 0 0 53.7958 -35.7249 1.5920 36.6574 0 9.9948 18.6493 0 0 0 0 0 0 0 0 46.9740 -51.2859 -2.4866 34.9629 0 7.6202 20.5511 0 0 -27.5818 -108.7993 -18.8278 -5.4407 24.8512 -29.8491 33.7124 -6.8055 -11.4277 14.0797 -30.6910 -22.1250 0 0 0 4.5098 18.7773 -20.9675 34.2492 -20.1277 -95.2913 6.5412 -25.6793 8.0302 0 0 0 -54.4222 0 6.8673 -23.1138 0 0 -10.9429 0 0 0 0 0 -58.7008 0 6.1233 -32.6350 0 0 -17.2299 0 0 0 0 0 0 0 0 -67.2223 0 1.3211 -32.6322 0 0 -17.4990 0 0 0 0 0 0 0 0 -59.5373 0 4.5361 -32.2514 0 0 -21.4787 0 0 -0.2098 -6.2215 4.0803 10.5450 -15.9493 22.9709 -22.2363 3.4112 -10.1382 -4.7546 25.3411 0 0 0 0 -7.5438 34.1266 48.3932 -8.2740 28.3190 -0.0000 35.0001 -7.3594 0 0 0 0 0 0 0 0 0 0 0 0 0 0 0 0 0 0 0 0 0 0 0 0 0 0 0 0 0 0 0 0 0 0 0 0 0 0 0 0 0 0 0 0 0 0 -5.2815 40.1671 -0.1045 9.9255 10.1114 0.0000 -9.3153 -9.9996 -0.0000 0 0 0 0 0 0 0 0 0 0 0 0 0 0 0 0 0 0 0 0 0 0 0 0 0 0 0 0 0 0 0 0 0 0 0 0 0 0 0 0 0 0
-1.0777 -1.6755 -88.8968 7.2382 -6.1061 -24.0955 0 0 0 0 0 0 0 0 0 -3.5745 -9.8651 21.9959 0 0 0 0 0 0 0 8.0501 -0.0039 0 0 0 0 0 0 0 0 0 0 0 0 0 0 172.0000 0 0 0 0 0 172.0000 0 0 0 0 0 0 0 0 0 0 0 0 0 0 0 0 0 0 0 0 0 0 0 0 0 0 0 0 0 0 0 0 0 0 0 0 0 0 0 0 0 0 0 0 0 0 0 0 0 0 0 0 0 0 0 0 0 0 0 0 0 0 0 0 0 0 0 0 0 0 0 0 0 0 0 0 -40.0000 172.0000 0 0 0 0 -40.0000 179.0000 0 0 0 0 -35.0000 -176.0000 0 0 0 0 0 0 0 0 0 0 0 113.0000 0 0 0 0 0 -113.0000 0 0 0 0 0 0 0 0 0 0 -5.6318 -172.0000 0 0 172.0000 0 0 0 0 0 0 0 0 0 0 -6.4672 172.0000 0 6.4866 172.0000 0 0 0 0 0 0 0 0 0 -15.3101 0 0 0 0 0 0 0 0 0 0 0 -15.3020 0 0 0 0 0 0 0 0 0 0 0 0 0 0 0 0 0 0 0 0 0 0 0 0 0 0 0 0 0 -0.8884 -3.5083 29.3871 -47.2128 -16.4464 104.7551 -2.7054 -19.4192 -6.5549 0 0 0 25.3199 0 -0.2971 24.6168 0 0 10.8002 0 0 0 0 0 28.0239 -22.1916 -0.6709 37.5289 0 9.9828 14.7569 0 0 0 0 0 0 0 0 37.0873 -37.5407 -0.6382 38.4963 0 9.9914 17.7261 0 0 0 0 0 0 0 0 33.7850 -52.7506 -5.2859 34.9517 0 7.7311 20.1489 0 0 -27.1264 -108.4037 -19.3522 -11.9532 19.1379 -23.8548 25.4966 -8.0715 -4.5130 12.9764 -27.2531 -20.9325 0 0 0 4.2885 19.3065 -21.1638 34.3005 -20.3783 -95.5343 6.1800 -25.7417 8.1678 0 0 0 -33.8070 0 7.7773 -18.9859 0 0 -10.1144 0 0 0 0 0 -39.6233 0 7.2315 -30.3275 0 0 -16.1212 0 0 0 0 0 0 0 0 -49.1133 0 4.1365 -32.3282 0 0 -17.3644 0 0 0 0 0 0 0 0 -43.9370 0 6.5442 -29.7538 0 0 -18.6445 0 0 -0.1230 -4.5667 2.0842 14.1581 -16.7964 21.8006 -22.0073 5.0379 -12.6960 -7.5121 25.3564 0 0 0 0 -8.5695 33.2329 47.8918 -8.3804 28.8772 -0.0000 34.5267 -7.8489 0 0 0 0 0 0 0 0 0 0 0 0 0 0 0 0 0 0 0 0 0 0 0 0 0 0 0 0 0 0 0 0 0 0 0 0 0 0 0 0 0 0 0 0 0 0 -1.0560 41.1242 4.0892 9.8283 9.7804 0.0000 -9.0747 -9.9883 -0.0000 0 0 0 0 0 0 0 0 0 0 0 0 0 0 0 0 0 0 0 0 0 0 0 0 0 0 0 0 0 0 0 0 0 0 0 0 0 0 0 0 0 0
-1.4615 -0.5961 -88.4808 6.7356 -6.5875 -23.9395 0 0 0 0 0 0 0 0 0 -3.6015 -9.5315 21.9926 0 0 0 0 0 0 0 8.0501 -0.0039 0 0 0 0 0 0 0 0 0 0 0 0 0 0 172.0000 0 0 0 0 0 172.0000 0 0 0 0 0 0 0 0 0 0 0 0 0 0 0 0 0 0 0 0 0 0 0 0 0 0 0 0 0 0 0 0 0 0 0 0 0 0 0 0 0 0 0 0 0 0 0 0 0 0 0 0 0 0 0 0 0 0 0 0 0 0 0 0 0 0 0 0 0 0 0 0 0 0 0 0 -40.0000 172.0000 0 0 0 0 -40.0000 179.0000 0 0 0 0 -35.0000 -176.0000 0 0 0 0 0 0 0 0 0 0 0 113.0000 0 0 0 0 0 -113.0000 0 0 0 0 0 0 0 0 0 0 -6.6068 -172.0000 0 0 172.0000 0 0 0 0 0 0 0 0 0 0 -7.3575 172.0000 0 7.7471 172.0000 0 0 0 0 0 0 0 0 0 -15.3045 0 0 0 0 0 0 0 0 0 0 0 -15.3025 0 0 0 0 0 0 0 0 0 0 0 0 0 0 0 0 0 0 0 0 0 0 0 0 0 0 0 0 0 1.2290 -1.6599 27.0016 -46.8599 -15.3940 103.2359 -2.2882 -17.8722 -6.0544 0 0 0 22.2041 0 3.6005 34.1901 0 0 8.1632 0 0 0 0 0 21.2698 -24.9094 1.1885 40.2920 0 9.9901 8.4856 0 0 0 0 0 0 0 0 32.0289 -40.6368 3.3009 38.4908 0 9.9959 14.4483 0 0 0 0 0 0 0 0 31.9329 -55.6262 -4.6447 35.0332 0 7.8157 20.4609 0 0 -24.4333 -106.2605 -19.1864 -18.9991 12.3192 -20.4648 17.5549 -15.4564 -0.1727 11.6732 -21.6203 -16.9234 0 0 0 2.0456 20.7008 -20.4095 33.9623 -20.9061 -95.6207 5.7206 -24.9932 7.7919 0 0 0 -22.3160 0 5.1123 -23.8746 0 0 -10.3537 0 0 0 0 0 -25.4187 0 6.3910 -35.3028 0 0 -14.0226 0 0 0 0 0 0 0 0 -35.9654 0 4.9026 -36.1059 0 0 -16.9767 0 0 0 0 0 0 0 0 -33.4184 0 8.4634 -32.3420 0 0 -18.8813 0 0 -0.0258 -3.0910 0.9577 15.2506 -14.7956 19.2939 -21.9122 9.1689 -18.0651 -11.5786 25.3866 0 0 0 0 -9.6103 30.8618 47.2532 -9.1853 32.2800 -0.0000 32.8575 -8.9454 0 0 0 0 0 0 0 0 0 0 0 0 0 0 0 0 0 0 0 0 0 0 0 0 0 0 0 0 0 0 0 0 0 0 0 0 0 0 0 0 0 0 0 0 0 0 4.6925 42.5787 10.4100 9.8656 9.5365 0.0000 -8.5154 -9.9929 -0.0000 0 0 0 0 0 0 0 0 0 0 0 0 0 0 0 0 0 0 0 0 0 0 0 0 0 0 0 0 0 0 0 0 0 0 0 0 0 0 0 0 0 0
-1.6848 -0.0434 -88.3243 6.2927 -6.9344 -23.6890 0 0 0 0 0 0 0 0 0 -3.4771 -8.8694 21.4927 0 0 0 0 0 0 0 8.0501 -0.0039 0 0 0 0 0 0 0 0 0 0 0 0 0 0 172.0000 0 0 0 0 0 172.0000 0 0 0 0 0 0 0 0 0 0 0 0 0 0 0 0 0 0 0 0 0 0 0 0 0 0 0 0 0 0 0 0 0 0 0 0 0 0 0 0 0 0 0 0 0 0 0 0 0 0 0 0 0 0 0 0 0 0 0 0 0 0 0 0 0 0 0 0 0 0 0 0 0 0 0 0 -40.0000 172.0000 0 0 0 0 -40.0000 179.0000 0 0 0 0 -35.0000 -176.0000 0 0 0 0 0 0 0 0 0 0 0 113.0000 0 0 0 0 0 -113.0000 0 0 0 0 0 0 0 0 0 0 -6.4707 -172.0000 0 0 172.0000 0 0 0 0 0 0 0 0 0 0 -7.1147 172.0000 0 7.1311 172.0000 0 0 0 0 0 0 0 0 0 -15.3021 0 0 0 0 0 0 0 0 0 0 0 -15.3031 0 0 0 0 0 0 0 0 0 0 0 0 0 0 0 0 0 0 0 0 0 0 0 0 0 0 0 0 0 4.9913 0.7568 23.1611 -45.7493 -16.0925 102.1965 -2.0021 -15.5230 -5.2150 0 0 0 23.0660 0 6.0772 47.2228 0 0 6.3414 0 0 0 0 0 24.8283 -27.1658 2.4196 43.6775 0 9.9980 4.5323 0 0 0 0 0 0 0 0 36.3713 -43.5987 6.7890 38.2848 0 9.9995 11.9600 0 0 0 0 0 0 0 0 39.1377 -58.3197 -2.8380 35.1409 0 7.9503 21.1947 0 0 -21.3818 -103.6113 -18.6103 -25.8127 9.1199 -20.1639 12.4625 -23.2144 0.4215 13.4124 -17.9341 -13.5861 0 0 0 -0.6301 23.3363 -20.0365 32.8931 -22.0513 -94.7031 5.4038 -23.5411 7.0324 0 0 0 -24.5437 0 -1.9558 -35.9647 0 0 -9.0319 0 0 0 0 0 -25.1549 0 2.0536 -40.8575 0 0 -8.9294 0 0 0 0 0 0 0 0 -36.2403 0 1.7452 -38.0924 0 0 -14.4689 0 0 0 0 0 0 0 0 -36.0791 0 8.9018 -34.2943 0 0 -19.6374 0 0 0.0135 -2.2258 1.0453 14.6614 -9.9616 16.1665 -21.8602 15.1084 -27.4667 -16.4384 25.4931 0 0 0 0 -10.1022 27.8144 46.2689 -9.8841 37.5419 -0.0000 30.3283 -9.8631 0 0 0 0 0 0 0 0 0 0 0 0 0 0 0 0 0 0 0 0 0 0 0 0 0 0 0 0 0 0 0 0 0 0 0 0 0 0 0 0 0 0 0 0 0 0 9.0272 44.0276 16.3473 9.9350 9.3229 0.0000 -7.7960 -9.9984 -0.0000 0 0 0 0 0 0 0 0 0 0 0 0 0 0 0 0 0 0 0 0 0 0 0 0 0 0 0 0 0 0 0 0 0 0 0 0 0 0 0 0 0 0
-1.6721 -0.1052 -88.5709 5.9325 -7.4091 -23.3807 0 0 0 0 0 0 0 0 0 -2.9854 -7.1426 20.0587 0 0 0 0 0 0 0 8.0501 -0.0039 0 0 0 0 0 0 0 0 0 0 0 0 0 0 172.0000 0 0 0 0 0 172.0000 0 0 0 0 0 0 0 0 0 0 0 0 0 0 0 0 0 0 0 0 0 0 0 0 0 0 0 0 0 0 0 0 0 0 0 0 0 0 0 0 0 0 0 0 0 0 0 0 0 0 0 0 0 0 0 0 0 0 0 0 0 0 0 0 0 0 0 0 0 0 0 0 0 0 0 0 -40.0000 172.0000 0 0 0 0 -40.0000 179.0000 0 0 0 0 -35.0000 -176.0000 0 0 0 0 0 0 0 0 0 0 0 113.0000 0 0 0 0 0 -113.0000 0 0 0 0 0 0 0 0 0 0 -5.8841 -172.0000 0 0 172.0000 0 0 0 0 0 0 0 0 0 0 -6.5096 172.0000 0 5.9560 172.0000 0 0 0 0 0 0 0 0 0 -15.3021 0 0 0 0 0 0 0 0 0 0 0 -15.3049 0 0 0 0 0 0 0 0 0 0 0 0 0 0 0 0 0 0 0 0 0 0 0 0 0 0 0 0 0 9.5910 1.1900 18.9871 -43.3436 -18.7187 101.8690 -1.8034 -13.1068 -4.3510 0 0 0 16.7991 0 7.5449 57.4601 0 0 7.4658 0 0 0 0 0 30.0193 -27.4770 1.4090 49.3725 0 10.0008 6.5938 0 0 0 0 0 0 0 0 41.7167 -44.0115 5.0429 41.8240 0 9.8220 12.1647 0 0 0 0 0 0 0 0 48.2700 -58.6917 -1.1659 37.2510 0 7.8208 22.8474 0 0 -18.4170 -100.9487 -20.5919 -28.9348 11.5494 -19.9095 10.3320 -25.2797 -0.6887 16.5970 -17.5942 -12.1831 0 0 0 -4.5955 27.0634 -20.9128 30.0327 -24.8229 -91.7927 5.3585 -21.9902 6.3158 0 0 0 -28.3649 0 -5.6262 -43.9409 0 0 -6.5714 0 0 0 0 0 -35.7658 0 -1.2473 -48.7683 0 0 -6.7675 0 0 0 0 0 0 0 0 -47.5744 0 -2.1747 -41.9011 0 0 -13.3886 0 0 0 0 0 0 0 0 -49.2366 0 7.3934 -35.1286 0 0 -20.3102 0 0 1.0586 -4.8831 3.6193 17.5604 -8.2950 14.2884 -21.4009 17.0809 -32.4673 -20.5538 25.5028 0 0 0 0 -10.1571 24.2836 44.4543 -10.1240 41.8257 -0.0000 27.6648 -10.1686 0 0 0 0 0 0 0 0 0 0 0 0 0 0 0 0 0 0 0 0 0 0 0 0 0 0 0 0 0 0 0 0 0 0 0 0 0 0 0 0 0 0 0 0 0 0 10.6476 44.4762 20.9769 9.9773 7.6187 0.0000 -7.1002 -10.0007 -0.0000 0 0 0 0 0 0 0 0 0 0 0 0 0 0 0 0 0 0 0 0 0 0 0 0 0 0 0 0 0 0 0 0 0 0 0 0 0 0 0 0 0 0
-1.4841 -0.7697 -89.3181 5.5277 -7.9392 -23.0629 0 0 0 0 0 0 0 0 0 -2.6625 -4.6985 18.3501 0 0 0 0 0 0 0 8.0501 -0.0039 0 0 0 0 0 0 0 0 0 0 0 0 0 0 172.0000 0 0 0 0 0 172.0000 0 0 0 0 0 0 0 0 0 0 0 0 0 0 0 0 0 0 0 0 0 0 0 0 0 0 0 0 0 0 0 0 0 0 0 0 0 0 0 0 0 0 0 0 0 0 0 0 0 0 0 0 0 0 0 0 0 0 0 0 0 0 0 0 0 0 0 0 0 0 0 0 0 0 0 0 -40.0000 172.0000 0 0 0 0 -40.0000 179.0000 0 0 0 0 -35.0000 -176.0000 0 0 0 0 0 0 0 0 0 0 0 113.0000 0 0 0 0 0 -113.0000 0 0 0 0 0 0 0 0 0 0 -5.2120 -172.0000 0 0 172.0000 0 0 0 0 0 0 0 0 0 0 -5.9265 172.0000 0 4.9027 172.0000 0 0 0 0 0 0 0 0 0 -15.3033 0 0 0 0 0 0 0 0 0 0 0 -15.3075 0 0 0 0 0 0 0 0 0 0 0 0 0 0 0 0 0 0 0 0 0 0 0 0 0 0 0 0 0 13.4387 -0.4226 15.8559 -40.6579 -21.3980 102.0016 -1.7550 -10.9466 -3.5910 0 0 0 13.3287 0 9.6373 58.3389 0 0 8.3166 0 0 0 0 0 38.5713 -27.2983 0.8288 55.7978 0 10.0004 9.5141 0 0 0 0 0 0 0 0 49.3769 -42.9889 3.3679 49.4608 0 9.5047 12.0853 0 0 0 0 0 0 0 0 57.8037 -57.8018 0.5067 39.9630 0 7.4873 23.4257 0 0 -16.1988 -98.6748 -23.5200 -28.2984 16.5786 -19.1494 11.4508 -22.0096 -1.0243 17.5760 -19.2629 -10.5484 0 0 0 -9.2537 31.2625 -22.9785 26.0424 -28.8064 -87.8353 5.6881 -20.8761 5.8464 0 0 0 -25.7256 0 -3.4794 -40.2078 0 0 -4.3283 0 0 0 0 0 -50.9835 0 0.0273 -58.3354 0 0 -9.1929 0 0 0 0 0 0 0 0 -62.7404 0 -4.5896 -50.0156 0 0 -13.9355 0 0 0 0 0 0 0 0 -65.7837 0 2.1571 -35.9851 0 0 -20.3189 0 0 4.3988 -11.6099 9.2234 25.2239 -10.0930 15.0504 -19.3108 13.1949 -30.9125 -22.0886 25.4351 0 0 0 0 -10.0728 21.7267 42.0880 -10.1048 42.9269 -0.0000 25.6966 -10.1375 0 0 0 0 0 0 0 0 0 0 0 0 0 0 0 0 0 0 0 0 0 0 0 0 0 0 0 0 0 0 0 0 0 0 0 0 0 0 0 0 0 0 0 0 0 0 10.6333 44.0042 24.5618 9.8500 5.3796 0.0000 -6.5476 -10.0008 -0.0000 0 0 0 0 0 0 0 0 0 0 0 0 0 0 0 0 0 0 0 0 0 0 0 0 0 0 0 0 0 0 0 0 0 0 0 0 0 0 0 0 0 0
-1.2614 -1.5939 -90.2310 5.1739 -8.3777 -22.9410 0 0 0 0 0 0 0 0 0 -2.9338 -3.1856 17.5042 0 0 0 0 0 0 0 8.0501 -0.0039 0 0 0 0 0 0 0 0 0 0 0 0 0 0 172.0000 0 0 0 0 0 172.0000 0 0 0 0 0 0 0 0 0 0 0 0 0 0 0 0 0 0 0 0 0 0 0 0 0 0 0 0 0 0 0 0 0 0 0 0 0 0 0 0 0 0 0 0 0 0 0 0 0 0 0 0 0 0 0 0 0 0 0 0 0 0 0 0 0 0 0 0 0 0 0 0 0 0 0 0 -40.0000 172.0000 0 0 0 0 -40.0000 179.0000 0 0 0 0 -35.0000 -176.0000 0 0 0 0 0 0 0 0 0 0 0 113.0000 0 0 0 0 0 -113.0000 0 0 0 0 0 0 0 0 0 0 -5.0075 -172.0000 0 0 172.0000 0 0 0 0 0 0 0 0 0 0 -5.7600 172.0000 0 4.5230 172.0000 0 0 0 0 0 0 0 0 0 -15.3056 0 0 0 0 0 0 0 0 0 0 0 -15.3067 0 0 0 0 0 0 0 0 0 0 0 0 0 0 0 0 0 0 0 0 0 0 0 0 0 0 0 0 0 15.1989 -1.5821 14.5566 -39.2926 -22.7387 101.8409 -1.9330 -9.8489 -3.1925 0 0 0 19.0497 0 10.0923 46.8027 0 0 6.7199 0 0 0 0 0 47.0149 -27.2902 0.1829 52.1485 0 9.9997 7.9726 0 0 0 0 0 0 0 0 59.1511 -42.6625 3.6828 55.3277 0 9.4249 9.6880 0 0 0 0 0 0 0 0 65.4034 -57.5418 2.2744 40.7830 0 7.3924 22.0233 0 0 -15.9415 -98.2873 -23.8487 -27.5415 17.5678 -17.2709 14.9385 -15.9158 -0.4697 16.8962 -22.3853 -9.8094 0 0 0 -12.2687 33.9585 -24.5214 23.4864 -31.4178 -85.3290 6.3469 -20.6981 5.8106 0 0 0 -24.5568 0 -0.9504 -33.5485 0 0 -3.8203 0 0 0 0 0 -58.8595 0 3.6526 -55.6799 0 0 -8.5615 0 0 0 0 0 0 0 0 -71.3552 0 -5.6442 -55.3362 0 0 -12.7575 0 0 0 0 0 0 0 0 -73.3737 0 -2.9365 -37.7288 0 0 -20.0567 0 0 6.8327 -15.5960 16.0964 30.1237 -9.4384 18.2679 -15.6428 9.4174 -26.6145 -20.3316 25.3704 0 0 0 0 -9.6408 21.6148 40.2834 -8.9024 40.2789 -0.0000 26.6433 -8.6348 0 0 0 0 0 0 0 0 0 0 0 0 0 0 0 0 0 0 0 0 0 0 0 0 0 0 0 0 0 0 0 0 0 0 0 0 0 0 0 0 0 0 0 0 0 0 9.4699 43.2274 25.0180 8.8698 4.8774 0.0000 -6.7562 -10.0003 -0.0000 0 0 0 0 0 0 0 0 0 0 0 0 0 0 0 0 0 0 0 0 0 0 0 0 0 0 0 0 0 0 0 0 0 0 0 0 0 0 0 0 0 0
-1.1167 -1.8359 -90.8457 5.3573 -8.9159 -23.3923 0 0 0 0 0 0 0 0 0 -3.6165 -2.8035 17.9428 0 0 0 0 0 0 0 8.0501 -0.0039 0 0 0 0 0 0 0 0 0 0 0 0 0 0 172.0000 0 0 0 0 0 172.0000 0 0 0 0 0 0 0 0 0 0 0 0 0 0 0 0 0 0 0 0 0 0 0 0 0 0 0 0 0 0 0 0 0 0 0 0 0 0 0 0 0 0 0 0 0 0 0 0 0 0 0 0 0 0 0 0 0 0 0 0 0 0 0 0 0 0 0 0 0 0 0 0 0 0 0 0 -40.0000 172.0000 0 0 0 0 -40.0000 179.0000 0 0 0 0 -35.0000 -176.0000 0 0 0 0 0 0 0 0 0 0 0 113.0000 0 0 0 0 0 -113.0000 0 0 0 0 0 0 0 0 0 0 -5.2075 -172.0000 0 0 172.0000 0 0 0 0 0 0 0 0 0 0 -5.8723 172.0000 0 4.6304 172.0000 0 0 0 0 0 0 0 0 0 -15.3069 0 0 0 0 0 0 0 0 0 0 0 -15.3037 0 0 0 0 0 0 0 0 0 0 0 0 0 0 0 0 0 0 0 0 0 0 0 0 0 0 0 0 0 14.3307 -2.8046 15.5823 -38.2290 -23.2291 100.5705 -2.0930 -10.0614 -3.2326 0 0 0 25.8003 0 7.1187 40.0920 0 0 7.7901 0 0 0 0 0 45.7711 -27.3197 0.1725 45.0648 0 9.9997 7.7351 0 0 0 0 0 0 0 0 61.4457 -42.8944 3.4207 60.0506 0 9.4920 10.7357 0 0 0 0 0 0 0 0 63.8368 -57.7270 2.5946 47.8666 0 7.4567 24.0085 0 0 -16.3433 -98.7270 -23.3208 -24.7999 13.4454 -15.8503 18.2501 -12.4077 -0.3418 14.7921 -25.0525 -10.2895 0 0 0 -12.6021 34.2509 -24.9847 22.5948 -32.1625 -84.4498 6.6815 -21.2458 6.0503 0 0 0 -25.5468 0 -0.3587 -29.4083 0 0 -4.5524 0 0 0 0 0 -53.5026 0 7.4536 -40.5746 0 0 -4.0832 0 0 0 0 0 0 0 0 -71.2853 0 -5.8019 -56.0641 0 0 -10.6519 0 0 0 0 0 0 0 0 -71.2533 0 -4.8259 -42.7179 0 0 -20.9159 0 0 4.8376 -12.3732 20.8611 27.2627 -5.5150 22.7856 -14.4231 10.4513 -20.6467 -16.5414 24.9727 0 0 0 0 -8.3909 23.0245 40.1814 -5.9246 36.5256 -0.0000 30.1826 -5.2868 0 0 0 0 0 0 0 0 0 0 0 0 0 0 0 0 0 0 0 0 0 0 0 0 0 0 0 0 0 0 0 0 0 0 0 0 0 0 0 0 0 0 0 0 0 0 6.3052 42.7413 21.1199 7.0455 5.5914 0.0000 -8.0197 -10.0000 -0.0000 0 0 0 0 0 0 0 0 0 0 0 0 0 0 0 0 0 0 0 0 0 0 0 0 0 0 0 0 0 0 0 0 0 0 0 0 0 0 0 0 0 0
-1.0437 -1.6895 -91.0669 5.8506 -9.4193 -24.0379 0 0 0 0 0 0 0 0 0 -4.2324 -2.9765 18.8520 0 0 0 0 0 0 0 8.0501 -0.0039 0 0 0 0 0 0 0 0 0 0 0 0 0 0 172.0000 0 0 0 0 0 172.0000 0 0 0 0 0 0 0 0 0 0 0 0 0 0 0 0 0 0 0 0 0 0 0 0 0 0 0 0 0 0 0 0 0 0 0 0 0 0 0 0 0 0 0 0 0 0 0 0 0 0 0 0 0 0 0 0 0 0 0 0 0 0 0 0 0 0 0 0 0 0 0 0 0 0 0 0 -40.0000 172.0000 0 0 0 0 -40.0000 179.0000 0 0 0 0 -35.0000 -176.0000 0 0 0 0 0 0 0 0 0 0 0 113.0000 0 0 0 0 0 -113.0000 0 0 0 0 0 0 0 0 0 0 -4.9672 -172.0000 0 0 172.0000 0 0 0 0 0 0 0 0 0 0 -5.5744 172.0000 0 4.3054 172.0000 0 0 0 0 0 0 0 0 0 -15.3053 0 0 0 0 0 0 0 0 0 0 0 -15.3030 0 0 0 0 0 0 0 0 0 0 0 0 0 0 0 0 0 0 0 0 0 0 0 0 0 0 0 0 0 11.5144 -5.4964 18.4706 -36.1832 -23.7542 98.4180 -1.9792 -10.9097 -3.5196 0 0 0 34.3349 0 1.4749 50.4695 0 0 14.0489 0 0 0 0 0 41.6950 -29.1003 2.2698 49.8883 0 9.9998 14.4260 0 0 0 0 0 0 0 0 54.5041 -42.8929 2.2616 62.4877 0 9.4893 17.6149 0 0 0 0 0 0 0 0 53.7241 -57.7203 -0.7709 58.3578 0 7.4528 29.5219 0 0 -17.2591 -98.6924 -23.3161 -19.2497 9.0692 -19.0859 22.8627 -13.0864 -2.5638 13.5019 -25.8067 -11.5429 0 0 0 -10.8558 32.8493 -25.5511 22.0996 -32.2967 -83.8648 6.1591 -21.9409 6.1829 0 0 0 -25.2555 0 -0.5554 -28.5984 0 0 -4.7641 0 0 0 0 0 -46.5043 0 9.5518 -32.6745 0 0 -1.3672 0 0 0 0 0 0 0 0 -70.6777 0 -6.3196 -56.4305 0 0 -8.0555 0 0 0 0 0 0 0 0 -70.6484 0 -5.4666 -47.7444 0 0 -21.6455 0 0 1.3577 -6.3708 18.3373 22.0440 -2.4203 26.0993 -18.1935 12.7090 -15.2704 -13.3895 24.3155 0 0 0 0 -6.8354 25.3808 41.8559 -3.6579 33.9011 -0.0000 32.8879 -2.6036 0 0 0 0 0 0 0 0 0 0 0 0 0 0 0 0 0 0 0 0 0 0 0 0 0 0 0 0 0 0 0 0 0 0 0 0 0 0 0 0 0 0 0 0 0 0 2.0731 43.2151 16.3774 5.7211 5.9586 0.0000 -9.6434 -9.9999 -0.0000 0 0 0 0 0 0 0 0 0 0 0 0 0 0 0 0 0 0 0 0 0 0 0 0 0 0 0 0 0 0 0 0 0 0 0 0 0 0 0 0 0 0
-0.9858 -1.6782 -91.0541 6.2625 -9.5967 -24.4810 0 0 0 0 0 0 0 0 0 -4.8330 -3.6770 19.6066 0 0 0 0 0 0 0 8.0501 -0.0039 0 0 0 0 0 0 0 0 0 0 0 0 0 0 172.0000 0 0 0 0 0 172.0000 0 0 0 0 0 0 0 0 0 0 0 0 0 0 0 0 0 0 0 0 0 0 0 0 0 0 0 0 0 0 0 0 0 0 0 0 0 0 0 0 0 0 0 0 0 0 0 0 0 0 0 0 0 0 0 0 0 0 0 0 0 0 0 0 0 0 0 0 0 0 0 0 0 0 0 0 -40.0000 172.0000 0 0 0 0 -40.0000 179.0000 0 0 0 0 -35.0000 -176.0000 0 0 0 0 0 0 0 0 0 0 0 113.0000 0 0 0 0 0 -113.0000 0 0 0 0 0 0 0 0 0 0 -4.3674 -172.0000 0 0 172.0000 0 0 0 0 0 0 0 0 0 0 -5.0764 172.0000 0 3.8330 172.0000 0 0 0 0 0 0 0 0 0 -15.3030 0 0 0 0 0 0 0 0 0 0 0 -15.3043 0 0 0 0 0 0 0 0 0 0 0 0 0 0 0 0 0 0 0 0 0 0 0 0 0 0 0 0 0 7.8688 -9.1053 22.1238 -34.7235 -24.0877 97.5798 -1.8706 -12.7198 -4.1755 0 0 0 40.5504 0 -0.2249 57.8727 0 0 18.4054 0 0 0 0 0 38.7052 -32.2675 5.2037 52.1694 0 9.9999 20.4040 0 0 0 0 0 0 0 0 42.9389 -42.8573 0.9465 54.7657 0 9.4795 22.0563 0 0 0 0 0 0 0 0 41.6040 -57.7009 -6.1520 56.2481 0 7.4507 31.7400 0 0 -18.9235 -98.6404 -23.2543 -16.9237 7.7153 -24.9607 27.5858 -13.8230 -5.5472 13.4807 -25.6720 -13.3155 0 0 0 -8.0648 30.5284 -26.6856 22.4147 -31.9965 -84.0224 5.4909 -23.2146 6.5489 0 0 0 -26.6972 0 -0.6406 -32.6067 0 0 -6.3775 0 0 0 0 0 -43.3833 0 7.8854 -35.1005 0 0 -4.1610 0 0 0 0 0 0 0 0 -66.2029 0 -6.1998 -53.4220 0 0 -7.9558 0 0 0 0 0 0 0 0 -66.1579 0 -3.2522 -47.2163 0 0 -22.5826 0 0 0.2906 -6.7358 17.0535 20.1948 -2.6485 26.5665 -22.1702 12.8634 -14.6012 -10.5591 24.2478 0 0 0 0 -6.1999 27.7309 43.6894 -3.2940 32.5865 -0.0000 34.1277 -1.2995 0 0 0 0 0 0 0 0 0 0 0 0 0 0 0 0 0 0 0 0 0 0 0 0 0 0 0 0 0 0 0 0 0 0 0 0 0 0 0 0 0 0 0 0 0 0 -0.8743 44.2706 13.6171 5.3574 6.0681 0.0000 -10.7440 -10.0000 -0.0000 0 0 0 0 0 0 0 0 0 0 0 0 0 0 0 0 0 0 0 0 0 0 0 0 0 0 0 0 0 0 0 0 0 0 0 0 0 0 0 0 0 0
-0.9219 -1.5810 -90.7769 7.2269 -9.8443 -25.3666 0 0 0 0 0 0 0 0 0 -5.6389 -4.4177 20.2183 0 0 0 0 0 0 0 8.0501 -0.0039 0 0 0 0 0 0 0 0 0 0 0 0 0 0 172.0000 0 0 0 0 0 172.0000 0 0 0 0 0 0 0 0 0 0 0 0 0 0 0 0 0 0 0 0 0 0 0 0 0 0 0 0 0 0 0 0 0 0 0 0 0 0 0 0 0 0 0 0 0 0 0 0 0 0 0 0 0 0 0 0 0 0 0 0 0 0 0 0 0 0 0 0 0 0 0 0 0 0 0 0 -40.0000 172.0000 0 0 0 0 -40.0000 179.0000 0 0 0 0 -35.0000 -176.0000 0 0 0 0 0 0 0 0 0 0 0 113.0000 0 0 0 0 0 -113.0000 0 0 0 0 0 0 0 0 0 0 -4.1691 -172.0000 0 0 172.0000 0 0 0 0 0 0 0 0 0 0 -4.9696 172.0000 0 3.7776 172.0000 0 0 0 0 0 0 0 0 0 -15.3026 0 0 0 0 0 0 0 0 0 0 0 -15.3043 0 0 0 0 0 0 0 0 0 0 0 0 0 0 0 0 0 0 0 0 0 0 0 0 0 0 0 0 0 3.4034 -13.3261 26.5815 -36.5414 -24.9954 100.3108 -2.3257 -16.5036 -5.5190 0 0 0 47.4761 0 3.5625 52.6141 0 0 17.1013 0 0 0 0 0 43.2928 -31.8661 7.5996 43.3003 0 9.9999 19.2757 0 0 0 0 0 0 0 0 43.3186 -41.2843 2.4476 42.2545 0 9.5629 19.8351 0 0 0 0 0 0 0 0 40.0251 -61.1455 -14.6293 43.7133 0 5.3438 27.9168 0 0 -23.5630 -97.9097 -19.0098 -16.2860 6.5952 -24.0497 30.1857 -19.4740 -8.4079 15.9385 -27.0171 -13.6787 0 0 0 -4.6289 29.4777 -27.0892 25.6545 -29.2052 -87.2251 5.7483 -25.8603 7.8378 0 0 0 -30.7627 0 -0.7153 -40.7413 0 0 -11.0552 0 0 0 0 0 -37.3236 0 3.4239 -38.2426 0 0 -11.6121 0 0 0 0 0 0 0 0 -50.9689 0 -3.6650 -46.1581 0 0 -12.9489 0 0 0 0 0 0 0 0 -50.8079 0 3.1050 -43.5680 0 0 -25.3779 0 0 1.6886 -15.6834 30.0865 22.0366 -4.7791 25.1989 -23.2974 14.2172 -20.6168 -8.7837 24.8350 0 0 0 0 -6.7950 29.4202 45.4052 -3.8414 31.6724 -0.0000 34.8534 -0.3545 0 0 0 0 0 0 0 0 0 0 0 0 0 0 0 0 0 0 0 0 0 0 0 0 0 0 0 0 0 0 0 0 0 0 0 0 0 0 0 0 0 0 0 0 0 0 -2.7813 44.9767 11.2100 5.8531 6.2111 0.0000 -12.1184 -10.0000 -0.0000 0 0 0 0 0 0 0 0 0 0 0 0 0 0 0 0 0 0 0 0 0 0 0 0 0 0 0 0 0 0 0 0 0 0 0 0 0 0 0 0 0 0
-0.9987 -1.0103 -90.7723 8.5819 -10.3404 -26.1237 0 0 0 0 0 0 0 0 0 -6.2518 -4.7356 20.5510 0 0 0 0 0 0 0 8.0501 -0.0039 0 0 0 0 0 0 0 0 0 0 0 0 0 0 172.0000 0 0 0 0 0 172.0000 0 0 0 0 0 0 0 0 0 0 0 0 0 0 0 0 0 0 0 0 0 0 0 0 0 0 0 0 0 0 0 0 0 0 0 0 0 0 0 0 0 0 0 0 0 0 0 0 0 0 0 0 0 0 0 0 0 0 0 0 0 0 0 0 0 0 0 0 0 0 0 0 0 0 0 0 -40.0000 172.0000 0 0 0 0 -40.0000 179.0000 0 0 0 0 -35.0000 -176.0000 0 0 0 0 0 0 0 0 0 0 0 113.0000 0 0 0 0 0 -113.0000 0 0 0 0 0 0 0 0 0 0 -4.3827 -172.0000 0 0 172.0000 0 0 0 0 0 0 0 0 0 0 -5.0795 172.0000 0 3.8270 172.0000 0 0 0 0 0 0 0 0 0 -15.3039 0 0 0 0 0 0 0 0 0 0 0 -15.3029 0 0 0 0 0 0 0 0 0 0 0 0 0 0 0 0 0 0 0 0 0 0 0 0 0 0 0 0 0 -0.9840 -13.9642 31.1653 -41.6584 -32.3098 109.7108 -3.5533 -21.4936 -7.2752 0 0 0 55.8494 0 8.0823 48.6025 0 0 12.8396 0 0 0 0 0 56.0639 -30.9115 9.7982 36.8904 0 9.9999 13.6609 0 0 0 0 0 0 0 0 57.0485 -40.1943 6.3218 37.4343 0 9.7748 12.6600 0 0 0 0 0 0 0 0 47.0493 -68.2816 -24.1559 34.7114 0 1.9925 24.1991 0 0 -29.6322 -95.5505 -12.6528 -10.0393 5.3493 -15.7622 33.1093 -30.3019 -12.5103 22.1509 -30.3240 -12.5901 0 0 0 -0.9650 32.0059 -25.4020 32.7852 -22.2181 -94.3934 7.3548 -29.3267 9.9070 0 0 0 -38.6720 0 0.4331 -45.0387 0 0 -13.7098 0 0 0 0 0 -36.5530 0 0.7869 -35.5482 0 0 -15.1489 0 0 0 0 0 0 0 0 -42.5436 0 -0.2440 -37.1234 0 0 -15.5204 0 0 0 0 0 0 0 0 -39.3592 0 10.1714 -36.4996 0 0 -24.6961 0 0 3.2276 -25.1690 46.2861 12.5361 -5.7411 21.8140 -22.1985 18.8912 -24.5918 -12.1333 25.4357 0 0 0 0 -7.1860 30.0852 46.1156 -4.9302 30.5672 -0.0000 34.8664 -0.4108 0 0 0 0 0 0 0 0 0 0 0 0 0 0 0 0 0 0 0 0 0 0 0 0 0 0 0 0 0 0 0 0 0 0 0 0 0 0 0 0 0 0 0 0 0 0 -4.3339 44.5156 8.0985 6.4067 6.0151 0.0000 -14.0650 -10.0000 -0.0000 0 0 0 0 0 0 0 0 0 0 0 0 0 0 0 0 0 0 0 0 0 0 0 0 0 0 0 0 0 0 0 0 0 0 0 0 0 0 0 0 0 0
-1.2852 -0.0283 -91.2763 9.3308 -10.5873 -25.8564 0 0 0 0 0 0 0 0 0 -6.4382 -4.7546 20.6103 0 0 0 0 0 0 0 8.0501 -0.0039 0 0 0 0 0 0 0 0 0 0 0 0 0 0 172.0000 0 0 0 0 0 172.0000 0 0 0 0 0 0 0 0 0 0 0 0 0 0 0 0 0 0 0 0 0 0 0 0 0 0 0 0 0 0 0 0 0 0 0 0 0 0 0 0 0 0 0 0 0 0 0 0 0 0 0 0 0 0 0 0 0 0 0 0 0 0 0 0 0 0 0 0 0 0 0 0 0 0 0 0 -40.0000 172.0000 0 0 0 0 -40.0000 179.0000 0 0 0 0 -35.0000 -176.0000 0 0 0 0 0 0 0 0 0 0 0 113.0000 0 0 0 0 0 -113.0000 0 0 0 0 0 0 0 0 0 0 -4.3547 -172.0000 0 0 172.0000 0 0 0 0 0 0 0 0 0 0 -4.8876 172.0000 0 3.5895 172.0000 0 0 0 0 0 0 0 0 0 -15.3042 0 0 0 0 0 0 0 0 0 0 0 -15.3021 0 0 0 0 0 0 0 0 0 0 0 0 0 0 0 0 0 0 0 0 0 0 0 0 0 0 0 0 0 -2.5646 -1.3286 35.9275 -46.2685 -41.4869 122.8851 -5.1531 -24.8753 -8.4242 0 0 0 49.7084 0 6.9035 55.3471 0 0 9.4030 0 0 0 0 0 57.3371 -33.6793 7.0515 41.1877 0 9.9999 9.3382 0 0 0 0 0 0 0 0 60.2425 -42.5288 4.7507 44.2303 0 9.9305 4.5127 0 0 0 0 0 0 0 0 44.2076 -71.6563 -25.8478 37.0968 0 1.7689 28.6309 0 0 -29.7208 -93.3869 -12.6586 -2.3111 8.1288 -10.1198 32.6409 -32.3954 -11.9329 24.1088 -31.5337 -11.4607 0 0 0 -1.6445 38.6938 -22.9752 39.6405 -14.8629 -101.1537 10.0672 -32.1421 11.8354 0 0 0 -46.6645 0 3.3806 -46.3325 0 0 -11.6153 0 0 0 0 0 -46.6769 0 2.5576 -31.7867 0 0 -11.5721 0 0 0 0 0 0 0 0 -50.4653 0 3.2963 -32.8996 0 0 -10.3078 0 0 0 0 0 0 0 0 -38.6456 0 16.1965 -29.7277 0 0 -21.9447 0 0 5.8383 -29.4665 50.3816 -17.9812 -6.3873 16.2779 -19.8854 23.1884 -22.8439 -18.7576 25.7620 0 0 0 0 -5.8156 29.6386 42.8548 -6.0372 29.0412 -0.0000 32.8369 -2.9479 0 0 0 0 0 0 0 0 0 0 0 0 0 0 0 0 0 0 0 0 0 0 0 0 0 0 0 0 0 0 0 0 0 0 0 0 0 0 0 0 0 0 0 0 0 0 -5.2754 42.9117 7.8306 5.7704 5.9836 0.0000 -14.8452 -10.0000 -0.0000 0 0 0 0 0 0 0 0 0 0 0 0 0 0 0 0 0 0 0 0 0 0 0 0 0 0 0 0 0 0 0 0 0 0 0 0 0 0 0 0 0 0
-1.7000 1.2291 -92.4643 9.1907 -10.0638 -24.7690 0 0 0 0 0 0 0 0 0 -6.7617 -4.9961 20.7969 0 0 0 0 0 0 0 8.0501 -0.0039 0 0 0 0 0 0 0 0 0 0 0 0 0 0 172.0000 0 0 0 0 0 172.0000 0 0 0 0 0 0 0 0 0 0 0 0 0 0 0 0 0 0 0 0 0 0 0 0 0 0 0 0 0 0 0 0 0 0 0 0 0 0 0 0 0 0 0 0 0 0 0 0 0 0 0 0 0 0 0 0 0 0 0 0 0 0 0 0 0 0 0 0 0 0 0 0 0 0 0 0 -40.0000 172.0000 0 0 0 0 -40.0000 179.0000 0 0 0 0 -35.0000 -176.0000 0 0 0 0 0 0 0 0 0 0 0 113.0000 0 0 0 0 0 -113.0000 0 0 0 0 0 0 0 0 0 0 -4.1212 -172.0000 0 0 172.0000 0 0 0 0 0 0 0 0 0 0 -4.5898 172.0000 0 3.2806 172.0000 0 0 0 0 0 0 0 0 0 -15.3034 0 0 0 0 0 0 0 0 0 0 0 -15.3019 0 0 0 0 0 0 0 0 0 0 0 0 0 0 0 0 0 0 0 0 0 0 0 0 0 0 0 0 0 9.5776 27.3640 33.8581 -43.6174 -36.8990 121.4633 -5.7031 -22.9460 -7.7237 0 0 0 33.0815 0 -1.8750 59.0175 0 0 8.8805 0 0 0 0 0 46.7437 -32.1258 -4.0712 42.9171 0 8.7710 7.4477 0 0 0 0 0 0 0 0 49.4160 -41.2450 -5.2801 47.2925 0 8.6638 1.9573 0 0 0 0 0 0 0 0 31.7631 -69.0297 -22.9170 39.2481 0 1.7930 35.7172 0 0 -21.9836 -88.0742 -20.4670 -4.6272 14.5503 -12.4062 26.9425 -27.6334 -5.7459 21.7517 -29.3017 -10.2884 0 0 0 -12.1200 49.3663 -20.3115 41.9327 -11.1436 -102.5920 11.8951 -32.1588 12.0037 0 0 0 -45.0141 0 5.5400 -55.7161 0 0 -9.4434 0 0 0 0 0 -53.1339 0 5.9758 -38.7753 0 0 -8.6109 0 0 0 0 0 0 0 0 -56.8300 0 7.0521 -41.7246 0 0 -3.3248 0 0 0 0 0 0 0 0 -37.8485 0 20.5909 -34.7197 0 0 -27.2635 0 0 11.6602 -29.0376 43.8850 -46.4750 -9.8473 12.3592 -18.7232 21.7267 -24.2562 -20.4673 25.7631 0 0 0 0 -2.3491 28.7146 36.5066 -6.1005 26.1643 -0.0000 28.9314 -6.9114 0 0 0 0 0 0 0 0 0 0 0 0 0 0 0 0 0 0 0 0 0 0 0 0 0 0 0 0 0 0 0 0 0 0 0 0 0 0 0 0 0 0 0 0 0 0 -7.3110 41.8468 12.0017 3.6556 6.6476 0.0000 -14.6291 -9.9566 -0.0000 0 0 0 0 0 0 0 0 0 0 0 0 0 0 0 0 0 0 0 0 0 0 0 0 0 0 0 0 0 0 0 0 0 0 0 0 0 0 0 0 0 0
-2.3773 2.2645 -95.0865 8.5223 -9.1730 -23.2015 0 0 0 0 0 0 0 0 0 -7.4726 -5.0988 21.3020 0 0 0 0 0 0 0 8.0501 -0.0039 0 0 0 0 0 0 0 0 0 0 0 0 0 0 172.0000 0 0 0 0 0 172.0000 0 0 0 0 0 0 0 0 0 0 0 0 0 0 0 0 0 0 0 0 0 0 0 0 0 0 0 0 0 0 0 0 0 0 0 0 0 0 0 0 0 0 0 0 0 0 0 0 0 0 0 0 0 0 0 0 0 0 0 0 0 0 0 0 0 0 0 0 0 0 0 0 0 0 0 0 -40.0000 172.0000 0 0 0 0 -40.0000 179.0000 0 0 0 0 -35.0000 -176.0000 0 0 0 0 0 0 0 0 0 0 0 113.0000 0 0 0 0 0 -113.0000 0 0 0 0 0 0 0 0 0 0 -4.0285 -172.0000 0 0 172.0000 0 0 0 0 0 0 0 0 0 0 -4.4691 172.0000 0 3.1419 172.0000 0 0 0 0 0 0 0 0 0 -15.3048 0 0 0 0 0 0 0 0 0 0 0 -15.3094 0 0 0 0 0 0 0 0 0 0 0 0 0 0 0 0 0 0 0 0 0 0 0 0 0 0 0 0 0 41.5858 55.3568 17.2714 -30.2934 -20.9962 93.2418 -3.6944 -13.5300 -4.6712 0 0 0 16.5446 0 -12.4451 45.6883 0 0 10.0006 0 0 0 0 0 31.9626 -26.1963 -15.2433 30.4645 0 6.5893 5.0812 0 0 0 0 0 0 0 0 31.5391 -35.8885 -15.3078 35.0154 0 6.3910 6.3236 0 0 0 0 0 0 0 0 16.6743 -65.5182 -20.3633 29.3562 0 -0.0748 37.7163 0 0 -12.1736 -79.3292 -30.2535 -16.4555 19.0019 -17.4623 22.2076 -29.0849 -0.7824 23.7984 -26.8391 -8.7008 0 0 0 -29.9881 58.3109 -17.0404 41.1796 -10.2581 -100.3849 10.5008 -27.9407 9.4844 0 0 0 -32.4991 0 7.6730 -60.0183 0 0 -9.4784 0 0 0 0 0 -45.3141 0 8.0979 -44.3947 0 0 -7.8024 0 0 0 0 0 0 0 0 -47.9541 0 9.3572 -48.6180 0 0 -2.0406 0 0 0 0 0 0 0 0 -29.1154 0 20.8338 -40.4208 0 0 -35.7591 0 0 15.2707 -24.6123 34.3372 -45.6452 -12.9319 11.2603 -19.2468 20.5592 -25.2712 -21.5636 25.6425 0 0 0 0 2.5701 26.3734 30.3259 -4.0514 23.0624 -0.0000 26.2182 -9.4335 0 0 0 0 0 0 0 0 0 0 0 0 0 0 0 0 0 0 0 0 0 0 0 0 0 0 0 0 0 0 0 0 0 0 0 0 0 0 0 0 0 0 0 0 0 0 -10.8447 42.0723 16.4661 0.4757 6.8601 0.0000 -14.6612 -9.8430 -0.0000 0 0 0 0 0 0 0 0 0 0 0 0 0 0 0 0 0 0 0 0 0 0 0 0 0 0 0 0 0 0 0 0 0 0 0 0 0 0 0 0 0 0
-3.1857 1.4162 -96.5334 8.0199 -8.6457 -22.0489 0 0 0 0 0 0 0 0 0 -8.0687 -4.1924 21.7443 0 0 0 0 0 0 0 8.0501 -0.0039 0 0 0 0 0 0 0 0 0 0 0 0 0 0 172.0000 0 0 0 0 0 172.0000 0 0 0 0 0 0 0 0 0 0 0 0 0 0 0 0 0 0 0 0 0 0 0 0 0 0 0 0 0 0 0 0 0 0 0 0 0 0 0 0 0 0 0 0 0 0 0 0 0 0 0 0 0 0 0 0 0 0 0 0 0 0 0 0 0 0 0 0 0 0 0 0 0 0 0 0 -40.0000 172.0000 0 0 0 0 -40.0000 179.0000 0 0 0 0 -35.0000 -176.0000 0 0 0 0 0 0 0 0 0 0 0 113.0000 0 0 0 0 0 -113.0000 0 0 0 0 0 0 0 0 0 0 -3.9467 -172.0000 0 0 172.0000 0 0 0 0 0 0 0 0 0 0 -4.3483 172.0000 0 3.0819 172.0000 0 0 0 0 0 0 0 0 0 -15.3118 0 0 0 0 0 0 0 0 0 0 0 -15.3277 0 0 0 0 0 0 0 0 0 0 0 0 0 0 0 0 0 0 0 0 0 0 0 0 0 0 0 0 0 74.1657 65.7710 -1.6482 -14.4942 -6.4255 54.3926 -0.2471 -1.3306 -0.8860 0 0 0 3.4957 0 -17.2395 27.8048 0 0 9.5209 0 0 0 0 0 13.5677 -24.0648 -16.9445 19.0416 0 5.5216 2.5202 0 0 0 0 0 0 0 0 11.3808 -34.1586 -15.8187 22.6636 0 5.4274 9.7556 0 0 0 0 0 0 0 0 3.1069 -64.8193 -14.7799 18.6983 0 -0.8048 33.9870 0 0 -9.8104 -76.2806 -32.6204 -24.5440 15.2093 -18.7679 19.5759 -34.8252 0.8696 29.1073 -27.4399 -7.3427 0 0 0 -46.1791 60.1603 -18.0900 40.3324 -13.1702 -90.8567 6.7879 -21.9234 6.0186 0 0 0 -15.0005 0 12.1818 -45.5982 0 0 -10.3475 0 0 0 0 0 -26.2371 0 8.7558 -34.5061 0 0 -5.5531 0 0 0 0 0 0 0 0 -26.1698 0 9.7125 -38.9732 0 0 -6.9476 0 0 0 0 0 0 0 0 -13.0295 0 16.7977 -32.5510 0 0 -38.5673 0 0 12.5961 -17.1802 25.8871 -16.3189 -12.1075 10.8507 -20.3425 26.9378 -18.5031 -29.9603 25.6215 0 0 0 0 6.5233 25.4310 25.4969 -1.4369 20.9860 -0.0000 25.5984 -10.1066 0 0 0 0 0 0 0 0 0 0 0 0 0 0 0 0 0 0 0 0 0 0 0 0 0 0 0 0 0 0 0 0 0 0 0 0 0 0 0 0 0 0 0 0 0 0 -13.8228 42.2423 19.5348 -2.5399 7.2829 0.0000 -14.9283 -9.7830 -0.0000 0 0 0 0 0 0 0 0 0 0 0 0 0 0 0 0 0 0 0 0 0 0 0 0 0 0 0 0 0 0 0 0 0 0 0 0 0 0 0 0 0 0
-3.8423 -1.5394 -94.8904 7.8677 -8.2538 -21.5990 0 0 0 0 0 0 0 0 0 -8.4889 -3.1336 21.9531 0 0 0 0 0 0 0 8.0501 -0.0039 0 0 0 0 0 0 0 0 0 0 0 0 0 0 172.0000 0 0 0 0 0 172.0000 0 0 0 0 0 0 0 0 0 0 0 0 0 0 0 0 0 0 0 0 0 0 0 0 0 0 0 0 0 0 0 0 0 0 0 0 0 0 0 0 0 0 0 0 0 0 0 0 0 0 0 0 0 0 0 0 0 0 0 0 0 0 0 0 0 0 0 0 0 0 0 0 0 0 0 0 -40.0000 172.0000 0 0 0 0 -40.0000 179.0000 0 0 0 0 -35.0000 -176.0000 0 0 0 0 0 0 0 0 0 0 0 113.0000 0 0 0 0 0 -113.0000 0 0 0 0 0 0 0 0 0 0 -3.8204 -172.0000 0 0 172.0000 0 0 0 0 0 0 0 0 0 0 -4.2709 172.0000 0 3.0760 172.0000 0 0 0 0 0 0 0 0 0 -15.3173 0 0 0 0 0 0 0 0 0 0 0 -15.3366 0 0 0 0 0 0 0 0 0 0 0 0 0 0 0 0 0 0 0 0 0 0 0 0 0 0 0 0 0 89.8030 65.5192 -11.6223 -6.0660 1.1791 30.5881 2.1207 5.9762 1.4005 0 0 0 -2.2771 0 -14.6389 17.7661 0 0 6.1212 0 0 0 0 0 -1.4555 -23.9025 -12.1886 19.3235 0 5.0605 0.9775 0 0 0 0 0 0 0 0 -2.2887 -34.3953 -9.4540 20.8878 0 5.1880 7.0342 0 0 0 0 0 0 0 0 -3.2903 -65.3009 -7.3626 15.8961 0 -0.7530 25.6904 0 0 -11.8625 -76.9205 -30.5828 -25.3684 6.2819 -18.3009 17.4725 -37.9507 0.7141 32.3366 -30.0947 -6.1890 0 0 0 -57.8561 55.4520 -23.3963 37.5337 -20.2730 -71.2817 3.5060 -17.3548 3.6444 0 0 0 -2.1597 0 14.7659 -27.3755 0 0 -9.6702 0 0 0 0 0 -8.2166 0 8.2455 -22.9853 0 0 -2.9171 0 0 0 0 0 0 0 0 -6.2525 0 8.2334 -26.4704 0 0 -10.4146 0 0 0 0 0 0 0 0 0.1323 0 11.2207 -21.5228 0 0 -34.8467 0 0 7.8454 -10.6887 18.3122 12.9312 -7.6466 11.5066 -20.8327 34.2137 -11.8754 -38.6222 25.6886 0 0 0 0 7.8510 28.2277 21.8301 -0.4657 19.9188 -0.0000 25.6098 -10.1280 0 0 0 0 0 0 0 0 0 0 0 0 0 0 0 0 0 0 0 0 0 0 0 0 0 0 0 0 0 0 0 0 0 0 0 0 0 0 0 0 0 0 0 0 0 0 -15.4985 41.6570 22.2631 -4.5138 8.8353 0.0000 -15.2286 -9.8598 -0.0000 0 0 0 0 0 0 0 0 0 0 0 0 0 0 0 0 0 0 0 0 0 0 0 0 0 0 0 0 0 0 0 0 0 0 0 0 0 0 0 0 0 0
-4.6582 -3.6683 -92.8368 7.7193 -7.8307 -21.3781 0 0 0 0 0 0 0 0 0 -8.8317 -2.6955 22.0324 0 0 0 0 0 0 0 8.0501 -0.0039 0 0 0 0 0 0 0 0 0 0 0 0 0 0 172.0000 0 0 0 0 0 172.0000 0 0 0 0 0 0 0 0 0 0 0 0 0 0 0 0 0 0 0 0 0 0 0 0 0 0 0 0 0 0 0 0 0 0 0 0 0 0 0 0 0 0 0 0 0 0 0 0 0 0 0 0 0 0 0 0 0 0 0 0 0 0 0 0 0 0 0 0 0 0 0 0 0 0 0 0 -40.0000 172.0000 0 0 0 0 -40.0000 179.0000 0 0 0 0 -35.0000 -176.0000 0 0 0 0 0 0 0 0 0 0 0 113.0000 0 0 0 0 0 -113.0000 0 0 0 0 0 0 0 0 0 0 -3.9253 -172.0000 0 0 172.0000 0 0 0 0 0 0 0 0 0 0 -4.4714 172.0000 0 3.2405 172.0000 0 0 0 0 0 0 0 0 0 -15.3130 0 0 0 0 0 0 0 0 0 0 0 -13.7099 0 0 0 0 0 0 0 0 0 0 0 0 0 0 0 0 0 0 0 0 0 0 0 0 0 0 0 0 0 91.8208 65.9455 -15.0124 -6.5562 0.2429 26.6015 2.4642 6.8860 1.9423 0 0 0 -2.1149 0 -9.7378 15.1864 0 0 2.8426 0 0 0 0 0 -7.3010 -23.4892 -7.5592 24.5740 0 4.8100 0.5820 0 0 0 0 0 0 0 0 -6.5945 -34.1190 -3.8323 24.1954 0 4.9871 2.7724 0 0 0 0 0 0 0 0 -3.7482 -65.2206 -2.5154 17.2327 0 -0.8385 18.7070 0 0 -11.7677 -76.5488 -30.6797 -23.4281 0.2396 -17.7470 17.2902 -37.3379 0.2339 33.8710 -29.9460 -5.7593 0 0 0 -67.5683 45.7273 -24.8034 32.8191 -26.0250 -55.7986 2.1292 -14.5250 2.5337 0 0 0 1.5310 0 12.1492 -17.8821 0 0 -6.3001 0 0 0 0 0 1.8359 0 6.7912 -21.8371 0 0 -1.4122 0 0 0 0 0 0 0 0 3.1950 0 5.1112 -23.1056 0 0 -7.5901 0 0 0 0 0 0 0 0 4.1369 0 5.8221 -17.2304 0 0 -26.2070 0 0 4.6083 -7.3478 10.4770 24.5353 -0.6204 13.9052 -20.2826 36.4788 -12.1082 -41.2840 25.7834 0 0 0 0 7.8474 30.9882 19.4341 -0.7927 19.6764 -0.0000 25.5985 -10.0538 0 0 0 0 0 0 0 0 0 0 0 0 0 0 0 0 0 0 0 0 0 0 0 0 0 0 0 0 0 0 0 0 0 0 0 0 0 0 0 0 0 0 0 0 0 0 -15.9164 40.9003 23.8649 -5.1211 9.5300 0.0000 -15.4483 -9.9652 -0.0000 0 0 0 0 0 0 0 0 0 0 0 0 0 0 0 0 0 0 0 0 0 0 0 0 0 0 0 0 0 0 0 0 0 0 0 0 0 0 0 0 0 0
-6.0910 -2.5880 -91.8837 7.1947 -7.4244 -21.2834 0 0 0 0 0 0 0 0 0 -9.2726 -2.4120 22.0314 0 0 0 0 0 0 0 8.0501 -0.0039 0 0 0 0 0 0 0 0 0 0 0 0 0 0 172.0000 0 0 0 0 0 172.0000 0 0 0 0 0 0 0 0 0 0 0 0 0 0 0 0 0 0 0 0 0 0 0 0 0 0 0 0 0 0 0 0 0 0 0 0 0 0 0 0 0 0 0 0 0 0 0 0 0 0 0 0 0 0 0 0 0 0 0 0 0 0 0 0 0 0 0 0 0 0 0 0 0 0 0 0 -40.0000 172.0000 0 0 0 0 -40.0000 179.0000 0 0 0 0 -35.0000 -176.0000 0 0 0 0 0 0 0 0 0 0 0 113.0000 0 0 0 0 0 -113.0000 0 0 0 0 0 0 0 0 0 0 -4.1091 -172.0000 0 0 172.0000 0 0 0 0 0 0 0 0 0 0 -4.7357 172.0000 0 3.4079 172.0000 0 0 0 0 0 0 0 0 0 -15.3055 0 0 0 0 0 0 0 0 0 0 0 -6.2759 0 0 0 0 0 0 0 0 0 0 0 0 0 0 0 0 0 0 0 0 0 0 0 0 0 0 0 0 0 87.9819 67.2665 -14.4316 -12.1340 -6.6502 30.5675 1.3135 4.5708 1.6658 0 0 0 -0.0647 0 -6.7314 16.1747 0 0 1.7114 0 0 0 0 0 -6.5337 -23.6072 -5.0504 28.2823 0 4.9378 0.8585 0 0 0 0 0 0 0 0 -5.4869 -34.1444 -1.3840 27.0779 0 5.0694 0.9321 0 0 0 0 0 0 0 0 -2.3848 -65.2056 -1.1607 18.9198 0 -0.7997 16.4645 0 0 -11.4709 -76.5331 -30.9738 -21.2575 -1.3616 -16.6593 18.4950 -35.3942 -0.0266 34.8856 -27.4796 -5.9522 0 0 0 -72.8870 36.2741 -21.8297 31.3700 -28.5301 -50.8060 2.5846 -13.2402 2.4539 0 0 0 0.7268 0 8.3351 -15.5497 0 0 -3.0023 0 0 0 0 0 5.4695 0 5.5221 -25.7045 0 0 -0.9071 0 0 0 0 0 0 0 0 5.4319 0 2.4706 -25.0599 0 0 -3.1074 0 0 0 0 0 0 0 0 3.3106 0 2.3583 -17.5483 0 0 -18.9146 0 0 3.2759 -6.2856 4.8544 24.9505 4.8873 16.1754 -19.5291 35.7738 -15.2047 -40.5066 25.8499 0 0 0 0 7.8509 31.4948 17.8527 -0.8688 18.9844 -0.0000 25.5732 -10.0026 0 0 0 0 0 0 0 0 0 0 0 0 0 0 0 0 0 0 0 0 0 0 0 0 0 0 0 0 0 0 0 0 0 0 0 0 0 0 0 0 0 0 0 0 0 0 -14.8437 40.4313 25.1432 -4.1881 8.4073 0.0000 -15.6247 -10.0121 -0.0000 0 0 0 0 0 0 0 0 0 0 0 0 0 0 0 0 0 0 0 0 0 0 0 0 0 0 0 0 0 0 0 0 0 0 0 0 0 0 0 0 0 0
-8.2342 0.8311 -91.2605 6.1880 -6.9512 -21.1347 0 0 0 0 0 0 0 0 0 -9.7962 -2.2300 22.0117 0 0 0 0 0 0 0 8.0501 -0.0039 0 0 0 0 0 0 0 0 0 0 0 0 0 0 172.0000 0 0 0 0 0 172.0000 0 0 0 0 0 0 0 0 0 0 0 0 0 0 0 0 0 0 0 0 0 0 0 0 0 0 0 0 0 0 0 0 0 0 0 0 0 0 0 0 0 0 0 0 0 0 0 0 0 0 0 0 0 0 0 0 0 0 0 0 0 0 0 0 0 0 0 0 0 0 0 0 0 0 0 0 -40.0000 172.0000 0 0 0 0 -40.0000 179.0000 0 0 0 0 -35.0000 -176.0000 0 0 0 0 0 0 0 0 0 0 0 113.0000 0 0 0 0 0 -113.0000 0 0 0 0 0 0 0 0 0 0 -3.7526 -172.0000 0 0 172.0000 0 0 0 0 0 0 0 0 0 0 -4.4747 172.0000 0 3.0560 172.0000 0 0 0 0 0 0 0 0 0 -15.3022 0 0 0 0 0 0 0 0 0 0 0 5.5078 0 0 0 0 0 0 0 0 0 0 0 0 0 0 0 0 0 0 0 0 0 0 0 0 0 0 0 0 0 83.7330 68.8751 -12.9822 -18.2925 -14.3031 35.7976 -0.1544 1.9782 1.2343 0 0 0 1.1616 0 -6.0611 17.4040 0 0 1.7987 0 0 0 0 0 -4.6526 -23.6448 -4.6074 29.3199 0 4.9479 1.1251 0 0 0 0 0 0 0 0 -3.7648 -34.1816 -1.2171 28.0705 0 5.0820 0.8153 0 0 0 0 0 0 0 0 -1.3810 -65.2422 -1.5338 19.6531 0 -0.7927 16.7523 0 0 -11.5523 -76.5943 -30.8927 -20.4997 -0.9021 -16.0639 19.1706 -34.4516 -0.0727 35.1811 -26.0094 -5.8444 0 0 0 -72.2241 30.5888 -18.6175 32.7800 -30.6175 -49.6086 3.7990 -13.7637 3.2609 0 0 0 -0.7397 0 6.6223 -16.4008 0 0 -1.7672 0 0 0 0 0 5.3064 0 5.0846 -28.3792 0 0 -0.9557 0 0 0 0 0 0 0 0 4.5480 0 1.5836 -27.0809 0 0 -1.0062 0 0 0 0 0 0 0 0 1.8254 0 1.5179 -18.7821 0 0 -16.4688 0 0 3.2277 -6.4301 3.2509 22.3921 6.6264 17.0190 -19.1831 34.8030 -17.0583 -39.3846 25.8683 0 0 0 0 7.9761 30.9788 16.2505 -0.3085 17.3918 -0.0000 25.6846 -9.9887 0 0 0 0 0 0 0 0 0 0 0 0 0 0 0 0 0 0 0 0 0 0 0 0 0 0 0 0 0 0 0 0 0 0 0 0 0 0 0 0 0 0 0 0 0 0 -12.4598 40.6784 27.2861 -2.1339 6.3812 0.0000 -15.8774 -10.0159 -0.0000 0 0 0 0 0 0 0 0 0 0 0 0 0 0 0 0 0 0 0 0 0 0 0 0 0 0 0 0 0 0 0 0 0 0 0 0 0 0 0 0 0 0
-10.5178 4.2335 -90.4002 5.4787 -6.2602 -20.6483 0 0 0 0 0 0 0 0 0 -9.9787 -2.3699 21.9997 0 0 0 0 0 0 0 8.0501 -0.0039 0 0 0 0 0 0 0 0 0 0 0 0 0 0 172.0000 0 0 0 0 0 172.0000 0 0 0 0 0 0 0 0 0 0 0 0 0 0 0 0 0 0 0 0 0 0 0 0 0 0 0 0 0 0 0 0 0 0 0 0 0 0 0 0 0 0 0 0 0 0 0 0 0 0 0 0 0 0 0 0 0 0 0 0 0 0 0 0 0 0 0 0 0 0 0 0 0 0 0 0 -40.0000 172.0000 0 0 0 0 -40.0000 179.0000 0 0 0 0 -35.0000 -176.0000 0 0 0 0 0 0 0 0 0 0 0 113.0000 0 0 0 0 0 -113.0000 0 0 0 0 0 0 0 0 0 0 -2.8553 -172.0000 0 0 172.0000 0 0 0 0 0 0 0 0 0 0 -3.8477 172.0000 0 2.3527 172.0000 0 0 0 0 0 0 0 0 0 -15.3016 0 0 0 0 0 0 0 0 0 0 0 13.3957 0 0 0 0 0 0 0 0 0 0 0 0 0 0 0 0 0 0 0 0 0 0 0 0 0 0 0 0 0 81.7228 70.6806 -11.5556 -25.9112 -22.3712 44.6422 -0.9446 0.1653 0.7896 0 0 0 1.4627 0 -6.4409 17.9409 0 0 2.1254 0 0 0 0 0 -3.6703 -23.6180 -4.9358 29.0720 0 4.9258 1.2240 0 0 0 0 0 0 0 0 -2.9631 -34.1693 -1.7022 27.9931 0 5.0664 1.1853 0 0 0 0 0 0 0 0 -0.9924 -65.1958 -2.1849 19.7197 0 -0.8438 17.4696 0 0 -11.5800 -76.5830 -30.8653 -20.7011 -0.2321 -15.9037 19.1584 -34.4758 -0.0387 35.1398 -25.7560 -5.6423 0 0 0 -68.2142 26.7539 -15.5695 33.2513 -31.8617 -48.2502 4.4371 -13.8134 3.6743 0 0 0 -1.5543 0 6.5187 -17.5150 0 0 -1.7937 0 0 0 0 0 4.3317 0 5.1184 -29.1082 0 0 -1.1072 0 0 0 0 0 0 0 0 3.4620 0 1.6682 -27.8645 0 0 -0.7807 0 0 0 0 0 0 0 0 1.0882 0 1.8441 -19.4820 0 0 -16.7051 0 0 3.5182 -6.7750 3.6081 20.5860 6.4045 17.0201 -19.2076 34.3725 -17.4613 -38.8744 25.8648 0 0 0 0 6.7610 30.1958 15.0105 -0.4776 16.6636 -0.0000 25.9042 -9.9924 0 0 0 0 0 0 0 0 0 0 0 0 0 0 0 0 0 0 0 0 0 0 0 0 0 0 0 0 0 0 0 0 0 0 0 0 0 0 0 0 0 0 0 0 0 0 -9.4982 41.5291 29.7879 -0.0309 4.3935 0.0000 -16.2445 -10.0069 -0.0000 0 0 0 0 0 0 0 0 0 0 0 0 0 0 0 0 0 0 0 0 0 0 0 0 0 0 0 0 0 0 0 0 0 0 0 0 0 0 0 0 0 0
-12.4033 6.8742 -90.1663 5.7340 -5.0732 -19.7254 0 0 0 0 0 0 0 0 0 -10.0341 -2.5949 21.9970 0 0 0 0 0 0 0 8.0501 -0.0039 0 0 0 0 0 0 0 0 0 0 0 0 0 0 172.0000 0 0 0 0 0 172.0000 0 0 0 0 0 0 0 0 0 0 0 0 0 0 0 0 0 0 0 0 0 0 0 0 0 0 0 0 0 0 0 0 0 0 0 0 0 0 0 0 0 0 0 0 0 0 0 0 0 0 0 0 0 0 0 0 0 0 0 0 0 0 0 0 0 0 0 0 0 0 0 0 0 0 0 0 -40.0000 172.0000 0 0 0 0 -40.0000 179.0000 0 0 0 0 -35.0000 -176.0000 0 0 0 0 0 0 0 0 0 0 0 113.0000 0 0 0 0 0 -113.0000 0 0 0 0 0 0 0 0 0 0 -2.0980 -172.0000 0 0 172.0000 0 0 0 0 0 0 0 0 0 0 -3.4378 172.0000 0 1.8872 172.0000 0 0 0 0 0 0 0 0 0 -15.3019 0 0 0 0 0 0 0 0 0 0 0 14.6950 0 0 0 0 0 0 0 0 0 0 0 0 0 0 0 0 0 0 0 0 0 0 0 0 0 0 0 0 0 80.8148 71.3428 -9.5832 -34.5063 -30.8980 55.4326 -0.8588 -0.1552 0.5693 0 0 0 1.4341 0 -6.8777 18.0025 0 0 2.3052 0 0 0 0 0 -3.5134 -23.6182 -5.2460 28.6687 0 4.9292 1.2212 0 0 0 0 0 0 0 0 -2.8798 -34.1663 -2.0431 27.7065 0 5.0680 1.4428 0 0 0 0 0 0 0 0 -0.9662 -65.1309 -2.5262 19.5884 0 -0.8947 17.8452 0 0 -11.5612 -76.5760 -30.8841 -20.9467 0.0729 -15.9728 19.0349 -34.6709 -0.0065 35.0432 -25.9906 -5.4696 0 0 0 -63.5740 22.8291 -11.7788 31.8082 -32.1302 -45.9282 3.7359 -10.4806 2.3960 0 0 0 -1.7363 0 6.8955 -18.0222 0 0 -2.1070 0 0 0 0 0 3.7664 0 5.2445 -28.9174 0 0 -1.1895 0 0 0 0 0 0 0 0 3.0010 0 1.9340 -27.8646 0 0 -1.1460 0 0 0 0 0 0 0 0 0.9786 0 2.2580 -19.6285 0 0 -17.4397 0 0 3.7099 -6.9542 4.2151 19.9426 5.8777 16.8468 -19.4308 34.3333 -17.2713 -38.8262 25.8598 0 0 0 0 3.4591 29.2136 14.1265 -1.6987 17.5634 -0.0000 26.0048 -9.9980 0 0 0 0 0 0 0 0 0 0 0 0 0 0 0 0 0 0 0 0 0 0 0 0 0 0 0 0 0 0 0 0 0 0 0 0 0 0 0 0 0 0 0 0 0 0 -6.2288 41.4310 32.3293 1.6958 2.5454 0.0000 -16.6392 -9.9343 -0.0000 0 0 0 0 0 0 0 0 0 0 0 0 0 0 0 0 0 0 0 0 0 0 0 0 0 0 0 0 0 0 0 0 0 0 0 0 0 0 0 0 0 0
-13.9181 8.8549 -91.4606 6.7079 -3.6844 -18.4487 0 0 0 0 0 0 0 0 0 -9.9775 -2.6926 21.9982 0 0 0 0 0 0 0 8.0501 -0.0039 0 0 0 0 0 0 0 0 0 0 0 0 0 0 172.0000 0 0 0 0 0 172.0000 0 0 0 0 0 0 0 0 0 0 0 0 0 0 0 0 0 0 0 0 0 0 0 0 0 0 0 0 0 0 0 0 0 0 0 0 0 0 0 0 0 0 0 0 0 0 0 0 0 0 0 0 0 0 0 0 0 0 0 0 0 0 0 0 0 0 0 0 0 0 0 0 0 0 0 0 -40.0000 172.0000 0 0 0 0 -40.0000 179.0000 0 0 0 0 -35.0000 -176.0000 0 0 0 0 0 0 0 0 0 0 0 113.0000 0 0 0 0 0 -113.0000 0 0 0 0 0 0 0 0 0 0 -2.1235 -172.0000 0 0 172.0000 0 0 0 0 0 0 0 0 0 0 -3.3931 172.0000 0 1.8569 172.0000 0 0 0 0 0 0 0 0 0 -15.3021 0 0 0 0 0 0 0 0 0 0 0 13.3649 0 0 0 0 0 0 0 0 0 0 0 0 0 0 0 0 0 0 0 0 0 0 0 0 0 0 0 0 0 79.6106 71.3235 -9.4448 -38.1292 -34.4842 59.6265 -0.4581 1.6148 0.9555 0 0 0 7.6937 0 -5.0194 23.4168 0 0 3.2834 0 0 0 0 0 4.3696 -23.6223 -5.4994 30.1001 0 4.9319 1.7738 0 0 0 0 0 0 0 0 5.8853 -34.1689 -2.2423 29.2552 0 5.0700 2.8141 0 0 0 0 0 0 0 0 6.9826 -65.1482 -2.4520 21.9150 0 -0.9162 18.7122 0 0 -11.5611 -76.5793 -30.8841 -17.7865 0.4442 -14.8858 19.5261 -34.5565 0.0053 34.9157 -26.2504 -5.2233 0 0 0 -60.4615 18.8205 -7.7227 28.7313 -31.5871 -42.9097 2.1542 -4.6772 0.0258 0 0 0 -7.9733 0 5.0876 -23.5577 0 0 -3.2423 0 0 0 0 0 -4.3717 0 5.4546 -30.2456 0 0 -1.7822 0 0 0 0 0 0 0 0 -5.9301 0 2.1828 -29.3842 0 0 -2.7273 0 0 0 0 0 0 0 0 -6.9922 0 2.3602 -21.9864 0 0 -18.6454 0 0 7.4193 -5.9079 13.1191 18.1142 8.0436 19.5021 -18.1489 32.2178 -18.4473 -37.5861 26.3619 0 0 0 0 0.6423 28.6438 13.5930 -3.2278 18.4665 -0.0000 20.3052 -9.8214 0 0 0 0 0 0 0 0 0 0 0 0 0 0 0 0 0 0 0 0 0 0 0 0 0 0 0 0 0 0 0 0 0 0 0 0 0 0 0 0 0 0 0 0 0 0 -2.6536 39.4441 34.5463 3.4204 0.8616 0.0000 -16.8133 -9.8067 -0.0000 0 0 0 0 0 0 0 0 0 0 0 0 0 0 0 0 0 0 0 0 0 0 0 0 0 0 0 0 0 0 0 0 0 0 0 0 0 0 0 0 0 0
-15.3755 9.4326 -92.6209 7.7436 -2.5072 -17.7968 0 0 0 0 0 0 0 0 0 -9.3834 -2.7241 21.9996 0 0 0 0 0 0 0 8.0501 -0.0039 0 0 0 0 0 0 0 0 0 0 0 0 0 0 172.0000 0 0 0 0 0 172.0000 0 0 0 0 0 0 0 0 0 0 0 0 0 0 0 0 0 0 0 0 0 0 0 0 0 0 0 0 0 0 0 0 0 0 0 0 0 0 0 0 0 0 0 0 0 0 0 0 0 0 0 0 0 0 0 0 0 0 0 0 0 0 0 0 0 0 0 0 0 0 0 0 0 0 0 0 -40.0000 172.0000 0 0 0 0 -40.0000 179.0000 0 0 0 0 -35.0000 -176.0000 0 0 0 0 0 0 0 0 0 0 0 113.0000 0 0 0 0 0 -113.0000 0 0 0 0 0 0 0 0 0 0 -2.8305 -172.0000 0 0 172.0000 0 0 0 0 0 0 0 0 0 0 -3.6835 172.0000 0 2.2740 172.0000 0 0 0 0 0 0 0 0 0 -15.3024 0 0 0 0 0 0 0 0 0 0 0 12.4584 0 0 0 0 0 0 0 0 0 0 0 0 0 0 0 0 0 0 0 0 0 0 0 0 0 0 0 0 0 77.8153 72.4862 -10.0331 -38.8478 -34.9708 55.0250 -0.3513 4.4935 1.8164 0 0 0 21.5988 0 0.2537 36.6595 0 0 5.5418 0 0 0 0 0 21.5288 -23.6214 -5.1036 33.9676 0 4.9307 3.3641 0 0 0 0 0 0 0 0 25.7822 -34.1687 -2.5032 33.6298 0 5.0693 5.7072 0 0 0 0 0 0 0 0 25.6911 -65.1818 -2.2441 28.1903 0 -0.9154 20.2230 0 0 -11.5640 -76.5797 -30.8812 -11.6127 3.0315 -14.2660 20.4412 -28.5930 -1.5735 30.7044 -26.1654 -5.0235 0 0 0 -58.6667 15.6998 -4.4688 22.8645 -24.5616 -35.5618 0.8899 0.3680 -2.0594 0 0 0 -21.2519 0 0.3035 -36.4128 0 0 -5.3629 0 0 0 0 0 -21.1859 0 5.3178 -33.7076 0 0 -3.2773 0 0 0 0 0 0 0 0 -25.4344 0 2.5669 -33.4052 0 0 -5.6614 0 0 0 0 0 0 0 0 -25.5507 0 2.3045 -28.0378 0 0 -20.2713 0 0 14.1042 -6.9864 34.6463 14.8116 8.6314 24.7383 -15.5116 22.6422 -16.7019 -30.7989 27.0509 0 0 0 0 -1.7109 27.1465 15.4769 -5.4328 20.2813 -0.0000 5.0299 -8.9904 0 0 0 0 0 0 0 0 0 0 0 0 0 0 0 0 0 0 0 0 0 0 0 0 0 0 0 0 0 0 0 0 0 0 0 0 0 0 0 0 0 0 0 0 0 0 1.1153 37.1577 36.6392 5.3103 -0.0775 0.0000 -16.9099 -9.7927 -0.0000 0 0 0 0 0 0 0 0 0 0 0 0 0 0 0 0 0 0 0 0 0 0 0 0 0 0 0 0 0 0 0 0 0 0 0 0 0 0 0 0 0 0
-17.3058 8.1557 -92.8448 8.2461 -1.4215 -18.2391 0 0 0 0 0 0 0 0 0 -8.4489 -2.9059 22.0002 0 0 0 0 0 0 0 8.0501 -0.0039 0 0 0 0 0 0 0 0 0 0 0 0 0 0 172.0000 0 0 0 0 0 172.0000 0 0 0 0 0 0 0 0 0 0 0 0 0 0 0 0 0 0 0 0 0 0 0 0 0 0 0 0 0 0 0 0 0 0 0 0 0 0 0 0 0 0 0 0 0 0 0 0 0 0 0 0 0 0 0 0 0 0 0 0 0 0 0 0 0 0 0 0 0 0 0 0 0 0 0 0 -40.0000 172.0000 0 0 0 0 -40.0000 179.0000 0 0 0 0 -35.0000 -176.0000 0 0 0 0 0 0 0 0 0 0 0 113.0000 0 0 0 0 0 -113.0000 0 0 0 0 0 0 0 0 0 0 -3.5287 -172.0000 0 0 172.0000 0 0 0 0 0 0 0 0 0 0 -4.0248 172.0000 0 2.7630 172.0000 0 0 0 0 0 0 0 0 0 -15.3031 0 0 0 0 0 0 0 0 0 0 0 11.9976 0 0 0 0 0 0 0 0 0 0 0 0 0 0 0 0 0 0 0 0 0 0 0 0 0 0 0 0 0 76.3347 74.8992 -8.7207 -39.3010 -35.2599 50.8218 -0.4385 6.8155 2.5920 0 0 0 25.6336 0 1.9906 44.6449 0 0 7.5749 0 0 0 0 0 27.6615 -23.6210 -4.7036 39.1036 0 4.9306 5.4112 0 0 0 0 0 0 0 0 34.6903 -34.1684 -3.7112 38.1704 0 5.0692 8.4505 0 0 0 0 0 0 0 0 35.8330 -65.1733 -3.2975 35.7847 0 -0.9191 21.3370 0 0 -11.5634 -76.5791 -30.8818 -8.3459 6.3993 -15.1538 21.1199 -19.7510 -4.1338 24.1224 -25.7606 -5.0082 0 0 0 -58.5774 19.4764 2.4106 15.1646 -13.1912 -22.5845 0.6126 2.3013 -2.9920 0 0 0 -24.0188 0 -0.9458 -43.5238 0 0 -6.9474 0 0 0 0 0 -26.2426 0 5.3303 -37.9498 0 0 -5.0856 0 0 0 0 0 0 0 0 -33.2692 0 4.0610 -37.1832 0 0 -8.2501 0 0 0 0 0 0 0 0 -35.1076 0 3.7264 -35.1302 0 0 -21.3596 0 0 16.8403 -11.7018 46.4646 11.9113 2.0676 24.1716 -16.1094 13.5601 -9.9053 -23.1389 26.7386 0 0 0 0 -5.7278 22.7938 21.0289 -8.1604 25.5670 -0.0000 -9.1179 -8.1557 0 0 0 0 0 0 0 0 0 0 0 0 0 0 0 0 0 0 0 0 0 0 0 0 0 0 0 0 0 0 0 0 0 0 0 0 0 0 0 0 0 0 0 0 0 0 5.2140 35.5850 38.5653 7.4606 -0.2552 0.0000 -17.1390 -9.8994 -0.0000 0 0 0 0 0 0 0 0 0 0 0 0 0 0 0 0 0 0 0 0 0 0 0 0 0 0 0 0 0 0 0 0 0 0 0 0 0 0 0 0 0 0
-19.7614 5.4361 -93.7551 8.4558 -0.3282 -18.9889 0 0 0 0 0 0 0 0 0 -7.6567 -3.1873 21.7971 0 0 0 0 0 0 0 8.0501 -0.0039 0 0 0 0 0 0 0 0 0 0 0 0 0 0 172.0000 0 0 0 0 0 172.0000 0 0 0 0 0 0 0 0 0 0 0 0 0 0 0 0 0 0 0 0 0 0 0 0 0 0 0 0 0 0 0 0 0 0 0 0 0 0 0 0 0 0 0 0 0 0 0 0 0 0 0 0 0 0 0 0 0 0 0 0 0 0 0 0 0 0 0 0 0 0 0 0 0 0 0 0 -40.0000 172.0000 0 0 0 0 -40.0000 179.0000 0 0 0 0 -35.0000 -176.0000 0 0 0 0 0 0 0 0 0 0 0 113.0000 0 0 0 0 0 -113.0000 0 0 0 0 0 0 0 0 0 0 -3.5416 -172.0000 0 0 172.0000 0 0 0 0 0 0 0 0 0 0 -3.9541 172.0000 0 2.7320 172.0000 0 0 0 0 0 0 0 0 0 -15.3038 0 0 0 0 0 0 0 0 0 0 0 8.3257 0 0 0 0 0 0 0 0 0 0 0 0 0 0 0 0 0 0 0 0 0 0 0 0 0 0 0 0 0 76.8921 76.5761 -7.0530 -35.3531 -31.7516 56.4304 -0.4078 6.9834 2.6662 0 0 0 13.7794 0 -4.3300 40.8274 0 0 8.7328 0 0 0 0 0 17.2743 -23.6212 -6.3586 45.3611 0 4.9308 7.2573 0 0 0 0 0 0 0 0 24.9641 -34.1685 -6.3448 41.1302 0 5.0693 10.9025 0 0 0 0 0 0 0 0 29.3293 -65.2109 -6.1046 42.8518 0 -0.9125 22.4723 0 0 -11.5631 -76.5791 -30.8821 -7.3148 5.5441 -12.7299 22.0034 -22.2704 -3.7638 25.2083 -25.5880 -5.0268 0 0 0 -62.1787 32.3369 15.4430 11.3319 -8.7173 -12.7314 0.9533 1.7791 -2.9887 0 0 0 -11.7801 0 4.7108 -39.3453 0 0 -7.9405 0 0 0 0 0 -15.2802 0 6.9374 -43.6645 0 0 -6.8361 0 0 0 0 0 0 0 0 -22.9913 0 6.9153 -39.7379 0 0 -10.5935 0 0 0 0 0 0 0 0 -28.1745 0 7.0309 -41.9261 0 0 -22.4536 0 0 18.4862 -13.9150 34.2666 8.3539 -2.9184 16.2552 -20.2178 19.0833 -8.1521 -25.3054 26.0073 0 0 0 0 -9.3432 17.9172 26.9507 -9.9571 31.8348 -0.0000 -13.7783 -8.5579 0 0 0 0 0 0 0 0 0 0 0 0 0 0 0 0 0 0 0 0 0 0 0 0 0 0 0 0 0 0 0 0 0 0 0 0 0 0 0 0 0 0 0 0 0 0 8.6925 34.2321 39.4415 9.3116 -0.1397 0.0000 -17.2584 -9.9874 -0.0000 0 0 0 0 0 0 0 0 0 0 0 0 0 0 0 0 0 0 0 0 0 0 0 0 0 0 0 0 0 0 0 0 0 0 0 0 0 0 0 0 0 0
-21.8690 2.2921 -95.4698 9.0313 0.7267 -19.7544 0 0 0 0 0 0 0 0 0 -7.0432 -3.0673 21.1962 0 0 0 0 0 0 0 8.0501 -0.0039 0 0 0 0 0 0 0 0 0 0 0 0 0 0 172.0000 0 0 0 0 0 172.0000 0 0 0 0 0 0 0 0 0 0 0 0 0 0 0 0 0 0 0 0 0 0 0 0 0 0 0 0 0 0 0 0 0 0 0 0 0 0 0 0 0 0 0 0 0 0 0 0 0 0 0 0 0 0 0 0 0 0 0 0 0 0 0 0 0 0 0 0 0 0 0 0 0 0 0 0 -40.0000 172.0000 0 0 0 0 -40.0000 179.0000 0 0 0 0 -35.0000 -176.0000 0 0 0 0 0 0 0 0 0 0 0 113.0000 0 0 0 0 0 -113.0000 0 0 0 0 0 0 0 0 0 0 -2.8878 -172.0000 0 0 172.0000 0 0 0 0 0 0 0 0 0 0 -3.2295 172.0000 0 2.0356 172.0000 0 0 0 0 0 0 0 0 0 -15.3035 0 0 0 0 0 0 0 0 0 0 0 3.5199 0 0 0 0 0 0 0 0 0 0 0 0 0 0 0 0 0 0 0 0 0 0 0 0 0 0 0 0 0 78.5536 77.5505 -6.3524 -29.9238 -26.8037 63.0320 -0.2407 5.5982 2.2102 0 0 0 1.1867 0 -11.7341 34.2833 0 0 9.2824 0 0 0 0 0 6.1928 -23.6212 -8.7644 50.1887 0 4.9308 8.3444 0 0 0 0 0 0 0 0 13.2223 -34.1685 -8.6560 42.5074 0 5.0693 12.7351 0 0 0 0 0 0 0 0 19.8400 -65.2976 -8.5506 47.3844 0 -0.8851 23.5874 0 0 -11.5632 -76.5792 -30.8820 -6.2121 2.0751 -8.1143 22.9164 -32.0242 -1.3405 31.5422 -25.7053 -5.0016 0 0 0 -65.4671 41.0991 24.3607 11.4625 -9.6812 -10.5421 1.1965 1.1468 -2.8738 0 0 0 -0.1485 0 11.2969 -33.3985 0 0 -8.8199 0 0 0 0 0 -4.9014 0 8.9727 -49.0374 0 0 -8.0911 0 0 0 0 0 0 0 0 -11.9552 0 9.0729 -41.5975 0 0 -12.5254 0 0 0 0 0 0 0 0 -19.0838 0 9.4310 -46.7558 0 0 -23.5643 0 0 22.9361 -14.3203 14.8697 5.3755 -2.4457 8.8112 -23.2914 31.2453 -12.0687 -32.8525 25.7274 0 0 0 0 -10.6197 15.4719 29.8601 -10.4156 35.1999 -0.0000 -12.8431 -9.5490 0 0 0 0 0 0 0 0 0 0 0 0 0 0 0 0 0 0 0 0 0 0 0 0 0 0 0 0 0 0 0 0 0 0 0 0 0 0 0 0 0 0 0 0 0 0 10.3396 33.2647 39.5372 10.1836 -0.0253 0.0000 -17.1720 -10.0164 -0.0000 0 0 0 0 0 0 0 0 0 0 0 0 0 0 0 0 0 0 0 0 0 0 0 0 0 0 0 0 0 0 0 0 0 0 0 0 0 0 0 0 0 0
-22.4281 -0.1292 -96.7935 9.8640 1.7555 -20.0751 0 0 0 0 0 0 0 0 0 -6.4751 -2.9957 20.6880 0 0 0 0 0 0 0 8.0501 -0.0039 0 0 0 0 0 0 0 0 0 0 0 0 0 0 172.0000 0 0 0 0 0 172.0000 0 0 0 0 0 0 0 0 0 0 0 0 0 0 0 0 0 0 0 0 0 0 0 0 0 0 0 0 0 0 0 0 0 0 0 0 0 0 0 0 0 0 0 0 0 0 0 0 0 0 0 0 0 0 0 0 0 0 0 0 0 0 0 0 0 0 0 0 0 0 0 0 0 0 0 0 -40.0000 172.0000 0 0 0 0 -40.0000 179.0000 0 0 0 0 -35.0000 -176.0000 0 0 0 0 0 0 0 0 0 0 0 113.0000 0 0 0 0 0 -113.0000 0 0 0 0 0 0 0 0 0 0 -2.3961 -172.0000 0 0 172.0000 0 0 0 0 0 0 0 0 0 0 -2.3350 172.0000 0 1.1920 172.0000 0 0 0 0 0 0 0 0 0 -15.3026 0 0 0 0 0 0 0 0 0 0 0 5.6529 0 0 0 0 0 0 0 0 0 0 0 0 0 0 0 0 0 0 0 0 0 0 0 0 0 0 0 0 0 76.1494 74.6304 -2.7259 -30.6624 -27.5709 65.8261 -0.1563 4.3320 1.7712 0 0 0 -3.7261 0 -14.8015 31.1766 0 0 9.3448 0 0 0 0 0 1.8171 -23.6212 -9.8586 51.6784 0 4.9307 8.5747 0 0 0 0 0 0 0 0 8.2782 -34.1685 -9.4562 42.6499 0 5.0693 13.2821 0 0 0 0 0 0 0 0 15.6012 -65.2763 -9.4757 48.5060 0 -0.8975 24.0061 0 0 -11.5632 -76.5792 -30.8820 -5.6886 0.1933 -5.9139 23.2406 -37.4976 0.0734 35.1657 -25.8713 -4.9426 0 0 0 -65.1693 41.3743 23.3084 10.3844 -9.5422 -11.9106 1.1672 0.1592 -2.5465 0 0 0 3.8333 0 14.3079 -30.9828 0 0 -9.2485 0 0 0 0 0 -1.4956 0 9.8486 -51.3722 0 0 -8.5189 0 0 0 0 0 0 0 0 -7.9667 0 9.5777 -42.4203 0 0 -13.2264 0 0 0 0 0 0 0 0 -15.4275 0 9.8233 -48.3048 0 0 -23.9964 0 0 26.5428 -15.6077 4.2041 4.6476 -1.3286 5.7228 -24.0345 37.6047 -14.7457 -37.0369 25.7087 0 0 0 0 -10.5422 15.0668 30.3206 -10.2681 35.8373 -0.0000 -11.5115 -9.9970 0 0 0 0 0 0 0 0 0 0 0 0 0 0 0 0 0 0 0 0 0 0 0 0 0 0 0 0 0 0 0 0 0 0 0 0 0 0 0 0 0 0 0 0 0 0 10.5250 32.7783 39.6281 10.2793 0.0179 0.0000 -17.2620 -10.0132 -0.0000 0 0 0 0 0 0 0 0 0 0 0 0 0 0 0 0 0 0 0 0 0 0 0 0 0 0 0 0 0 0 0 0 0 0 0 0 0 0 0 0 0 0
-21.1586 -1.0674 -97.5872 10.7804 2.1095 -19.5288 0 0 0 0 0 0 0 0 0 -5.9308 -3.6423 20.4192 0 0 0 0 0 0 0 8.0501 -0.0039 0 0 0 0 0 0 0 0 0 0 0 0 0 0 172.0000 0 0 0 0 0 172.0000 0 0 0 0 0 0 0 0 0 0 0 0 0 0 0 0 0 0 0 0 0 0 0 0 0 0 0 0 0 0 0 0 0 0 0 0 0 0 0 0 0 0 0 0 0 0 0 0 0 0 0 0 0 0 0 0 0 0 0 0 0 0 0 0 0 0 0 0 0 0 0 0 0 0 0 0 -40.0000 172.0000 0 0 0 0 -40.0000 179.0000 0 0 0 0 -35.0000 -176.0000 0 0 0 0 0 0 0 0 0 0 0 113.0000 0 0 0 0 0 -113.0000 0 0 0 0 0 0 0 0 0 0 -2.3329 -172.0000 0 0 172.0000 0 0 0 0 0 0 0 0 0 0 -1.9603 172.0000 0 0.7412 172.0000 0 0 0 0 0 0 0 0 0 -15.3021 0 0 0 0 0 0 0 0 0 0 0 11.4349 0 0 0 0 0 0 0 0 0 0 0 0 0 0 0 0 0 0 0 0 0 0 0 0 0 0 0 0 0 66.8763 62.9874 7.0866 -38.2394 -36.0383 72.9623 -0.5554 3.4165 1.5131 0 0 0 3.9564 0 -15.8857 33.4442 0 0 14.0081 0 0 0 0 0 8.2838 -22.1689 -10.8174 57.0482 0 4.1063 13.6245 0 0 0 0 0 0 0 0 16.7097 -33.1757 -9.0491 48.8310 0 4.6520 17.7297 0 0 0 0 0 0 0 0 22.0943 -64.1372 -8.8781 53.9095 0 -1.3799 26.5158 0 0 -17.3648 -82.4731 -24.9917 -5.6244 -0.1008 -6.4007 21.2975 -36.6750 0.3678 34.9451 -26.7179 -4.3134 0 0 0 -64.2635 43.9195 17.4695 10.1786 -8.7755 -16.9827 1.1206 -2.5684 -1.6520 0 0 0 3.4816 0 14.5859 -30.9210 0 0 -9.3029 0 0 0 0 0 -1.8785 0 9.9026 -51.5287 0 0 -8.4825 0 0 0 0 0 0 0 0 -8.1461 0 9.3720 -42.4835 0 0 -13.1967 0 0 0 0 0 0 0 0 -15.3686 0 9.4712 -48.1086 0 0 -23.9973 0 0 27.7098 -16.3087 2.2524 4.8646 -0.7901 5.5562 -23.7860 38.6438 -15.4916 -37.8171 25.7648 0 0 0 0 -10.1873 14.3806 30.8153 -10.0664 37.4882 -0.0000 -14.6270 -6.8019 0 0 0 0 0 0 0 0 0 0 0 0 0 0 0 0 0 0 0 0 0 0 0 0 0 0 0 0 0 0 0 0 0 0 0 0 0 0 0 0 0 0 0 0 0 0 9.6193 33.0340 39.2335 9.2020 0.9556 0.0000 -18.2273 -10.0042 -0.0000 0 0 0 0 0 0 0 0 0 0 0 0 0 0 0 0 0 0 0 0 0 0 0 0 0 0 0 0 0 0 0 0 0 0 0 0 0 0 0 0 0 0
-18.7060 -0.6711 -98.1172 11.8430 1.6837 -18.4053 0 0 0 0 0 0 0 0 0 -5.6496 -4.5566 19.8347 0 0 0 0 0 0 0 8.0501 -0.0039 0 0 0 0 0 0 0 0 0 0 0 0 0 0 172.0000 0 0 0 0 0 172.0000 0 0 0 0 0 0 0 0 0 0 0 0 0 0 0 0 0 0 0 0 0 0 0 0 0 0 0 0 0 0 0 0 0 0 0 0 0 0 0 0 0 0 0 0 0 0 0 0 0 0 0 0 0 0 0 0 0 0 0 0 0 0 0 0 0 0 0 0 0 0 0 0 0 0 0 0 -40.0000 172.0000 0 0 0 0 -40.0000 179.0000 0 0 0 0 -35.0000 -176.0000 0 0 0 0 0 0 0 0 0 0 0 113.0000 0 0 0 0 0 -113.0000 0 0 0 0 0 0 0 0 0 0 -2.1934 -172.0000 0 0 172.0000 0 0 0 0 0 0 0 0 0 0 -1.9930 172.0000 0 0.6875 172.0000 0 0 0 0 0 0 0 0 0 -15.3020 0 0 0 0 0 0 0 0 0 0 0 14.3916 0 0 0 0 0 0 0 0 0 0 0 0 0 0 0 0 0 0 0 0 0 0 0 0 0 0 0 0 0 56.3724 49.5410 18.4421 -43.6883 -42.8895 78.4660 -1.2071 2.4248 1.2119 0 0 0 22.6898 0 -15.4764 46.7428 0 0 24.7534 0 0 0 0 0 26.2307 -18.2042 -11.5795 71.3279 0 1.7849 26.2507 0 0 0 0 0 0 0 0 36.8658 -30.1541 -7.8258 65.4490 0 3.1136 26.5865 0 0 0 0 0 0 0 0 37.9537 -61.3338 -6.3924 68.6539 0 -2.7026 30.9164 0 0 -30.8237 -95.9995 -11.3021 -4.9735 1.1360 -7.4199 22.2772 -34.6539 -3.4999 33.0796 -28.8319 -4.8259 0 0 0 -60.4671 46.3895 18.2146 6.9068 -12.9712 -17.4376 1.3937 -6.9904 -0.2716 0 0 0 -4.2626 0 14.6188 -33.5391 0 0 -13.8605 0 0 0 0 0 -7.9988 0 9.1306 -55.8471 0 0 -13.5257 0 0 0 0 0 0 0 0 -16.8985 0 7.7817 -48.3320 0 0 -17.5692 0 0 0 0 0 0 0 0 -21.9143 0 7.4182 -52.9626 0 0 -26.4214 0 0 23.5504 -18.6269 9.3607 -1.6236 -0.7005 8.0342 -22.4604 35.1810 -19.0884 -36.3601 25.7671 0 0 0 0 -9.9858 13.6783 30.1250 -9.9338 39.8684 -0.0000 -23.6623 2.1037 0 0 0 0 0 0 0 0 0 0 0 0 0 0 0 0 0 0 0 0 0 0 0 0 0 0 0 0 0 0 0 0 0 0 0 0 0 0 0 0 0 0 0 0 0 0 7.4228 34.5808 37.2499 5.4190 4.7965 0.0000 -20.2305 -9.9995 -0.0000 0 0 0 0 0 0 0 0 0 0 0 0 0 0 0 0 0 0 0 0 0 0 0 0 0 0 0 0 0 0 0 0 0 0 0 0 0 0 0 0 0 0
-15.8497 0.3492 -98.5997 12.6667 1.3383 -17.2857 0 0 0 0 0 0 0 0 0 -5.7857 -5.1235 19.2465 0 0 0 0 0 0 0 8.0501 -0.0039 0 0 0 0 0 0 0 0 0 0 0 0 0 0 172.0000 0 0 0 0 0 172.0000 0 0 0 0 0 0 0 0 0 0 0 0 0 0 0 0 0 0 0 0 0 0 0 0 0 0 0 0 0 0 0 0 0 0 0 0 0 0 0 0 0 0 0 0 0 0 0 0 0 0 0 0 0 0 0 0 0 0 0 0 0 0 0 0 0 0 0 0 0 0 0 0 0 0 0 0 -40.0000 172.0000 0 0 0 0 -40.0000 179.0000 0 0 0 0 -35.0000 -176.0000 0 0 0 0 0 0 0 0 0 0 0 113.0000 0 0 0 0 0 -113.0000 0 0 0 0 0 0 0 0 0 0 -2.0145 -172.0000 0 0 172.0000 0 0 0 0 0 0 0 0 0 0 -2.0946 172.0000 0 0.8220 172.0000 0 0 0 0 0 0 0 0 0 -15.3020 0 0 0 0 0 0 0 0 0 0 0 14.8649 0 0 0 0 0 0 0 0 0 0 0 0 0 0 0 0 0 0 0 0 0 0 0 0 0 0 0 0 0 51.6212 43.4838 25.6742 -42.6982 -41.7649 77.7611 -1.3807 1.3502 0.6854 0 0 0 34.3755 0 -10.3362 62.0685 0 0 28.1146 0 0 0 0 0 43.0596 -17.5680 -12.3981 75.2184 0 -1.3785 31.3953 0 0 0 0 0 0 0 0 50.0173 -28.9028 -8.1261 71.9103 0 0.3087 26.7610 0 0 0 0 0 0 0 0 48.7324 -59.8919 -5.0171 72.8552 0 -4.7648 30.4756 0 0 -41.7118 -105.7895 -0.2464 -2.7340 4.4254 -7.5841 30.5531 -36.3631 -10.9633 32.1823 -31.2947 -8.4239 0 0 0 -51.1114 39.3332 33.6266 -8.7395 -25.1304 -2.3918 1.6786 -11.0088 0.9421 0 0 0 -19.9790 0 13.1430 -45.5148 0 0 -24.2721 0 0 0 0 0 -21.7481 0 6.2285 -68.1146 0 0 -25.9995 0 0 0 0 0 0 0 0 -33.7700 0 3.8126 -63.5492 0 0 -26.2808 0 0 0 0 0 0 0 0 -34.8391 0 2.4088 -66.7284 0 0 -30.7288 0 0 13.7782 -20.6614 19.6117 -12.3077 0.7249 11.3314 -21.1131 30.9741 -23.4438 -35.9788 25.7180 0 0 0 0 -9.5009 14.2788 25.2223 -8.2436 39.2113 -0.0000 -31.1623 9.7230 0 0 0 0 0 0 0 0 0 0 0 0 0 0 0 0 0 0 0 0 0 0 0 0 0 0 0 0 0 0 0 0 0 0 0 0 0 0 0 0 0 0 0 0 0 0 3.3143 37.5200 34.2046 -0.7538 11.2261 0.0000 -22.3835 -9.4422 -0.0000 0 0 0 0 0 0 0 0 0 0 0 0 0 0 0 0 0 0 0 0 0 0 0 0 0 0 0 0 0 0 0 0 0 0 0 0 0 0 0 0 0 0
-13.1367 1.3672 -98.9300 12.9117 0.3470 -17.0149 0 0 0 0 0 0 0 0 0 -7.0229 -5.9206 19.5565 0 0 0 0 0 0 0 8.0501 -0.0039 0 0 0 0 0 0 0 0 0 0 0 0 0 0 172.0000 0 0 0 0 0 172.0000 0 0 0 0 0 0 0 0 0 0 0 0 0 0 0 0 0 0 0 0 0 0 0 0 0 0 0 0 0 0 0 0 0 0 0 0 0 0 0 0 0 0 0 0 0 0 0 0 0 0 0 0 0 0 0 0 0 0 0 0 0 0 0 0 0 0 0 0 0 0 0 0 0 0 0 0 -40.0000 172.0000 0 0 0 0 -40.0000 179.0000 0 0 0 0 -35.0000 -176.0000 0 0 0 0 0 0 0 0 0 0 0 113.0000 0 0 0 0 0 -113.0000 0 0 0 0 0 0 0 0 0 0 -2.1730 -172.0000 0 0 172.0000 0 0 0 0 0 0 0 0 0 0 -2.1500 172.0000 0 0.8929 172.0000 0 0 0 0 0 0 0 0 0 -15.3021 0 0 0 0 0 0 0 0 0 0 0 14.1932 0 0 0 0 0 0 0 0 0 0 0 0 0 0 0 0 0 0 0 0 0 0 0 0 0 0 0 0 0 52.5840 43.6060 29.0642 -36.2472 -34.8242 75.6047 -1.0872 0.2066 0.0639 0 0 0 31.3855 0 -1.2237 59.4391 0 0 18.0776 0 0 0 0 0 48.5958 -21.8849 -13.5116 54.0796 0 -3.7110 20.3319 0 0 0 0 0 0 0 0 49.8669 -31.2472 -9.1690 53.2410 0 -2.0257 15.3992 0 0 0 0 0 0 0 0 49.1411 -61.0335 -5.7565 51.8457 0 -6.4842 25.0613 0 0 -45.7209 -108.0024 3.7585 -0.8656 8.6563 -9.5159 34.1296 -35.2495 -12.2430 30.3376 -31.7777 -11.3190 0 0 0 -42.7235 29.3146 50.8474 -25.8651 -36.5097 15.3383 1.6245 -12.3879 1.2841 0 0 0 -28.4723 0 5.6064 -59.0688 0 0 -26.8433 0 0 0 0 0 -33.6180 0 2.7501 -69.7046 0 0 -30.5395 0 0 0 0 0 0 0 0 -42.2389 0 0.1246 -67.6397 0 0 -25.7769 0 0 0 0 0 0 0 0 -41.9614 0 -1.9851 -69.4551 0 0 -29.9034 0 0 5.6474 -15.9790 17.8456 -10.8134 1.0053 12.3712 -21.7723 30.5484 -19.1533 -36.5301 25.6872 0 0 0 0 -8.7049 14.5623 18.8678 -3.7291 37.1577 -0.0000 -32.8516 13.0481 0 0 0 0 0 0 0 0 0 0 0 0 0 0 0 0 0 0 0 0 0 0 0 0 0 0 0 0 0 0 0 0 0 0 0 0 0 0 0 0 0 0 0 0 0 0 -0.8170 38.3034 32.7415 -6.1465 23.2571 0.0000 -24.5932 -7.3868 -0.0000 0 0 0 0 0 0 0 0 0 0 0 0 0 0 0 0 0 0 0 0 0 0 0 0 0 0 0 0 0 0 0 0 0 0 0 0 0 0 0 0 0 0
-10.7240 1.7205 -99.1727 12.0172 -1.8166 -17.0833 0 0 0 0 0 0 0 0 0 -10.0060 -7.7921 20.7535 0 0 0 0 0 0 0 8.0501 -0.0039 0 0 0 0 0 0 0 0 0 0 0 0 0 0 172.0000 0 0 0 0 0 172.0000 0 0 0 0 0 0 0 0 0 0 0 0 0 0 0 0 0 0 0 0 0 0 0 0 0 0 0 0 0 0 0 0 0 0 0 0 0 0 0 0 0 0 0 0 0 0 0 0 0 0 0 0 0 0 0 0 0 0 0 0 0 0 0 0 0 0 0 0 0 0 0 0 0 0 0 0 -40.0000 172.0000 0 0 0 0 -40.0000 179.0000 0 0 0 0 -35.0000 -176.0000 0 0 0 0 0 0 0 0 0 0 0 113.0000 0 0 0 0 0 -113.0000 0 0 0 0 0 0 0 0 0 0 -2.8817 -172.0000 0 0 172.0000 0 0 0 0 0 0 0 0 0 0 -2.5357 172.0000 0 1.2459 172.0000 0 0 0 0 0 0 0 0 0 -15.3022 0 0 0 0 0 0 0 0 0 0 0 13.3187 0 0 0 0 0 0 0 0 0 0 0 0 0 0 0 0 0 0 0 0 0 0 0 0 0 0 0 0 0 53.5191 45.0024 32.0836 -28.3526 -25.6427 74.7072 -1.0341 -2.4430 -0.9363 0 0 0 28.0626 0 5.2906 52.5524 0 0 9.8289 0 0 0 0 0 44.6771 -22.9044 -11.7605 38.7270 0 -4.3883 11.1600 0 0 0 0 0 0 0 0 46.2233 -31.9446 -6.9278 38.9009 0 -2.5097 8.9219 0 0 0 0 0 0 0 0 46.9148 -61.3602 -5.3628 36.6974 0 -6.8378 23.9373 0 0 -46.3516 -107.7035 3.8266 -0.6109 13.5890 -12.8702 29.8605 -26.6905 -7.0895 28.2480 -29.4500 -11.5345 0 0 0 -36.4794 25.2474 60.6391 -33.5548 -40.6851 24.2975 1.9942 -12.6915 1.4321 0 0 0 -24.4029 0 -5.2542 -55.4020 0 0 -16.0687 0 0 0 0 0 -37.4217 0 2.4142 -48.0317 0 0 -19.0511 0 0 0 0 0 0 0 0 -39.9242 0 -0.6955 -47.8484 0 0 -13.9190 0 0 0 0 0 0 0 0 -40.8215 0 -2.5154 -47.8206 0 0 -24.2258 0 0 1.4849 -8.2881 8.3551 -1.5453 -4.7365 13.5903 -22.6292 29.0726 -11.3874 -31.9714 25.6425 0 0 0 0 -7.9136 13.9439 14.2526 0.4207 35.2485 -0.0000 -33.3432 16.7554 0 0 0 0 0 0 0 0 0 0 0 0 0 0 0 0 0 0 0 0 0 0 0 0 0 0 0 0 0 0 0 0 0 0 0 0 0 0 0 0 0 0 0 0 0 0 -1.5586 35.3206 33.3246 -8.8132 37.5044 0.0000 -26.8462 -5.2403 -0.0000 0 0 0 0 0 0 0 0 0 0 0 0 0 0 0 0 0 0 0 0 0 0 0 0 0 0 0 0 0 0 0 0 0 0 0 0 0 0 0 0 0 0
-8.7250 1.6234 -99.7485 9.5194 -3.9332 -16.4710 0 0 0 0 0 0 0 0 0 -12.9765 -9.6114 21.8144 0 0 0 0 0 0 0 8.0501 -0.0039 0 0 0 0 0 0 0 0 0 0 0 0 0 0 172.0000 0 0 0 0 0 172.0000 0 0 0 0 0 0 0 0 0 0 0 0 0 0 0 0 0 0 0 0 0 0 0 0 0 0 0 0 0 0 0 0 0 0 0 0 0 0 0 0 0 0 0 0 0 0 0 0 0 0 0 0 0 0 0 0 0 0 0 0 0 0 0 0 0 0 0 0 0 0 0 0 0 0 0 0 -40.0000 172.0000 0 0 0 0 -40.0000 179.0000 0 0 0 0 -35.0000 -176.0000 0 0 0 0 0 0 0 0 0 0 0 113.0000 0 0 0 0 0 -113.0000 0 0 0 0 0 0 0 0 0 0 -3.9042 -172.0000 0 0 172.0000 0 0 0 0 0 0 0 0 0 0 -3.5358 172.0000 0 2.2263 172.0000 0 0 0 0 0 0 0 0 0 -15.3032 0 0 0 0 0 0 0 0 0 0 0 12.6515 0 0 0 0 0 0 0 0 0 0 0 0 0 0 0 0 0 0 0 0 0 0 0 0 0 0 0 0 0 52.4150 46.5069 34.3042 -26.4455 -20.7328 76.1846 -1.1665 -5.2675 -1.9231 0 0 0 35.6155 0 4.5516 62.6479 0 0 13.6752 0 0 0 0 0 39.1690 -20.8425 -8.2714 54.0117 0 -4.7127 16.8931 0 0 0 0 0 0 0 0 47.2788 -30.6311 -3.2198 52.8954 0 -2.5204 15.9496 0 0 0 0 0 0 0 0 49.1603 -60.5136 -4.7628 52.0456 0 -6.7585 31.1612 0 0 -46.6446 -107.4130 3.1757 -0.5364 18.8532 -14.0570 26.7029 -14.5459 -3.3214 30.0337 -26.7421 -11.7248 0 0 0 -28.0605 25.4815 68.7354 -35.8668 -40.9458 28.9502 2.8125 -13.2486 1.6582 0 0 0 -23.1978 0 -10.1736 -49.4845 0 0 -8.1824 0 0 0 0 0 -36.9302 0 4.1087 -34.6110 0 0 -10.1518 0 0 0 0 0 0 0 0 -39.2283 0 0.0331 -35.1407 0 0 -7.8155 0 0 0 0 0 0 0 0 -41.1186 0 -0.3649 -33.9730 0 0 -23.3653 0 0 -0.3875 -8.9805 11.3536 -4.3527 -13.0990 15.0872 -22.6880 22.2735 -9.7101 -27.4628 25.4303 0 0 0 0 -6.9912 12.7875 11.6404 2.0221 33.4145 -0.0000 -34.4889 19.4133 0 0 0 0 0 0 0 0 0 0 0 0 0 0 0 0 0 0 0 0 0 0 0 0 0 0 0 0 0 0 0 0 0 0 0 0 0 0 0 0 0 0 0 0 0 0 0.3977 33.1926 33.3265 -9.1085 40.7178 0.0000 -28.1546 -5.5529 -0.0000 0 0 0 0 0 0 0 0 0 0 0 0 0 0 0 0 0 0 0 0 0 0 0 0 0 0 0 0 0 0 0 0 0 0 0 0 0 0 0 0 0 0
-7.1102 2.0880 -100.5254 5.2711 -3.5589 -15.3594 0 0 0 0 0 0 0 0 0 -12.8286 -10.2898 22.1845 0 0 0 0 0 0 0 8.0501 -0.0039 0 0 0 0 0 0 0 0 0 0 0 0 0 0 172.0000 0 0 0 0 0 172.0000 0 0 0 0 0 0 0 0 0 0 0 0 0 0 0 0 0 0 0 0 0 0 0 0 0 0 0 0 0 0 0 0 0 0 0 0 0 0 0 0 0 0 0 0 0 0 0 0 0 0 0 0 0 0 0 0 0 0 0 0 0 0 0 0 0 0 0 0 0 0 0 0 0 0 0 0 -40.0000 172.0000 0 0 0 0 -40.0000 179.0000 0 0 0 0 -35.0000 -176.0000 0 0 0 0 0 0 0 0 0 0 0 113.0000 0 0 0 0 0 -113.0000 0 0 0 0 0 0 0 0 0 0 -4.3372 -172.0000 0 0 172.0000 0 0 0 0 0 0 0 0 0 0 -4.4142 172.0000 0 3.0062 172.0000 0 0 0 0 0 0 0 0 0 -15.5633 0 0 0 0 0 0 0 0 0 0 0 12.0983 0 0 0 0 0 0 0 0 0 0 0 0 0 0 0 0 0 0 0 0 0 0 0 0 0 0 0 0 0 51.5906 48.8034 33.9384 -26.7881 -18.9775 74.8118 -0.7317 -5.1656 -1.9577 0 0 0 45.9216 0 0.8121 77.7256 0 0 21.4518 0 0 0 0 0 36.2013 -20.5661 -5.8407 77.0523 0 -4.9539 27.0032 0 0 0 0 0 0 0 0 51.0049 -30.4215 -0.9813 74.4628 0 -2.6836 26.0803 0 0 0 0 0 0 0 0 53.5443 -60.3066 -4.9903 75.2874 0 -6.8988 39.3105 0 0 -47.0091 -107.5173 3.3041 -0.1858 22.7754 -14.0703 26.8988 -3.5346 -3.0369 33.5431 -26.1265 -12.7626 0 0 0 -20.8619 26.6195 75.4564 -36.0603 -41.0931 30.8867 2.9674 -12.6201 1.2805 0 0 0 -33.6011 0 -6.6891 -61.3042 0 0 -12.9202 0 0 0 0 0 -35.8872 0 5.0293 -52.0754 0 0 -16.3344 0 0 0 0 0 0 0 0 -44.5374 0 0.5211 -51.3789 0 0 -15.4649 0 0 0 0 0 0 0 0 -46.9708 0 2.5935 -51.0630 0 0 -31.0003 0 0 -0.4496 -20.6092 32.2095 -23.5003 -19.3231 14.4065 -23.1515 12.0640 -13.5303 -30.2354 25.0008 0 0 0 0 -6.0197 11.5289 8.9317 3.3771 31.6369 -0.0000 -35.0813 20.1620 0 0 0 0 0 0 0 0 0 0 0 0 0 0 0 0 0 0 0 0 0 0 0 0 0 0 0 0 0 0 0 0 0 0 0 0 0 0 0 0 0 0 0 0 0 0 3.9437 26.9834 26.8242 -5.2345 39.2104 0.0000 -23.0877 -7.6713 -0.0000 0 0 0 0 0 0 0 0 0 0 0 0 0 0 0 0 0 0 0 0 0 0 0 0 0 0 0 0 0 0 0 0 0 0 0 0 0 0 0 0 0 0
-5.5811 3.0446 -101.8491 -0.2974 0.5772 -13.8340 0 0 0 0 0 0 0 0 0 -10.2399 -10.2731 22.0561 0 0 0 0 0 0 0 8.0501 -0.0039 0 0 0 0 0 0 0 0 0 0 0 0 0 0 172.0000 0 0 0 0 0 172.0000 0 0 0 0 0 0 0 0 0 0 0 0 0 0 0 0 0 0 0 0 0 0 0 0 0 0 0 0 0 0 0 0 0 0 0 0 0 0 0 0 0 0 0 0 0 0 0 0 0 0 0 0 0 0 0 0 0 0 0 0 0 0 0 0 0 0 0 0 0 0 0 0 0 0 0 0 -40.0000 172.0000 0 0 0 0 -40.0000 179.0000 0 0 0 0 -35.0000 -176.0000 0 0 0 0 0 0 0 0 0 0 0 113.0000 0 0 0 0 0 -113.0000 0 0 0 0 0 0 0 0 0 0 -4.1081 -172.0000 0 0 172.0000 0 0 0 0 0 0 0 0 0 0 -4.6264 172.0000 0 3.1084 172.0000 0 0 0 0 0 0 0 0 0 -15.9825 0 0 0 0 0 0 0 0 0 0 0 10.8853 0 0 0 0 0 0 0 0 0 0 0 0 0 0 0 0 0 0 0 0 0 0 0 0 0 0 0 0 0 51.5772 50.9108 33.1731 -24.1659 -15.4604 62.4539 0.0838 -1.8320 -0.8209 0 0 0 50.2343 0 -1.0658 84.5055 0 0 25.2389 0 0 0 0 0 35.1032 -20.9480 -4.5898 87.2488 0 -4.8494 31.7746 0 0 0 0 0 0 0 0 52.6654 -30.6723 -0.0874 84.2341 0 -2.6453 30.5966 0 0 0 0 0 0 0 0 55.4579 -60.4074 -5.0078 85.8439 0 -6.9567 42.6250 0 0 -46.8817 -107.5389 3.3762 0.0137 24.6401 -14.5590 28.3087 2.4329 -4.2958 35.2904 -26.9274 -13.8850 0 0 0 -18.9402 27.2185 77.4678 -35.0060 -41.3437 26.6256 2.4270 -9.8523 0.3425 0 0 0 -45.4348 0 -1.3775 -77.3653 0 0 -21.2737 0 0 0 0 0 -35.4466 0 5.0873 -76.4222 0 0 -26.7785 0 0 0 0 0 0 0 0 -50.5897 0 0.5681 -74.1858 0 0 -25.9684 0 0 0 0 0 0 0 0 -53.2401 0 4.6641 -75.2317 0 0 -39.3443 0 0 0.0113 -32.3301 52.7809 -42.3014 -22.3746 12.9753 -23.7402 4.2077 -17.7858 -35.2752 24.6312 0 0 0 0 -5.4063 10.2615 5.9237 4.3969 29.7386 -0.0000 -35.1733 21.2956 0 0 0 0 0 0 0 0 0 0 0 0 0 0 0 0 0 0 0 0 0 0 0 0 0 0 0 0 0 0 0 0 0 0 0 0 0 0 0 0 0 0 0 0 0 0 7.9511 10.1785 10.0702 2.7428 44.8078 0.0000 -8.9550 -9.2033 -0.0000 0 0 0 0 0 0 0 0 0 0 0 0 0 0 0 0 0 0 0 0 0 0 0 0 0 0 0 0 0 0 0 0 0 0 0 0 0 0 0 0 0 0
-3.5112 3.4198 -102.5779 -4.5938 3.8364 -12.9111 0 0 0 0 0 0 0 0 0 -8.9524 -9.6406 21.4232 0 0 0 0 0 0 0 8.0501 -0.0039 0 0 0 0 0 0 0 0 0 0 0 0 0 0 172.0000 0 0 0 0 0 172.0000 0 0 0 0 0 0 0 0 0 0 0 0 0 0 0 0 0 0 0 0 0 0 0 0 0 0 0 0 0 0 0 0 0 0 0 0 0 0 0 0 0 0 0 0 0 0 0 0 0 0 0 0 0 0 0 0 0 0 0 0 0 0 0 0 0 0 0 0 0 0 0 0 0 0 0 0 -40.0000 172.0000 0 0 0 0 -40.0000 179.0000 0 0 0 0 -35.0000 -176.0000 0 0 0 0 0 0 0 0 0 0 0 113.0000 0 0 0 0 0 -113.0000 0 0 0 0 0 0 0 0 0 0 -4.0107 -172.0000 0 0 172.0000 0 0 0 0 0 0 0 0 0 0 -4.6233 172.0000 0 3.1438 172.0000 0 0 0 0 0 0 0 0 0 -15.9215 0 0 0 0 0 0 0 0 0 0 0 9.5627 0 0 0 0 0 0 0 0 0 0 0 0 0 0 0 0 0 0 0 0 0 0 0 0 0 0 0 0 0 52.0655 52.3663 33.1406 -17.4995 -8.6622 39.5444 0.3357 4.4438 1.5433 0 0 0 50.3712 0 -1.2712 85.0354 0 0 25.7208 0 0 0 0 0 35.1356 -20.9050 -4.3984 88.0337 0 -4.8355 32.3033 0 0 0 0 0 0 0 0 52.7994 -30.6484 -0.0711 85.1094 0 -2.6286 30.9622 0 0 0 0 0 0 0 0 55.5515 -60.3937 -4.9224 86.8425 0 -6.9589 42.7210 0 0 -46.8538 -107.5179 3.3401 0.0532 24.1760 -14.1929 27.6318 1.8753 -3.6638 35.5303 -26.6035 -14.1289 0 0 0 -20.7301 27.3443 76.9992 -32.7395 -39.5047 19.6543 1.9703 -4.5876 -1.2023 0 0 0 -50.2787 0 1.0868 -84.4926 0 0 -25.3156 0 0 0 0 0 -35.4241 0 4.9020 -87.3236 0 0 -31.7695 0 0 0 0 0 0 0 0 -53.0669 0 0.4799 -84.4269 0 0 -30.6438 0 0 0 0 0 0 0 0 -55.7255 0 5.2366 -86.1166 0 0 -42.6838 0 0 0.3120 -36.8038 60.5254 -49.3746 -22.7741 12.2487 -23.9970 1.7921 -19.5013 -37.7343 24.5052 0 0 0 0 -6.3526 7.4854 9.7084 1.5459 32.4320 -0.0000 -35.0879 23.1280 0 0 0 0 0 0 0 0 0 0 0 0 0 0 0 0 0 0 0 0 0 0 0 0 0 0 0 0 0 0 0 0 0 0 0 0 0 0 0 0 0 0 0 0 0 0 10.1852 -2.6389 -6.1577 9.1615 47.2701 0.0000 4.2535 -9.4137 -0.0000 0 0 0 0 0 0 0 0 0 0 0 0 0 0 0 0 0 0 0 0 0 0 0 0 0 0 0 0 0 0 0 0 0 0 0 0 0 0 0 0 0 0
0.4711 2.1121 -102.8330 -5.8002 3.4129 -11.5671 0 0 0 0 0 0 0 0 0 -8.7749 -8.3342 20.4417 0 0 0 0 0 0 0 8.0501 -0.0039 0 0 0 0 0 0 0 0 0 0 0 0 0 0 172.0000 0 0 0 0 0 172.0000 0 0 0 0 0 0 0 0 0 0 0 0 0 0 0 0 0 0 0 0 0 0 0 0 0 0 0 0 0 0 0 0 0 0 0 0 0 0 0 0 0 0 0 0 0 0 0 0 0 0 0 0 0 0 0 0 0 0 0 0 0 0 0 0 0 0 0 0 0 0 0 0 0 0 0 0 -40.0000 172.0000 0 0 0 0 -40.0000 179.0000 0 0 0 0 -35.0000 -176.0000 0 0 0 0 0 0 0 0 0 0 0 113.0000 0 0 0 0 0 -113.0000 0 0 0 0 0 0 0 0 0 0 -4.2841 -172.0000 0 0 172.0000 0 0 0 0 0 0 0 0 0 0 -4.8607 172.0000 0 3.5104 172.0000 0 0 0 0 0 0 0 0 0 -15.5250 0 0 0 0 0 0 0 0 0 0 0 9.3306 0 0 0 0 0 0 0 0 0 0 0 0 0 0 0 0 0 0 0 0 0 0 0 0 0 0 0 0 0 52.5397 54.5473 31.8042 -7.7957 -0.3154 17.0820 -1.4602 11.5405 4.7230 0 0 0 49.3974 0 -0.9252 83.6931 0 0 25.1121 0 0 0 0 0 35.4197 -20.8555 -4.5804 86.0691 0 -4.8548 31.4841 0 0 0 0 0 0 0 0 52.4834 -30.6149 -0.2760 83.3031 0 -2.6383 30.1031 0 0 0 0 0 0 0 0 55.1487 -60.3645 -4.8665 84.9774 0 -6.9748 41.9834 0 0 -46.8799 -107.5193 3.3370 0.0297 22.4605 -12.8806 25.3900 -1.5567 -1.4900 35.2591 -25.3679 -13.8161 0 0 0 -22.1984 27.9650 77.9580 -30.3650 -36.8970 18.1433 3.2569 -0.0746 -2.4248 0 0 0 -50.4417 0 1.3459 -85.0634 0 0 -25.6959 0 0 0 0 0 -35.4917 0 4.7942 -88.6597 0 0 -32.5080 0 0 0 0 0 0 0 0 -53.2768 0 0.4251 -85.6939 0 0 -31.2057 0 0 0 0 0 0 0 0 -55.7766 0 5.1134 -87.0585 0 0 -42.5646 0 0 0.3869 -36.7606 60.8026 -49.5074 -22.5532 11.8763 -24.1538 2.1845 -19.6813 -38.0268 24.5369 0 0 0 0 -8.4863 1.4363 22.9361 -4.6858 43.6803 -0.0000 -35.0129 25.6827 0 0 0 0 0 0 0 0 0 0 0 0 0 0 0 0 0 0 0 0 0 0 0 0 0 0 0 0 0 0 0 0 0 0 0 0 0 0 0 0 0 0 0 0 0 0 10.6075 -2.7276 -12.2722 10.7646 41.0713 0.0000 9.1438 -9.3276 -0.0000 0 0 0 0 0 0 0 0 0 0 0 0 0 0 0 0 0 0 0 0 0 0 0 0 0 0 0 0 0 0 0 0 0 0 0 0 0 0 0 0 0 0
5.0160 -0.2057 -104.4937 -5.8673 2.3936 -9.0116 0 0 0 0 0 0 0 0 0 -7.8375 -7.6760 19.2235 0 0 0 0 0 0 0 8.0501 -0.0039 0 0 0 0 0 0 0 0 0 0 0 0 0 0 172.0000 0 0 0 0 0 172.0000 0 0 0 0 0 0 0 0 0 0 0 0 0 0 0 0 0 0 0 0 0 0 0 0 0 0 0 0 0 0 0 0 0 0 0 0 0 0 0 0 0 0 0 0 0 0 0 0 0 0 0 0 0 0 0 0 0 0 0 0 0 0 0 0 0 0 0 0 0 0 0 0 0 0 0 0 -40.0000 172.0000 0 0 0 0 -40.0000 179.0000 0 0 0 0 -35.0000 -176.0000 0 0 0 0 0 0 0 0 0 0 0 113.0000 0 0 0 0 0 -113.0000 0 0 0 0 0 0 0 0 0 0 -4.3904 -172.0000 0 0 172.0000 0 0 0 0 0 0 0 0 0 0 -5.1134 172.0000 0 3.8346 172.0000 0 0 0 0 0 0 0 0 0 -10.5024 0 0 0 0 0 0 0 0 0 0 0 10.2593 0 0 0 0 0 0 0 0 0 0 0 0 0 0 0 0 0 0 0 0 0 0 0 0 0 0 0 0 0 52.2898 57.9005 28.4478 -0.1388 5.4398 4.9720 -5.0676 16.3895 7.5566 0 0 0 48.7929 0 -0.6936 82.7409 0 0 24.6189 0 0 0 0 0 35.5881 -20.8733 -4.7393 84.6619 0 -4.8526 30.8489 0 0 0 0 0 0 0 0 52.2551 -30.6261 -0.4069 81.9725 0 -2.6387 29.4825 0 0 0 0 0 0 0 0 54.9028 -60.3208 -4.8792 83.5913 0 -7.0094 41.5028 0 0 -46.8783 -107.5222 3.3433 0.0056 21.2347 -11.8694 24.0697 -3.6732 -0.1207 35.0332 -24.7494 -13.6760 0 0 0 -23.2036 35.4580 85.8803 -25.5545 -32.0365 18.1410 6.7950 -0.0661 -2.0362 0 0 0 -49.3765 0 0.9145 -83.7058 0 0 -24.8418 0 0 0 0 0 -35.5147 0 4.7930 -87.2958 0 0 -31.9199 0 0 0 0 0 0 0 0 -52.9400 0 0.4235 -84.4160 0 0 -30.6175 0 0 0 0 0 0 0 0 -55.2239 0 4.9227 -85.0225 0 0 -41.5034 0 0 0.3602 -35.6583 59.5323 -48.1341 -22.5782 11.5604 -24.3236 3.0071 -19.5251 -37.5961 24.6079 0 0 0 0 -9.9381 -6.1287 37.4478 -9.4799 57.0155 -0.0000 -34.9868 27.7341 0 0 0 0 0 0 0 0 0 0 0 0 0 0 0 0 0 0 0 0 0 0 0 0 0 0 0 0 0 0 0 0 0 0 0 0 0 0 0 0 0 0 0 0 0 0 10.3322 -1.9898 -14.2487 9.7555 38.4998 0.0000 8.8679 -9.6077 -0.0000 0 0 0 0 0 0 0 0 0 0 0 0 0 0 0 0 0 0 0 0 0 0 0 0 0 0 0 0 0 0 0 0 0 0 0 0 0 0 0 0 0 0
6.3977 -1.2847 -105.9476 -6.8175 1.6947 -8.8364 0 0 0 0 0 0 0 0 0 -6.2659 -8.5000 17.6978 0 0 0 0 0 0 0 8.0501 -0.0039 0 0 0 0 0 0 0 0 0 0 0 0 0 0 172.0000 0 0 0 0 0 172.0000 0 0 0 0 0 0 0 0 0 0 0 0 0 0 0 0 0 0 0 0 0 0 0 0 0 0 0 0 0 0 0 0 0 0 0 0 0 0 0 0 0 0 0 0 0 0 0 0 0 0 0 0 0 0 0 0 0 0 0 0 0 0 0 0 0 0 0 0 0 0 0 0 0 0 0 0 -40.0000 172.0000 0 0 0 0 -40.0000 179.0000 0 0 0 0 -35.0000 -176.0000 0 0 0 0 0 0 0 0 0 0 0 113.0000 0 0 0 0 0 -113.0000 0 0 0 0 0 0 0 0 0 0 -3.7686 -172.0000 0 0 172.0000 0 0 0 0 0 0 0 0 0 0 -4.9588 172.0000 0 3.6138 172.0000 0 0 0 0 0 0 0 0 0 2.2029 0 0 0 0 0 0 0 0 0 0 0 11.8168 0 0 0 0 0 0 0 0 0 0 0 0 0 0 0 0 0 0 0 0 0 0 0 0 0 0 0 0 0 51.6793 60.2024 25.8917 2.7637 7.6519 2.2211 -6.5296 17.8774 8.4630 0 0 0 48.6144 0 -0.5953 82.4585 0 0 24.4593 0 0 0 0 0 35.6242 -20.8769 -4.7940 84.2615 0 -4.8501 30.6519 0 0 0 0 0 0 0 0 52.1896 -30.6288 -0.4389 81.5814 0 -2.6371 29.3040 0 0 0 0 0 0 0 0 54.8205 -60.3045 -4.8721 83.1649 0 -7.0181 41.3821 0 0 -46.8746 -107.5213 3.3424 -0.0036 21.0125 -11.6712 23.8146 -4.1621 0.2833 34.9583 -24.6460 -13.6004 0 0 0 -24.8805 47.5481 98.4138 -18.1805 -28.3577 15.6352 8.4185 -0.6092 -1.7228 0 0 0 -48.6675 0 0.5741 -82.7132 0 0 -24.3390 0 0 0 0 0 -35.5371 0 4.7970 -85.7005 0 0 -31.2238 0 0 0 0 0 0 0 0 -52.5521 0 0.4245 -82.9205 0 0 -29.9303 0 0 0 0 0 0 0 0 -54.8487 0 4.8170 -83.5324 0 0 -41.0583 0 0 0.3265 -34.9850 58.2582 -46.9762 -22.3863 11.7135 -24.2465 3.4153 -19.2507 -37.2798 24.6233 0 0 0 0 -10.3255 -9.4399 45.0350 -10.9550 63.6391 -0.0000 -34.9704 28.3381 0 0 0 0 0 0 0 0 0 0 0 0 0 0 0 0 0 0 0 0 0 0 0 0 0 0 0 0 0 0 0 0 0 0 0 0 0 0 0 0 0 0 0 0 0 0 10.0600 -2.9014 -16.9532 9.2045 41.8937 0.0000 8.7123 -9.9183 -0.0000 0 0 0 0 0 0 0 0 0 0 0 0 0 0 0 0 0 0 0 0 0 0 0 0 0 0 0 0 0 0 0 0 0 0 0 0 0 0 0 0 0 0
4.9682 -0.2715 -105.9494 -8.5525 2.0944 -11.0429 0 0 0 0 0 0 0 0 0 -5.1773 -9.1863 16.5031 0 0 0 0 0 0 0 8.0501 -0.0039 0 0 0 0 0 0 0 0 0 0 0 0 0 0 172.0000 0 0 0 0 0 172.0000 0 0 0 0 0 0 0 0 0 0 0 0 0 0 0 0 0 0 0 0 0 0 0 0 0 0 0 0 0 0 0 0 0 0 0 0 0 0 0 0 0 0 0 0 0 0 0 0 0 0 0 0 0 0 0 0 0 0 0 0 0 0 0 0 0 0 0 0 0 0 0 0 0 0 0 0 -40.0000 172.0000 0 0 0 0 -40.0000 179.0000 0 0 0 0 -35.0000 -176.0000 0 0 0 0 0 0 0 0 0 0 0 113.0000 0 0 0 0 0 -113.0000 0 0 0 0 0 0 0 0 0 0 -2.7515 -172.0000 0 0 172.0000 0 0 0 0 0 0 0 0 0 0 -4.3579 172.0000 0 2.9452 172.0000 0 0 0 0 0 0 0 0 0 12.5381 0 0 0 0 0 0 0 0 0 0 0 13.5995 0 0 0 0 0 0 0 0 0 0 0 0 0 0 0 0 0 0 0 0 0 0 0 0 0 0 0 0 0 51.8121 56.9366 28.7890 0.3917 6.3559 7.7028 -4.0625 14.4078 6.4216 0 0 0 48.6337 0 -0.5749 82.4973 0 0 24.4789 0 0 0 0 0 35.6062 -20.8733 -4.7898 84.3515 0 -4.8510 30.6825 0 0 0 0 0 0 0 0 52.2038 -30.6264 -0.4272 81.6588 0 -2.6374 29.3426 0 0 0 0 0 0 0 0 54.8184 -60.2893 -4.8562 83.2101 0 -7.0256 41.4227 0 0 -46.8757 -107.5211 3.3416 -0.0036 21.5164 -12.1384 24.2405 -3.6715 -0.0596 34.9662 -24.6695 -13.6257 0 0 0 -34.5971 47.3556 101.4617 -13.1946 -29.9534 17.5648 5.9614 -0.3709 -1.9857 0 0 0 -48.4802 0 0.4572 -82.4159 0 0 -24.3507 0 0 0 0 0 -35.5697 0 4.7788 -84.6107 0 0 -30.7797 0 0 0 0 0 0 0 0 -52.2640 0 0.4143 -81.9018 0 0 -29.4581 0 0 0 0 0 0 0 0 -54.7335 0 4.7751 -83.0991 0 0 -41.2218 0 0 0.3128 -34.8324 57.3538 -46.3465 -22.0049 12.1409 -24.0283 3.4736 -18.9781 -37.2081 24.5947 0 0 0 0 -10.2168 -6.5172 44.4329 -9.2787 64.5090 -0.0000 -33.3970 26.6243 0 0 0 0 0 0 0 0 0 0 0 0 0 0 0 0 0 0 0 0 0 0 0 0 0 0 0 0 0 0 0 0 0 0 0 0 0 0 0 0 0 0 0 0 0 0 9.9573 -3.4013 -19.7963 9.5654 45.6448 0.0000 9.6876 -10.0437 -0.0000 0 0 0 0 0 0 0 0 0 0 0 0 0 0 0 0 0 0 0 0 0 0 0 0 0 0 0 0 0 0 0 0 0 0 0 0 0 0 0 0 0 0
3.1369 2.1757 -105.7782 -10.5194 3.9545 -12.7527 0 0 0 0 0 0 0 0 0 -5.4820 -8.8497 16.4641 0 0 0 0 0 0 0 8.0501 -0.0039 0 0 0 0 0 0 0 0 0 0 0 0 0 0 172.0000 0 0 0 0 0 172.0000 0 0 0 0 0 0 0 0 0 0 0 0 0 0 0 0 0 0 0 0 0 0 0 0 0 0 0 0 0 0 0 0 0 0 0 0 0 0 0 0 0 0 0 0 0 0 0 0 0 0 0 0 0 0 0 0 0 0 0 0 0 0 0 0 0 0 0 0 0 0 0 0 0 0 0 0 -40.0000 172.0000 0 0 0 0 -40.0000 179.0000 0 0 0 0 -35.0000 -176.0000 0 0 0 0 0 0 0 0 0 0 0 113.0000 0 0 0 0 0 -113.0000 0 0 0 0 0 0 0 0 0 0 -2.0802 -172.0000 0 0 172.0000 0 0 0 0 0 0 0 0 0 0 -3.6867 172.0000 0 2.3299 172.0000 0 0 0 0 0 0 0 0 0 9.4455 0 0 0 0 0 0 0 0 0 0 0 15.4595 0 0 0 0 0 0 0 0 0 0 0 0 0 0 0 0 0 0 0 0 0 0 0 0 0 0 0 0 0 52.9299 50.8899 35.2095 -6.5599 4.1102 24.2261 -0.7815 6.9399 2.7317 0 0 0 48.7252 0 -0.6223 82.5820 0 0 24.5293 0 0 0 0 0 35.5863 -20.8736 -4.7740 84.5035 0 -4.8512 30.7488 0 0 0 0 0 0 0 0 52.2283 -30.6265 -0.4123 81.8008 0 -2.6376 29.4094 0 0 0 0 0 0 0 0 54.8617 -60.2397 -4.8747 83.3267 0 -7.0461 41.4770 0 0 -46.8760 -107.5213 3.3419 -0.0250 22.1500 -12.7435 24.6802 -2.8883 -0.6867 34.9890 -24.6570 -13.7717 0 0 0 -55.9773 37.4075 78.4861 -3.6411 -28.6139 11.8607 3.5221 -4.5336 -0.6042 0 0 0 -48.5387 0 0.4724 -82.4699 0 0 -24.4788 0 0 0 0 0 -35.5846 0 4.7665 -84.3184 0 0 -30.6716 0 0 0 0 0 0 0 0 -52.1785 0 0.4077 -81.6296 0 0 -29.3305 0 0 0 0 0 0 0 0 -54.7467 0 4.7722 -83.1870 0 0 -41.4302 0 0 0.3125 -34.8997 57.0992 -46.2368 -21.8266 12.3815 -23.9032 3.3993 -18.8563 -37.2395 24.5733 0 0 0 0 -8.6179 0.1261 39.5714 -5.1925 65.0323 -0.0000 -30.7705 19.5101 0 0 0 0 0 0 0 0 0 0 0 0 0 0 0 0 0 0 0 0 0 0 0 0 0 0 0 0 0 0 0 0 0 0 0 0 0 0 0 0 0 0 0 0 0 0 9.9591 -4.7899 -19.8534 9.9217 46.6876 0.0000 10.1999 -10.0467 -0.0000 0 0 0 0 0 0 0 0 0 0 0 0 0 0 0 0 0 0 0 0 0 0 0 0 0 0 0 0 0 0 0 0 0 0 0 0 0 0 0 0 0 0
1.6891 4.5519 -106.8320 -11.8751 5.2167 -13.0269 0 0 0 0 0 0 0 0 0 -6.6692 -8.2827 17.5753 0 0 0 0 0 0 0 8.0501 -0.0039 0 0 0 0 0 0 0 0 0 0 0 0 0 0 172.0000 0 0 0 0 0 172.0000 0 0 0 0 0 0 0 0 0 0 0 0 0 0 0 0 0 0 0 0 0 0 0 0 0 0 0 0 0 0 0 0 0 0 0 0 0 0 0 0 0 0 0 0 0 0 0 0 0 0 0 0 0 0 0 0 0 0 0 0 0 0 0 0 0 0 0 0 0 0 0 0 0 0 0 0 -40.0000 172.0000 0 0 0 0 -40.0000 179.0000 0 0 0 0 -35.0000 -176.0000 0 0 0 0 0 0 0 0 0 0 0 113.0000 0 0 0 0 0 -113.0000 0 0 0 0 0 0 0 0 0 0 -1.8807 -172.0000 0 0 172.0000 0 0 0 0 0 0 0 0 0 0 -3.3084 172.0000 0 2.0433 172.0000 0 0 0 0 0 0 0 0 0 -3.7410 0 0 0 0 0 0 0 0 0 0 0 11.2579 0 0 0 0 0 0 0 0 0 0 0 0 0 0 0 0 0 0 0 0 0 0 0 0 0 0 0 0 0 53.3084 49.5789 37.7783 -10.7931 4.8477 40.4604 0.6512 1.0984 0.1468 0 0 0 48.7737 0 -0.6531 82.6231 0 0 24.5559 0 0 0 0 0 35.5783 -20.8741 -4.7653 84.5762 0 -4.8510 30.7825 0 0 0 0 0 0 0 0 52.2402 -30.6269 -0.4058 81.8702 0 -2.6375 29.4416 0 0 0 0 0 0 0 0 54.8844 -60.2070 -4.8881 83.3970 0 -7.0533 41.5008 0 0 -46.8758 -107.5212 3.3420 -0.1069 22.3545 -12.9391 24.4526 -2.7467 -0.8032 35.0013 -24.6414 -13.8162 0 0 0 -70.4760 31.0163 27.2779 13.5993 -26.4590 -17.9702 3.7147 -11.3922 1.8765 0 0 0 -48.6233 0 0.5189 -82.5758 0 0 -24.5554 0 0 0 0 0 -35.5860 0 4.7632 -84.3991 0 0 -30.7113 0 0 0 0 0 0 0 0 -52.1948 0 0.4061 -81.7057 0 0 -29.3649 0 0 0 0 0 0 0 0 -54.7710 0 4.7763 -83.3439 0 0 -41.5201 0 0 0.3156 -34.9781 57.1587 -46.2892 -21.8077 12.4588 -23.8454 3.3107 -18.8136 -37.2764 24.5668 0 0 0 0 -3.2610 7.8569 33.0011 -2.8736 66.2186 -0.0000 -29.0187 10.1740 0 0 0 0 0 0 0 0 0 0 0 0 0 0 0 0 0 0 0 0 0 0 0 0 0 0 0 0 0 0 0 0 0 0 0 0 0 0 0 0 0 0 0 0 0 0 9.9346 -3.3694 -13.9308 7.8215 41.1510 0.0000 10.2684 -10.0185 -0.0000 0 0 0 0 0 0 0 0 0 0 0 0 0 0 0 0 0 0 0 0 0 0 0 0 0 0 0 0 0 0 0 0 0 0 0 0 0 0 0 0 0 0
0.6859 5.8038 -108.7032 -12.6194 6.0385 -13.0573 0 0 0 0 0 0 0 0 0 -7.0369 -7.3332 18.0866 0 0 0 0 0 0 0 8.0501 -0.0039 0 0 0 0 0 0 0 0 0 0 0 0 0 0 172.0000 0 0 0 0 0 172.0000 0 0 0 0 0 0 0 0 0 0 0 0 0 0 0 0 0 0 0 0 0 0 0 0 0 0 0 0 0 0 0 0 0 0 0 0 0 0 0 0 0 0 0 0 0 0 0 0 0 0 0 0 0 0 0 0 0 0 0 0 0 0 0 0 0 0 0 0 0 0 0 0 0 0 0 0 -40.0000 172.0000 0 0 0 0 -40.0000 179.0000 0 0 0 0 -35.0000 -176.0000 0 0 0 0 0 0 0 0 0 0 0 113.0000 0 0 0 0 0 -113.0000 0 0 0 0 0 0 0 0 0 0 -1.4996 -172.0000 0 0 172.0000 0 0 0 0 0 0 0 0 0 0 -2.9297 172.0000 0 1.7729 172.0000 0 0 0 0 0 0 0 0 0 -14.4223 0 0 0 0 0 0 0 0 0 0 0 -2.1550 0 0 0 0 0 0 0 0 0 0 0 0 0 0 0 0 0 0 0 0 0 0 0 0 0 0 0 0 0 51.4521 51.7142 36.2715 -7.1319 7.2096 43.6675 0.4430 -0.4858 -0.4078 0 0 0 48.7416 0 -0.6206 82.6324 0 0 24.5603 0 0 0 0 0 35.5781 -20.8739 -4.7636 84.5847 0 -4.8510 30.7875 0 0 0 0 0 0 0 0 52.2416 -30.6268 -0.4054 81.8792 0 -2.6375 29.4455 0 0 0 0 0 0 0 0 54.8600 -60.2136 -4.8618 83.4268 0 -7.0452 41.5024 0 0 -46.8758 -107.5212 3.3419 -0.1938 22.1928 -12.7786 23.9541 -3.1519 -0.4478 35.0035 -24.6495 -13.7485 0 0 0 -69.9788 28.5802 -17.5994 27.7101 -26.4719 -50.6882 4.9622 -15.6191 3.4562 0 0 0 -48.6584 0 0.5429 -82.6275 0 0 -24.5721 0 0 0 0 0 -35.5833 0 4.7642 -84.5194 0 0 -30.7619 0 0 0 0 0 0 0 0 -52.2254 0 0.4067 -81.8183 0 0 -29.4169 0 0 0 0 0 0 0 0 -54.7755 0 4.7745 -83.4200 0 0 -41.5258 0 0 0.3175 -35.0105 57.2568 -46.3370 -21.8024 12.4674 -23.8305 3.2675 -18.8072 -37.2918 24.5679 0 0 0 0 6.9315 14.7867 24.2123 -3.7664 68.6231 -0.0000 -27.7161 5.0676 0 0 0 0 0 0 0 0 0 0 0 0 0 0 0 0 0 0 0 0 0 0 0 0 0 0 0 0 0 0 0 0 0 0 0 0 0 0 0 0 0 0 0 0 0 0 9.0921 1.2411 -6.1385 3.6030 32.9328 0.0000 10.2174 -10.0002 -0.0000 0 0 0 0 0 0 0 0 0 0 0 0 0 0 0 0 0 0 0 0 0 0 0 0 0 0 0 0 0 0 0 0 0 0 0 0 0 0 0 0 0 0
-0.2224 6.2330 -109.9277 -13.5725 7.5877 -14.3628 0 0 0 0 0 0 0 0 0 -5.6383 -5.9438 16.7087 0 0 0 0 0 0 0 8.0501 -0.0039 0 0 0 0 0 0 0 0 0 0 0 0 0 0 172.0000 0 0 0 0 0 172.0000 0 0 0 0 0 0 0 0 0 0 0 0 0 0 0 0 0 0 0 0 0 0 0 0 0 0 0 0 0 0 0 0 0 0 0 0 0 0 0 0 0 0 0 0 0 0 0 0 0 0 0 0 0 0 0 0 0 0 0 0 0 0 0 0 0 0 0 0 0 0 0 0 0 0 0 0 -40.0000 172.0000 0 0 0 0 -40.0000 179.0000 0 0 0 0 -35.0000 -176.0000 0 0 0 0 0 0 0 0 0 0 0 113.0000 0 0 0 0 0 -113.0000 0 0 0 0 0 0 0 0 0 0 -0.7998 -172.0000 0 0 172.0000 0 0 0 0 0 0 0 0 0 0 -2.2918 172.0000 0 1.3030 172.0000 0 0 0 0 0 0 0 0 0 -17.5466 0 0 0 0 0 0 0 0 0 0 0 -8.8585 0 0 0 0 0 0 0 0 0 0 0 0 0 0 0 0 0 0 0 0 0 0 0 0 0 0 0 0 0 48.8619 54.8595 33.7877 -1.7612 8.4971 39.5240 -0.1413 0.5476 0.0782 0 0 0 48.6969 0 -0.5799 82.6305 0 0 24.5565 0 0 0 0 0 35.5799 -20.8739 -4.7647 84.5726 0 -4.8510 30.7825 0 0 0 0 0 0 0 0 52.2396 -30.6268 -0.4067 81.8680 0 -2.6375 29.4401 0 0 0 0 0 0 0 0 54.8326 -60.2155 -4.8279 83.4336 0 -7.0446 41.4978 0 0 -46.8758 -107.5212 3.3419 -0.2273 21.9706 -12.6315 23.7238 -3.4660 -0.1442 35.0018 -24.6608 -13.6990 0 0 0 -64.7318 27.6805 -33.2847 35.2157 -25.0802 -65.6938 5.8240 -16.9749 4.0071 0 0 0 -48.6640 0 0.5485 -82.6324 0 0 -24.5640 0 0 0 0 0 -35.5813 0 4.7655 -84.5746 0 0 -30.7838 0 0 0 0 0 0 0 0 -52.2405 0 0.4074 -81.8698 0 0 -29.4408 0 0 0 0 0 0 0 0 -54.7778 0 4.7731 -83.4299 0 0 -41.5077 0 0 0.3180 -35.0118 57.3034 -46.3558 -21.7672 12.4597 -23.8400 3.2641 -18.8185 -37.2924 24.5702 0 0 0 0 18.8534 11.4463 15.3553 -2.4323 70.7158 -0.0000 -28.2559 2.1273 0 0 0 0 0 0 0 0 0 0 0 0 0 0 0 0 0 0 0 0 0 0 0 0 0 0 0 0 0 0 0 0 0 0 0 0 0 0 0 0 0 0 0 0 0 0 7.2200 5.7063 -0.8807 2.8995 28.1925 0.0000 10.1950 -9.9957 -0.0000 0 0 0 0 0 0 0 0 0 0 0 0 0 0 0 0 0 0 0 0 0 0 0 0 0 0 0 0 0 0 0 0 0 0 0 0 0 0 0 0 0 0
-1.1989 6.4251 -110.6464 -14.3886 9.1405 -15.7505 0 0 0 0 0 0 0 0 0 -4.2306 -5.1391 15.2728 0 0 0 0 0 0 0 8.0501 -0.0039 0 0 0 0 0 0 0 0 0 0 0 0 0 0 172.0000 0 0 0 0 0 172.0000 0 0 0 0 0 0 0 0 0 0 0 0 0 0 0 0 0 0 0 0 0 0 0 0 0 0 0 0 0 0 0 0 0 0 0 0 0 0 0 0 0 0 0 0 0 0 0 0 0 0 0 0 0 0 0 0 0 0 0 0 0 0 0 0 0 0 0 0 0 0 0 0 0 0 0 0 -40.0000 172.0000 0 0 0 0 -40.0000 179.0000 0 0 0 0 -35.0000 -176.0000 0 0 0 0 0 0 0 0 0 0 0 113.0000 0 0 0 0 0 -113.0000 0 0 0 0 0 0 0 0 0 0 -0.7087 -172.0000 0 0 172.0000 0 0 0 0 0 0 0 0 0 0 -2.0361 172.0000 0 1.1159 172.0000 0 0 0 0 0 0 0 0 0 -16.9082 0 0 0 0 0 0 0 0 0 0 0 0.4433 0 0 0 0 0 0 0 0 0 0 0 0 0 0 0 0 0 0 0 0 0 0 0 0 0 0 0 0 0 47.4532 58.3942 31.3044 1.1616 8.7278 36.0469 -0.3484 2.5780 0.7644 0 0 0 48.6883 0 -0.5739 82.6283 0 0 24.5531 0 0 0 0 0 35.5811 -20.8739 -4.7658 84.5630 0 -4.8510 30.7782 0 0 0 0 0 0 0 0 52.2381 -30.6268 -0.4076 81.8590 0 -2.6375 29.4359 0 0 0 0 0 0 0 0 54.8321 -60.1921 -4.8260 83.4357 0 -7.0588 41.4946 0 0 -46.8758 -107.5212 3.3419 -0.2384 21.7749 -12.5543 23.6911 -3.5731 -0.0009 35.0003 -24.6801 -13.6485 0 0 0 -60.2884 27.0015 -32.7912 39.0111 -23.5678 -68.9217 6.1166 -17.0621 4.0528 0 0 0 -48.6747 0 0.5599 -82.6277 0 0 -24.5551 0 0 0 0 0 -35.5807 0 4.7662 -84.5799 0 0 -30.7851 0 0 0 0 0 0 0 0 -52.2425 0 0.4078 -81.8747 0 0 -29.4432 0 0 0 0 0 0 0 0 -54.7933 0 4.7833 -83.4183 0 0 -41.4951 0 0 0.3179 -35.0048 57.3087 -46.3471 -21.7387 12.4543 -23.8460 3.2678 -18.8234 -37.2891 24.5714 0 0 0 0 27.2787 -2.3869 10.6310 1.5280 70.8066 -0.0000 -29.9338 0.0410 0 0 0 0 0 0 0 0 0 0 0 0 0 0 0 0 0 0 0 0 0 0 0 0 0 0 0 0 0 0 0 0 0 0 0 0 0 0 0 0 0 0 0 0 0 0 5.8291 8.5164 2.1190 5.8457 26.4513 0.0000 10.2074 -9.9973 -0.0000 0 0 0 0 0 0 0 0 0 0 0 0 0 0 0 0 0 0 0 0 0 0 0 0 0 0 0 0 0 0 0 0 0 0 0 0 0 0 0 0 0 0
-2.0660 6.7118 -111.4291 -14.3711 9.6598 -15.7719 0 0 0 0 0 0 0 0 0 -3.5754 -5.2096 14.6155 0 0 0 0 0 0 0 8.0501 -0.0039 0 0 0 0 0 0 0 0 0 0 0 0 0 0 172.0000 0 0 0 0 0 172.0000 0 0 0 0 0 0 0 0 0 0 0 0 0 0 0 0 0 0 0 0 0 0 0 0 0 0 0 0 0 0 0 0 0 0 0 0 0 0 0 0 0 0 0 0 0 0 0 0 0 0 0 0 0 0 0 0 0 0 0 0 0 0 0 0 0 0 0 0 0 0 0 0 0 0 0 0 -40.0000 172.0000 0 0 0 0 -40.0000 179.0000 0 0 0 0 -35.0000 -176.0000 0 0 0 0 0 0 0 0 0 0 0 113.0000 0 0 0 0 0 -113.0000 0 0 0 0 0 0 0 0 0 0 -1.1525 -172.0000 0 0 172.0000 0 0 0 0 0 0 0 0 0 0 -2.2673 172.0000 0 1.2571 172.0000 0 0 0 0 0 0 0 0 0 -15.7690 0 0 0 0 0 0 0 0 0 0 0 12.2402 0 0 0 0 0 0 0 0 0 0 0 0 0 0 0 0 0 0 0 0 0 0 0 0 0 0 0 0 0 46.9583 60.2729 29.8124 2.6097 8.5614 34.5310 -0.0832 4.8322 1.4582 0 0 0 48.6934 0 -0.5796 82.6284 0 0 24.5520 0 0 0 0 0 35.5814 -20.8739 -4.7662 84.5599 0 -4.8510 30.7768 0 0 0 0 0 0 0 0 52.2376 -30.6268 -0.4079 81.8560 0 -2.6375 29.4346 0 0 0 0 0 0 0 0 54.8404 -60.1684 -4.8396 83.4364 0 -7.0738 41.4937 0 0 -46.8758 -107.5212 3.3419 -0.2281 21.6805 -12.4517 23.7410 -3.5492 0.0341 34.9997 -24.6855 -13.5994 0 0 0 -58.0356 26.1075 -29.0466 38.9216 -23.1965 -68.2063 5.5620 -15.6819 3.4393 0 0 0 -48.6919 0 0.5774 -82.6303 0 0 -24.5515 0 0 0 0 0 -35.5808 0 4.7662 -84.5700 0 0 -30.7807 0 0 0 0 0 0 0 0 -52.2401 0 0.4078 -81.8654 0 0 -29.4389 0 0 0 0 0 0 0 0 -54.8121 0 4.8043 -83.4091 0 0 -41.4917 0 0 0.3176 -35.0001 57.3008 -46.3342 -21.7337 12.4486 -23.8408 3.2612 -18.8172 -37.2868 24.5716 0 0 0 0 32.0078 -7.6256 11.1829 2.3817 72.4079 -0.0000 -30.4550 0.2336 0 0 0 0 0 0 0 0 0 0 0 0 0 0 0 0 0 0 0 0 0 0 0 0 0 0 0 0 0 0 0 0 0 0 0 0 0 0 0 0 0 0 0 0 0 0 5.3629 9.7096 3.3660 8.3045 25.5022 0.0000 10.2405 -9.9993 -0.0000 0 0 0 0 0 0 0 0 0 0 0 0 0 0 0 0 0 0 0 0 0 0 0 0 0 0 0 0 0 0 0 0 0 0 0 0 0 0 0 0 0 0
-2.8191 7.1506 -111.5645 -13.7863 9.9311 -15.3314 0 0 0 0 0 0 0 0 0 -2.2631 -4.8568 13.2984 0 0 0 0 0 0 0 8.0501 -0.0039 0 0 0 0 0 0 0 0 0 0 0 0 0 0 172.0000 0 0 0 0 0 172.0000 0 0 0 0 0 0 0 0 0 0 0 0 0 0 0 0 0 0 0 0 0 0 0 0 0 0 0 0 0 0 0 0 0 0 0 0 0 0 0 0 0 0 0 0 0 0 0 0 0 0 0 0 0 0 0 0 0 0 0 0 0 0 0 0 0 0 0 0 0 0 0 0 0 0 0 0 -40.0000 172.0000 0 0 0 0 -40.0000 179.0000 0 0 0 0 -35.0000 -176.0000 0 0 0 0 0 0 0 0 0 0 0 113.0000 0 0 0 0 0 -113.0000 0 0 0 0 0 0 0 0 0 0 -1.6132 -172.0000 0 0 172.0000 0 0 0 0 0 0 0 0 0 0 -2.4927 172.0000 0 1.4026 172.0000 0 0 0 0 0 0 0 0 0 -10.2496 0 0 0 0 0 0 0 0 0 0 0 16.7464 0 0 0 0 0 0 0 0 0 0 0 0 0 0 0 0 0 0 0 0 0 0 0 0 0 0 0 0 0 46.8827 60.9072 29.1954 3.6101 8.4027 33.6305 0.4551 7.5007 2.3244 0 0 0 43.8016 0 -2.2308 79.6315 0 0 22.3056 0 0 0 0 0 33.5817 -20.8739 -5.4025 79.3344 0 -4.8510 26.6732 0 0 0 0 0 0 0 0 45.9595 -30.6268 -1.7631 79.0163 0 -2.6375 26.2966 0 0 0 0 0 0 0 0 49.8735 -60.1485 -7.1519 78.4337 0 -7.0851 38.2957 0 0 -46.8758 -107.5212 3.3419 -3.8128 19.2860 -11.6655 23.5089 -8.5692 0.0214 34.9998 -24.8683 -13.5592 0 0 0 -57.2523 25.8750 -26.7062 36.9247 -23.5518 -66.9342 4.2156 -12.6177 2.0874 0 0 0 -48.7026 0 0.5881 -82.6349 0 0 -24.5513 0 0 0 0 0 -35.5809 0 4.7661 -84.5638 0 0 -30.7782 0 0 0 0 0 0 0 0 -52.2385 0 0.4077 -81.8596 0 0 -29.4362 0 0 0 0 0 0 0 0 -50.7562 0 7.9499 -78.5879 0 0 -38.3436 0 0 0.7607 -29.5721 51.7810 -33.9048 -17.5994 13.4740 -22.1628 9.7182 -17.8942 -37.3218 24.4384 0 0 0 0 34.5037 -6.4116 13.5383 1.1479 73.7584 -0.0000 -30.6350 0.7642 0 0 0 0 0 0 0 0 0 0 0 0 0 0 0 0 0 0 0 0 0 0 0 0 0 0 0 0 0 0 0 0 0 0 0 0 0 0 0 0 0 0 0 0 0 0 5.1793 10.4673 4.0750 9.4495 25.2798 0.0000 10.3233 -10.0002 -0.0000 0 0 0 0 0 0 0 0 0 0 0 0 0 0 0 0 0 0 0 0 0 0 0 0 0 0 0 0 0 0 0 0 0 0 0 0 0 0 0 0 0 0
-3.5110 7.4378 -110.7912 -12.9126 10.7845 -15.3647 0 0 0 0 0 0 0 0 0 -0.2810 -3.9585 11.3120 0 0 0 0 0 0 0 8.0501 -0.0039 0 0 0 0 0 0 0 0 0 0 0 0 0 0 172.0000 0 0 0 0 0 172.0000 0 0 0 0 0 0 0 0 0 0 0 0 0 0 0 0 0 0 0 0 0 0 0 0 0 0 0 0 0 0 0 0 0 0 0 0 0 0 0 0 0 0 0 0 0 0 0 0 0 0 0 0 0 0 0 0 0 0 0 0 0 0 0 0 0 0 0 0 0 0 0 0 0 0 0 0 -40.0000 172.0000 0 0 0 0 -40.0000 179.0000 0 0 0 0 -35.0000 -176.0000 0 0 0 0 0 0 0 0 0 0 0 113.0000 0 0 0 0 0 -113.0000 0 0 0 0 0 0 0 0 0 0 -2.5306 -172.0000 0 0 172.0000 0 0 0 0 0 0 0 0 0 0 -2.9784 172.0000 0 1.8888 172.0000 0 0 0 0 0 0 0 0 0 1.9505 0 0 0 0 0 0 0 0 0 0 0 16.8570 0 0 0 0 0 0 0 0 0 0 0 0 0 0 0 0 0 0 0 0 0 0 0 0 0 0 0 0 0 47.3143 61.8115 28.5738 5.1950 8.3443 32.0323 0.9372 10.4102 3.2856 0 0 0 28.6084 0 -7.7037 64.3577 0 0 16.7330 0 0 0 0 0 30.2555 -20.8739 -5.6736 67.1627 0 -4.8510 18.0549 0 0 0 0 0 0 0 0 33.1710 -30.6268 -3.9256 72.0613 0 -2.6375 19.5094 0 0 0 0 0 0 0 0 39.4901 -60.1230 -13.0759 66.2383 0 -7.0944 31.1346 0 0 -46.8758 -107.5212 3.3419 -12.0959 13.8854 -11.3272 22.3210 -17.6726 0.0051 32.0357 -25.3084 -13.5125 0 0 0 -56.8880 26.3884 -25.8312 36.2425 -23.8322 -66.1839 3.0731 -9.9062 0.9115 0 0 0 -48.7029 0 0.5884 -82.6354 0 0 -24.5515 0 0 0 0 0 -35.5810 0 4.7661 -84.5639 0 0 -30.7783 0 0 0 0 0 0 0 0 -52.2385 0 0.4077 -81.8597 0 0 -29.4363 0 0 0 0 0 0 0 0 -43.5404 0 13.5091 -70.0344 0 0 -32.7545 0 0 1.4296 -15.3532 37.3513 -4.0378 -7.8046 17.4175 -17.4273 22.1442 -14.4684 -34.0761 24.3110 0 0 0 0 34.2245 -8.2239 14.8789 1.0756 66.1297 -0.0000 -31.4249 0.0305 0 0 0 0 0 0 0 0 0 0 0 0 0 0 0 0 0 0 0 0 0 0 0 0 0 0 0 0 0 0 0 0 0 0 0 0 0 0 0 0 0 0 0 0 0 0 4.4579 11.9296 5.6961 9.9328 25.8804 0.0000 10.4053 -10.0003 -0.0000 0 0 0 0 0 0 0 0 0 0 0 0 0 0 0 0 0 0 0 0 0 0 0 0 0 0 0 0 0 0 0 0 0 0 0 0 0 0 0 0 0 0
-3.7515 7.3143 -110.3643 -12.2618 11.4115 -15.3957 0 0 0 0 0 0 0 0 0 1.3582 -3.7489 9.6730 0 0 0 0 0 0 0 8.0501 -0.0039 0 0 0 0 0 0 0 0 0 0 0 0 0 0 172.0000 0 0 0 0 0 172.0000 0 0 0 0 0 0 0 0 0 0 0 0 0 0 0 0 0 0 0 0 0 0 0 0 0 0 0 0 0 0 0 0 0 0 0 0 0 0 0 0 0 0 0 0 0 0 0 0 0 0 0 0 0 0 0 0 0 0 0 0 0 0 0 0 0 0 0 0 0 0 0 0 0 0 0 0 -40.0000 172.0000 0 0 0 0 -40.0000 179.0000 0 0 0 0 -35.0000 -176.0000 0 0 0 0 0 0 0 0 0 0 0 113.0000 0 0 0 0 0 -113.0000 0 0 0 0 0 0 0 0 0 0 -3.5610 -172.0000 0 0 172.0000 0 0 0 0 0 0 0 0 0 0 -3.6504 172.0000 0 2.6034 172.0000 0 0 0 0 0 0 0 0 0 10.5861 0 0 0 0 0 0 0 0 0 0 0 16.5739 0 0 0 0 0 0 0 0 0 0 0 0 0 0 0 0 0 0 0 0 0 0 0 0 0 0 0 0 0 47.7937 63.0142 27.6378 6.8435 8.3462 30.3700 1.1634 12.3818 3.9191 0 0 0 10.1381 0 -14.5346 39.0103 0 0 12.4050 0 0 0 0 0 26.9405 -20.8739 -3.1831 58.7273 0 -4.8510 13.4985 0 0 0 0 0 0 0 0 25.2824 -30.6268 -3.9605 66.4171 0 -2.6375 16.5210 0 0 0 0 0 0 0 0 31.4405 -60.1048 -18.1723 56.6228 0 -7.0976 26.7148 0 0 -46.8758 -107.5212 3.3419 -18.6059 10.9042 -13.1931 20.2416 -18.4070 -0.0516 24.3500 -25.5978 -13.4674 0 0 0 -56.9866 26.5834 -25.6847 36.4908 -24.1380 -65.9405 2.6566 -8.8795 0.4913 0 0 0 -41.3432 0 3.5965 -73.7808 0 0 -23.0700 0 0 0 0 0 -32.8649 0 4.5857 -81.3111 0 0 -28.5990 0 0 0 0 0 0 0 0 -47.6719 0 1.3762 -79.5761 0 0 -28.5220 0 0 0 0 0 0 0 0 -38.5464 0 16.1659 -66.0363 0 0 -30.8112 0 0 1.1962 -2.4127 23.0172 18.5082 -1.8761 21.9425 -13.6942 24.8909 -9.6587 -25.5038 24.5637 0 0 0 0 32.1079 -6.1650 15.5507 1.6095 48.2151 -0.0000 -32.8733 -1.5554 0 0 0 0 0 0 0 0 0 0 0 0 0 0 0 0 0 0 0 0 0 0 0 0 0 0 0 0 0 0 0 0 0 0 0 0 0 0 0 0 0 0 0 0 0 0 2.4996 13.5460 7.7994 10.0907 25.7768 0.0000 10.4278 -10.0001 -0.0000 0 0 0 0 0 0 0 0 0 0 0 0 0 0 0 0 0 0 0 0 0 0 0 0 0 0 0 0 0 0 0 0 0 0 0 0 0 0 0 0 0 0
-3.8368 6.4058 -110.6193 -11.9772 11.1400 -15.5064 0 0 0 0 0 0 0 0 0 2.2218 -4.1318 8.8091 0 0 0 0 0 0 0 8.0501 -0.0039 0 0 0 0 0 0 0 0 0 0 0 0 0 0 172.0000 0 0 0 0 0 172.0000 0 0 0 0 0 0 0 0 0 0 0 0 0 0 0 0 0 0 0 0 0 0 0 0 0 0 0 0 0 0 0 0 0 0 0 0 0 0 0 0 0 0 0 0 0 0 0 0 0 0 0 0 0 0 0 0 0 0 0 0 0 0 0 0 0 0 0 0 0 0 0 0 0 0 0 0 -40.0000 172.0000 0 0 0 0 -40.0000 179.0000 0 0 0 0 -35.0000 -176.0000 0 0 0 0 0 0 0 0 0 0 0 113.0000 0 0 0 0 0 -113.0000 0 0 0 0 0 0 0 0 0 0 -3.4792 -172.0000 0 0 172.0000 0 0 0 0 0 0 0 0 0 0 -3.3434 172.0000 0 2.4270 172.0000 0 0 0 0 0 0 0 0 0 10.4195 0 0 0 0 0 0 0 0 0 0 0 15.1160 0 0 0 0 0 0 0 0 0 0 0 0 0 0 0 0 0 0 0 0 0 0 0 0 0 0 0 0 0 47.7524 64.0504 26.6388 7.8073 8.3614 29.3493 1.1122 12.8469 4.0358 0 0 0 -0.6208 0 -18.3652 19.9540 0 0 11.4331 0 0 0 0 0 21.1997 -20.8739 0.7046 58.8127 0 -4.8510 14.4924 0 0 0 0 0 0 0 0 23.1497 -30.6268 -2.2333 65.4746 0 -2.6375 18.8220 0 0 0 0 0 0 0 0 24.3836 -60.1019 -19.1829 56.8240 0 -7.0982 27.6596 0 0 -46.8758 -107.5212 3.3419 -21.1387 12.0430 -15.7690 18.2991 -10.4803 -0.1563 15.7958 -25.5787 -13.4345 0 0 0 -57.1278 26.4256 -25.7664 36.5514 -24.1904 -66.0010 2.6930 -8.6239 0.4459 0 0 0 -20.3205 0 11.4833 -46.6234 0 0 -16.8630 0 0 0 0 0 -28.0432 0 4.2654 -75.5347 0 0 -24.7294 0 0 0 0 0 0 0 0 -39.5646 0 3.0955 -75.5205 0 0 -26.8982 0 0 0 0 0 0 0 0 -34.4278 0 17.2320 -64.5617 0 0 -31.0367 0 0 0.5837 1.8205 16.5589 23.9854 -3.7895 23.3830 -13.8242 14.9834 -6.6804 -15.9405 25.1305 0 0 0 0 31.1441 -3.6901 15.8255 2.2264 35.5127 -0.0000 -33.7484 -3.0359 0 0 0 0 0 0 0 0 0 0 0 0 0 0 0 0 0 0 0 0 0 0 0 0 0 0 0 0 0 0 0 0 0 0 0 0 0 0 0 0 0 0 0 0 0 0 0.3341 14.8268 9.5117 10.0724 25.4092 0.0000 10.4179 -10.0000 -0.0000 0 0 0 0 0 0 0 0 0 0 0 0 0 0 0 0 0 0 0 0 0 0 0 0 0 0 0 0 0 0 0 0 0 0 0 0 0 0 0 0 0 0
-4.5865 4.4372 -110.7481 -11.0960 10.7113 -16.1755 0 0 0 0 0 0 0 0 0 2.8879 -4.8677 8.1424 0 0 0 0 0 0 0 8.0501 -0.0039 0 0 0 0 0 0 0 0 0 0 0 0 0 0 172.0000 0 0 0 0 0 172.0000 0 0 0 0 0 0 0 0 0 0 0 0 0 0 0 0 0 0 0 0 0 0 0 0 0 0 0 0 0 0 0 0 0 0 0 0 0 0 0 0 0 0 0 0 0 0 0 0 0 0 0 0 0 0 0 0 0 0 0 0 0 0 0 0 0 0 0 0 0 0 0 0 0 0 0 0 -40.0000 172.0000 0 0 0 0 -40.0000 179.0000 0 0 0 0 -35.0000 -176.0000 0 0 0 0 0 0 0 0 0 0 0 113.0000 0 0 0 0 0 -113.0000 0 0 0 0 0 0 0 0 0 0 -2.5501 -172.0000 0 0 172.0000 0 0 0 0 0 0 0 0 0 0 -2.1548 172.0000 0 1.4197 172.0000 0 0 0 0 0 0 0 0 0 7.5126 0 0 0 0 0 0 0 0 0 0 0 11.5611 0 0 0 0 0 0 0 0 0 0 0 0 0 0 0 0 0 0 0 0 0 0 0 0 0 0 0 0 0 47.3561 65.1835 25.5083 8.4180 8.3704 28.4633 0.8871 12.7252 3.9408 0 0 0 -1.7508 0 -18.9694 10.3190 0 0 11.5581 0 0 0 0 0 16.8624 -20.8739 3.2300 62.5837 0 -4.8510 17.2342 0 0 0 0 0 0 0 0 23.5368 -30.6268 -0.2713 67.9528 0 -2.6375 21.3790 0 0 0 0 0 0 0 0 17.1352 -60.0955 -16.0335 64.2491 0 -7.1052 30.9071 0 0 -46.8758 -107.5212 3.3419 -20.6340 13.6288 -17.5953 17.1638 -3.1587 -0.2247 9.2567 -25.4768 -13.4118 0 0 0 -57.0130 26.3646 -25.8262 36.3744 -23.9808 -66.1290 2.9339 -7.9938 0.3657 0 0 0 -2.9067 0 17.3410 -22.3664 0 0 -9.8522 0 0 0 0 0 -26.8319 0 4.1849 -74.0836 0 0 -23.7573 0 0 0 0 0 0 0 0 -37.5279 0 3.5274 -74.5016 0 0 -26.4902 0 0 0 0 0 0 0 0 -32.9478 0 17.8431 -63.6634 0 0 -30.7484 0 0 0.5359 0.9610 16.5942 24.2973 -8.0260 23.6891 -14.3746 2.6600 -6.9970 -8.7915 25.6971 0 0 0 0 32.2017 -5.2925 15.8174 3.1592 34.1489 -0.0000 -33.7230 -4.4802 0 0 0 0 0 0 0 0 0 0 0 0 0 0 0 0 0 0 0 0 0 0 0 0 0 0 0 0 0 0 0 0 0 0 0 0 0 0 0 0 0 0 0 0 0 0 -1.0733 16.2251 11.0432 10.0231 26.0151 0.0000 10.4236 -10.0000 -0.0000 0 0 0 0 0 0 0 0 0 0 0 0 0 0 0 0 0 0 0 0 0 0 0 0 0 0 0 0 0 0 0 0 0 0 0 0 0 0 0 0 0 0
-5.3345 2.9342 -110.6796 -10.2209 10.6788 -16.8463 0 0 0 0 0 0 0 0 0 4.5117 -5.8812 6.5175 0 0 0 0 0 0 0 8.0501 -0.0039 0 0 0 0 0 0 0 0 0 0 0 0 0 0 172.0000 0 0 0 0 0 172.0000 0 0 0 0 0 0 0 0 0 0 0 0 0 0 0 0 0 0 0 0 0 0 0 0 0 0 0 0 0 0 0 0 0 0 0 0 0 0 0 0 0 0 0 0 0 0 0 0 0 0 0 0 0 0 0 0 0 0 0 0 0 0 0 0 0 0 0 0 0 0 0 0 0 0 0 0 -40.0000 172.0000 0 0 0 0 -40.0000 179.0000 0 0 0 0 -35.0000 -176.0000 0 0 0 0 0 0 0 0 0 0 0 113.0000 0 0 0 0 0 -113.0000 0 0 0 0 0 0 0 0 0 0 -2.3274 -172.0000 0 0 172.0000 0 0 0 0 0 0 0 0 0 0 -1.5628 172.0000 0 0.8748 172.0000 0 0 0 0 0 0 0 0 0 6.6471 0 0 0 0 0 0 0 0 0 0 0 9.1134 0 0 0 0 0 0 0 0 0 0 0 0 0 0 0 0 0 0 0 0 0 0 0 0 0 0 0 0 0 47.2049 66.8488 23.8920 8.4608 8.3723 26.7816 0.7562 13.0375 3.9479 0 0 0 4.1826 0 -16.7125 17.7420 0 0 14.2997 0 0 0 0 0 15.2544 -20.8739 4.2313 69.1009 0 -4.8510 19.7473 0 0 0 0 0 0 0 0 25.0204 -30.6268 -0.1056 71.3736 0 -2.6375 22.7930 0 0 0 0 0 0 0 0 17.5617 -60.0761 -11.9502 67.3477 0 -7.1119 31.9755 0 0 -46.8758 -107.5212 3.3419 -16.5171 15.2274 -17.7805 17.1681 -0.5372 -0.2847 6.0846 -25.4224 -13.3847 0 0 0 -56.0081 25.3893 -26.8931 36.2330 -24.3052 -65.8221 3.2084 -7.0823 0.2544 0 0 0 -2.1192 0 17.3450 -20.5890 0 0 -8.8132 0 0 0 0 0 -27.8518 0 4.2526 -75.3054 0 0 -24.5758 0 0 0 0 0 0 0 0 -39.2426 0 3.1637 -75.3594 0 0 -26.8337 0 0 0 0 0 0 0 0 -33.9190 0 17.5404 -64.0939 0 0 -30.7782 0 0 0.5585 -0.2158 18.2600 19.9790 -11.2706 24.1879 -13.4663 -2.2816 -7.0611 -5.5924 25.8640 0 0 0 0 32.7853 -4.8322 16.2769 4.6421 34.2084 -0.0000 -34.0601 -6.4572 0 0 0 0 0 0 0 0 0 0 0 0 0 0 0 0 0 0 0 0 0 0 0 0 0 0 0 0 0 0 0 0 0 0 0 0 0 0 0 0 0 0 0 0 0 0 -1.7740 18.0965 12.8930 9.9969 26.4836 0.0000 10.4559 -10.0000 -0.0000 0 0 0 0 0 0 0 0 0 0 0 0 0 0 0 0 0 0 0 0 0 0 0 0 0 0 0 0 0 0 0 0 0 0 0 0 0 0 0 0 0 0
-5.2815 2.8687 -110.5450 -9.7596 10.5957 -17.0559 0 0 0 0 0 0 0 0 0 6.7482 -6.4618 4.2795 0 0 0 0 0 0 0 8.0501 -0.0039 0 0 0 0 0 0 0 0 0 0 0 0 0 0 172.0000 0 0 0 0 0 172.0000 0 0 0 0 0 0 0 0 0 0 0 0 0 0 0 0 0 0 0 0 0 0 0 0 0 0 0 0 0 0 0 0 0 0 0 0 0 0 0 0 0 0 0 0 0 0 0 0 0 0 0 0 0 0 0 0 0 0 0 0 0 0 0 0 0 0 0 0 0 0 0 0 0 0 0 0 -40.0000 172.0000 0 0 0 0 -40.0000 179.0000 0 0 0 0 -35.0000 -176.0000 0 0 0 0 0 0 0 0 0 0 0 113.0000 0 0 0 0 0 -113.0000 0 0 0 0 0 0 0 0 0 0 -2.7083 -172.0000 0 0 172.0000 0 0 0 0 0 0 0 0 0 0 -1.3291 172.0000 0 0.6508 172.0000 0 0 0 0 0 0 0 0 0 7.2602 0 0 0 0 0 0 0 0 0 0 0 9.3930 0 0 0 0 0 0 0 0 0 0 0 0 0 0 0 0 0 0 0 0 0 0 0 0 0 0 0 0 0 46.8157 68.9063 21.9908 8.1187 8.3713 24.6519 0.8290 13.4163 3.9433 0 0 0 10.1271 0 -13.2850 38.2495 0 0 19.4319 0 0 0 0 0 12.3321 -20.8739 4.4065 76.0437 0 -4.8510 20.3402 0 0 0 0 0 0 0 0 23.3560 -30.6268 -1.0144 73.2208 0 -2.6375 23.1796 0 0 0 0 0 0 0 0 23.1599 -60.0585 -12.4633 59.4793 0 -7.1092 27.6806 0 0 -46.8758 -107.5212 3.3419 -12.8664 17.5899 -16.2360 18.2103 -1.4990 -0.3309 5.7398 -25.4088 -13.3534 0 0 0 -53.6254 22.8588 -29.5205 36.1083 -25.4533 -64.8174 3.4037 -6.7504 0.2926 0 0 0 -4.9962 0 16.4359 -24.7495 0 0 -10.1337 0 0 0 0 0 -27.8104 0 4.2499 -75.2558 0 0 -24.5425 0 0 0 0 0 0 0 0 -36.7506 0 3.2168 -75.6477 0 0 -26.4611 0 0 0 0 0 0 0 0 -33.9302 0 17.5137 -64.1364 0 0 -30.8162 0 0 0.3081 -0.7720 18.9345 12.1152 -11.9451 23.8194 -11.9900 1.9120 -3.3933 -5.3895 25.6099 0 0 0 0 31.4443 -1.8571 17.1276 6.1446 34.6508 -0.0000 -34.7241 -8.4044 0 0 0 0 0 0 0 0 0 0 0 0 0 0 0 0 0 0 0 0 0 0 0 0 0 0 0 0 0 0 0 0 0 0 0 0 0 0 0 0 0 0 0 0 0 0 -1.3343 20.4360 14.8162 9.8394 26.6354 0.0000 10.4862 -10.0000 -0.0000 0 0 0 0 0 0 0 0 0 0 0 0 0 0 0 0 0 0 0 0 0 0 0 0 0 0 0 0 0 0 0 0 0 0 0 0 0 0 0 0 0 0
-5.0095 3.0495 -110.3257 -9.1118 10.3603 -17.1845 0 0 0 0 0 0 0 0 0 7.9881 -6.3022 3.0388 0 0 0 0 0 0 0 8.0501 -0.0039 0 0 0 0 0 0 0 0 0 0 0 0 0 0 172.0000 0 0 0 0 0 172.0000 0 0 0 0 0 0 0 0 0 0 0 0 0 0 0 0 0 0 0 0 0 0 0 0 0 0 0 0 0 0 0 0 0 0 0 0 0 0 0 0 0 0 0 0 0 0 0 0 0 0 0 0 0 0 0 0 0 0 0 0 0 0 0 0 0 0 0 0 0 0 0 0 0 0 0 0 -40.0000 172.0000 0 0 0 0 -40.0000 179.0000 0 0 0 0 -35.0000 -176.0000 0 0 0 0 0 0 0 0 0 0 0 113.0000 0 0 0 0 0 -113.0000 0 0 0 0 0 0 0 0 0 0 -2.7080 -172.0000 0 0 172.0000 0 0 0 0 0 0 0 0 0 0 -0.7852 172.0000 0 0.1769 172.0000 0 0 0 0 0 0 0 0 0 7.2381 0 0 0 0 0 0 0 0 0 0 0 10.6111 0 0 0 0 0 0 0 0 0 0 0 0 0 0 0 0 0 0 0 0 0 0 0 0 0 0 0 0 0 45.4098 70.8439 20.1246 8.5488 8.3703 23.4460 0.9419 13.4322 3.8582 0 0 0 8.0766 0 -12.8034 38.2499 0 0 21.9177 0 0 0 0 0 10.2242 -20.8739 4.4717 76.7909 0 -4.8510 20.1704 0 0 0 0 0 0 0 0 19.3739 -30.6268 0.8342 73.1337 0 -2.6375 22.5206 0 0 0 0 0 0 0 0 20.7460 -60.0507 -16.5511 51.3249 0 -7.1076 21.5130 0 0 -46.8758 -107.5212 3.3419 -13.1782 18.9999 -14.6600 18.8447 -2.3958 -0.2666 5.7844 -25.4013 -13.3343 0 0 0 -51.5079 20.4814 -31.8523 35.9879 -26.4244 -63.9766 3.3544 -6.4014 0.2334 0 0 0 -4.4717 0 16.6396 -24.0901 0 0 -9.9980 0 0 0 0 0 -27.6615 0 4.2400 -75.0775 0 0 -24.4231 0 0 0 0 0 0 0 0 -32.1998 0 3.3379 -76.0960 0 0 -25.7744 0 0 0 0 0 0 0 0 -33.7771 0 17.5666 -64.0601 0 0 -30.8030 0 0 0.1046 -1.3610 18.6166 9.0825 -10.4276 23.3212 -9.9838 6.3281 0.7800 -5.2119 25.3676 0 0 0 0 28.5873 0.9222 18.4227 6.3371 36.4079 -0.0000 -35.0548 -8.9804 0 0 0 0 0 0 0 0 0 0 0 0 0 0 0 0 0 0 0 0 0 0 0 0 0 0 0 0 0 0 0 0 0 0 0 0 0 0 0 0 0 0 0 0 0 0 0.8065 22.8076 15.7865 9.5292 26.7888 0.0000 10.4803 -10.0000 -0.0000 0 0 0 0 0 0 0 0 0 0 0 0 0 0 0 0 0 0 0 0 0 0 0 0 0 0 0 0 0 0 0 0 0 0 0 0 0 0 0 0 0 0
-4.9949 2.9855 -110.2658 -8.8853 10.2965 -17.2629 0 0 0 0 0 0 0 0 0 8.3718 -5.9731 2.6353 0 0 0 0 0 0 0 8.0501 -0.0039 0 0 0 0 0 0 0 0 0 0 0 0 0 0 172.0000 0 0 0 0 0 172.0000 0 0 0 0 0 0 0 0 0 0 0 0 0 0 0 0 0 0 0 0 0 0 0 0 0 0 0 0 0 0 0 0 0 0 0 0 0 0 0 0 0 0 0 0 0 0 0 0 0 0 0 0 0 0 0 0 0 0 0 0 0 0 0 0 0 0 0 0 0 0 0 0 0 0 0 0 -40.0000 172.0000 0 0 0 0 -40.0000 179.0000 0 0 0 0 -35.0000 -176.0000 0 0 0 0 0 0 0 0 0 0 0 113.0000 0 0 0 0 0 -113.0000 0 0 0 0 0 0 0 0 0 0 -2.5370 -172.0000 0 0 172.0000 0 0 0 0 0 0 0 0 0 0 -0.5393 172.0000 0 -0.0818 172.0000 0 0 0 0 0 0 0 0 0 6.4292 0 0 0 0 0 0 0 0 0 0 0 11.4345 0 0 0 0 0 0 0 0 0 0 0 0 0 0 0 0 0 0 0 0 0 0 0 0 0 0 0 0 0 43.4700 72.4786 18.2562 9.2555 8.3698 22.8337 0.8545 13.5378 3.9157 0 0 0 1.9818 0 -14.5676 20.9936 0 0 20.3373 0 0 0 0 0 11.0114 -20.8739 4.8181 73.7063 0 -4.8510 19.7964 0 0 0 0 0 0 0 0 17.7951 -30.6268 3.2713 72.1944 0 -2.6375 20.3721 0 0 0 0 0 0 0 0 10.0423 -60.0470 -19.8064 50.6130 0 -7.1097 18.4824 0 0 -46.8758 -107.5212 3.3419 -13.7223 18.9647 -13.9074 18.5246 -1.8319 -0.1536 5.6874 -25.3835 -13.3201 0 0 0 -51.0366 19.2802 -33.0047 35.9515 -26.7894 -63.8761 3.1397 -5.3953 -0.1075 0 0 0 -4.1435 0 16.7347 -23.5932 0 0 -9.8238 0 0 0 0 0 -27.7014 0 4.2427 -75.1252 0 0 -24.4551 0 0 0 0 0 0 0 0 -31.1865 0 3.3407 -76.2736 0 0 -25.6279 0 0 0 0 0 0 0 0 -33.8098 0 17.5589 -64.0707 0 0 -30.8001 0 0 0.1025 -1.5161 18.2933 10.6765 -9.8376 22.4237 -8.3468 4.3499 1.2538 -4.6777 25.4963 0 0 0 0 24.9928 3.1579 21.5238 5.0946 37.5481 -0.0000 -35.1003 -8.7011 0 0 0 0 0 0 0 0 0 0 0 0 0 0 0 0 0 0 0 0 0 0 0 0 0 0 0 0 0 0 0 0 0 0 0 0 0 0 0 0 0 0 0 0 0 0 4.3049 25.8618 14.4852 9.1187 27.4574 0.0000 10.4020 -9.9822 -0.0000 0 0 0 0 0 0 0 0 0 0 0 0 0 0 0 0 0 0 0 0 0 0 0 0 0 0 0 0 0 0 0 0 0 0 0 0 0 0 0 0 0 0
-5.0381 2.9619 -110.3040 -9.0015 10.3374 -17.2375 0 0 0 0 0 0 0 0 0 8.2476 -5.4328 1.7063 0 0 0 0 0 0 0 8.0501 -0.0039 0 0 0 0 0 0 0 0 0 0 0 0 0 0 172.0000 0 0 0 0 0 172.0000 0 0 0 0 0 0 0 0 0 0 0 0 0 0 0 0 0 0 0 0 0 0 0 0 0 0 0 0 0 0 0 0 0 0 0 0 0 0 0 0 0 0 0 0 0 0 0 0 0 0 0 0 0 0 0 0 0 0 0 0 0 0 0 0 0 0 0 0 0 0 0 0 0 0 0 0 -40.0000 172.0000 0 0 0 0 -40.0000 179.0000 0 0 0 0 -35.0000 -176.0000 0 0 0 0 0 0 0 0 0 0 0 113.0000 0 0 0 0 0 -113.0000 0 0 0 0 0 0 0 0 0 0 -2.4530 -172.0000 0 0 172.0000 0 0 0 0 0 0 0 0 0 0 -0.6250 172.0000 0 -0.0275 172.0000 0 0 0 0 0 0 0 0 0 5.8696 0 0 0 0 0 0 0 0 0 0 0 12.1979 0 0 0 0 0 0 0 0 0 0 0 0 0 0 0 0 0 0 0 0 0 0 0 0 0 0 0 0 0 42.0097 73.9994 16.3918 9.9366 8.3698 21.5693 0.5195 13.9283 4.1631 0 0 0 -0.8779 0 -16.1138 11.1853 0 0 16.0425 0 0 0 0 0 14.4805 -20.8739 4.4321 72.4421 0 -4.8510 18.8381 0 0 0 0 0 0 0 0 20.2279 -30.6268 3.1897 71.6510 0 -2.6375 17.1587 0 0 0 0 0 0 0 0 2.0472 -60.0455 -20.5703 54.1713 0 -7.1099 19.2938 0 0 -46.8758 -107.5212 3.3419 -12.4466 17.8408 -14.4225 18.1949 -0.9318 -0.0727 5.8537 -25.3588 -13.3021 0 0 0 -51.7949 18.6368 -33.7865 35.8669 -26.8963 -63.8961 3.0507 -4.2604 -0.5162 0 0 0 -4.2986 0 16.6818 -23.8071 0 0 -9.8840 0 0 0 0 0 -27.7155 0 4.2436 -75.1421 0 0 -24.4664 0 0 0 0 0 0 0 0 -32.1199 0 3.3213 -76.1641 0 0 -25.7673 0 0 0 0 0 0 0 0 -33.8262 0 17.5524 -64.0801 0 0 -30.8028 0 0 0.6298 -3.4415 16.0191 12.3139 -11.4359 20.4027 -9.6315 -1.1241 -3.1819 -4.7330 25.8291 0 0 0 0 21.2433 4.6578 25.6231 4.2430 37.9121 -0.0000 -35.0490 -9.0333 0 0 0 0 0 0 0 0 0 0 0 0 0 0 0 0 0 0 0 0 0 0 0 0 0 0 0 0 0 0 0 0 0 0 0 0 0 0 0 0 0 0 0 0 0 0 7.9121 29.8273 10.8051 8.4708 29.8548 0.0000 10.2533 -9.9355 -0.0000 0 0 0 0 0 0 0 0 0 0 0 0 0 0 0 0 0 0 0 0 0 0 0 0 0 0 0 0 0 0 0 0 0 0 0 0 0 0 0 0 0 0
-5.0261 2.9573 -110.2861 -8.9403 10.3183 -17.2554 0 0 0 0 0 0 0 0 0 8.2715 -4.6494 0.2768 0 0 0 0 0 0 0 8.0501 -0.0039 0 0 0 0 0 0 0 0 0 0 0 0 0 0 172.0000 0 0 0 0 0 172.0000 0 0 0 0 0 0 0 0 0 0 0 0 0 0 0 0 0 0 0 0 0 0 0 0 0 0 0 0 0 0 0 0 0 0 0 0 0 0 0 0 0 0 0 0 0 0 0 0 0 0 0 0 0 0 0 0 0 0 0 0 0 0 0 0 0 0 0 0 0 0 0 0 0 0 0 0 -40.0000 172.0000 0 0 0 0 -40.0000 179.0000 0 0 0 0 -35.0000 -176.0000 0 0 0 0 0 0 0 0 0 0 0 113.0000 0 0 0 0 0 -113.0000 0 0 0 0 0 0 0 0 0 0 -2.5281 -172.0000 0 0 172.0000 0 0 0 0 0 0 0 0 0 0 -0.6771 172.0000 0 0.0751 172.0000 0 0 0 0 0 0 0 0 0 6.6507 0 0 0 0 0 0 0 0 0 0 0 13.2234 0 0 0 0 0 0 0 0 0 0 0 0 0 0 0 0 0 0 0 0 0 0 0 0 0 0 0 0 0 41.6225 75.4962 14.8682 11.0360 8.3699 19.8350 0.1292 14.1078 4.3397 0 0 0 -0.6751 0 -16.8871 9.5932 0 0 13.4149 0 0 0 0 0 18.8575 -20.8739 3.3843 72.5895 0 -4.8510 17.8310 0 0 0 0 0 0 0 0 23.1859 -30.6268 2.5957 72.2582 0 -2.6375 15.0276 0 0 0 0 0 0 0 0 1.8928 -60.0406 -19.8637 57.2924 0 -7.1120 20.2446 0 0 -46.8758 -107.5212 3.3419 -11.7482 16.1878 -15.6077 18.0075 -0.6029 -0.0195 6.2396 -25.3508 -13.2904 0 0 0 -52.5018 18.0381 -34.5325 35.6496 -26.9493 -63.7175 3.1497 -3.5636 -0.7548 0 0 0 -4.3146 0 16.6789 -23.8361 0 0 -9.8975 0 0 0 0 0 -27.7062 0 4.2430 -75.1309 0 0 -24.4589 0 0 0 0 0 0 0 0 -32.0672 0 3.3253 -76.1612 0 0 -25.7587 0 0 0 0 0 0 0 0 -33.8174 0 17.5551 -64.0764 0 0 -30.8026 0 0 1.5021 -7.0879 11.7880 12.6808 -12.6559 19.0043 -12.2129 -2.7135 -7.2713 -5.3393 25.9602 0 0 0 0 18.3978 5.4379 28.4634 4.4670 37.5253 -0.0000 -35.0063 -9.7127 0 0 0 0 0 0 0 0 0 0 0 0 0 0 0 0 0 0 0 0 0 0 0 0 0 0 0 0 0 0 0 0 0 0 0 0 0 0 0 0 0 0 0 0 0 0 10.0743 34.1550 9.6661 7.5279 33.3968 0.0000 9.9001 -9.6517 -0.0000 0 0 0 0 0 0 0 0 0 0 0 0 0 0 0 0 0 0 0 0 0 0 0 0 0 0 0 0 0 0 0 0 0 0 0 0 0 0 0 0 0 0
-5.0198 2.9521 -110.2749 -8.9009 10.3064 -17.2675 0 0 0 0 0 0 0 0 0 9.6295 -4.5386 -0.7982 0 0 0 0 0 0 0 8.0501 -0.0039 0 0 0 0 0 0 0 0 0 0 0 0 0 0 172.0000 0 0 0 0 0 172.0000 0 0 0 0 0 0 0 0 0 0 0 0 0 0 0 0 0 0 0 0 0 0 0 0 0 0 0 0 0 0 0 0 0 0 0 0 0 0 0 0 0 0 0 0 0 0 0 0 0 0 0 0 0 0 0 0 0 0 0 0 0 0 0 0 0 0 0 0 0 0 0 0 0 0 0 0 -40.0000 172.0000 0 0 0 0 -40.0000 179.0000 0 0 0 0 -35.0000 -176.0000 0 0 0 0 0 0 0 0 0 0 0 113.0000 0 0 0 0 0 -113.0000 0 0 0 0 0 0 0 0 0 0 -2.7132 -172.0000 0 0 172.0000 0 0 0 0 0 0 0 0 0 0 -0.5314 172.0000 0 0.0022 172.0000 0 0 0 0 0 0 0 0 0 7.8487 0 0 0 0 0 0 0 0 0 0 0 13.5521 0 0 0 0 0 0 0 0 0 0 0 0 0 0 0 0 0 0 0 0 0 0 0 0 0 0 0 0 0 41.6717 76.1249 14.1924 11.6460 8.2383 18.7176 -0.0966 13.6992 4.2435 0 0 0 0.3765 0 -15.6204 20.0496 0 0 13.7353 0 0 0 0 0 18.8641 -20.8739 3.6415 75.0304 0 -4.8510 16.9212 0 0 0 0 0 0 0 0 23.2718 -30.6268 1.4611 73.9063 0 -2.6375 14.3647 0 0 0 0 0 0 0 0 4.8325 -60.0311 -20.0000 56.9836 0 -7.1212 18.0432 0 0 -46.8758 -107.5212 3.3419 -11.0979 16.4291 -15.5725 17.9396 -0.4154 0.0054 6.3235 -25.3480 -13.2797 0 0 0 -52.5927 17.5063 -34.9588 35.5012 -27.1832 -63.5843 3.3683 -3.9625 -0.5810 0 0 0 -4.2870 0 16.6878 -23.7964 0 0 -9.8851 0 0 0 0 0 -27.7061 0 4.2430 -75.1308 0 0 -24.4588 0 0 0 0 0 0 0 0 -31.9343 0 3.3274 -76.1788 0 0 -25.7390 0 0 0 0 0 0 0 0 -33.8169 0 17.5555 -64.0757 0 0 -30.8023 0 0 1.7195 -8.0215 10.6954 10.3919 -12.2050 19.7952 -11.5246 -0.2832 -5.1664 -5.3845 25.9025 0 0 0 0 17.6386 5.1991 29.5127 4.8618 37.1081 -0.0000 -34.9921 -10.0542 0 0 0 0 0 0 0 0 0 0 0 0 0 0 0 0 0 0 0 0 0 0 0 0 0 0 0 0 0 0 0 0 0 0 0 0 0 0 0 0 0 0 0 0 0 0 10.5480 39.0640 15.6071 5.9921 36.5535 0.0000 9.1661 -8.9232 -0.0000 0 0 0 0 0 0 0 0 0 0 0 0 0 0 0 0 0 0 0 0 0 0 0 0 0 0 0 0 0 0 0 0 0 0 0 0 0 0 0 0 0 0
-4.9233 3.2322 -110.1881 -8.5938 10.1113 -17.2620 0 0 0 0 0 0 0 0 0 11.0266 -5.2924 -1.6303 0 0 0 0 0 0 0 8.0501 -0.0039 0 0 0 0 0 0 0 0 0 0 0 0 0 0 172.0000 0 0 0 0 0 172.0000 0 0 0 0 0 0 0 0 0 0 0 0 0 0 0 0 0 0 0 0 0 0 0 0 0 0 0 0 0 0 0 0 0 0 0 0 0 0 0 0 0 0 0 0 0 0 0 0 0 0 0 0 0 0 0 0 0 0 0 0 0 0 0 0 0 0 0 0 0 0 0 0 0 0 0 0 -40.0000 172.0000 0 0 0 0 -40.0000 179.0000 0 0 0 0 -35.0000 -176.0000 0 0 0 0 0 0 0 0 0 0 0 113.0000 0 0 0 0 0 -113.0000 0 0 0 0 0 0 0 0 0 0 -2.4248 -172.0000 0 0 172.0000 0 0 0 0 0 0 0 0 0 0 0.0337 172.0000 0 -0.4527 172.0000 0 0 0 0 0 0 0 0 0 8.5448 0 0 0 0 0 0 0 0 0 0 0 12.8765 0 0 0 0 0 0 0 0 0 0 0 0 0 0 0 0 0 0 0 0 0 0 0 0 0 0 0 0 0 41.4989 75.6229 14.2859 11.2890 7.8888 18.4142 -0.0954 13.1423 4.0383 0 0 0 0.7314 0 -13.3000 36.3112 0 0 13.1641 0 0 0 0 0 13.2665 -20.8739 5.2028 79.2056 0 -4.8510 16.9520 0 0 0 0 0 0 0 0 20.1487 -30.6268 -0.4414 75.5955 0 -2.6375 14.3042 0 0 0 0 0 0 0 0 4.4733 -60.0286 -21.1978 52.9593 0 -7.1308 15.0238 0 0 -46.8758 -107.5212 3.3419 -7.8717 15.4990 -13.3975 18.7285 -5.9382 0.0080 10.5436 -25.4246 -13.2846 0 0 0 -52.7161 17.4586 -34.8151 35.3504 -27.3719 -63.4300 3.5580 -5.1621 -0.1492 0 0 0 -4.2907 0 16.6862 -23.8008 0 0 -9.8858 0 0 0 0 0 -27.7075 0 4.2431 -75.1326 0 0 -24.4600 0 0 0 0 0 0 0 0 -31.9724 0 3.3263 -76.1753 0 0 -25.7448 0 0 0 0 0 0 0 0 -33.8183 0 17.5550 -64.0765 0 0 -30.8024 0 0 1.9914 -6.0026 13.9482 2.1319 -7.4759 21.3100 -9.3572 8.3985 -1.1397 -10.9804 25.3544 0 0 0 0 18.7195 4.4245 29.0561 5.4243 36.5539 -0.0000 -34.9936 -10.1027 0 0 0 0 0 0 0 0 0 0 0 0 0 0 0 0 0 0 0 0 0 0 0 0 0 0 0 0 0 0 0 0 0 0 0 0 0 0 0 0 0 0 0 0 0 0 9.5450 41.3423 23.1601 3.6357 38.5073 0.0000 8.2536 -8.0029 -0.0000 0 0 0 0 0 0 0 0 0 0 0 0 0 0 0 0 0 0 0 0 0 0 0 0 0 0 0 0 0 0 0 0 0 0 0 0 0 0 0 0 0 0
-4.7333 3.9963 -110.2320 -7.7596 9.6857 -17.1647 0 0 0 0 0 0 0 0 0 11.7728 -6.1695 -2.5482 0 0 0 0 0 0 0 8.0501 -0.0039 0 0 0 0 0 0 0 0 0 0 0 0 0 0 172.0000 0 0 0 0 0 172.0000 0 0 0 0 0 0 0 0 0 0 0 0 0 0 0 0 0 0 0 0 0 0 0 0 0 0 0 0 0 0 0 0 0 0 0 0 0 0 0 0 0 0 0 0 0 0 0 0 0 0 0 0 0 0 0 0 0 0 0 0 0 0 0 0 0 0 0 0 0 0 0 0 0 0 0 0 -40.0000 172.0000 0 0 0 0 -40.0000 179.0000 0 0 0 0 -35.0000 -176.0000 0 0 0 0 0 0 0 0 0 0 0 113.0000 0 0 0 0 0 -113.0000 0 0 0 0 0 0 0 0 0 0 -1.8010 -172.0000 0 0 172.0000 0 0 0 0 0 0 0 0 0 0 0.7387 172.0000 0 -1.0125 172.0000 0 0 0 0 0 0 0 0 0 9.2610 0 0 0 0 0 0 0 0 0 0 0 11.9105 0 0 0 0 0 0 0 0 0 0 0 0 0 0 0 0 0 0 0 0 0 0 0 0 0 0 0 0 0 41.5282 74.9795 14.7108 10.7687 7.4817 18.2104 0.0641 12.8955 3.9292 0 0 0 -0.9600 0 -13.0069 33.9342 0 0 12.5571 0 0 0 0 0 7.7003 -20.8739 5.5148 79.5205 0 -4.8510 18.8102 0 0 0 0 0 0 0 0 15.1629 -30.6268 0.0280 75.3980 0 -2.6375 16.3314 0 0 0 0 0 0 0 0 3.8755 -60.0284 -21.4180 49.1494 0 -7.1365 16.5997 0 0 -46.8758 -107.5212 3.3419 -3.1141 9.0774 -9.3079 19.9846 -20.1006 0.0037 22.1606 -25.6484 -13.3079 0 0 0 -53.3141 17.7339 -34.2120 34.8318 -27.6722 -62.9102 3.4942 -5.7016 0.0057 0 0 0 -2.9559 0 16.5227 -20.8892 0 0 -10.3178 0 0 0 0 0 -27.7072 0 4.2430 -75.1322 0 0 -24.4598 0 0 0 0 0 0 0 0 -31.9844 0 3.3262 -76.1733 0 0 -25.7465 0 0 0 0 0 0 0 0 -33.8181 0 17.5550 -64.0764 0 0 -30.8024 0 0 2.4999 -2.8934 21.1879 -7.4735 3.7781 21.7692 -9.4441 26.2778 -0.1420 -26.2749 24.0799 0 0 0 0 20.6834 2.5069 27.1386 6.5211 35.4481 -0.0000 -34.9979 -10.0507 0 0 0 0 0 0 0 0 0 0 0 0 0 0 0 0 0 0 0 0 0 0 0 0 0 0 0 0 0 0 0 0 0 0 0 0 0 0 0 0 0 0 0 0 0 0 6.6964 32.6042 24.3290 1.7492 44.4380 0.0000 7.6353 -7.5633 -0.0000 0 0 0 0 0 0 0 0 0 0 0 0 0 0 0 0 0 0 0 0 0 0 0 0 0 0 0 0 0 0 0 0 0 0 0 0 0 0 0 0 0 0
-4.7616 4.3687 -110.5108 -7.1472 9.3680 -17.0971 0 0 0 0 0 0 0 0 0 12.4024 -6.3834 -3.2275 0 0 0 0 0 0 0 8.0501 -0.0039 0 0 0 0 0 0 0 0 0 0 0 0 0 0 172.0000 0 0 0 0 0 172.0000 0 0 0 0 0 0 0 0 0 0 0 0 0 0 0 0 0 0 0 0 0 0 0 0 0 0 0 0 0 0 0 0 0 0 0 0 0 0 0 0 0 0 0 0 0 0 0 0 0 0 0 0 0 0 0 0 0 0 0 0 0 0 0 0 0 0 0 0 0 0 0 0 0 0 0 0 -40.0000 172.0000 0 0 0 0 -40.0000 179.0000 0 0 0 0 -35.0000 -176.0000 0 0 0 0 0 0 0 0 0 0 0 113.0000 0 0 0 0 0 -113.0000 0 0 0 0 0 0 0 0 0 0 -1.9691 -172.0000 0 0 172.0000 0 0 0 0 0 0 0 0 0 0 0.7255 172.0000 0 -0.9966 172.0000 0 0 0 0 0 0 0 0 0 9.7740 0 0 0 0 0 0 0 0 0 0 0 12.2424 0 0 0 0 0 0 0 0 0 0 0 0 0 0 0 0 0 0 0 0 0 0 0 0 0 0 0 0 0 41.8941 74.5498 15.2333 10.4771 7.1460 17.9020 0.2559 12.7733 3.8635 0 0 0 -3.2803 0 -14.6136 17.8852 0 0 11.1444 0 0 0 0 0 5.3258 -20.8739 2.3957 73.3756 0 -4.8510 20.8754 0 0 0 0 0 0 0 0 9.4808 -30.6268 0.2808 70.6797 0 -2.6375 19.2431 0 0 0 0 0 0 0 0 5.7285 -60.0244 -19.5582 50.2245 0 -7.1426 24.3177 0 0 -46.8758 -107.5212 3.3419 -0.0774 2.1936 -5.8894 20.7072 -32.7200 0.0004 32.9164 -25.8893 -13.2886 0 0 0 -54.2548 18.2053 -33.2952 34.0862 -28.1846 -62.1661 3.3962 -6.0145 0.0854 0 0 0 1.4300 0 16.7738 -12.4705 0 0 -9.4812 0 0 0 0 0 -25.1465 0 5.1357 -73.1750 0 0 -24.1364 0 0 0 0 0 0 0 0 -27.8121 0 4.3612 -73.7871 0 0 -24.4434 0 0 0 0 0 0 0 0 -29.7542 0 18.6157 -62.7126 0 0 -32.2924 0 0 7.7353 -0.5920 26.5469 -9.5438 15.0240 21.1001 -11.2101 41.7633 -1.5376 -40.1254 23.0218 0 0 0 0 22.9266 -0.1770 24.4058 7.8861 34.0872 -0.0000 -35.0003 -10.0067 0 0 0 0 0 0 0 0 0 0 0 0 0 0 0 0 0 0 0 0 0 0 0 0 0 0 0 0 0 0 0 0 0 0 0 0 0 0 0 0 0 0 0 0 0 0 4.2935 17.6767 22.8448 0.3280 51.9230 0.0000 6.3538 -7.7969 -0.0000 0 0 0 0 0 0 0 0 0 0 0 0 0 0 0 0 0 0 0 0 0 0 0 0 0 0 0 0 0 0 0 0 0 0 0 0 0 0 0 0 0 0
-5.2230 3.3522 -111.0937 -7.3397 8.9623 -17.5038 0 0 0 0 0 0 0 0 0 12.6729 -6.2264 -3.5475 0 0 0 0 0 0 0 8.0501 -0.0039 0 0 0 0 0 0 0 0 0 0 0 0 0 0 172.0000 0 0 0 0 0 172.0000 0 0 0 0 0 0 0 0 0 0 0 0 0 0 0 0 0 0 0 0 0 0 0 0 0 0 0 0 0 0 0 0 0 0 0 0 0 0 0 0 0 0 0 0 0 0 0 0 0 0 0 0 0 0 0 0 0 0 0 0 0 0 0 0 0 0 0 0 0 0 0 0 0 0 0 0 -40.0000 172.0000 0 0 0 0 -40.0000 179.0000 0 0 0 0 -35.0000 -176.0000 0 0 0 0 0 0 0 0 0 0 0 113.0000 0 0 0 0 0 -113.0000 0 0 0 0 0 0 0 0 0 0 -2.8387 -172.0000 0 0 172.0000 0 0 0 0 0 0 0 0 0 0 0.0125 172.0000 0 -0.4136 172.0000 0 0 0 0 0 0 0 0 0 10.5739 0 0 0 0 0 0 0 0 0 0 0 14.4956 0 0 0 0 0 0 0 0 0 0 0 0 0 0 0 0 0 0 0 0 0 0 0 0 0 0 0 0 0 42.4954 74.1932 15.8938 10.2777 6.8883 17.6938 0.2415 12.4350 3.7616 0 0 0 -3.4690 0 -15.9750 7.2051 0 0 8.0242 0 0 0 0 0 3.0013 -20.8739 -1.5939 66.6878 0 -4.8510 21.6141 0 0 0 0 0 0 0 0 3.4964 -30.6268 -3.1631 63.8794 0 -2.6375 20.8644 0 0 0 0 0 0 0 0 4.1677 -60.0245 -17.2238 52.9779 0 -7.1521 32.2600 0 0 -46.8758 -107.5212 3.3419 -1.0822 -0.6769 -5.1898 21.3816 -39.4575 -0.0007 36.7945 -26.0752 -13.2034 0 0 0 -55.0979 18.9915 -32.4447 33.6855 -28.2968 -61.7655 3.7803 -7.8908 0.7233 0 0 0 5.8845 0 18.1587 -3.4859 0 0 -6.8369 0 0 0 0 0 -15.7135 0 5.9626 -70.0484 0 0 -23.4484 0 0 0 0 0 0 0 0 -16.0421 0 7.0724 -68.3638 0 0 -23.7211 0 0 0 0 0 0 0 0 -17.5598 0 20.4069 -58.9385 0 0 -35.3234 0 0 18.8105 -0.5029 22.9727 -4.1890 19.4556 18.3867 -13.9134 47.2814 -4.7942 -45.4985 23.3614 0 0 0 0 25.1997 -1.8183 21.8078 9.0652 32.9361 -0.0000 -35.0007 -9.9920 0 0 0 0 0 0 0 0 0 0 0 0 0 0 0 0 0 0 0 0 0 0 0 0 0 0 0 0 0 0 0 0 0 0 0 0 0 0 0 0 0 0 0 0 0 0 4.9628 13.7415 25.8361 -2.5150 48.6057 0.0000 3.3565 -7.9717 -0.0000 0 0 0 0 0 0 0 0 0 0 0 0 0 0 0 0 0 0 0 0 0 0 0 0 0 0 0 0 0 0 0 0 0 0 0 0 0 0 0 0 0 0
-5.8208 1.4370 -112.4769 -7.9709 8.1993 -18.3264 0 0 0 0 0 0 0 0 0 12.6018 -6.3555 -3.7617 0 0 0 0 0 0 0 8.0501 -0.0039 0 0 0 0 0 0 0 0 0 0 0 0 0 0 172.0000 0 0 0 0 0 172.0000 0 0 0 0 0 0 0 0 0 0 0 0 0 0 0 0 0 0 0 0 0 0 0 0 0 0 0 0 0 0 0 0 0 0 0 0 0 0 0 0 0 0 0 0 0 0 0 0 0 0 0 0 0 0 0 0 0 0 0 0 0 0 0 0 0 0 0 0 0 0 0 0 0 0 0 0 -40.0000 172.0000 0 0 0 0 -40.0000 179.0000 0 0 0 0 -35.0000 -176.0000 0 0 0 0 0 0 0 0 0 0 0 113.0000 0 0 0 0 0 -113.0000 0 0 0 0 0 0 0 0 0 0 -3.3926 -172.0000 0 0 172.0000 0 0 0 0 0 0 0 0 0 0 -0.8485 172.0000 0 0.3285 172.0000 0 0 0 0 0 0 0 0 0 12.4643 0 0 0 0 0 0 0 0 0 0 0 16.6855 0 0 0 0 0 0 0 0 0 0 0 0 0 0 0 0 0 0 0 0 0 0 0 0 0 0 0 0 0 43.5111 73.8049 16.9034 10.0480 6.6299 17.5829 0.0413 12.0969 3.6990 0 0 0 -1.5330 0 -14.8150 2.5261 0 0 6.9295 0 0 0 0 0 -0.3703 -20.8739 -3.3762 66.9215 0 -4.8510 22.4312 0 0 0 0 0 0 0 0 -0.7518 -30.6268 -6.9250 60.6841 0 -2.6375 23.1261 0 0 0 0 0 0 0 0 -1.4621 -60.0279 -15.8342 54.0513 0 -7.1636 34.6015 0 0 -46.8758 -107.5212 3.3419 -5.1457 -0.9472 -4.9786 21.3736 -42.9314 -0.0005 36.6040 -26.2630 -13.0610 0 0 0 -55.0104 19.1563 -32.5236 33.8728 -28.2565 -61.9526 4.1908 -9.2206 1.1220 0 0 0 7.3024 0 19.0247 0.6191 0 0 -6.2012 0 0 0 0 0 -3.9962 0 5.6416 -71.3073 0 0 -23.7655 0 0 0 0 0 0 0 0 -4.1586 0 9.5399 -64.1904 0 0 -26.0958 0 0 0 0 0 0 0 0 -3.5897 0 20.4917 -55.4720 0 0 -35.6457 0 0 24.1260 -1.2180 16.0126 5.0289 17.6671 13.7249 -16.2850 47.1930 -8.4434 -46.1110 24.6270 0 0 0 0 27.0158 -2.5613 19.9817 9.8079 32.1549 -0.0000 -35.0003 -9.9934 0 0 0 0 0 0 0 0 0 0 0 0 0 0 0 0 0 0 0 0 0 0 0 0 0 0 0 0 0 0 0 0 0 0 0 0 0 0 0 0 0 0 0 0 0 0 6.9723 19.5010 30.5230 -5.4422 39.1658 0.0000 0.5658 -7.8339 -0.0000 0 0 0 0 0 0 0 0 0 0 0 0 0 0 0 0 0 0 0 0 0 0 0 0 0 0 0 0 0 0 0 0 0 0 0 0 0 0 0 0 0 0
-6.0593 0.1845 -113.6683 -8.3858 7.6341 -18.8780 0 0 0 0 0 0 0 0 0 12.8906 -6.3901 -4.7039 0 0 0 0 0 0 0 8.0501 -0.0039 0 0 0 0 0 0 0 0 0 0 0 0 0 0 172.0000 0 0 0 0 0 172.0000 0 0 0 0 0 0 0 0 0 0 0 0 0 0 0 0 0 0 0 0 0 0 0 0 0 0 0 0 0 0 0 0 0 0 0 0 0 0 0 0 0 0 0 0 0 0 0 0 0 0 0 0 0 0 0 0 0 0 0 0 0 0 0 0 0 0 0 0 0 0 0 0 0 0 0 0 -40.0000 172.0000 0 0 0 0 -40.0000 179.0000 0 0 0 0 -35.0000 -176.0000 0 0 0 0 0 0 0 0 0 0 0 113.0000 0 0 0 0 0 -113.0000 0 0 0 0 0 0 0 0 0 0 -3.7968 -172.0000 0 0 172.0000 0 0 0 0 0 0 0 0 0 0 -2.1882 172.0000 0 1.4950 172.0000 0 0 0 0 0 0 0 0 0 10.3811 0 0 0 0 0 0 0 0 0 0 0 12.5618 0 0 0 0 0 0 0 0 0 0 0 0 0 0 0 0 0 0 0 0 0 0 0 0 0 0 0 0 0 43.9664 71.2083 19.9819 7.5230 4.1049 17.9624 0.0326 12.1144 3.6859 0 0 0 -0.0978 0 -9.9651 2.1634 0 0 8.4774 0 0 0 0 0 -0.7312 -20.8739 -5.1920 60.8000 0 -4.8510 22.9222 0 0 0 0 0 0 0 0 -0.4623 -30.6268 -8.7560 53.4748 0 -2.6375 23.4032 0 0 0 0 0 0 0 0 -6.0196 -60.0321 -15.6789 50.8908 0 -7.1641 32.0135 0 0 -46.8758 -107.5212 3.3419 -7.3264 0.5864 -4.4923 20.3212 -42.9163 -0.0291 35.5438 -26.3482 -12.9286 0 0 0 -53.2279 17.8084 -34.1483 34.7168 -28.0263 -62.9222 3.8335 -7.4758 0.3845 0 0 0 7.5994 0 18.4686 0.7880 0 0 -7.2221 0 0 0 0 0 0.5929 0 6.0798 -74.8862 0 0 -25.0147 0 0 0 0 0 0 0 0 0.2348 0 10.3471 -62.7754 0 0 -27.5316 0 0 0 0 0 0 0 0 2.9928 0 19.6520 -54.5712 0 0 -33.4352 0 0 22.7420 -1.3884 13.0705 12.0461 12.8553 11.0110 -15.7192 45.8117 -7.9883 -44.7310 25.2809 0 0 0 0 28.3694 -1.8258 20.1608 10.1056 31.5766 -0.0000 -35.0001 -9.9978 0 0 0 0 0 0 0 0 0 0 0 0 0 0 0 0 0 0 0 0 0 0 0 0 0 0 0 0 0 0 0 0 0 0 0 0 0 0 0 0 0 0 0 0 0 0 6.5570 24.0251 32.6901 -4.7138 33.7464 0.0000 -0.3652 -8.0659 -0.0000 0 0 0 0 0 0 0 0 0 0 0 0 0 0 0 0 0 0 0 0 0 0 0 0 0 0 0 0 0 0 0 0 0 0 0 0 0 0 0 0 0 0
-5.6892 0.2404 -113.3961 -8.5342 7.3882 -18.8059 0 0 0 0 0 0 0 0 0 13.6194 -5.9571 -6.1704 0 0 0 0 0 0 0 8.0501 -0.0039 0 0 0 0 0 0 0 0 0 0 0 0 0 0 172.0000 0 0 0 0 0 172.0000 0 0 0 0 0 0 0 0 0 0 0 0 0 0 0 0 0 0 0 0 0 0 0 0 0 0 0 0 0 0 0 0 0 0 0 0 0 0 0 0 0 0 0 0 0 0 0 0 0 0 0 0 0 0 0 0 0 0 0 0 0 0 0 0 0 0 0 0 0 0 0 0 0 0 0 0 -40.0000 172.0000 0 0 0 0 -40.0000 179.0000 0 0 0 0 -35.0000 -176.0000 0 0 0 0 0 0 0 0 0 0 0 113.0000 0 0 0 0 0 -113.0000 0 0 0 0 0 0 0 0 0 0 -3.9614 -172.0000 0 0 172.0000 0 0 0 0 0 0 0 0 0 0 -3.3660 172.0000 0 2.4994 172.0000 0 0 0 0 0 0 0 0 0 5.2774 0 0 0 0 0 0 0 0 0 0 0 4.3627 0 0 0 0 0 0 0 0 0 0 0 0 0 0 0 0 0 0 0 0 0 0 0 0 0 0 0 0 0 48.8733 66.7033 20.2041 3.1575 -0.3004 19.6082 0.1986 12.2387 3.6638 0 0 0 2.5646 0 -2.0231 4.0345 0 0 10.9851 0 0 0 0 0 6.6451 -20.8739 -7.6430 43.4333 0 -4.8510 22.6304 0 0 0 0 0 0 0 0 11.4039 -30.6268 -9.4644 45.4327 0 -2.6375 22.9152 0 0 0 0 0 0 0 0 1.1926 -60.0377 -17.2414 49.9872 0 -7.1673 30.3799 0 0 -46.8758 -107.5212 3.3419 -5.6719 3.0332 -5.6414 19.8564 -40.4531 -0.0759 34.4165 -26.2502 -12.9354 0 0 0 -50.7107 15.7969 -36.2619 34.9805 -28.0441 -63.3029 2.8497 -3.1028 -1.2956 0 0 0 1.3321 0 15.0270 -0.4335 0 0 -9.3471 0 0 0 0 0 -11.0157 0 7.2649 -72.3136 0 0 -26.0801 0 0 0 0 0 0 0 0 -9.6810 0 10.1832 -65.3572 0 0 -28.3055 0 0 0 0 0 0 0 0 -6.1980 0 20.4311 -59.6713 0 0 -33.5719 0 0 19.7792 -1.0535 20.6716 8.1656 7.9371 13.0692 -13.0250 44.9762 -2.1470 -41.1953 25.0627 0 0 0 0 29.2485 0.0001 21.9005 10.0206 31.1138 -0.0000 -35.0000 -10.0002 0 0 0 0 0 0 0 0 0 0 0 0 0 0 0 0 0 0 0 0 0 0 0 0 0 0 0 0 0 0 0 0 0 0 0 0 0 0 0 0 0 0 0 0 0 0 4.1006 25.3702 32.9577 -1.4779 32.1491 0.0000 -0.2520 -8.6619 -0.0000 0 0 0 0 0 0 0 0 0 0 0 0 0 0 0 0 0 0 0 0 0 0 0 0 0 0 0 0 0 0 0 0 0 0 0 0 0 0 0 0 0 0
-4.1029 1.0807 -111.5384 -8.0541 6.3828 -18.2616 0 0 0 0 0 0 0 0 0 13.6563 -6.0075 -7.3907 0 0 0 0 0 0 0 8.0501 -0.0039 0 0 0 0 0 0 0 0 0 0 0 0 0 0 172.0000 0 0 0 0 0 172.0000 0 0 0 0 0 0 0 0 0 0 0 0 0 0 0 0 0 0 0 0 0 0 0 0 0 0 0 0 0 0 0 0 0 0 0 0 0 0 0 0 0 0 0 0 0 0 0 0 0 0 0 0 0 0 0 0 0 0 0 0 0 0 0 0 0 0 0 0 0 0 0 0 0 0 0 0 -40.0000 172.0000 0 0 0 0 -40.0000 179.0000 0 0 0 0 -35.0000 -176.0000 0 0 0 0 0 0 0 0 0 0 0 113.0000 0 0 0 0 0 -113.0000 0 0 0 0 0 0 0 0 0 0 -3.3758 -172.0000 0 0 172.0000 0 0 0 0 0 0 0 0 0 0 -3.3397 172.0000 0 2.4103 172.0000 0 0 0 0 0 0 0 0 0 7.5864 0 0 0 0 0 0 0 0 0 0 0 5.3425 0 0 0 0 0 0 0 0 0 0 0 0 0 0 0 0 0 0 0 0 0 0 0 0 0 0 0 0 0 59.2164 61.1329 17.7924 0.6867 -2.8134 24.7438 0.0280 12.1763 3.7201 0 0 0 7.5548 0 7.4775 4.7172 0 0 11.8791 0 0 0 0 0 17.2213 -20.8739 -8.7019 38.2054 0 -4.8510 22.6324 0 0 0 0 0 0 0 0 29.1820 -30.6268 -9.2357 50.8989 0 -2.6375 23.8661 0 0 0 0 0 0 0 0 21.6003 -60.0384 -16.1856 59.3956 0 -7.1857 32.4286 0 0 -46.8758 -107.5212 3.3419 -2.4968 5.1917 -6.4658 18.6766 -35.7072 -1.1458 30.3737 -26.1688 -13.0195 0 0 0 -48.6934 14.0411 -37.6102 29.1631 -24.7075 -57.3564 1.6367 3.2660 -3.7105 0 0 0 -10.9988 0 5.8819 -2.6681 0 0 -12.2600 0 0 0 0 0 -30.4031 0 8.5704 -62.7944 0 0 -25.8321 0 0 0 0 0 0 0 0 -27.7846 0 9.9565 -68.2620 0 0 -27.8093 0 0 0 0 0 0 0 0 -26.5732 0 18.9969 -68.2358 0 0 -35.2646 0 0 12.6985 -4.4364 39.0237 -3.3744 3.6806 14.8088 -11.1217 41.5113 4.3499 -33.4672 24.9856 0 0 0 0 28.0977 1.0399 23.1399 9.1595 30.3311 -0.0000 -35.0000 -10.0007 0 0 0 0 0 0 0 0 0 0 0 0 0 0 0 0 0 0 0 0 0 0 0 0 0 0 0 0 0 0 0 0 0 0 0 0 0 0 0 0 0 0 0 0 0 0 3.7478 24.9471 32.7648 -1.0665 32.5368 0.0000 -0.1563 -8.7354 -0.0000 0 0 0 0 0 0 0 0 0 0 0 0 0 0 0 0 0 0 0 0 0 0 0 0 0 0 0 0 0 0 0 0 0 0 0 0 0 0 0 0 0 0
-1.4503 2.2994 -108.6686 -6.3492 4.4830 -17.4888 0 0 0 0 0 0 0 0 0 12.8511 -7.0884 -9.0249 0 0 0 0 0 0 0 8.0501 -0.0039 0 0 0 0 0 0 0 0 0 0 0 0 0 0 172.0000 0 0 0 0 0 172.0000 0 0 0 0 0 0 0 0 0 0 0 0 0 0 0 0 0 0 0 0 0 0 0 0 0 0 0 0 0 0 0 0 0 0 0 0 0 0 0 0 0 0 0 0 0 0 0 0 0 0 0 0 0 0 0 0 0 0 0 0 0 0 0 0 0 0 0 0 0 0 0 0 0 0 0 0 -40.0000 172.0000 0 0 0 0 -40.0000 179.0000 0 0 0 0 -35.0000 -176.0000 0 0 0 0 0 0 0 0 0 0 0 113.0000 0 0 0 0 0 -113.0000 0 0 0 0 0 0 0 0 0 0 -2.3899 -172.0000 0 0 172.0000 0 0 0 0 0 0 0 0 0 0 -2.4552 172.0000 0 1.5886 172.0000 0 0 0 0 0 0 0 0 0 14.9803 0 0 0 0 0 0 0 0 0 0 0 13.6060 0 0 0 0 0 0 0 0 0 0 0 0 0 0 0 0 0 0 0 0 0 0 0 0 0 0 0 0 0 62.6887 51.9772 25.5304 -1.1791 -4.5890 33.6054 -0.7292 11.9209 3.9503 0 0 0 10.7043 0 13.9725 9.5650 0 0 9.0309 0 0 0 0 0 22.3063 -20.8739 -7.3838 46.7949 0 -4.8510 20.2578 0 0 0 0 0 0 0 0 34.7814 -30.6268 -7.4619 59.3511 0 -2.6375 19.0863 0 0 0 0 0 0 0 0 33.9195 -60.0571 -8.1501 67.0653 0 -7.1850 32.9478 0 0 -46.8758 -107.5212 3.3419 -1.6750 6.8905 -7.4574 16.3704 -26.6880 -2.8458 22.2623 -26.0985 -12.9878 0 0 0 -46.9548 12.4778 -38.8184 17.5297 -13.9336 -42.4649 0.6763 8.1054 -5.6496 0 0 0 -18.1514 0 -2.9885 -14.7508 0 0 -10.7131 0 0 0 0 0 -36.5371 0 9.7709 -54.8048 0 0 -21.5760 0 0 0 0 0 0 0 0 -35.3342 0 9.9243 -65.0811 0 0 -20.0952 0 0 0 0 0 0 0 0 -37.0473 0 11.3260 -70.3684 0 0 -33.9246 0 0 4.1995 -11.5793 54.3519 -8.8327 1.2145 16.0857 -13.1735 32.1011 4.6236 -22.9754 25.0610 0 0 0 0 24.9557 0.4444 24.9815 7.2791 28.6488 -0.0000 -35.0000 -10.0004 0 0 0 0 0 0 0 0 0 0 0 0 0 0 0 0 0 0 0 0 0 0 0 0 0 0 0 0 0 0 0 0 0 0 0 0 0 0 0 0 0 0 0 0 0 0 3.1630 23.1883 33.8055 -3.1545 32.7397 0.0000 -0.4779 -8.1944 -0.0000 0 0 0 0 0 0 0 0 0 0 0 0 0 0 0 0 0 0 0 0 0 0 0 0 0 0 0 0 0 0 0 0 0 0 0 0 0 0 0 0 0 0
1.3247 3.7115 -105.7437 -4.0819 2.1657 -16.8659 0 0 0 0 0 0 0 0 0 12.6101 -8.3997 -11.1471 0 0 0 0 0 0 0 8.0501 -0.0039 0 0 0 0 0 0 0 0 0 0 0 0 0 0 172.0000 0 0 0 0 0 172.0000 0 0 0 0 0 0 0 0 0 0 0 0 0 0 0 0 0 0 0 0 0 0 0 0 0 0 0 0 0 0 0 0 0 0 0 0 0 0 0 0 0 0 0 0 0 0 0 0 0 0 0 0 0 0 0 0 0 0 0 0 0 0 0 0 0 0 0 0 0 0 0 0 0 0 0 0 -40.0000 172.0000 0 0 0 0 -40.0000 179.0000 0 0 0 0 -35.0000 -176.0000 0 0 0 0 0 0 0 0 0 0 0 113.0000 0 0 0 0 0 -113.0000 0 0 0 0 0 0 0 0 0 0 -1.3488 -172.0000 0 0 172.0000 0 0 0 0 0 0 0 0 0 0 -1.3387 172.0000 0 0.6632 172.0000 0 0 0 0 0 0 0 0 0 19.1119 0 0 0 0 0 0 0 0 0 0 0 19.1914 0 0 0 0 0 0 0 0 0 0 0 0 0 0 0 0 0 0 0 0 0 0 0 0 0 0 0 0 0 60.0388 45.0372 37.0080 -1.3692 -4.4051 37.7949 -1.5647 10.1211 3.6477 0 0 0 12.9883 0 12.3444 21.2214 0 0 4.5734 0 0 0 0 0 24.0721 -20.8739 -4.7398 54.5406 0 -4.8510 15.2600 0 0 0 0 0 0 0 0 31.1309 -30.6268 -3.8929 62.6209 0 -2.6375 10.1269 0 0 0 0 0 0 0 0 32.3523 -60.0883 -0.1166 64.8286 0 -7.1746 28.1821 0 0 -46.8758 -107.5212 3.3419 -4.4741 7.7028 -13.2525 16.5629 -16.0436 -2.5663 16.5499 -25.8416 -12.8461 0 0 0 -45.7109 12.1306 -39.5180 7.1530 -1.8010 -26.5080 0.5038 6.9592 -5.2863 0 0 0 -20.1741 0 -3.0143 -34.9765 0 0 -5.3429 0 0 0 0 0 -32.6039 0 10.0248 -53.0652 0 0 -14.8752 0 0 0 0 0 0 0 0 -33.7133 0 8.4873 -61.6565 0 0 -9.5914 0 0 0 0 0 0 0 0 -34.7687 0 4.0368 -65.0768 0 0 -28.0969 0 0 0.6140 -16.4898 60.4932 -5.5471 1.0359 22.6423 -18.7517 20.4397 -4.1496 -16.7056 24.8340 0 0 0 0 21.4746 -0.4033 28.2301 5.8941 27.1387 -0.0000 -35.0000 -10.0001 0 0 0 0 0 0 0 0 0 0 0 0 0 0 0 0 0 0 0 0 0 0 0 0 0 0 0 0 0 0 0 0 0 0 0 0 0 0 0 0 0 0 0 0 0 0 -1.4803 22.0065 35.7952 -5.2928 33.8077 0.0000 -1.7507 -6.9857 -0.0000 0 0 0 0 0 0 0 0 0 0 0 0 0 0 0 0 0 0 0 0 0 0 0 0 0 0 0 0 0 0 0 0 0 0 0 0 0 0 0 0 0 0
4.6244 5.2459 -105.8288 -1.6295 -1.3827 -14.5450 0 0 0 0 0 0 0 0 0 13.5743 -9.4405 -13.3363 0 0 0 0 0 0 0 8.0501 -0.0039 0 0 0 0 0 0 0 0 0 0 0 0 0 0 172.0000 0 0 0 0 0 172.0000 0 0 0 0 0 0 0 0 0 0 0 0 0 0 0 0 0 0 0 0 0 0 0 0 0 0 0 0 0 0 0 0 0 0 0 0 0 0 0 0 0 0 0 0 0 0 0 0 0 0 0 0 0 0 0 0 0 0 0 0 0 0 0 0 0 0 0 0 0 0 0 0 0 0 0 0 -40.0000 172.0000 0 0 0 0 -40.0000 179.0000 0 0 0 0 -35.0000 -176.0000 0 0 0 0 0 0 0 0 0 0 0 113.0000 0 0 0 0 0 -113.0000 0 0 0 0 0 0 0 0 0 0 -0.4611 -172.0000 0 0 172.0000 0 0 0 0 0 0 0 0 0 0 -0.5203 172.0000 0 0.0251 172.0000 0 0 0 0 0 0 0 0 0 14.2512 0 0 0 0 0 0 0 0 0 0 0 20.7474 0 0 0 0 0 0 0 0 0 0 0 0 0 0 0 0 0 0 0 0 0 0 0 0 0 0 0 0 0 60.3192 46.6095 39.9521 4.3751 0.6893 31.6977 -1.8190 5.6005 2.0442 0 0 0 14.4539 0 6.5645 28.7711 0 0 1.6414 0 0 0 0 0 22.3690 -20.8739 -3.6578 54.1367 0 -4.8510 10.9943 0 0 0 0 0 0 0 0 25.7858 -30.6268 -1.2215 59.9267 0 -2.6375 4.6875 0 0 0 0 0 0 0 0 26.8545 -60.0853 1.6983 53.9453 0 -7.1852 21.2165 0 0 -46.8758 -107.5212 3.3419 -8.7256 9.9811 -19.3855 19.4582 -10.2467 -0.9075 16.6788 -25.5011 -12.7485 0 0 0 -44.3949 12.7924 -39.2811 -1.6790 6.3713 -16.6947 0.8339 1.3833 -2.9061 0 0 0 -16.0960 0 1.7001 -40.1659 0 0 -1.1927 0 0 0 0 0 -23.6031 0 9.7169 -50.0321 0 0 -9.7512 0 0 0 0 0 0 0 0 -26.8878 0 6.1323 -57.1469 0 0 -3.7152 0 0 0 0 0 0 0 0 -27.6012 0 2.0996 -53.0753 0 0 -20.7960 0 0 1.4956 -16.6613 56.4382 2.5386 -2.0550 27.9903 -21.4622 13.2296 -14.5508 -16.5930 24.9080 0 0 0 0 17.7069 -1.4154 30.2279 5.3237 26.4277 -0.0000 -34.9696 -10.0000 0 0 0 0 0 0 0 0 0 0 0 0 0 0 0 0 0 0 0 0 0 0 0 0 0 0 0 0 0 0 0 0 0 0 0 0 0 0 0 0 0 0 0 0 0 0 -5.9072 19.4303 35.7747 -7.5845 43.8582 0.0000 -4.4160 -2.1151 -0.0000 0 0 0 0 0 0 0 0 0 0 0 0 0 0 0 0 0 0 0 0 0 0 0 0 0 0 0 0 0 0 0 0 0 0 0 0 0 0 0 0 0 0
8.1292 6.4008 -108.6327 0.6924 -5.1633 -10.8665 0 0 0 0 0 0 0 0 0 14.6903 -10.0284 -15.1063 0 0 0 0 0 0 0 8.0501 -0.0039 0 0 0 0 0 0 0 0 0 0 0 0 0 0 172.0000 0 0 0 0 0 172.0000 0 0 0 0 0 0 0 0 0 0 0 0 0 0 0 0 0 0 0 0 0 0 0 0 0 0 0 0 0 0 0 0 0 0 0 0 0 0 0 0 0 0 0 0 0 0 0 0 0 0 0 0 0 0 0 0 0 0 0 0 0 0 0 0 0 0 0 0 0 0 0 0 0 0 0 0 -40.0000 172.0000 0 0 0 0 -40.0000 179.0000 0 0 0 0 -35.0000 -176.0000 0 0 0 0 0 0 0 0 0 0 0 113.0000 0 0 0 0 0 -113.0000 0 0 0 0 0 0 0 0 0 0 0.1069 -172.0000 0 0 172.0000 0 0 0 0 0 0 0 0 0 0 -0.2096 172.0000 0 -0.2282 172.0000 0 0 0 0 0 0 0 0 0 2.7027 0 0 0 0 0 0 0 0 0 0 0 20.1634 0 0 0 0 0 0 0 0 0 0 0 0 0 0 0 0 0 0 0 0 0 0 0 0 0 0 0 0 0 61.8347 51.0088 38.9707 10.6892 6.4392 22.9559 -1.6904 1.7779 0.5393 0 0 0 12.5873 0 5.9671 27.0941 0 0 0.7557 0 0 0 0 0 15.1088 -20.8739 -4.5213 45.5048 0 -4.8510 7.9409 0 0 0 0 0 0 0 0 17.1615 -30.6268 -2.3071 48.2157 0 -2.6375 3.7461 0 0 0 0 0 0 0 0 17.2027 -60.0881 0.7709 40.5269 0 -7.1932 17.3116 0 0 -46.8758 -107.5212 3.3419 -12.8479 12.6341 -19.0619 21.7641 -13.6794 0.0541 20.4396 -25.4111 -12.7073 0 0 0 -43.7221 13.5068 -38.8499 -9.0514 10.2764 -11.1576 1.0753 -2.5551 -0.9301 0 0 0 -5.0416 0 3.8874 -28.3570 0 0 0.4736 0 0 0 0 0 -8.6515 0 9.6416 -40.2197 0 0 -5.8475 0 0 0 0 0 0 0 0 -13.0532 0 6.4743 -44.3172 0 0 -2.2065 0 0 0 0 0 0 0 0 -14.4954 0 2.4267 -38.5326 0 0 -16.6582 0 0 4.2114 -10.3656 42.0019 12.0055 -4.9875 27.2399 -19.6630 16.9604 -20.1839 -20.1136 25.3257 0 0 0 0 13.8205 -3.3991 29.5295 4.7702 26.2704 -0.0000 -34.8898 -10.0000 0 0 0 0 0 0 0 0 0 0 0 0 0 0 0 0 0 0 0 0 0 0 0 0 0 0 0 0 0 0 0 0 0 0 0 0 0 0 0 0 0 0 0 0 0 0 -5.7765 15.2145 31.1114 -6.6832 61.5261 0.0000 -7.9275 5.7928 -0.0000 0 0 0 0 0 0 0 0 0 0 0 0 0 0 0 0 0 0 0 0 0 0 0 0 0 0 0 0 0 0 0 0 0 0 0 0 0 0 0 0 0 0
10.4249 6.7017 -108.4854 2.0941 -6.9976 -9.9679 0 0 0 0 0 0 0 0 0 15.1027 -10.1461 -15.7860 0 0 0 0 0 0 0 8.0501 -0.0039 0 0 0 0 0 0 0 0 0 0 0 0 0 0 172.0000 0 0 0 0 0 172.0000 0 0 0 0 0 0 0 0 0 0 0 0 0 0 0 0 0 0 0 0 0 0 0 0 0 0 0 0 0 0 0 0 0 0 0 0 0 0 0 0 0 0 0 0 0 0 0 0 0 0 0 0 0 0 0 0 0 0 0 0 0 0 0 0 0 0 0 0 0 0 0 0 0 0 0 0 -40.0000 172.0000 0 0 0 0 -40.0000 179.0000 0 0 0 0 -35.0000 -176.0000 0 0 0 0 0 0 0 0 0 0 0 113.0000 0 0 0 0 0 -113.0000 0 0 0 0 0 0 0 0 0 0 0.3284 -172.0000 0 0 172.0000 0 0 0 0 0 0 0 0 0 0 -0.2082 172.0000 0 -0.2525 172.0000 0 0 0 0 0 0 0 0 0 -3.1256 0 0 0 0 0 0 0 0 0 0 0 19.2794 0 0 0 0 0 0 0 0 0 0 0 0 0 0 0 0 0 0 0 0 0 0 0 0 0 0 0 0 0 63.4653 51.0918 40.1804 11.0478 8.7336 19.3588 -1.6582 2.0033 0.6727 0 0 0 15.0013 0 10.2451 31.8685 0 0 2.3464 0 0 0 0 0 13.3212 -20.8739 -4.7342 44.0471 0 -4.8510 7.0534 0 0 0 0 0 0 0 0 14.7523 -30.6268 -3.7655 43.1750 0 -2.6375 7.2945 0 0 0 0 0 0 0 0 13.5816 -60.1129 0.1432 39.0265 0 -7.1965 19.6575 0 0 -46.8758 -107.5212 3.3419 -15.2076 9.8621 -15.1584 21.8115 -22.9611 0.2517 26.3918 -25.6530 -12.6351 0 0 0 -46.0223 15.7923 -37.0014 -12.9112 10.7337 -7.2615 1.2663 -2.5350 -0.5796 0 0 0 -2.5652 0 1.4928 -28.7767 0 0 -2.8850 0 0 0 0 0 -3.0360 0 8.5634 -38.1021 0 0 -4.3844 0 0 0 0 0 0 0 0 -6.9910 0 7.0838 -38.4778 0 0 -5.2402 0 0 0 0 0 0 0 0 -8.7164 0 2.3374 -36.2660 0 0 -18.9142 0 0 8.5726 -2.4232 26.6395 18.6400 -1.1964 23.8848 -17.3504 27.2533 -21.6334 -26.0438 25.6595 0 0 0 0 10.8573 -2.1809 27.6269 4.6070 26.9314 -0.0000 -34.8476 -10.0000 0 0 0 0 0 0 0 0 0 0 0 0 0 0 0 0 0 0 0 0 0 0 0 0 0 0 0 0 0 0 0 0 0 0 0 0 0 0 0 0 0 0 0 0 0 0 -1.7167 18.7627 22.5705 -0.3937 72.2542 0.0000 -10.6046 10.2767 -0.0000 0 0 0 0 0 0 0 0 0 0 0 0 0 0 0 0 0 0 0 0 0 0 0 0 0 0 0 0 0 0 0 0 0 0 0 0 0 0 0 0 0 0
11.6519 6.7017 -106.4489 2.6342 -7.4413 -10.7336 0 0 0 0 0 0 0 0 0 14.5464 -10.0718 -15.2244 0 0 0 0 0 0 0 8.0501 -0.0039 0 0 0 0 0 0 0 0 0 0 0 0 0 0 172.0000 0 0 0 0 0 172.0000 0 0 0 0 0 0 0 0 0 0 0 0 0 0 0 0 0 0 0 0 0 0 0 0 0 0 0 0 0 0 0 0 0 0 0 0 0 0 0 0 0 0 0 0 0 0 0 0 0 0 0 0 0 0 0 0 0 0 0 0 0 0 0 0 0 0 0 0 0 0 0 0 0 0 0 0 -40.0000 172.0000 0 0 0 0 -40.0000 179.0000 0 0 0 0 -35.0000 -176.0000 0 0 0 0 0 0 0 0 0 0 0 113.0000 0 0 0 0 0 -113.0000 0 0 0 0 0 0 0 0 0 0 0.0347 -172.0000 0 0 172.0000 0 0 0 0 0 0 0 0 0 0 -0.5284 172.0000 0 -0.0106 172.0000 0 0 0 0 0 0 0 0 0 -5.1108 0 0 0 0 0 0 0 0 0 0 0 18.5633 0 0 0 0 0 0 0 0 0 0 0 0 0 0 0 0 0 0 0 0 0 0 0 0 0 0 0 0 0 66.0096 48.1377 43.0612 8.2945 7.2389 20.5528 -1.5773 4.0031 1.5215 0 0 0 27.7846 0 14.3776 53.0181 0 0 6.4846 0 0 0 0 0 24.0682 -20.8739 -2.7809 58.1439 0 -4.8510 9.6120 0 0 0 0 0 0 0 0 26.4409 -30.6268 -1.9888 55.6373 0 -2.6375 14.6711 0 0 0 0 0 0 0 0 26.8663 -60.1049 0.1953 51.9076 0 -7.2185 26.6924 0 0 -46.8758 -107.5212 3.3419 -15.8541 3.7715 -12.9814 20.4576 -28.2967 0.1431 30.5118 -25.9221 -12.5353 0 0 0 -49.3424 18.9204 -33.9505 -14.0473 10.0785 -5.7559 1.4747 -1.6029 -0.8444 0 0 0 -18.6405 0 -6.2346 -53.1816 0 0 -10.5069 0 0 0 0 0 -16.3760 0 5.0543 -54.2485 0 0 -7.7878 0 0 0 0 0 0 0 0 -20.3219 0 3.9638 -52.5039 0 0 -13.2347 0 0 0 0 0 0 0 0 -23.1220 0 1.1192 -49.9634 0 0 -26.5998 0 0 9.8375 0.3379 14.6659 20.4954 3.9496 19.6271 -16.8594 31.3774 -19.4336 -30.2166 25.8342 0 0 0 0 9.3756 1.2582 26.4226 4.0256 27.2096 -0.0000 -34.9016 -10.0000 0 0 0 0 0 0 0 0 0 0 0 0 0 0 0 0 0 0 0 0 0 0 0 0 0 0 0 0 0 0 0 0 0 0 0 0 0 0 0 0 0 0 0 0 0 0 2.9533 25.7027 15.8649 5.3637 73.3440 0.0000 -9.0706 10.8073 -0.0000 0 0 0 0 0 0 0 0 0 0 0 0 0 0 0 0 0 0 0 0 0 0 0 0 0 0 0 0 0 0 0 0 0 0 0 0 0 0 0 0 0 0
12.7089 7.1501 -105.4504 2.8196 -7.7307 -10.5712 0 0 0 0 0 0 0 0 0 13.1588 -10.0034 -13.8518 0 0 0 0 0 0 0 8.0501 -0.0039 0 0 0 0 0 0 0 0 0 0 0 0 0 0 172.0000 0 0 0 0 0 172.0000 0 0 0 0 0 0 0 0 0 0 0 0 0 0 0 0 0 0 0 0 0 0 0 0 0 0 0 0 0 0 0 0 0 0 0 0 0 0 0 0 0 0 0 0 0 0 0 0 0 0 0 0 0 0 0 0 0 0 0 0 0 0 0 0 0 0 0 0 0 0 0 0 0 0 0 0 -40.0000 172.0000 0 0 0 0 -40.0000 179.0000 0 0 0 0 -35.0000 -176.0000 0 0 0 0 0 0 0 0 0 0 0 113.0000 0 0 0 0 0 -113.0000 0 0 0 0 0 0 0 0 0 0 -0.6740 -172.0000 0 0 172.0000 0 0 0 0 0 0 0 0 0 0 -1.1334 172.0000 0 0.3727 172.0000 0 0 0 0 0 0 0 0 0 -6.2067 0 0 0 0 0 0 0 0 0 0 0 18.0058 0 0 0 0 0 0 0 0 0 0 0 0 0 0 0 0 0 0 0 0 0 0 0 0 0 0 0 0 0 66.4702 47.4391 43.5061 6.4493 4.7955 21.5526 -1.2175 4.5606 1.7166 0 0 0 40.8042 0 16.6015 73.7458 0 0 10.1487 0 0 0 0 0 36.4693 -20.8739 -0.4846 73.5512 0 -4.8510 12.8320 0 0 0 0 0 0 0 0 40.4077 -30.6268 0.6968 70.9882 0 -2.6375 20.8112 0 0 0 0 0 0 0 0 43.2592 -60.0745 0.6398 65.1161 0 -7.2519 32.5863 0 0 -46.8758 -107.5212 3.3419 -16.0526 -0.0318 -13.0080 19.3144 -27.9235 0.0282 31.0553 -26.0416 -12.4274 0 0 0 -55.1015 24.8577 -27.2050 -9.0885 9.5622 -9.4270 1.5207 -2.0071 -0.7530 0 0 0 -37.7659 0 -14.2159 -76.3603 0 0 -14.3068 0 0 0 0 0 -33.8776 0 1.2676 -72.5718 0 0 -12.3500 0 0 0 0 0 0 0 0 -38.2975 0 -0.0887 -70.2090 0 0 -20.4309 0 0 0 0 0 0 0 0 -41.9769 0 -0.3567 -64.5494 0 0 -33.4350 0 0 5.6223 -1.1613 5.5988 18.4926 5.0738 15.8220 -18.0145 28.8109 -16.7069 -30.8336 25.8462 0 0 0 0 8.8292 2.3674 25.8869 3.1206 26.8851 -0.0000 -34.9756 -9.9213 0 0 0 0 0 0 0 0 0 0 0 0 0 0 0 0 0 0 0 0 0 0 0 0 0 0 0 0 0 0 0 0 0 0 0 0 0 0 0 0 0 0 0 0 0 0 5.1257 26.3265 13.4214 6.9039 72.6314 0.0000 -4.9507 10.7731 -0.0000 0 0 0 0 0 0 0 0 0 0 0 0 0 0 0 0 0 0 0 0 0 0 0 0 0 0 0 0 0 0 0 0 0 0 0 0 0 0 0 0 0 0
13.8944 7.7758 -104.3773 2.7611 -8.1727 -10.1141 0 0 0 0 0 0 0 0 0 12.2372 -9.9849 -12.9899 0 0 0 0 0 0 0 8.0501 -0.0039 0 0 0 0 0 0 0 0 0 0 0 0 0 0 172.0000 0 0 0 0 0 172.0000 0 0 0 0 0 0 0 0 0 0 0 0 0 0 0 0 0 0 0 0 0 0 0 0 0 0 0 0 0 0 0 0 0 0 0 0 0 0 0 0 0 0 0 0 0 0 0 0 0 0 0 0 0 0 0 0 0 0 0 0 0 0 0 0 0 0 0 0 0 0 0 0 0 0 0 0 -40.0000 172.0000 0 0 0 0 -40.0000 179.0000 0 0 0 0 -35.0000 -176.0000 0 0 0 0 0 0 0 0 0 0 0 113.0000 0 0 0 0 0 -113.0000 0 0 0 0 0 0 0 0 0 0 -1.2828 -172.0000 0 0 172.0000 0 0 0 0 0 0 0 0 0 0 -1.6154 172.0000 0 0.5337 172.0000 0 0 0 0 0 0 0 0 0 0.1945 0 0 0 0 0 0 0 0 0 0 0 17.2821 0 0 0 0 0 0 0 0 0 0 0 0 0 0 0 0 0 0 0 0 0 0 0 0 0 0 0 0 0 64.3859 49.4970 41.3925 7.0067 5.1749 18.6572 -0.7409 3.5142 1.1632 0 0 0 41.3585 0 11.9650 72.4227 0 0 10.3600 0 0 0 0 0 39.2427 -20.8739 -0.8887 70.2662 0 -4.8510 12.0724 0 0 0 0 0 0 0 0 44.3393 -30.6268 0.6501 68.4925 0 -2.6375 19.5217 0 0 0 0 0 0 0 0 49.1088 -60.0501 0.2832 61.6856 0 -7.2732 31.1228 0 0 -46.8758 -107.5212 3.3419 -16.0455 -0.0432 -13.2357 19.4822 -27.8263 -0.8326 31.2294 -25.9954 -12.3498 0 0 0 -65.0206 37.1507 -17.7934 -0.4322 9.3995 -15.7831 1.3954 -3.6551 -0.2402 0 0 0 -40.7841 0 -11.8792 -73.6048 0 0 -11.7450 0 0 0 0 0 -39.2669 0 1.0451 -70.5780 0 0 -12.2120 0 0 0 0 0 0 0 0 -43.9784 0 -0.2261 -68.7519 0 0 -19.6312 0 0 0 0 0 0 0 0 -49.1911 0 -0.0066 -61.7739 0 0 -32.0518 0 0 5.7220 -3.0617 4.5707 16.8569 3.1917 14.1418 -19.3533 27.8095 -12.0909 -32.3750 25.8162 0 0 0 0 8.4694 1.8783 25.1190 2.7970 26.7368 -0.0000 -35.0085 -9.6649 0 0 0 0 0 0 0 0 0 0 0 0 0 0 0 0 0 0 0 0 0 0 0 0 0 0 0 0 0 0 0 0 0 0 0 0 0 0 0 0 0 0 0 0 0 0 4.9915 25.9902 11.8759 7.9003 73.1767 0.0000 -2.8781 11.2325 -0.0000 0 0 0 0 0 0 0 0 0 0 0 0 0 0 0 0 0 0 0 0 0 0 0 0 0 0 0 0 0 0 0 0 0 0 0 0 0 0 0 0 0 0
15.3758 7.9773 -102.8146 2.6202 -8.9789 -10.1986 0 0 0 0 0 0 0 0 0 12.7480 -9.7055 -13.7790 0 0 0 0 0 0 0 8.0501 -0.0039 0 0 0 0 0 0 0 0 0 0 0 0 0 0 172.0000 0 0 0 0 0 172.0000 0 0 0 0 0 0 0 0 0 0 0 0 0 0 0 0 0 0 0 0 0 0 0 0 0 0 0 0 0 0 0 0 0 0 0 0 0 0 0 0 0 0 0 0 0 0 0 0 0 0 0 0 0 0 0 0 0 0 0 0 0 0 0 0 0 0 0 0 0 0 0 0 0 0 0 0 -40.0000 172.0000 0 0 0 0 -40.0000 179.0000 0 0 0 0 -35.0000 -176.0000 0 0 0 0 0 0 0 0 0 0 0 113.0000 0 0 0 0 0 -113.0000 0 0 0 0 0 0 0 0 0 0 -1.6119 -172.0000 0 0 172.0000 0 0 0 0 0 0 0 0 0 0 -1.7624 172.0000 0 0.5219 172.0000 0 0 0 0 0 0 0 0 0 8.0846 0 0 0 0 0 0 0 0 0 0 0 13.9995 0 0 0 0 0 0 0 0 0 0 0 0 0 0 0 0 0 0 0 0 0 0 0 0 0 0 0 0 0 62.7170 50.8642 39.7082 6.5925 4.9419 13.7027 -0.5614 3.4361 0.9585 0 0 0 31.8944 0 -1.7320 49.8036 0 0 8.6174 0 0 0 0 0 35.2147 -20.8739 -3.8901 46.6431 0 -4.8510 7.0620 0 0 0 0 0 0 0 0 40.7172 -30.6268 -1.9593 45.5939 0 -2.6375 11.0230 0 0 0 0 0 0 0 0 47.5144 -60.0400 0.0638 40.1416 0 -7.2737 21.7656 0 0 -46.8758 -107.5212 3.3419 -16.9713 5.0278 -11.7112 21.4605 -30.3158 -2.1545 32.7856 -25.7851 -12.3156 0 0 0 -73.4810 50.2424 -15.8853 0.1521 9.4227 -17.7554 1.4931 -5.2705 0.3559 0 0 0 -31.0307 0 2.7967 -49.1182 0 0 -8.0136 0 0 0 0 0 -36.5712 0 4.9695 -47.2823 0 0 -7.3767 0 0 0 0 0 0 0 0 -41.4060 0 4.2764 -46.1566 0 0 -11.3026 0 0 0 0 0 0 0 0 -49.5674 0 2.6529 -40.5897 0 0 -22.2115 0 0 13.1081 -2.8843 17.2413 19.7041 -0.9774 14.5301 -19.8978 31.8304 -4.5594 -36.8244 25.7510 0 0 0 0 7.8236 2.2896 23.5329 2.5010 26.4612 -0.0000 -35.0112 -9.0765 0 0 0 0 0 0 0 0 0 0 0 0 0 0 0 0 0 0 0 0 0 0 0 0 0 0 0 0 0 0 0 0 0 0 0 0 0 0 0 0 0 0 0 0 0 0 3.0898 27.8160 9.5707 8.7371 74.1660 0.0000 -3.5586 13.6704 -0.0000 0 0 0 0 0 0 0 0 0 0 0 0 0 0 0 0 0 0 0 0 0 0 0 0 0 0 0 0 0 0 0 0 0 0 0 0 0 0 0 0 0 0
17.3947 7.8937 -100.8759 2.9980 -10.2045 -10.9783 0 0 0 0 0 0 0 0 0 14.0248 -8.9682 -15.7355 0 0 0 0 0 0 0 8.0501 -0.0039 0 0 0 0 0 0 0 0 0 0 0 0 0 0 172.0000 0 0 0 0 0 172.0000 0 0 0 0 0 0 0 0 0 0 0 0 0 0 0 0 0 0 0 0 0 0 0 0 0 0 0 0 0 0 0 0 0 0 0 0 0 0 0 0 0 0 0 0 0 0 0 0 0 0 0 0 0 0 0 0 0 0 0 0 0 0 0 0 0 0 0 0 0 0 0 0 0 0 0 0 -40.0000 172.0000 0 0 0 0 -40.0000 179.0000 0 0 0 0 -35.0000 -176.0000 0 0 0 0 0 0 0 0 0 0 0 113.0000 0 0 0 0 0 -113.0000 0 0 0 0 0 0 0 0 0 0 -1.7787 -172.0000 0 0 172.0000 0 0 0 0 0 0 0 0 0 0 -1.7570 172.0000 0 0.5461 172.0000 0 0 0 0 0 0 0 0 0 9.6655 0 0 0 0 0 0 0 0 0 0 0 9.5406 0 0 0 0 0 0 0 0 0 0 0 0 0 0 0 0 0 0 0 0 0 0 0 0 0 0 0 0 0 62.7519 51.0033 39.4381 2.0496 0.3822 8.9133 -0.9750 6.3435 2.0661 0 0 0 25.9042 0 -14.6149 29.7087 0 0 8.6996 0 0 0 0 0 33.5182 -20.8739 -5.9760 25.3730 0 -4.8510 3.0314 0 0 0 0 0 0 0 0 37.8817 -30.6268 -3.5809 23.7332 0 -2.6375 3.5891 0 0 0 0 0 0 0 0 45.9445 -60.0439 2.0713 20.7061 0 -7.2688 12.5320 0 0 -46.8758 -107.5212 3.3419 -19.6523 13.7452 -8.4091 24.0267 -32.7170 -1.9518 34.4739 -25.6072 -12.2126 0 0 0 -79.7449 58.4323 -21.2794 -5.2642 9.4762 -16.4972 2.1038 -4.8164 0.6000 0 0 0 -25.5187 0 16.6199 -28.5394 0 0 -7.7466 0 0 0 0 0 -36.4439 0 8.2970 -26.1674 0 0 -3.4176 0 0 0 0 0 0 0 0 -40.7761 0 7.7516 -24.4806 0 0 -3.9769 0 0 0 0 0 0 0 0 -50.6210 0 3.4221 -21.4887 0 0 -12.6762 0 0 15.4186 -3.4428 33.8993 24.8435 -8.2211 13.6309 -20.6316 36.0904 -2.9586 -40.0703 25.5880 0 0 0 0 6.2703 4.2960 20.9607 1.8160 26.1275 -0.0000 -35.0049 -7.9717 0 0 0 0 0 0 0 0 0 0 0 0 0 0 0 0 0 0 0 0 0 0 0 0 0 0 0 0 0 0 0 0 0 0 0 0 0 0 0 0 0 0 0 0 0 0 -1.7277 25.4207 7.8581 6.3734 73.1779 0.0000 -7.2312 17.6232 -0.0000 0 0 0 0 0 0 0 0 0 0 0 0 0 0 0 0 0 0 0 0 0 0 0 0 0 0 0 0 0 0 0 0 0 0 0 0 0 0 0 0 0 0
19.5929 7.7924 -99.0477 3.8052 -11.4950 -11.6902 0 0 0 0 0 0 0 0 0 14.9366 -8.5781 -17.5644 0 0 0 0 0 0 0 8.0501 -0.0039 0 0 0 0 0 0 0 0 0 0 0 0 0 0 172.0000 0 0 0 0 0 172.0000 0 0 0 0 0 0 0 0 0 0 0 0 0 0 0 0 0 0 0 0 0 0 0 0 0 0 0 0 0 0 0 0 0 0 0 0 0 0 0 0 0 0 0 0 0 0 0 0 0 0 0 0 0 0 0 0 0 0 0 0 0 0 0 0 0 0 0 0 0 0 0 0 0 0 0 0 -40.0000 172.0000 0 0 0 0 -40.0000 179.0000 0 0 0 0 -35.0000 -176.0000 0 0 0 0 0 0 0 0 0 0 0 113.0000 0 0 0 0 0 -113.0000 0 0 0 0 0 0 0 0 0 0 -1.8278 -172.0000 0 0 172.0000 0 0 0 0 0 0 0 0 0 0 -1.7780 172.0000 0 0.6132 172.0000 0 0 0 0 0 0 0 0 0 9.5528 0 0 0 0 0 0 0 0 0 0 0 10.0258 0 0 0 0 0 0 0 0 0 0 0 0 0 0 0 0 0 0 0 0 0 0 0 0 0 0 0 0 0 64.9971 53.3188 38.7787 -0.1037 -3.6082 4.8194 -1.5501 10.4701 3.7495 0 0 0 26.7465 0 -19.5570 24.0355 0 0 10.3093 0 0 0 0 0 35.3357 -20.8739 -6.0295 18.8817 0 -4.8510 2.2542 0 0 0 0 0 0 0 0 38.1322 -30.6268 -3.3239 16.0609 0 -2.6375 1.4473 0 0 0 0 0 0 0 0 46.3388 -60.0438 4.6962 14.6463 0 -7.2715 8.8776 0 0 -46.8758 -107.5212 3.3419 -22.2182 20.1657 -5.8404 25.4979 -33.3752 -0.6925 35.1764 -25.5536 -12.0713 0 0 0 -86.1575 62.5142 -27.5581 -8.8487 9.5038 -14.5849 2.6194 -2.1560 0.2884 0 0 0 -27.1190 0 20.9088 -23.4220 0 0 -9.8542 0 0 0 0 0 -37.9780 0 7.9454 -19.4659 0 0 -2.5303 0 0 0 0 0 0 0 0 -41.2137 0 6.5106 -16.6248 0 0 -1.7410 0 0 0 0 0 0 0 0 -50.4614 0 -0.2481 -15.2860 0 0 -8.8960 0 0 10.0498 -7.6916 38.0991 26.0152 -16.3911 9.6179 -22.9040 35.9443 -8.3256 -40.4105 25.4017 0 0 0 0 4.3132 6.2495 18.4606 0.8930 26.1193 -0.0000 -35.0003 -6.4970 0 0 0 0 0 0 0 0 0 0 0 0 0 0 0 0 0 0 0 0 0 0 0 0 0 0 0 0 0 0 0 0 0 0 0 0 0 0 0 0 0 0 0 0 0 0 -7.2161 18.9636 7.3073 1.8810 70.0622 0.0000 -10.8698 19.9294 -0.0000 0 0 0 0 0 0 0 0 0 0 0 0 0 0 0 0 0 0 0 0 0 0 0 0 0 0 0 0 0 0 0 0 0 0 0 0 0 0 0 0 0 0
21.2247 7.6777 -97.6632 4.4002 -12.3627 -12.0046 0 0 0 0 0 0 0 0 0 15.1951 -9.0819 -18.8214 0 0 0 0 0 0 0 8.0501 -0.0039 0 0 0 0 0 0 0 0 0 0 0 0 0 0 172.0000 0 0 0 0 0 172.0000 0 0 0 0 0 0 0 0 0 0 0 0 0 0 0 0 0 0 0 0 0 0 0 0 0 0 0 0 0 0 0 0 0 0 0 0 0 0 0 0 0 0 0 0 0 0 0 0 0 0 0 0 0 0 0 0 0 0 0 0 0 0 0 0 0 0 0 0 0 0 0 0 0 0 0 0 -40.0000 172.0000 0 0 0 0 -40.0000 179.0000 0 0 0 0 -35.0000 -176.0000 0 0 0 0 0 0 0 0 0 0 0 113.0000 0 0 0 0 0 -113.0000 0 0 0 0 0 0 0 0 0 0 -2.0238 -172.0000 0 0 172.0000 0 0 0 0 0 0 0 0 0 0 -2.0172 172.0000 0 0.8380 172.0000 0 0 0 0 0 0 0 0 0 12.1616 0 0 0 0 0 0 0 0 0 0 0 14.4818 0 0 0 0 0 0 0 0 0 0 0 0 0 0 0 0 0 0 0 0 0 0 0 0 0 0 0 0 0 68.9469 58.0204 36.3245 4.3133 -3.6752 2.0634 -1.6209 12.7595 4.6752 0 0 0 28.7778 0 -19.5613 25.3530 0 0 11.2879 0 0 0 0 0 36.8708 -20.8739 -5.5613 19.9694 0 -4.8510 2.7411 0 0 0 0 0 0 0 0 38.9693 -30.6268 -2.7747 16.5580 0 -2.6375 1.9062 0 0 0 0 0 0 0 0 46.9718 -60.0380 5.8293 15.5652 0 -7.2811 8.8309 0 0 -46.8758 -107.5212 3.3419 -23.0737 22.0706 -4.8983 25.8748 -33.1247 0.0397 35.2359 -25.4897 -12.0226 0 0 0 -91.5904 64.6593 -32.5582 -11.2582 9.5081 -12.0935 2.3938 1.2801 -0.4357 0 0 0 -29.0573 0 19.8367 -25.2355 0 0 -11.2348 0 0 0 0 0 -37.8062 0 6.1915 -20.1407 0 0 -2.8195 0 0 0 0 0 0 0 0 -40.1846 0 3.7484 -16.7281 0 0 -1.9951 0 0 0 0 0 0 0 0 -47.8814 0 -4.7955 -16.2583 0 0 -9.0130 0 0 5.0961 -12.2758 32.8910 23.8039 -21.3939 5.6681 -25.2792 33.6988 -13.1817 -39.8707 25.3036 0 0 0 0 3.0044 7.2757 17.0473 0.2229 26.5552 -0.0000 -34.9990 -5.1623 0 0 0 0 0 0 0 0 0 0 0 0 0 0 0 0 0 0 0 0 0 0 0 0 0 0 0 0 0 0 0 0 0 0 0 0 0 0 0 0 0 0 0 0 0 0 -8.6142 14.5981 6.0631 -0.1717 67.8947 0.0000 -11.6198 20.1901 -0.0000 0 0 0 0 0 0 0 0 0 0 0 0 0 0 0 0 0 0 0 0 0 0 0 0 0 0 0 0 0 0 0 0 0 0 0 0 0 0 0 0 0 0
22.3381 7.4972 -96.7008 4.5476 -12.8984 -12.0250 0 0 0 0 0 0 0 0 0 15.1363 -9.6909 -19.8671 0 0 0 0 0 0 0 8.0501 -0.0039 0 0 0 0 0 0 0 0 0 0 0 0 0 0 172.0000 0 0 0 0 0 172.0000 0 0 0 0 0 0 0 0 0 0 0 0 0 0 0 0 0 0 0 0 0 0 0 0 0 0 0 0 0 0 0 0 0 0 0 0 0 0 0 0 0 0 0 0 0 0 0 0 0 0 0 0 0 0 0 0 0 0 0 0 0 0 0 0 0 0 0 0 0 0 0 0 0 0 0 0 -40.0000 172.0000 0 0 0 0 -40.0000 179.0000 0 0 0 0 -35.0000 -176.0000 0 0 0 0 0 0 0 0 0 0 0 113.0000 0 0 0 0 0 -113.0000 0 0 0 0 0 0 0 0 0 0 -2.4270 -172.0000 0 0 172.0000 0 0 0 0 0 0 0 0 0 0 -2.3850 172.0000 0 1.1000 172.0000 0 0 0 0 0 0 0 0 0 10.1651 0 0 0 0 0 0 0 0 0 0 0 12.4542 0 0 0 0 0 0 0 0 0 0 0 0 0 0 0 0 0 0 0 0 0 0 0 0 0 0 0 0 0 71.4169 60.0071 35.5961 6.1759 -1.4799 -0.3206 -1.2038 12.0742 4.4863 0 0 0 29.7948 0 -18.4062 27.5278 0 0 11.5079 0 0 0 0 0 37.3859 -20.8739 -5.2580 22.2045 0 -4.8510 3.2299 0 0 0 0 0 0 0 0 39.4282 -30.6268 -2.4959 18.7108 0 -2.6375 2.7057 0 0 0 0 0 0 0 0 47.2750 -60.0415 5.9070 17.6021 0 -7.2819 9.6805 0 0 -46.8758 -107.5212 3.3419 -22.9104 21.7998 -4.6934 25.8157 -32.7503 0.1911 35.1039 -25.4413 -11.9808 0 0 0 -96.4003 66.0084 -36.8394 -12.5560 9.4782 -10.8111 1.5476 4.3767 -1.2480 0 0 0 -29.8792 0 18.1068 -27.5906 0 0 -11.5842 0 0 0 0 0 -37.3308 0 5.1883 -22.1703 0 0 -3.2122 0 0 0 0 0 0 0 0 -39.4412 0 2.3337 -18.6807 0 0 -2.6902 0 0 0 0 0 0 0 0 -45.8019 0 -7.1146 -18.8427 0 0 -10.1994 0 0 3.3145 -14.0974 28.6512 22.1115 -22.5806 4.1350 -26.2547 32.3132 -14.9425 -39.4540 25.2876 0 0 0 0 2.4703 7.7289 16.2956 -0.2565 27.0272 -0.0000 -34.9993 -4.0343 0 0 0 0 0 0 0 0 0 0 0 0 0 0 0 0 0 0 0 0 0 0 0 0 0 0 0 0 0 0 0 0 0 0 0 0 0 0 0 0 0 0 0 0 0 0 -6.2050 12.6286 2.3492 1.2860 67.3364 0.0000 -10.7073 20.0721 -0.0000 0 0 0 0 0 0 0 0 0 0 0 0 0 0 0 0 0 0 0 0 0 0 0 0 0 0 0 0 0 0 0 0 0 0 0 0 0 0 0 0 0 0
23.6629 7.2601 -95.9322 4.3578 -13.6619 -11.7648 0 0 0 0 0 0 0 0 0 14.9383 -9.8659 -20.9662 0 0 0 0 0 0 0 8.0501 -0.0039 0 0 0 0 0 0 0 0 0 0 0 0 0 0 172.0000 0 0 0 0 0 172.0000 0 0 0 0 0 0 0 0 0 0 0 0 0 0 0 0 0 0 0 0 0 0 0 0 0 0 0 0 0 0 0 0 0 0 0 0 0 0 0 0 0 0 0 0 0 0 0 0 0 0 0 0 0 0 0 0 0 0 0 0 0 0 0 0 0 0 0 0 0 0 0 0 0 0 0 0 -40.0000 172.0000 0 0 0 0 -40.0000 179.0000 0 0 0 0 -35.0000 -176.0000 0 0 0 0 0 0 0 0 0 0 0 113.0000 0 0 0 0 0 -113.0000 0 0 0 0 0 0 0 0 0 0 -2.5892 -172.0000 0 0 172.0000 0 0 0 0 0 0 0 0 0 0 -2.5083 172.0000 0 1.0889 172.0000 0 0 0 0 0 0 0 0 0 -1.3987 0 0 0 0 0 0 0 0 0 0 0 -0.1922 0 0 0 0 0 0 0 0 0 0 0 0 0 0 0 0 0 0 0 0 0 0 0 0 0 0 0 0 0 70.5937 56.4694 39.4997 -0.2523 2.1696 -3.6818 -0.7093 9.7792 3.7908 0 0 0 29.7792 0 -17.7079 28.5472 0 0 11.4091 0 0 0 0 0 37.3363 -20.8739 -5.1825 23.3292 0 -4.8510 3.4161 0 0 0 0 0 0 0 0 39.5116 -30.6268 -2.4550 19.9264 0 -2.6375 3.0912 0 0 0 0 0 0 0 0 47.3059 -60.0525 5.7011 18.6477 0 -7.2668 10.2186 0 0 -46.8758 -107.5212 3.3419 -22.6972 21.1479 -4.8730 25.6062 -32.6606 0.1090 35.0077 -25.5037 -11.8459 0 0 0 -102.3952 66.9498 -42.6554 -12.2283 8.8501 -11.4088 0.6771 5.3795 -1.5189 0 0 0 -29.9021 0 17.3036 -28.6151 0 0 -11.4689 0 0 0 0 0 -37.0773 0 4.9877 -23.2668 0 0 -3.3862 0 0 0 0 0 0 0 0 -39.2275 0 2.1203 -19.8669 0 0 -3.0602 0 0 0 0 0 0 0 0 -45.6441 0 -7.0873 -19.7208 0 0 -10.7019 0 0 3.4004 -14.1251 27.2738 21.6145 -22.0732 4.1745 -26.2921 32.0166 -14.8444 -39.3251 25.3014 0 0 0 0 2.1281 7.9718 15.2219 -0.9341 27.0933 -0.0000 -34.9998 -2.6014 0 0 0 0 0 0 0 0 0 0 0 0 0 0 0 0 0 0 0 0 0 0 0 0 0 0 0 0 0 0 0 0 0 0 0 0 0 0 0 0 0 0 0 0 0 0 -4.6112 10.1688 -3.4402 3.6941 66.2950 0.0000 -9.3871 19.6214 -0.0000 0 0 0 0 0 0 0 0 0 0 0 0 0 0 0 0 0 0 0 0 0 0 0 0 0 0 0 0 0 0 0 0 0 0 0 0 0 0 0 0 0 0
25.4069 7.0238 -95.1882 4.2028 -14.7330 -11.4206 0 0 0 0 0 0 0 0 0 14.5242 -9.9096 -21.7399 0 0 0 0 0 0 0 8.0501 -0.0039 0 0 0 0 0 0 0 0 0 0 0 0 0 0 172.0000 0 0 0 0 0 172.0000 0 0 0 0 0 0 0 0 0 0 0 0 0 0 0 0 0 0 0 0 0 0 0 0 0 0 0 0 0 0 0 0 0 0 0 0 0 0 0 0 0 0 0 0 0 0 0 0 0 0 0 0 0 0 0 0 0 0 0 0 0 0 0 0 0 0 0 0 0 0 0 0 0 0 0 0 -40.0000 172.0000 0 0 0 0 -40.0000 179.0000 0 0 0 0 -35.0000 -176.0000 0 0 0 0 0 0 0 0 0 0 0 113.0000 0 0 0 0 0 -113.0000 0 0 0 0 0 0 0 0 0 0 -2.3712 -172.0000 0 0 172.0000 0 0 0 0 0 0 0 0 0 0 -2.2457 172.0000 0 0.8490 172.0000 0 0 0 0 0 0 0 0 0 -12.4826 0 0 0 0 0 0 0 0 0 0 0 -12.6579 0 0 0 0 0 0 0 0 0 0 0 0 0 0 0 0 0 0 0 0 0 0 0 0 0 0 0 0 0 68.2090 50.7485 45.1087 -7.8025 6.1520 -7.2996 -0.5083 6.8840 3.0117 0 0 0 29.4590 0 -17.5505 28.6495 0 0 11.2950 0 0 0 0 0 37.1817 -20.8739 -5.2085 23.4894 0 -4.8510 3.4140 0 0 0 0 0 0 0 0 39.4530 -30.6268 -2.4967 20.1629 0 -2.6375 3.1381 0 0 0 0 0 0 0 0 47.2333 -60.0697 5.5659 18.8068 0 -7.2470 10.3482 0 0 -46.8758 -107.5212 3.3419 -22.6268 20.8108 -5.1326 25.4685 -32.7168 0.0216 34.9519 -25.5831 -11.7019 0 0 0 -108.4330 67.5368 -48.6045 -10.8968 7.0763 -13.3319 0.5607 2.7646 -0.6237 0 0 0 -29.7058 0 17.2362 -28.6867 0 0 -11.3133 0 0 0 0 0 -37.0343 0 5.1045 -23.4590 0 0 -3.3997 0 0 0 0 0 0 0 0 -39.2737 0 2.3281 -20.1332 0 0 -3.1226 0 0 0 0 0 0 0 0 -46.5627 0 -6.1381 -19.1528 0 0 -10.5232 0 0 3.8820 -13.7044 27.4387 21.7233 -21.4217 4.6190 -26.0718 32.1990 -14.3269 -39.3453 25.3138 0 0 0 0 1.3338 8.0409 13.6347 -1.6553 26.8497 -0.0000 -35.0000 -0.8768 0 0 0 0 0 0 0 0 0 0 0 0 0 0 0 0 0 0 0 0 0 0 0 0 0 0 0 0 0 0 0 0 0 0 0 0 0 0 0 0 0 0 0 0 0 0 -4.8517 7.2077 -9.4678 5.6679 61.1146 0.0000 -6.5094 18.8870 -0.0000 0 0 0 0 0 0 0 0 0 0 0 0 0 0 0 0 0 0 0 0 0 0 0 0 0 0 0 0 0 0 0 0 0 0 0 0 0 0 0 0 0 0
27.3087 6.5600 -94.1055 4.2318 -15.7061 -11.3158 0 0 0 0 0 0 0 0 0 13.7817 -9.9541 -22.0004 0 0 0 0 0 0 0 8.0501 -0.0039 0 0 0 0 0 0 0 0 0 0 0 0 0 0 172.0000 0 0 0 0 0 172.0000 0 0 0 0 0 0 0 0 0 0 0 0 0 0 0 0 0 0 0 0 0 0 0 0 0 0 0 0 0 0 0 0 0 0 0 0 0 0 0 0 0 0 0 0 0 0 0 0 0 0 0 0 0 0 0 0 0 0 0 0 0 0 0 0 0 0 0 0 0 0 0 0 0 0 0 0 -40.0000 172.0000 0 0 0 0 -40.0000 179.0000 0 0 0 0 -35.0000 -176.0000 0 0 0 0 0 0 0 0 0 0 0 113.0000 0 0 0 0 0 -113.0000 0 0 0 0 0 0 0 0 0 0 -1.9991 -172.0000 0 0 172.0000 0 0 0 0 0 0 0 0 0 0 -1.7239 172.0000 0 0.5561 172.0000 0 0 0 0 0 0 0 0 0 -13.0350 0 0 0 0 0 0 0 0 0 0 0 -17.5608 0 0 0 0 0 0 0 0 0 0 0 0 0 0 0 0 0 0 0 0 0 0 0 0 0 0 0 0 0 66.1116 46.9730 48.8414 -11.9544 8.4850 -8.9752 -0.8758 4.6053 2.5238 0 0 0 29.3334 0 -17.5755 28.4673 0 0 11.2479 0 0 0 0 0 37.0978 -20.8739 -5.2429 23.3184 0 -4.8510 3.3679 0 0 0 0 0 0 0 0 39.3966 -30.6268 -2.5323 20.0172 0 -2.6375 3.0745 0 0 0 0 0 0 0 0 47.1551 -60.1057 5.5449 18.6631 0 -7.2215 10.2992 0 0 -46.8758 -107.5212 3.3419 -22.5209 20.8843 -5.2019 25.5246 -32.6823 -0.0128 34.8829 -25.5766 -11.6151 0 0 0 -112.3118 67.8263 -52.3190 -9.0353 5.0666 -15.2834 1.6723 -2.7039 1.3209 0 0 0 -29.5885 0 17.3693 -28.4862 0 0 -11.2447 0 0 0 0 0 -37.0686 0 5.2252 -23.3145 0 0 -3.3663 0 0 0 0 0 0 0 0 -39.3537 0 2.5082 -20.0131 0 0 -3.0724 0 0 0 0 0 0 0 0 -47.1546 0 -5.5652 -18.5881 0 0 -10.2916 0 0 4.1601 -13.4368 27.8722 21.9032 -21.1630 4.8619 -25.9322 32.3678 -14.0452 -39.3889 25.3182 0 0 0 0 0.1394 8.5257 11.8578 -2.3517 26.6116 -0.0000 -35.0001 0.9813 0 0 0 0 0 0 0 0 0 0 0 0 0 0 0 0 0 0 0 0 0 0 0 0 0 0 0 0 0 0 0 0 0 0 0 0 0 0 0 0 0 0 0 0 0 0 -4.5794 6.3961 -13.9430 6.8858 49.6878 0.0000 -1.2177 19.2114 -0.0000 0 0 0 0 0 0 0 0 0 0 0 0 0 0 0 0 0 0 0 0 0 0 0 0 0 0 0 0 0 0 0 0 0 0 0 0 0 0 0 0 0 0
29.1020 5.4516 -92.4714 4.0633 -16.3804 -11.5516 0 0 0 0 0 0 0 0 0 12.9359 -9.7671 -21.8462 0 0 0 0 0 0 0 8.0501 -0.0039 0 0 0 0 0 0 0 0 0 0 0 0 0 0 172.0000 0 0 0 0 0 172.0000 0 0 0 0 0 0 0 0 0 0 0 0 0 0 0 0 0 0 0 0 0 0 0 0 0 0 0 0 0 0 0 0 0 0 0 0 0 0 0 0 0 0 0 0 0 0 0 0 0 0 0 0 0 0 0 0 0 0 0 0 0 0 0 0 0 0 0 0 0 0 0 0 0 0 0 0 -40.0000 172.0000 0 0 0 0 -40.0000 179.0000 0 0 0 0 -35.0000 -176.0000 0 0 0 0 0 0 0 0 0 0 0 113.0000 0 0 0 0 0 -113.0000 0 0 0 0 0 0 0 0 0 0 -1.8355 -172.0000 0 0 172.0000 0 0 0 0 0 0 0 0 0 0 -1.4622 172.0000 0 0.4576 172.0000 0 0 0 0 0 0 0 0 0 -8.0432 0 0 0 0 0 0 0 0 0 0 0 -17.8166 0 0 0 0 0 0 0 0 0 0 0 0 0 0 0 0 0 0 0 0 0 0 0 0 0 0 0 0 0 65.8421 46.4786 49.5366 -12.9613 8.6768 -8.9858 -1.3793 5.1569 2.8708 0 0 0 27.9462 0 -17.2455 34.8832 0 0 13.6509 0 0 0 0 0 35.2106 -20.8739 -5.8901 29.0489 0 -4.8510 8.2440 0 0 0 0 0 0 0 0 37.2951 -30.6268 -3.7014 29.1226 0 -2.6375 7.7171 0 0 0 0 0 0 0 0 42.5031 -60.1396 1.4314 27.6884 0 -7.2144 13.0798 0 0 -46.8758 -107.5212 3.3419 -19.0460 18.6353 -6.4564 25.9835 -33.1939 -0.1964 34.8518 -25.5216 -11.5714 0 0 0 -114.2844 67.3199 -54.1834 -7.6639 3.9325 -16.3611 3.0725 -7.1230 2.9981 0 0 0 -27.8244 0 16.8248 -34.8885 0 0 -13.6647 0 0 0 0 0 -34.7823 0 5.4580 -29.0254 0 0 -8.2584 0 0 0 0 0 0 0 0 -36.9378 0 3.3529 -29.1077 0 0 -7.7398 0 0 0 0 0 0 0 0 -42.3442 0 -1.6299 -27.5138 0 0 -13.0334 0 0 9.5799 -15.1403 26.3405 18.0868 -19.0062 5.7187 -26.2541 32.7862 -11.9286 -39.5013 25.3941 0 0 0 0 -1.0185 9.8113 10.2270 -2.7861 26.6732 -0.0000 -35.0000 2.7888 0 0 0 0 0 0 0 0 0 0 0 0 0 0 0 0 0 0 0 0 0 0 0 0 0 0 0 0 0 0 0 0 0 0 0 0 0 0 0 0 0 0 0 0 0 0 -3.6725 5.4538 -16.8772 7.8961 40.2975 0.0000 1.5955 19.7967 -0.0000 0 0 0 0 0 0 0 0 0 0 0 0 0 0 0 0 0 0 0 0 0 0 0 0 0 0 0 0 0 0 0 0 0 0 0 0 0 0 0 0 0 0
30.6394 3.4386 -90.3396 3.6021 -17.0151 -11.8698 0 0 0 0 0 0 0 0 0 11.7142 -8.7690 -20.7748 0 0 0 0 0 0 0 8.0501 -0.0039 0 0 0 0 0 0 0 0 0 0 0 0 0 0 172.0000 0 0 0 0 0 172.0000 0 0 0 0 0 0 0 0 0 0 0 0 0 0 0 0 0 0 0 0 0 0 0 0 0 0 0 0 0 0 0 0 0 0 0 0 0 0 0 0 0 0 0 0 0 0 0 0 0 0 0 0 0 0 0 0 0 0 0 0 0 0 0 0 0 0 0 0 0 0 0 0 0 0 0 0 -40.0000 172.0000 0 0 0 0 -40.0000 179.0000 0 0 0 0 -35.0000 -176.0000 0 0 0 0 0 0 0 0 0 0 0 113.0000 0 0 0 0 0 -113.0000 0 0 0 0 0 0 0 0 0 0 -2.1633 -172.0000 0 0 172.0000 0 0 0 0 0 0 0 0 0 0 -1.6195 172.0000 0 0.5993 172.0000 0 0 0 0 0 0 0 0 0 -4.0038 0 0 0 0 0 0 0 0 0 0 0 -11.2156 0 0 0 0 0 0 0 0 0 0 0 0 0 0 0 0 0 0 0 0 0 0 0 0 0 0 0 0 0 67.5228 47.6745 48.8566 -11.0644 7.9372 -11.0513 -1.5156 7.1645 3.5342 0 0 0 23.7593 0 -16.4494 52.7954 0 0 20.5086 0 0 0 0 0 28.7935 -20.8739 -7.5051 45.2501 0 -4.8510 21.4366 0 0 0 0 0 0 0 0 30.5907 -30.6268 -6.7319 54.0084 0 -2.6375 20.4071 0 0 0 0 0 0 0 0 29.3205 -60.1509 -9.5203 53.3520 0 -7.2240 22.5383 0 0 -46.8758 -107.5212 3.3419 -11.2436 11.5202 -8.9182 26.1895 -35.1237 -1.3622 34.9066 -25.5440 -11.5643 0 0 0 -115.5664 65.6357 -55.4836 -7.3187 3.5879 -16.7130 3.7102 -8.3559 3.5185 0 0 0 -21.3081 0 15.4364 -55.0148 0 0 -22.8381 0 0 0 0 0 -24.0671 0 5.8136 -48.8135 0 0 -22.6760 0 0 0 0 0 0 0 0 -26.0934 0 5.1890 -53.9608 0 0 -21.8696 0 0 0 0 0 0 0 0 -25.4269 0 8.7169 -53.4189 0 0 -23.0249 0 0 26.0624 -20.7446 20.7646 8.4412 -12.8622 6.4604 -27.2288 33.5953 -6.2931 -39.7008 25.6535 0 0 0 0 -2.0847 11.8463 8.3076 -3.0651 26.8655 -0.0000 -35.0000 4.5123 0 0 0 0 0 0 0 0 0 0 0 0 0 0 0 0 0 0 0 0 0 0 0 0 0 0 0 0 0 0 0 0 0 0 0 0 0 0 0 0 0 0 0 0 0 0 -2.8734 2.5769 -19.1251 7.8719 38.2345 0.0000 -1.4035 20.4626 -0.0000 0 0 0 0 0 0 0 0 0 0 0 0 0 0 0 0 0 0 0 0 0 0 0 0 0 0 0 0 0 0 0 0 0 0 0 0 0 0 0 0 0 0
31.5296 1.6763 -88.5793 3.2959 -17.6009 -12.0543 0 0 0 0 0 0 0 0 0 9.8330 -7.2931 -19.1996 0 0 0 0 0 0 0 8.0501 -0.0039 0 0 0 0 0 0 0 0 0 0 0 0 0 0 172.0000 0 0 0 0 0 172.0000 0 0 0 0 0 0 0 0 0 0 0 0 0 0 0 0 0 0 0 0 0 0 0 0 0 0 0 0 0 0 0 0 0 0 0 0 0 0 0 0 0 0 0 0 0 0 0 0 0 0 0 0 0 0 0 0 0 0 0 0 0 0 0 0 0 0 0 0 0 0 0 0 0 0 0 0 -40.0000 172.0000 0 0 0 0 -40.0000 179.0000 0 0 0 0 -35.0000 -176.0000 0 0 0 0 0 0 0 0 0 0 0 113.0000 0 0 0 0 0 -113.0000 0 0 0 0 0 0 0 0 0 0 -2.5716 -172.0000 0 0 172.0000 0 0 0 0 0 0 0 0 0 0 -1.6861 172.0000 0 0.6905 172.0000 0 0 0 0 0 0 0 0 0 3.1042 0 0 0 0 0 0 0 0 0 0 0 3.1919 0 0 0 0 0 0 0 0 0 0 0 0 0 0 0 0 0 0 0 0 0 0 0 0 0 0 0 0 0 68.6188 48.1914 48.4969 -9.6083 7.7301 -13.4604 -1.5576 9.3019 4.1324 0 0 0 17.3014 0 -15.2203 69.7517 0 0 27.0079 0 0 0 0 0 19.8868 -20.8739 -8.9025 61.6697 0 -4.8510 34.1438 0 0 0 0 0 0 0 0 21.0482 -30.6268 -9.4873 77.4079 0 -2.6375 32.3383 0 0 0 0 0 0 0 0 13.6025 -60.1634 -19.0345 78.1781 0 -7.2132 34.2315 0 0 -46.8758 -107.5212 3.3419 -7.2212 4.8675 -10.5807 24.4851 -37.8836 -4.4466 34.9777 -25.8280 -11.4268 0 0 0 -116.3828 64.0627 -56.3603 -7.4633 3.5846 -16.7485 3.9253 -6.6270 2.7323 0 0 0 -11.2256 0 13.2402 -75.4212 0 0 -33.0295 0 0 0 0 0 -8.4423 0 5.4212 -70.9439 0 0 -37.3487 0 0 0 0 0 0 0 0 -10.0103 0 6.1870 -77.1631 0 0 -36.0750 0 0 0 0 0 0 0 0 -3.8978 0 17.4856 -78.4716 0 0 -35.5653 0 0 43.7557 -25.1642 14.6794 2.9822 -6.7125 4.9659 -28.0034 34.3775 -0.2377 -40.0009 26.0731 0 0 0 0 -3.1702 14.7276 5.5855 -3.6175 27.0156 -0.0000 -35.0000 6.4961 0 0 0 0 0 0 0 0 0 0 0 0 0 0 0 0 0 0 0 0 0 0 0 0 0 0 0 0 0 0 0 0 0 0 0 0 0 0 0 0 0 0 0 0 0 0 -1.9687 1.6521 -19.4411 5.7755 37.4041 0.0000 -6.3980 23.4749 -0.0000 0 0 0 0 0 0 0 0 0 0 0 0 0 0 0 0 0 0 0 0 0 0 0 0 0 0 0 0 0 0 0 0 0 0 0 0 0 0 0 0 0 0
32.2427 0.4708 -87.3395 2.8654 -18.1835 -12.1453 0 0 0 0 0 0 0 0 0 8.4124 -6.7283 -18.3144 0 0 0 0 0 0 0 8.0501 -0.0038 0 0 0 0 0 0 0 0 0 0 0 0 0 0 172.0000 0 0 0 0 0 172.0000 0 0 0 0 0 0 0 0 0 0 0 0 0 0 0 0 0 0 0 0 0 0 0 0 0 0 0 0 0 0 0 0 0 0 0 0 0 0 0 0 0 0 0 0 0 0 0 0 0 0 0 0 0 0 0 0 0 0 0 0 0 0 0 0 0 0 0 0 0 0 0 0 0 0 0 0 -40.0000 172.0000 0 0 0 0 -40.0000 179.0000 0 0 0 0 -35.0000 -176.0000 0 0 0 0 0 0 0 0 0 0 0 113.0000 0 0 0 0 0 -113.0000 0 0 0 0 0 0 0 0 0 0 -2.6633 -172.0000 0 0 172.0000 0 0 0 0 0 0 0 0 0 0 -1.5295 172.0000 0 0.6665 172.0000 0 0 0 0 0 0 0 0 0 10.2669 0 0 0 0 0 0 0 0 0 0 0 14.4566 0 0 0 0 0 0 0 0 0 0 0 0 0 0 0 0 0 0 0 0 0 0 0 0 0 0 0 0 0 67.9586 47.6471 47.9921 -10.9451 8.0772 -12.3050 -1.9056 12.7065 5.0623 0 0 0 10.2648 0 -13.3740 75.2937 0 0 28.5905 0 0 0 0 0 13.4567 -20.8739 -9.3470 69.1391 0 -4.8510 39.3920 0 0 0 0 0 0 0 0 12.8837 -30.6268 -10.4677 85.6461 0 -2.6375 36.4287 0 0 0 0 0 0 0 0 2.1882 -60.1995 -21.0586 86.0767 0 -7.1854 40.4034 0 0 -46.8758 -107.5212 3.3419 -9.5553 3.1841 -10.9904 22.0498 -39.8502 -7.9590 35.0086 -26.1800 -11.1742 0 0 0 -116.5805 63.5402 -56.5863 -7.6015 3.6450 -16.7037 4.0185 -0.5225 -0.0402 0 0 0 -3.7673 0 10.6149 -80.1745 0 0 -34.0461 0 0 0 0 0 -1.8828 0 5.0215 -77.3062 0 0 -42.3190 0 0 0 0 0 0 0 0 -1.8128 0 6.4383 -85.1071 0 0 -39.8019 0 0 0 0 0 0 0 0 7.4497 0 18.8638 -86.0804 0 0 -41.6158 0 0 48.6245 -22.8883 14.3386 6.5588 -3.8341 3.6305 -27.2937 35.7213 4.0276 -40.6265 26.3497 0 0 0 0 -4.4468 17.4360 3.0892 -4.0115 27.5005 -0.0000 -35.0000 7.9201 0 0 0 0 0 0 0 0 0 0 0 0 0 0 0 0 0 0 0 0 0 0 0 0 0 0 0 0 0 0 0 0 0 0 0 0 0 0 0 0 0 0 0 0 0 0 -1.4919 2.9046 -17.2194 3.9574 36.4781 0.0000 -8.9799 26.6231 -0.0000 0 0 0 0 0 0 0 0 0 0 0 0 0 0 0 0 0 0 0 0 0 0 0 0 0 0 0 0 0 0 0 0 0 0 0 0 0 0 0 0 0 0
33.9752 -2.0341 -84.6031 1.4857 -19.5724 -12.6546 0 0 0 0 0 0 0 0 0 8.0556 -7.0217 -17.7972 0 0 0 0 0 0 0 8.0501 -0.0038 0 0 0 0 0 0 0 0 0 0 0 0 0 0 172.0000 0 0 0 0 0 172.0000 0 0 0 0 0 0 0 0 0 0 0 0 0 0 0 0 0 0 0 0 0 0 0 0 0 0 0 0 0 0 0 0 0 0 0 0 0 0 0 0 0 0 0 0 0 0 0 0 0 0 0 0 0 0 0 0 0 0 0 0 0 0 0 0 0 0 0 0 0 0 0 0 0 0 0 0 -40.0000 172.0000 0 0 0 0 -40.0000 179.0000 0 0 0 0 -35.0000 -176.0000 0 0 0 0 0 0 0 0 0 0 0 113.0000 0 0 0 0 0 -113.0000 0 0 0 0 0 0 0 0 0 0 -3.0745 -172.0000 0 0 172.0000 0 0 0 0 0 0 0 0 0 0 -2.0497 172.0000 0 1.2876 172.0000 0 0 0 0 0 0 0 0 0 13.0378 0 0 0 0 0 0 0 0 0 0 0 17.5633 0 0 0 0 0 0 0 0 0 0 0 0 0 0 0 0 0 0 0 0 0 0 0 0 0 0 0 0 0 65.9369 45.6739 47.5647 -10.8173 7.2470 -7.8050 -2.6137 14.9011 5.5276 0 0 0 5.6781 0 -11.8534 73.9345 0 0 27.3394 0 0 0 0 0 11.1466 -20.8739 -9.2910 69.9869 0 -4.8510 39.6867 0 0 0 0 0 0 0 0 8.8118 -30.6268 -10.4133 84.6350 0 -2.6375 35.7636 0 0 0 0 0 0 0 0 -3.0207 -60.2539 -19.3174 83.4972 0 -7.1437 40.9980 0 0 -46.8758 -107.5212 3.3419 -12.0058 3.0200 -9.7913 21.5043 -40.1906 -9.2710 35.0107 -26.1781 -11.1082 0 0 0 -115.6372 62.5816 -56.8375 -7.6076 3.6519 -16.4705 4.1492 5.3804 -2.9304 0 0 0 -2.3534 0 9.7946 -75.4016 0 0 -29.2761 0 0 0 0 0 -5.7018 0 6.4266 -72.6414 0 0 -40.7472 0 0 0 0 0 0 0 0 -3.7152 0 7.8231 -84.1603 0 0 -36.9572 0 0 0 0 0 0 0 0 7.3368 0 17.6651 -83.2067 0 0 -41.4240 0 0 42.7216 -18.1061 19.4790 11.0973 -2.4714 4.7919 -25.2239 37.7894 6.8591 -41.4164 26.2200 0 0 0 0 -5.9033 19.2324 1.7187 -3.8057 28.8474 -0.0000 -35.0000 8.3593 0 0 0 0 0 0 0 0 0 0 0 0 0 0 0 0 0 0 0 0 0 0 0 0 0 0 0 0 0 0 0 0 0 0 0 0 0 0 0 0 0 0 0 0 0 0 -0.5465 5.3645 -13.7665 2.8313 36.2721 0.0000 -8.5167 27.4690 -0.0000 0 0 0 0 0 0 0 0 0 0 0 0 0 0 0 0 0 0 0 0 0 0 0 0 0 0 0 0 0 0 0 0 0 0 0 0 0 0 0 0 0 0
36.0152 -5.0269 -80.6258 -0.4818 -21.5576 -14.0139 0 0 0 0 0 0 0 0 0 8.2468 -7.2367 -17.4220 0 0 0 0 0 0 0 8.0501 -0.0038 0 0 0 0 0 0 0 0 0 0 0 0 0 0 172.0000 0 0 0 0 0 172.0000 0 0 0 0 0 0 0 0 0 0 0 0 0 0 0 0 0 0 0 0 0 0 0 0 0 0 0 0 0 0 0 0 0 0 0 0 0 0 0 0 0 0 0 0 0 0 0 0 0 0 0 0 0 0 0 0 0 0 0 0 0 0 0 0 0 0 0 0 0 0 0 0 0 0 0 0 -40.0000 172.0000 0 0 0 0 -40.0000 179.0000 0 0 0 0 -35.0000 -176.0000 0 0 0 0 0 0 0 0 0 0 0 113.0000 0 0 0 0 0 -113.0000 0 0 0 0 0 0 0 0 0 0 -4.0272 -172.0000 0 0 172.0000 0 0 0 0 0 0 0 0 0 0 -3.5251 172.0000 0 2.7429 172.0000 0 0 0 0 0 0 0 0 0 14.7608 0 0 0 0 0 0 0 0 0 0 0 17.5189 0 0 0 0 0 0 0 0 0 0 0 0 0 0 0 0 0 0 0 0 0 0 0 0 0 0 0 0 0 63.6158 43.0762 46.3574 -4.7460 4.8586 0.2544 -3.1463 12.4030 4.3961 0 0 0 4.5502 0 -11.3850 71.7716 0 0 26.1850 0 0 0 0 0 11.2598 -20.8739 -9.1494 68.7170 0 -4.8510 38.6078 0 0 0 0 0 0 0 0 8.2492 -30.6268 -10.1439 82.0274 0 -2.6375 34.3677 0 0 0 0 0 0 0 0 -3.5152 -60.3044 -17.7380 80.0140 0 -7.0923 39.8830 0 0 -46.8758 -107.5212 3.3419 -12.4010 2.3733 -7.9989 22.2997 -39.6806 -8.7786 35.0046 -25.9585 -11.1518 0 0 0 -111.1939 58.6328 -56.9901 -7.9487 4.0011 -15.6854 4.2507 4.8071 -3.2453 0 0 0 -4.0875 0 10.7356 -71.4538 0 0 -26.0745 0 0 0 0 0 -10.6653 0 8.4128 -68.3999 0 0 -38.5618 0 0 0 0 0 0 0 0 -7.7498 0 9.5061 -81.8626 0 0 -34.2971 0 0 0 0 0 0 0 0 3.8350 0 17.2934 -79.7700 0 0 -39.8557 0 0 36.3120 -15.6874 24.3107 12.3861 -1.6134 6.5381 -23.4663 39.2920 8.1444 -41.8962 25.9335 0 0 0 0 -6.5714 20.6275 1.9065 -3.1033 31.5166 -0.0000 -34.9435 8.5798 0 0 0 0 0 0 0 0 0 0 0 0 0 0 0 0 0 0 0 0 0 0 0 0 0 0 0 0 0 0 0 0 0 0 0 0 0 0 0 0 0 0 0 0 0 0 2.0274 9.6582 -9.0830 1.2834 35.2540 0.0000 -7.2463 27.6192 -0.0000 0 0 0 0 0 0 0 0 0 0 0 0 0 0 0 0 0 0 0 0 0 0 0 0 0 0 0 0 0 0 0 0 0 0 0 0 0 0 0 0 0 0
37.2666 -6.6574 -77.3201 -2.0223 -23.1487 -15.7006 0 0 0 0 0 0 0 0 0 8.4413 -6.9662 -17.0007 0 0 0 0 0 0 0 8.0501 -0.0038 0 0 0 0 0 0 0 0 0 0 0 0 0 0 172.0000 0 0 0 0 0 172.0000 0 0 0 0 0 0 0 0 0 0 0 0 0 0 0 0 0 0 0 0 0 0 0 0 0 0 0 0 0 0 0 0 0 0 0 0 0 0 0 0 0 0 0 0 0 0 0 0 0 0 0 0 0 0 0 0 0 0 0 0 0 0 0 0 0 0 0 0 0 0 0 0 0 0 0 0 -40.0000 172.0000 0 0 0 0 -40.0000 179.0000 0 0 0 0 -35.0000 -176.0000 0 0 0 0 0 0 0 0 0 0 0 113.0000 0 0 0 0 0 -113.0000 0 0 0 0 0 0 0 0 0 0 -4.2356 -172.0000 0 0 172.0000 0 0 0 0 0 0 0 0 0 0 -4.4324 172.0000 0 3.5412 172.0000 0 0 0 0 0 0 0 0 0 15.9674 0 0 0 0 0 0 0 0 0 0 0 16.9695 0 0 0 0 0 0 0 0 0 0 0 0 0 0 0 0 0 0 0 0 0 0 0 0 0 0 0 0 0 61.2800 42.5618 44.2022 -0.1414 2.4623 11.9092 -2.8131 6.8750 2.2397 0 0 0 4.9482 0 -11.5049 70.7652 0 0 25.7697 0 0 0 0 0 11.8853 -20.8739 -9.0751 67.7255 0 -4.8510 37.8678 0 0 0 0 0 0 0 0 8.8792 -30.6268 -9.9899 80.6532 0 -2.6375 33.6619 0 0 0 0 0 0 0 0 -2.5801 -60.3771 -17.1530 78.4822 0 -7.0369 39.0484 0 0 -46.8758 -107.5212 3.3419 -12.0858 2.0344 -7.1982 22.9231 -39.3133 -8.1589 35.0003 -25.8259 -11.1387 0 0 0 -100.7822 49.9205 -55.6199 -10.0274 5.4945 -13.4797 3.6562 -0.0989 -1.8864 0 0 0 -5.5493 0 11.5569 -70.1766 0 0 -25.2354 0 0 0 0 0 -12.8256 0 9.3068 -66.8907 0 0 -37.5843 0 0 0 0 0 0 0 0 -9.7947 0 10.2170 -80.6651 0 0 -33.3311 0 0 0 0 0 0 0 0 1.6821 0 17.3582 -78.3440 0 0 -38.9291 0 0 33.7558 -15.3369 26.0715 12.1896 -1.3716 7.3792 -22.8005 39.7764 8.3142 -42.0043 25.7865 0 0 0 0 -4.9151 22.0144 3.8287 -2.6871 35.2884 -0.0000 -34.6893 8.5212 0 0 0 0 0 0 0 0 0 0 0 0 0 0 0 0 0 0 0 0 0 0 0 0 0 0 0 0 0 0 0 0 0 0 0 0 0 0 0 0 0 0 0 0 0 0 4.5022 14.3065 -3.9391 0.7069 33.6663 0.0000 -6.8674 27.8915 -0.0000 0 0 0 0 0 0 0 0 0 0 0 0 0 0 0 0 0 0 0 0 0 0 0 0 0 0 0 0 0 0 0 0 0 0 0 0 0 0 0 0 0 0
